unsigned char kmistMaterial[] = {
  0x53, 0x52, 0x45, 0x56, 0x5f, 0x54, 0x41, 0x4d, 0x04, 0x00, 0x00, 0x00,
  0x4c, 0x00, 0x00, 0x00, 0x54, 0x41, 0x45, 0x46, 0x5f, 0x54, 0x41, 0x4d,
  0x01, 0x00, 0x00, 0x00, 0x01, 0x45, 0x4d, 0x41, 0x4e, 0x5f, 0x54, 0x41,
  0x4d, 0x0a, 0x00, 0x00, 0x00, 0x6f, 0x72, 0x62, 0x69, 0x73, 0x4d, 0x69,
  0x73, 0x74, 0x00, 0x4d, 0x52, 0x50, 0x43, 0x5f, 0x54, 0x41, 0x4d, 0x14,
  0x00, 0x00, 0x00, 0x2d, 0x61, 0x20, 0x6d, 0x65, 0x74, 0x61, 0x6c, 0x20,
  0x2d, 0x70, 0x20, 0x64, 0x65, 0x73, 0x6b, 0x74, 0x6f, 0x70, 0x00, 0x4c,
  0x44, 0x4d, 0x53, 0x5f, 0x54, 0x41, 0x4d, 0x04, 0x00, 0x00, 0x00, 0x04,
  0x00, 0x00, 0x00, 0x4e, 0x4d, 0x4f, 0x44, 0x5f, 0x54, 0x41, 0x4d, 0x01,
  0x00, 0x00, 0x00, 0x00, 0x54, 0x4c, 0x46, 0x56, 0x5f, 0x54, 0x41, 0x4d,
  0x04, 0x00, 0x00, 0x00, 0x00, 0x00, 0x00, 0x00, 0x20, 0x42, 0x49, 0x55,
  0x5f, 0x54, 0x41, 0x4d, 0xa1, 0x00, 0x00, 0x00, 0x4d, 0x61, 0x74, 0x65,
  0x72, 0x69, 0x61, 0x6c, 0x50, 0x61, 0x72, 0x61, 0x6d, 0x73, 0x00, 0x08,
  0x00, 0x00, 0x00, 0x00, 0x00, 0x00, 0x00, 0x63, 0x6f, 0x6c, 0x6f, 0x75,
  0x72, 0x00, 0x00, 0x00, 0x00, 0x00, 0x00, 0x00, 0x00, 0x00, 0x06, 0x03,
  0x00, 0x64, 0x65, 0x6e, 0x73, 0x69, 0x74, 0x79, 0x00, 0x00, 0x00, 0x00,
  0x00, 0x00, 0x00, 0x00, 0x00, 0x04, 0x03, 0x00, 0x73, 0x63, 0x61, 0x6c,
  0x65, 0x00, 0x00, 0x00, 0x00, 0x00, 0x00, 0x00, 0x00, 0x00, 0x04, 0x03,
  0x00, 0x74, 0x69, 0x6d, 0x65, 0x00, 0x00, 0x00, 0x00, 0x00, 0x00, 0x00,
  0x00, 0x00, 0x04, 0x03, 0x00, 0x64, 0x72, 0x69, 0x66, 0x74, 0x00, 0x00,
  0x00, 0x00, 0x00, 0x00, 0x00, 0x00, 0x00, 0x05, 0x03, 0x00, 0x66, 0x61,
  0x64, 0x65, 0x00, 0x00, 0x00, 0x00, 0x00, 0x00, 0x00, 0x00, 0x00, 0x04,
  0x03, 0x00, 0x63, 0x6f, 0x6e, 0x74, 0x72, 0x61, 0x73, 0x74, 0x00, 0x00,
  0x00, 0x00, 0x00, 0x00, 0x00, 0x00, 0x00, 0x04, 0x03, 0x00, 0x65, 0x79,
  0x65, 0x00, 0x00, 0x00, 0x00, 0x00, 0x00, 0x00, 0x00, 0x00, 0x06, 0x03,
  0x00, 0x20, 0x42, 0x49, 0x53, 0x5f, 0x54, 0x41, 0x4d, 0x17, 0x00, 0x00,
  0x00, 0x4d, 0x61, 0x74, 0x65, 0x72, 0x69, 0x61, 0x6c, 0x50, 0x61, 0x72,
  0x61, 0x6d, 0x73, 0x00, 0x00, 0x00, 0x00, 0x00, 0x00, 0x00, 0x00, 0x00,
  0x49, 0x44, 0x42, 0x44, 0x5f, 0x54, 0x41, 0x4d, 0x12, 0x00, 0x00, 0x00,
  0x01, 0x4d, 0x61, 0x74, 0x65, 0x72, 0x69, 0x61, 0x6c, 0x50, 0x61, 0x72,
  0x61, 0x6d, 0x73, 0x00, 0x1a, 0x00, 0x49, 0x4c, 0x53, 0x44, 0x5f, 0x54,
  0x41, 0x4d, 0x07, 0x00, 0x00, 0x00, 0x01, 0x1a, 0x03, 0x00, 0x01, 0x00,
  0x00, 0x53, 0x4e, 0x4f, 0x43, 0x5f, 0x54, 0x41, 0x4d, 0x08, 0x00, 0x00,
  0x00, 0x00, 0x00, 0x00, 0x00, 0x00, 0x00, 0x00, 0x00, 0x4e, 0x4f, 0x43,
  0x50, 0x5f, 0x54, 0x41, 0x4d, 0x2d, 0x00, 0x00, 0x00, 0x70, 0x75, 0x73,
  0x68, 0x43, 0x6f, 0x6e, 0x73, 0x74, 0x61, 0x6e, 0x74, 0x73, 0x00, 0x01,
  0x00, 0x00, 0x00, 0x00, 0x00, 0x00, 0x00, 0x6d, 0x6f, 0x72, 0x70, 0x68,
  0x69, 0x6e, 0x67, 0x42, 0x75, 0x66, 0x66, 0x65, 0x72, 0x4f, 0x66, 0x66,
  0x73, 0x65, 0x74, 0x00, 0x00, 0x00, 0x20, 0x42, 0x55, 0x53, 0x5f, 0x54,
  0x41, 0x4d, 0x17, 0x00, 0x00, 0x00, 0x4d, 0x61, 0x74, 0x65, 0x72, 0x69,
  0x61, 0x6c, 0x50, 0x61, 0x72, 0x61, 0x6d, 0x73, 0x00, 0x00, 0x00, 0x00,
  0x00, 0x00, 0x00, 0x00, 0x00, 0x53, 0x53, 0x4f, 0x44, 0x5f, 0x54, 0x41,
  0x4d, 0x01, 0x00, 0x00, 0x00, 0x00, 0x49, 0x53, 0x4f, 0x44, 0x5f, 0x54,
  0x41, 0x4d, 0x01, 0x00, 0x00, 0x00, 0x00, 0x4e, 0x45, 0x4c, 0x42, 0x5f,
  0x54, 0x41, 0x4d, 0x01, 0x00, 0x00, 0x00, 0x01, 0x44, 0x4d, 0x52, 0x54,
  0x5f, 0x54, 0x41, 0x4d, 0x01, 0x00, 0x00, 0x00, 0x00, 0x4c, 0x46, 0x45,
  0x52, 0x5f, 0x54, 0x41, 0x4d, 0x01, 0x00, 0x00, 0x00, 0x00, 0x49, 0x52,
  0x57, 0x43, 0x5f, 0x54, 0x41, 0x4d, 0x01, 0x00, 0x00, 0x00, 0x01, 0x53,
  0x57, 0x45, 0x44, 0x5f, 0x54, 0x41, 0x4d, 0x01, 0x00, 0x00, 0x00, 0x01,
  0x49, 0x52, 0x57, 0x44, 0x5f, 0x54, 0x41, 0x4d, 0x01, 0x00, 0x00, 0x00,
  0x00, 0x53, 0x45, 0x54, 0x44, 0x5f, 0x54, 0x41, 0x4d, 0x01, 0x00, 0x00,
  0x00, 0x01, 0x54, 0x53, 0x4e, 0x49, 0x5f, 0x54, 0x41, 0x4d, 0x01, 0x00,
  0x00, 0x00, 0x00, 0x53, 0x43, 0x32, 0x41, 0x5f, 0x54, 0x41, 0x4d, 0x01,
  0x00, 0x00, 0x00, 0x00, 0x4f, 0x43, 0x32, 0x41, 0x5f, 0x54, 0x41, 0x4d,
  0x01, 0x00, 0x00, 0x00, 0x00, 0x4f, 0x4d, 0x55, 0x43, 0x5f, 0x54, 0x41,
  0x4d, 0x01, 0x00, 0x00, 0x00, 0x00, 0x50, 0x4f, 0x52, 0x50, 0x5f, 0x54,
  0x41, 0x4d, 0x08, 0x00, 0x00, 0x00, 0x01, 0x00, 0x00, 0x00, 0x00, 0x00,
  0x00, 0x00, 0x52, 0x45, 0x54, 0x53, 0x5f, 0x54, 0x41, 0x4d, 0x01, 0x00,
  0x00, 0x00, 0x01, 0x44, 0x49, 0x55, 0x55, 0x5f, 0x54, 0x41, 0x4d, 0x08,
  0x00, 0x00, 0x00, 0x49, 0xf5, 0xff, 0xb5, 0xa9, 0xd1, 0xe6, 0x33, 0x44,
  0x41, 0x48, 0x53, 0x5f, 0x54, 0x41, 0x4d, 0x01, 0x00, 0x00, 0x00, 0x00,
  0x4c, 0x4d, 0x48, 0x53, 0x5f, 0x54, 0x41, 0x4d, 0x01, 0x00, 0x00, 0x00,
  0x00, 0x4d, 0x46, 0x45, 0x52, 0x5f, 0x54, 0x41, 0x4d, 0x01, 0x00, 0x00,
  0x00, 0x00, 0x54, 0x46, 0x45, 0x52, 0x5f, 0x54, 0x41, 0x4d, 0x01, 0x00,
  0x00, 0x00, 0x00, 0x52, 0x4f, 0x49, 0x43, 0x5f, 0x54, 0x41, 0x4d, 0x01,
  0x00, 0x00, 0x00, 0x01, 0x41, 0x51, 0x45, 0x52, 0x5f, 0x54, 0x41, 0x4d,
  0x04, 0x00, 0x00, 0x00, 0x09, 0x00, 0x00, 0x00, 0x41, 0x41, 0x50, 0x53,
  0x5f, 0x54, 0x41, 0x4d, 0x01, 0x00, 0x00, 0x00, 0x00, 0x52, 0x41, 0x56,
  0x53, 0x5f, 0x54, 0x41, 0x4d, 0x04, 0x00, 0x00, 0x00, 0x9a, 0x99, 0x19,
  0x3e, 0x52, 0x48, 0x54, 0x53, 0x5f, 0x54, 0x41, 0x4d, 0x04, 0x00, 0x00,
  0x00, 0xcd, 0xcc, 0x4c, 0x3e, 0x4f, 0x44, 0x45, 0x56, 0x5f, 0x54, 0x41,
  0x4d, 0x01, 0x00, 0x00, 0x00, 0x00, 0x52, 0x54, 0x4e, 0x49, 0x5f, 0x54,
  0x41, 0x4d, 0x01, 0x00, 0x00, 0x00, 0x00, 0x50, 0x44, 0x53, 0x43, 0x5f,
  0x54, 0x41, 0x4d, 0x01, 0x00, 0x00, 0x00, 0x00, 0x54, 0x58, 0x45, 0x54,
  0x5f, 0x43, 0x49, 0x44, 0xb2, 0x43, 0x00, 0x00, 0xba, 0x01, 0x00, 0x00,
  0x0a, 0x00, 0x3b, 0x0a, 0x00, 0x7d, 0x3b, 0x0a, 0x00, 0x7b, 0x0a, 0x00,
  0x20, 0x3d, 0x20, 0x00, 0x20, 0x20, 0x20, 0x20, 0x20, 0x20, 0x20, 0x20,
  0x00, 0x20, 0x20, 0x20, 0x20, 0x66, 0x6c, 0x6f, 0x61, 0x74, 0x20, 0x00,
  0x20, 0x20, 0x20, 0x20, 0x66, 0x6c, 0x6f, 0x61, 0x74, 0x34, 0x20, 0x00,
  0x29, 0x3b, 0x0a, 0x00, 0x20, 0x20, 0x20, 0x20, 0x7b, 0x0a, 0x00, 0x7d,
  0x0a, 0x00, 0x20, 0x20, 0x20, 0x20, 0x7d, 0x0a, 0x00, 0x20, 0x20, 0x20,
  0x20, 0x20, 0x20, 0x20, 0x20, 0x7b, 0x0a, 0x00, 0x20, 0x20, 0x20, 0x20,
  0x20, 0x20, 0x20, 0x20, 0x20, 0x20, 0x20, 0x20, 0x00, 0x2c, 0x20, 0x00,
  0x23, 0x69, 0x6e, 0x63, 0x6c, 0x75, 0x64, 0x65, 0x20, 0x3c, 0x6d, 0x65,
  0x74, 0x61, 0x6c, 0x5f, 0x73, 0x74, 0x64, 0x6c, 0x69, 0x62, 0x3e, 0x0a,
  0x00, 0x23, 0x69, 0x6e, 0x63, 0x6c, 0x75, 0x64, 0x65, 0x20, 0x3c, 0x73,
  0x69, 0x6d, 0x64, 0x2f, 0x73, 0x69, 0x6d, 0x64, 0x2e, 0x68, 0x3e, 0x0a,
  0x00, 0x75, 0x73, 0x69, 0x6e, 0x67, 0x20, 0x6e, 0x61, 0x6d, 0x65, 0x73,
  0x70, 0x61, 0x63, 0x65, 0x20, 0x6d, 0x65, 0x74, 0x61, 0x6c, 0x3b, 0x0a,
  0x00, 0x20, 0x20, 0x20, 0x20, 0x66, 0x6c, 0x6f, 0x61, 0x74, 0x20, 0x74,
  0x69, 0x6d, 0x65, 0x3b, 0x0a, 0x00, 0x73, 0x74, 0x72, 0x75, 0x63, 0x74,
  0x20, 0x6d, 0x61, 0x69, 0x6e, 0x30, 0x5f, 0x6f, 0x75, 0x74, 0x0a, 0x00,
  0x73, 0x74, 0x72, 0x75, 0x63, 0x74, 0x20, 0x6d, 0x61, 0x69, 0x6e, 0x30,
  0x5f, 0x69, 0x6e, 0x0a, 0x00, 0x20, 0x20, 0x20, 0x20, 0x6d, 0x61, 0x69,
  0x6e, 0x30, 0x5f, 0x6f, 0x75, 0x74, 0x20, 0x6f, 0x75, 0x74, 0x20, 0x3d,
  0x20, 0x7b, 0x7d, 0x3b, 0x0a, 0x00, 0x20, 0x20, 0x20, 0x20, 0x72, 0x65,
  0x74, 0x75, 0x72, 0x6e, 0x20, 0x6f, 0x75, 0x74, 0x3b, 0x0a, 0x00, 0x20,
  0x20, 0x20, 0x20, 0x66, 0x6c, 0x6f, 0x61, 0x74, 0x32, 0x20, 0x76, 0x65,
  0x72, 0x74, 0x65, 0x78, 0x5f, 0x75, 0x76, 0x30, 0x31, 0x20, 0x5b, 0x5b,
  0x75, 0x73, 0x65, 0x72, 0x28, 0x6c, 0x6f, 0x63, 0x6e, 0x35, 0x29, 0x5d,
  0x5d, 0x3b, 0x0a, 0x00, 0x20, 0x20, 0x20, 0x20, 0x66, 0x6c, 0x6f, 0x61,
  0x74, 0x34, 0x20, 0x76, 0x65, 0x72, 0x74, 0x65, 0x78, 0x5f, 0x77, 0x6f,
  0x72, 0x6c, 0x64, 0x50, 0x6f, 0x73, 0x69, 0x74, 0x69, 0x6f, 0x6e, 0x20,
  0x5b, 0x5b, 0x75, 0x73, 0x65, 0x72, 0x28, 0x6c, 0x6f, 0x63, 0x6e, 0x36,
  0x29, 0x5d, 0x5d, 0x3b, 0x0a, 0x00, 0x2e, 0x78, 0x3b, 0x0a, 0x00, 0x20,
  0x20, 0x20, 0x20, 0x00, 0x20, 0x20, 0x20, 0x20, 0x69, 0x6e, 0x74, 0x20,
  0x00, 0x73, 0x74, 0x72, 0x75, 0x63, 0x74, 0x20, 0x46, 0x72, 0x61, 0x6d,
  0x65, 0x55, 0x6e, 0x69, 0x66, 0x6f, 0x72, 0x6d, 0x73, 0x0a, 0x00, 0x20,
  0x20, 0x20, 0x20, 0x66, 0x6c, 0x6f, 0x61, 0x74, 0x34, 0x78, 0x34, 0x20,
  0x76, 0x69, 0x65, 0x77, 0x46, 0x72, 0x6f, 0x6d, 0x57, 0x6f, 0x72, 0x6c,
  0x64, 0x4d, 0x61, 0x74, 0x72, 0x69, 0x78, 0x3b, 0x0a, 0x00, 0x20, 0x20,
  0x20, 0x20, 0x66, 0x6c, 0x6f, 0x61, 0x74, 0x34, 0x78, 0x34, 0x20, 0x77,
  0x6f, 0x72, 0x6c, 0x64, 0x46, 0x72, 0x6f, 0x6d, 0x56, 0x69, 0x65, 0x77,
  0x4d, 0x61, 0x74, 0x72, 0x69, 0x78, 0x3b, 0x0a, 0x00, 0x20, 0x20, 0x20,
  0x20, 0x66, 0x6c, 0x6f, 0x61, 0x74, 0x34, 0x78, 0x34, 0x20, 0x63, 0x6c,
  0x69, 0x70, 0x46, 0x72, 0x6f, 0x6d, 0x56, 0x69, 0x65, 0x77, 0x4d, 0x61,
  0x74, 0x72, 0x69, 0x78, 0x3b, 0x0a, 0x00, 0x20, 0x20, 0x20, 0x20, 0x66,
  0x6c, 0x6f, 0x61, 0x74, 0x34, 0x78, 0x34, 0x20, 0x76, 0x69, 0x65, 0x77,
  0x46, 0x72, 0x6f, 0x6d, 0x43, 0x6c, 0x69, 0x70, 0x4d, 0x61, 0x74, 0x72,
  0x69, 0x78, 0x3b, 0x0a, 0x00, 0x20, 0x20, 0x20, 0x20, 0x66, 0x6c, 0x6f,
  0x61, 0x74, 0x34, 0x78, 0x34, 0x20, 0x65, 0x79, 0x65, 0x46, 0x72, 0x6f,
  0x6d, 0x56, 0x69, 0x65, 0x77, 0x4d, 0x61, 0x74, 0x72, 0x69, 0x78, 0x5b,
  0x34, 0x5d, 0x3b, 0x0a, 0x00, 0x20, 0x20, 0x20, 0x20, 0x66, 0x6c, 0x6f,
  0x61, 0x74, 0x34, 0x78, 0x34, 0x20, 0x63, 0x6c, 0x69, 0x70, 0x46, 0x72,
  0x6f, 0x6d, 0x57, 0x6f, 0x72, 0x6c, 0x64, 0x4d, 0x61, 0x74, 0x72, 0x69,
  0x78, 0x5b, 0x34, 0x5d, 0x3b, 0x0a, 0x00, 0x20, 0x20, 0x20, 0x20, 0x66,
  0x6c, 0x6f, 0x61, 0x74, 0x34, 0x78, 0x34, 0x20, 0x77, 0x6f, 0x72, 0x6c,
  0x64, 0x46, 0x72, 0x6f, 0x6d, 0x43, 0x6c, 0x69, 0x70, 0x4d, 0x61, 0x74,
  0x72, 0x69, 0x78, 0x3b, 0x0a, 0x00, 0x20, 0x20, 0x20, 0x20, 0x66, 0x6c,
  0x6f, 0x61, 0x74, 0x33, 0x78, 0x33, 0x20, 0x77, 0x6f, 0x72, 0x6c, 0x64,
  0x52, 0x61, 0x79, 0x46, 0x72, 0x6f, 0x6d, 0x43, 0x6c, 0x69, 0x70, 0x4d,
  0x61, 0x74, 0x72, 0x69, 0x78, 0x3b, 0x0a, 0x00, 0x20, 0x20, 0x20, 0x20,
  0x66, 0x6c, 0x6f, 0x61, 0x74, 0x34, 0x78, 0x34, 0x20, 0x75, 0x73, 0x65,
  0x72, 0x57, 0x6f, 0x72, 0x6c, 0x64, 0x46, 0x72, 0x6f, 0x6d, 0x57, 0x6f,
  0x72, 0x6c, 0x64, 0x4d, 0x61, 0x74, 0x72, 0x69, 0x78, 0x3b, 0x0a, 0x00,
  0x20, 0x20, 0x20, 0x20, 0x66, 0x6c, 0x6f, 0x61, 0x74, 0x34, 0x20, 0x63,
  0x6c, 0x69, 0x70, 0x54, 0x72, 0x61, 0x6e, 0x73, 0x66, 0x6f, 0x72, 0x6d,
  0x3b, 0x0a, 0x00, 0x20, 0x20, 0x20, 0x20, 0x66, 0x6c, 0x6f, 0x61, 0x74,
  0x32, 0x20, 0x63, 0x6c, 0x69, 0x70, 0x43, 0x6f, 0x6e, 0x74, 0x72, 0x6f,
  0x6c, 0x3b, 0x0a, 0x00, 0x20, 0x20, 0x20, 0x20, 0x66, 0x6c, 0x6f, 0x61,
  0x74, 0x20, 0x74, 0x65, 0x6d, 0x70, 0x6f, 0x72, 0x61, 0x6c, 0x4e, 0x6f,
  0x69, 0x73, 0x65, 0x3b, 0x0a, 0x00, 0x20, 0x20, 0x20, 0x20, 0x66, 0x6c,
  0x6f, 0x61, 0x74, 0x34, 0x20, 0x75, 0x73, 0x65, 0x72, 0x54, 0x69, 0x6d,
  0x65, 0x3b, 0x0a, 0x00, 0x20, 0x20, 0x20, 0x20, 0x66, 0x6c, 0x6f, 0x61,
  0x74, 0x34, 0x20, 0x72, 0x65, 0x73, 0x6f, 0x6c, 0x75, 0x74, 0x69, 0x6f,
  0x6e, 0x3b, 0x0a, 0x00, 0x20, 0x20, 0x20, 0x20, 0x66, 0x6c, 0x6f, 0x61,
  0x74, 0x32, 0x20, 0x6c, 0x6f, 0x67, 0x69, 0x63, 0x61, 0x6c, 0x56, 0x69,
  0x65, 0x77, 0x70, 0x6f, 0x72, 0x74, 0x53, 0x63, 0x61, 0x6c, 0x65, 0x3b,
  0x0a, 0x00, 0x20, 0x20, 0x20, 0x20, 0x66, 0x6c, 0x6f, 0x61, 0x74, 0x32,
  0x20, 0x6c, 0x6f, 0x67, 0x69, 0x63, 0x61, 0x6c, 0x56, 0x69, 0x65, 0x77,
  0x70, 0x6f, 0x72, 0x74, 0x4f, 0x66, 0x66, 0x73, 0x65, 0x74, 0x3b, 0x0a,
  0x00, 0x20, 0x20, 0x20, 0x20, 0x66, 0x6c, 0x6f, 0x61, 0x74, 0x20, 0x6c,
  0x6f, 0x64, 0x42, 0x69, 0x61, 0x73, 0x3b, 0x0a, 0x00, 0x20, 0x20, 0x20,
  0x20, 0x66, 0x6c, 0x6f, 0x61, 0x74, 0x20, 0x72, 0x65, 0x66, 0x72, 0x61,
  0x63, 0x74, 0x69, 0x6f, 0x6e, 0x4c, 0x6f, 0x64, 0x4f, 0x66, 0x66, 0x73,
  0x65, 0x74, 0x3b, 0x0a, 0x00, 0x20, 0x20, 0x20, 0x20, 0x66, 0x6c, 0x6f,
  0x61, 0x74, 0x32, 0x20, 0x64, 0x65, 0x72, 0x69, 0x76, 0x61, 0x74, 0x69,
  0x76, 0x65, 0x73, 0x53, 0x63, 0x61, 0x6c, 0x65, 0x3b, 0x0a, 0x00, 0x20,
  0x20, 0x20, 0x20, 0x66, 0x6c, 0x6f, 0x61, 0x74, 0x20, 0x6f, 0x6e, 0x65,
  0x4f, 0x76, 0x65, 0x72, 0x46, 0x61, 0x72, 0x4d, 0x69, 0x6e, 0x75, 0x73,
  0x4e, 0x65, 0x61, 0x72, 0x3b, 0x0a, 0x00, 0x20, 0x20, 0x20, 0x20, 0x66,
  0x6c, 0x6f, 0x61, 0x74, 0x20, 0x6e, 0x65, 0x61, 0x72, 0x4f, 0x76, 0x65,
  0x72, 0x46, 0x61, 0x72, 0x4d, 0x69, 0x6e, 0x75, 0x73, 0x4e, 0x65, 0x61,
  0x72, 0x3b, 0x0a, 0x00, 0x20, 0x20, 0x20, 0x20, 0x66, 0x6c, 0x6f, 0x61,
  0x74, 0x20, 0x63, 0x61, 0x6d, 0x65, 0x72, 0x61, 0x46, 0x61, 0x72, 0x3b,
  0x0a, 0x00, 0x20, 0x20, 0x20, 0x20, 0x66, 0x6c, 0x6f, 0x61, 0x74, 0x20,
  0x65, 0x78, 0x70, 0x6f, 0x73, 0x75, 0x72, 0x65, 0x3b, 0x0a, 0x00, 0x20,
  0x20, 0x20, 0x20, 0x66, 0x6c, 0x6f, 0x61, 0x74, 0x20, 0x65, 0x76, 0x31,
  0x30, 0x30, 0x3b, 0x0a, 0x00, 0x20, 0x20, 0x20, 0x20, 0x66, 0x6c, 0x6f,
  0x61, 0x74, 0x20, 0x6e, 0x65, 0x65, 0x64, 0x73, 0x41, 0x6c, 0x70, 0x68,
  0x61, 0x43, 0x68, 0x61, 0x6e, 0x6e, 0x65, 0x6c, 0x3b, 0x0a, 0x00, 0x20,
  0x20, 0x20, 0x20, 0x66, 0x6c, 0x6f, 0x61, 0x74, 0x20, 0x61, 0x6f, 0x53,
  0x61, 0x6d, 0x70, 0x6c, 0x69, 0x6e, 0x67, 0x51, 0x75, 0x61, 0x6c, 0x69,
  0x74, 0x79, 0x41, 0x6e, 0x64, 0x45, 0x64, 0x67, 0x65, 0x44, 0x69, 0x73,
  0x74, 0x61, 0x6e, 0x63, 0x65, 0x3b, 0x0a, 0x00, 0x20, 0x20, 0x20, 0x20,
  0x66, 0x6c, 0x6f, 0x61, 0x74, 0x20, 0x61, 0x6f, 0x42, 0x65, 0x6e, 0x74,
  0x4e, 0x6f, 0x72, 0x6d, 0x61, 0x6c, 0x73, 0x3b, 0x0a, 0x00, 0x20, 0x20,
  0x20, 0x20, 0x66, 0x6c, 0x6f, 0x61, 0x74, 0x34, 0x20, 0x7a, 0x50, 0x61,
  0x72, 0x61, 0x6d, 0x73, 0x3b, 0x0a, 0x00, 0x20, 0x20, 0x20, 0x20, 0x70,
  0x61, 0x63, 0x6b, 0x65, 0x64, 0x5f, 0x75, 0x69, 0x6e, 0x74, 0x33, 0x20,
  0x66, 0x50, 0x61, 0x72, 0x61, 0x6d, 0x73, 0x3b, 0x0a, 0x00, 0x20, 0x20,
  0x20, 0x20, 0x69, 0x6e, 0x74, 0x20, 0x6c, 0x69, 0x67, 0x68, 0x74, 0x43,
  0x68, 0x61, 0x6e, 0x6e, 0x65, 0x6c, 0x73, 0x3b, 0x0a, 0x00, 0x20, 0x20,
  0x20, 0x20, 0x66, 0x6c, 0x6f, 0x61, 0x74, 0x32, 0x20, 0x66, 0x72, 0x6f,
  0x78, 0x65, 0x6c, 0x43, 0x6f, 0x75, 0x6e, 0x74, 0x58, 0x59, 0x3b, 0x0a,
  0x00, 0x20, 0x20, 0x20, 0x20, 0x69, 0x6e, 0x74, 0x20, 0x65, 0x6e, 0x61,
  0x62, 0x6c, 0x65, 0x46, 0x72, 0x6f, 0x78, 0x65, 0x6c, 0x56, 0x69, 0x7a,
  0x3b, 0x0a, 0x00, 0x20, 0x20, 0x20, 0x20, 0x69, 0x6e, 0x74, 0x20, 0x64,
  0x79, 0x6e, 0x52, 0x65, 0x73, 0x65, 0x72, 0x76, 0x65, 0x64, 0x30, 0x3b,
  0x0a, 0x00, 0x20, 0x20, 0x20, 0x20, 0x69, 0x6e, 0x74, 0x20, 0x64, 0x79,
  0x6e, 0x52, 0x65, 0x73, 0x65, 0x72, 0x76, 0x65, 0x64, 0x31, 0x3b, 0x0a,
  0x00, 0x20, 0x20, 0x20, 0x20, 0x69, 0x6e, 0x74, 0x20, 0x64, 0x79, 0x6e,
  0x52, 0x65, 0x73, 0x65, 0x72, 0x76, 0x65, 0x64, 0x32, 0x3b, 0x0a, 0x00,
  0x20, 0x20, 0x20, 0x20, 0x66, 0x6c, 0x6f, 0x61, 0x74, 0x20, 0x69, 0x62,
  0x6c, 0x4c, 0x75, 0x6d, 0x69, 0x6e, 0x61, 0x6e, 0x63, 0x65, 0x3b, 0x0a,
  0x00, 0x20, 0x20, 0x20, 0x20, 0x66, 0x6c, 0x6f, 0x61, 0x74, 0x20, 0x69,
  0x62, 0x6c, 0x52, 0x6f, 0x75, 0x67, 0x68, 0x6e, 0x65, 0x73, 0x73, 0x4f,
  0x6e, 0x65, 0x4c, 0x65, 0x76, 0x65, 0x6c, 0x3b, 0x0a, 0x00, 0x20, 0x20,
  0x20, 0x20, 0x66, 0x6c, 0x6f, 0x61, 0x74, 0x33, 0x20, 0x69, 0x62, 0x6c,
  0x53, 0x48, 0x5b, 0x39, 0x5d, 0x3b, 0x0a, 0x00, 0x20, 0x20, 0x20, 0x20,
  0x70, 0x61, 0x63, 0x6b, 0x65, 0x64, 0x5f, 0x66, 0x6c, 0x6f, 0x61, 0x74,
  0x33, 0x20, 0x6c, 0x69, 0x67, 0x68, 0x74, 0x44, 0x69, 0x72, 0x65, 0x63,
  0x74, 0x69, 0x6f, 0x6e, 0x3b, 0x0a, 0x00, 0x20, 0x20, 0x20, 0x20, 0x66,
  0x6c, 0x6f, 0x61, 0x74, 0x20, 0x70, 0x61, 0x64, 0x64, 0x69, 0x6e, 0x67,
  0x30, 0x3b, 0x0a, 0x00, 0x20, 0x20, 0x20, 0x20, 0x66, 0x6c, 0x6f, 0x61,
  0x74, 0x34, 0x20, 0x6c, 0x69, 0x67, 0x68, 0x74, 0x43, 0x6f, 0x6c, 0x6f,
  0x72, 0x49, 0x6e, 0x74, 0x65, 0x6e, 0x73, 0x69, 0x74, 0x79, 0x3b, 0x0a,
  0x00, 0x20, 0x20, 0x20, 0x20, 0x66, 0x6c, 0x6f, 0x61, 0x74, 0x34, 0x20,
  0x73, 0x75, 0x6e, 0x3b, 0x0a, 0x00, 0x20, 0x20, 0x20, 0x20, 0x66, 0x6c,
  0x6f, 0x61, 0x74, 0x32, 0x20, 0x73, 0x68, 0x61, 0x64, 0x6f, 0x77, 0x46,
  0x61, 0x72, 0x41, 0x74, 0x74, 0x65, 0x6e, 0x75, 0x61, 0x74, 0x69, 0x6f,
  0x6e, 0x50, 0x61, 0x72, 0x61, 0x6d, 0x73, 0x3b, 0x0a, 0x00, 0x20, 0x20,
  0x20, 0x20, 0x69, 0x6e, 0x74, 0x20, 0x64, 0x69, 0x72, 0x65, 0x63, 0x74,
  0x69, 0x6f, 0x6e, 0x61, 0x6c, 0x53, 0x68, 0x61, 0x64, 0x6f, 0x77, 0x73,
  0x3b, 0x0a, 0x00, 0x20, 0x20, 0x20, 0x20, 0x66, 0x6c, 0x6f, 0x61, 0x74,
  0x20, 0x73, 0x73, 0x43, 0x6f, 0x6e, 0x74, 0x61, 0x63, 0x74, 0x53, 0x68,
  0x61, 0x64, 0x6f, 0x77, 0x44, 0x69, 0x73, 0x74, 0x61, 0x6e, 0x63, 0x65,
  0x3b, 0x0a, 0x00, 0x20, 0x20, 0x20, 0x20, 0x66, 0x6c, 0x6f, 0x61, 0x74,
  0x32, 0x20, 0x73, 0x68, 0x61, 0x64, 0x6f, 0x77, 0x41, 0x74, 0x6c, 0x61,
  0x73, 0x52, 0x65, 0x73, 0x6f, 0x6c, 0x75, 0x74, 0x69, 0x6f, 0x6e, 0x3b,
  0x0a, 0x00, 0x20, 0x20, 0x20, 0x20, 0x66, 0x6c, 0x6f, 0x61, 0x74, 0x20,
  0x73, 0x68, 0x61, 0x64, 0x6f, 0x77, 0x52, 0x65, 0x73, 0x65, 0x72, 0x76,
  0x65, 0x64, 0x30, 0x3b, 0x0a, 0x00, 0x20, 0x20, 0x20, 0x20, 0x66, 0x6c,
  0x6f, 0x61, 0x74, 0x20, 0x73, 0x68, 0x61, 0x64, 0x6f, 0x77, 0x52, 0x65,
  0x73, 0x65, 0x72, 0x76, 0x65, 0x64, 0x31, 0x3b, 0x0a, 0x00, 0x20, 0x20,
  0x20, 0x20, 0x66, 0x6c, 0x6f, 0x61, 0x74, 0x34, 0x20, 0x63, 0x61, 0x73,
  0x63, 0x61, 0x64, 0x65, 0x53, 0x70, 0x6c, 0x69, 0x74, 0x73, 0x3b, 0x0a,
  0x00, 0x20, 0x20, 0x20, 0x20, 0x69, 0x6e, 0x74, 0x20, 0x63, 0x61, 0x73,
  0x63, 0x61, 0x64, 0x65, 0x73, 0x3b, 0x0a, 0x00, 0x20, 0x20, 0x20, 0x20,
  0x66, 0x6c, 0x6f, 0x61, 0x74, 0x20, 0x72, 0x65, 0x73, 0x65, 0x72, 0x76,
  0x65, 0x64, 0x4c, 0x69, 0x67, 0x68, 0x74, 0x30, 0x3b, 0x0a, 0x00, 0x20,
  0x20, 0x20, 0x20, 0x66, 0x6c, 0x6f, 0x61, 0x74, 0x32, 0x20, 0x6c, 0x69,
  0x67, 0x68, 0x74, 0x46, 0x61, 0x72, 0x41, 0x74, 0x74, 0x65, 0x6e, 0x75,
  0x61, 0x74, 0x69, 0x6f, 0x6e, 0x50, 0x61, 0x72, 0x61, 0x6d, 0x73, 0x3b,
  0x0a, 0x00, 0x20, 0x20, 0x20, 0x20, 0x66, 0x6c, 0x6f, 0x61, 0x74, 0x20,
  0x76, 0x73, 0x6d, 0x45, 0x78, 0x70, 0x6f, 0x6e, 0x65, 0x6e, 0x74, 0x3b,
  0x0a, 0x00, 0x20, 0x20, 0x20, 0x20, 0x66, 0x6c, 0x6f, 0x61, 0x74, 0x20,
  0x76, 0x73, 0x6d, 0x4d, 0x61, 0x78, 0x4d, 0x6f, 0x6d, 0x65, 0x6e, 0x74,
  0x3b, 0x0a, 0x00, 0x20, 0x20, 0x20, 0x20, 0x66, 0x6c, 0x6f, 0x61, 0x74,
  0x20, 0x76, 0x73, 0x6d, 0x4c, 0x69, 0x67, 0x68, 0x74, 0x42, 0x6c, 0x65,
  0x65, 0x64, 0x52, 0x65, 0x64, 0x75, 0x63, 0x74, 0x69, 0x6f, 0x6e, 0x3b,
  0x0a, 0x00, 0x20, 0x20, 0x20, 0x20, 0x75, 0x69, 0x6e, 0x74, 0x20, 0x73,
  0x68, 0x61, 0x64, 0x6f, 0x77, 0x53, 0x61, 0x6d, 0x70, 0x6c, 0x69, 0x6e,
  0x67, 0x54, 0x79, 0x70, 0x65, 0x3b, 0x0a, 0x00, 0x20, 0x20, 0x20, 0x20,
  0x70, 0x61, 0x63, 0x6b, 0x65, 0x64, 0x5f, 0x66, 0x6c, 0x6f, 0x61, 0x74,
  0x33, 0x20, 0x66, 0x6f, 0x67, 0x44, 0x65, 0x6e, 0x73, 0x69, 0x74, 0x79,
  0x3b, 0x0a, 0x00, 0x20, 0x20, 0x20, 0x20, 0x66, 0x6c, 0x6f, 0x61, 0x74,
  0x20, 0x66, 0x6f, 0x67, 0x53, 0x74, 0x61, 0x72, 0x74, 0x3b, 0x0a, 0x00,
  0x20, 0x20, 0x20, 0x20, 0x66, 0x6c, 0x6f, 0x61, 0x74, 0x20, 0x66, 0x6f,
  0x67, 0x4d, 0x61, 0x78, 0x4f, 0x70, 0x61, 0x63, 0x69, 0x74, 0x79, 0x3b,
  0x0a, 0x00, 0x20, 0x20, 0x20, 0x20, 0x75, 0x69, 0x6e, 0x74, 0x20, 0x66,
  0x6f, 0x67, 0x4d, 0x69, 0x6e, 0x4d, 0x61, 0x78, 0x4d, 0x69, 0x70, 0x3b,
  0x0a, 0x00, 0x20, 0x20, 0x20, 0x20, 0x66, 0x6c, 0x6f, 0x61, 0x74, 0x20,
  0x66, 0x6f, 0x67, 0x48, 0x65, 0x69, 0x67, 0x68, 0x74, 0x46, 0x61, 0x6c,
  0x6c, 0x6f, 0x66, 0x66, 0x3b, 0x0a, 0x00, 0x20, 0x20, 0x20, 0x20, 0x66,
  0x6c, 0x6f, 0x61, 0x74, 0x20, 0x66, 0x6f, 0x67, 0x43, 0x75, 0x74, 0x4f,
  0x66, 0x66, 0x44, 0x69, 0x73, 0x74, 0x61, 0x6e, 0x63, 0x65, 0x3b, 0x0a,
  0x00, 0x20, 0x20, 0x20, 0x20, 0x70, 0x61, 0x63, 0x6b, 0x65, 0x64, 0x5f,
  0x66, 0x6c, 0x6f, 0x61, 0x74, 0x33, 0x20, 0x66, 0x6f, 0x67, 0x43, 0x6f,
  0x6c, 0x6f, 0x72, 0x3b, 0x0a, 0x00, 0x20, 0x20, 0x20, 0x20, 0x66, 0x6c,
  0x6f, 0x61, 0x74, 0x20, 0x66, 0x6f, 0x67, 0x43, 0x6f, 0x6c, 0x6f, 0x72,
  0x46, 0x72, 0x6f, 0x6d, 0x49, 0x62, 0x6c, 0x3b, 0x0a, 0x00, 0x20, 0x20,
  0x20, 0x20, 0x66, 0x6c, 0x6f, 0x61, 0x74, 0x20, 0x66, 0x6f, 0x67, 0x49,
  0x6e, 0x73, 0x63, 0x61, 0x74, 0x74, 0x65, 0x72, 0x69, 0x6e, 0x67, 0x53,
  0x74, 0x61, 0x72, 0x74, 0x3b, 0x0a, 0x00, 0x20, 0x20, 0x20, 0x20, 0x66,
  0x6c, 0x6f, 0x61, 0x74, 0x20, 0x66, 0x6f, 0x67, 0x49, 0x6e, 0x73, 0x63,
  0x61, 0x74, 0x74, 0x65, 0x72, 0x69, 0x6e, 0x67, 0x53, 0x69, 0x7a, 0x65,
  0x3b, 0x0a, 0x00, 0x20, 0x20, 0x20, 0x20, 0x66, 0x6c, 0x6f, 0x61, 0x74,
  0x20, 0x66, 0x6f, 0x67, 0x4f, 0x6e, 0x65, 0x4f, 0x76, 0x65, 0x72, 0x46,
  0x61, 0x72, 0x4d, 0x69, 0x6e, 0x75, 0x73, 0x4e, 0x65, 0x61, 0x72, 0x3b,
  0x0a, 0x00, 0x20, 0x20, 0x20, 0x20, 0x66, 0x6c, 0x6f, 0x61, 0x74, 0x20,
  0x66, 0x6f, 0x67, 0x4e, 0x65, 0x61, 0x72, 0x4f, 0x76, 0x65, 0x72, 0x46,
  0x61, 0x72, 0x4d, 0x69, 0x6e, 0x75, 0x73, 0x4e, 0x65, 0x61, 0x72, 0x3b,
  0x0a, 0x00, 0x20, 0x20, 0x20, 0x20, 0x66, 0x6c, 0x6f, 0x61, 0x74, 0x33,
  0x78, 0x33, 0x20, 0x66, 0x6f, 0x67, 0x46, 0x72, 0x6f, 0x6d, 0x57, 0x6f,
  0x72, 0x6c, 0x64, 0x4d, 0x61, 0x74, 0x72, 0x69, 0x78, 0x3b, 0x0a, 0x00,
  0x20, 0x20, 0x20, 0x20, 0x66, 0x6c, 0x6f, 0x61, 0x74, 0x32, 0x20, 0x66,
  0x6f, 0x67, 0x4c, 0x69, 0x6e, 0x65, 0x61, 0x72, 0x50, 0x61, 0x72, 0x61,
  0x6d, 0x73, 0x3b, 0x0a, 0x00, 0x20, 0x20, 0x20, 0x20, 0x66, 0x6c, 0x6f,
  0x61, 0x74, 0x32, 0x20, 0x66, 0x6f, 0x67, 0x52, 0x65, 0x73, 0x65, 0x72,
  0x76, 0x65, 0x64, 0x30, 0x3b, 0x0a, 0x00, 0x20, 0x20, 0x20, 0x20, 0x66,
  0x6c, 0x6f, 0x61, 0x74, 0x34, 0x78, 0x34, 0x20, 0x73, 0x73, 0x72, 0x52,
  0x65, 0x70, 0x72, 0x6f, 0x6a, 0x65, 0x63, 0x74, 0x69, 0x6f, 0x6e, 0x3b,
  0x0a, 0x00, 0x20, 0x20, 0x20, 0x20, 0x66, 0x6c, 0x6f, 0x61, 0x74, 0x34,
  0x78, 0x34, 0x20, 0x73, 0x73, 0x72, 0x55, 0x76, 0x46, 0x72, 0x6f, 0x6d,
  0x56, 0x69, 0x65, 0x77, 0x4d, 0x61, 0x74, 0x72, 0x69, 0x78, 0x3b, 0x0a,
  0x00, 0x20, 0x20, 0x20, 0x20, 0x66, 0x6c, 0x6f, 0x61, 0x74, 0x20, 0x73,
  0x73, 0x72, 0x54, 0x68, 0x69, 0x63, 0x6b, 0x6e, 0x65, 0x73, 0x73, 0x3b,
  0x0a, 0x00, 0x20, 0x20, 0x20, 0x20, 0x66, 0x6c, 0x6f, 0x61, 0x74, 0x20,
  0x73, 0x73, 0x72, 0x42, 0x69, 0x61, 0x73, 0x3b, 0x0a, 0x00, 0x20, 0x20,
  0x20, 0x20, 0x66, 0x6c, 0x6f, 0x61, 0x74, 0x20, 0x73, 0x73, 0x72, 0x44,
  0x69, 0x73, 0x74, 0x61, 0x6e, 0x63, 0x65, 0x3b, 0x0a, 0x00, 0x20, 0x20,
  0x20, 0x20, 0x66, 0x6c, 0x6f, 0x61, 0x74, 0x20, 0x73, 0x73, 0x72, 0x53,
  0x74, 0x72, 0x69, 0x64, 0x65, 0x3b, 0x0a, 0x00, 0x20, 0x20, 0x20, 0x20,
  0x66, 0x6c, 0x6f, 0x61, 0x74, 0x34, 0x20, 0x63, 0x75, 0x73, 0x74, 0x6f,
  0x6d, 0x5b, 0x34, 0x5d, 0x3b, 0x0a, 0x00, 0x20, 0x20, 0x20, 0x20, 0x69,
  0x6e, 0x74, 0x20, 0x72, 0x65, 0x63, 0x37, 0x30, 0x39, 0x3b, 0x0a, 0x00,
  0x20, 0x20, 0x20, 0x20, 0x66, 0x6c, 0x6f, 0x61, 0x74, 0x20, 0x65, 0x73,
  0x32, 0x52, 0x65, 0x73, 0x65, 0x72, 0x76, 0x65, 0x64, 0x30, 0x3b, 0x0a,
  0x00, 0x20, 0x20, 0x20, 0x20, 0x66, 0x6c, 0x6f, 0x61, 0x74, 0x20, 0x65,
  0x73, 0x32, 0x52, 0x65, 0x73, 0x65, 0x72, 0x76, 0x65, 0x64, 0x31, 0x3b,
  0x0a, 0x00, 0x20, 0x20, 0x20, 0x20, 0x66, 0x6c, 0x6f, 0x61, 0x74, 0x20,
  0x65, 0x73, 0x32, 0x52, 0x65, 0x73, 0x65, 0x72, 0x76, 0x65, 0x64, 0x32,
  0x3b, 0x0a, 0x00, 0x20, 0x20, 0x20, 0x20, 0x66, 0x6c, 0x6f, 0x61, 0x74,
  0x34, 0x20, 0x65, 0x78, 0x74, 0x72, 0x61, 0x4c, 0x69, 0x67, 0x68, 0x74,
  0x44, 0x69, 0x72, 0x65, 0x63, 0x74, 0x69, 0x6f, 0x6e, 0x5b, 0x34, 0x5d,
  0x3b, 0x0a, 0x00, 0x20, 0x20, 0x20, 0x20, 0x66, 0x6c, 0x6f, 0x61, 0x74,
  0x34, 0x20, 0x65, 0x78, 0x74, 0x72, 0x61, 0x4c, 0x69, 0x67, 0x68, 0x74,
  0x43, 0x6f, 0x6c, 0x6f, 0x72, 0x49, 0x6e, 0x74, 0x65, 0x6e, 0x73, 0x69,
  0x74, 0x79, 0x5b, 0x34, 0x5d, 0x3b, 0x0a, 0x00, 0x20, 0x20, 0x20, 0x20,
  0x69, 0x6e, 0x74, 0x20, 0x65, 0x78, 0x74, 0x72, 0x61, 0x4c, 0x69, 0x67,
  0x68, 0x74, 0x43, 0x6f, 0x75, 0x6e, 0x74, 0x3b, 0x0a, 0x00, 0x20, 0x20,
  0x20, 0x20, 0x69, 0x6e, 0x74, 0x20, 0x65, 0x78, 0x74, 0x72, 0x61, 0x44,
  0x69, 0x72, 0x52, 0x65, 0x73, 0x65, 0x72, 0x76, 0x65, 0x64, 0x30, 0x3b,
  0x0a, 0x00, 0x20, 0x20, 0x20, 0x20, 0x69, 0x6e, 0x74, 0x20, 0x65, 0x78,
  0x74, 0x72, 0x61, 0x44, 0x69, 0x72, 0x52, 0x65, 0x73, 0x65, 0x72, 0x76,
  0x65, 0x64, 0x31, 0x3b, 0x0a, 0x00, 0x20, 0x20, 0x20, 0x20, 0x69, 0x6e,
  0x74, 0x20, 0x65, 0x78, 0x74, 0x72, 0x61, 0x44, 0x69, 0x72, 0x52, 0x65,
  0x73, 0x65, 0x72, 0x76, 0x65, 0x64, 0x32, 0x3b, 0x0a, 0x00, 0x20, 0x20,
  0x20, 0x20, 0x66, 0x6c, 0x6f, 0x61, 0x74, 0x34, 0x20, 0x72, 0x65, 0x73,
  0x65, 0x72, 0x76, 0x65, 0x64, 0x5b, 0x39, 0x5d, 0x3b, 0x0a, 0x00, 0x73,
  0x74, 0x72, 0x75, 0x63, 0x74, 0x20, 0x46, 0x72, 0x61, 0x6d, 0x65, 0x55,
  0x6e, 0x69, 0x66, 0x6f, 0x72, 0x6d, 0x73, 0x3b, 0x0a, 0x00, 0x73, 0x74,
  0x72, 0x75, 0x63, 0x74, 0x20, 0x73, 0x70, 0x76, 0x44, 0x65, 0x73, 0x63,
  0x72, 0x69, 0x70, 0x74, 0x6f, 0x72, 0x53, 0x65, 0x74, 0x42, 0x75, 0x66,
  0x66, 0x65, 0x72, 0x30, 0x20, 0x7b, 0x0a, 0x00, 0x63, 0x6f, 0x6e, 0x73,
  0x74, 0x61, 0x6e, 0x74, 0x20, 0x46, 0x72, 0x61, 0x6d, 0x65, 0x55, 0x6e,
  0x69, 0x66, 0x6f, 0x72, 0x6d, 0x73, 0x2a, 0x20, 0x66, 0x72, 0x61, 0x6d,
  0x65, 0x55, 0x6e, 0x69, 0x66, 0x6f, 0x72, 0x6d, 0x73, 0x20, 0x5b, 0x5b,
  0x69, 0x64, 0x28, 0x30, 0x29, 0x5d, 0x5d, 0x3b, 0x0a, 0x00, 0x20, 0x20,
  0x20, 0x20, 0x20, 0x20, 0x20, 0x20, 0x7d, 0x0a, 0x00, 0x73, 0x74, 0x72,
  0x75, 0x63, 0x74, 0x20, 0x50, 0x65, 0x72, 0x52, 0x65, 0x6e, 0x64, 0x65,
  0x72, 0x61, 0x62, 0x6c, 0x65, 0x44, 0x61, 0x74, 0x61, 0x0a, 0x00, 0x20,
  0x20, 0x20, 0x20, 0x66, 0x6c, 0x6f, 0x61, 0x74, 0x34, 0x78, 0x34, 0x20,
  0x77, 0x6f, 0x72, 0x6c, 0x64, 0x46, 0x72, 0x6f, 0x6d, 0x4d, 0x6f, 0x64,
  0x65, 0x6c, 0x4d, 0x61, 0x74, 0x72, 0x69, 0x78, 0x3b, 0x0a, 0x00, 0x20,
  0x20, 0x20, 0x20, 0x66, 0x6c, 0x6f, 0x61, 0x74, 0x33, 0x78, 0x33, 0x20,
  0x77, 0x6f, 0x72, 0x6c, 0x64, 0x46, 0x72, 0x6f, 0x6d, 0x4d, 0x6f, 0x64,
  0x65, 0x6c, 0x4e, 0x6f, 0x72, 0x6d, 0x61, 0x6c, 0x4d, 0x61, 0x74, 0x72,
  0x69, 0x78, 0x3b, 0x0a, 0x00, 0x20, 0x20, 0x20, 0x20, 0x69, 0x6e, 0x74,
  0x20, 0x6d, 0x6f, 0x72, 0x70, 0x68, 0x54, 0x61, 0x72, 0x67, 0x65, 0x74,
  0x43, 0x6f, 0x75, 0x6e, 0x74, 0x3b, 0x0a, 0x00, 0x20, 0x20, 0x20, 0x20,
  0x69, 0x6e, 0x74, 0x20, 0x66, 0x6c, 0x61, 0x67, 0x73, 0x43, 0x68, 0x61,
  0x6e, 0x6e, 0x65, 0x6c, 0x73, 0x3b, 0x0a, 0x00, 0x20, 0x20, 0x20, 0x20,
  0x69, 0x6e, 0x74, 0x20, 0x6f, 0x62, 0x6a, 0x65, 0x63, 0x74, 0x49, 0x64,
  0x3b, 0x0a, 0x00, 0x20, 0x20, 0x20, 0x20, 0x66, 0x6c, 0x6f, 0x61, 0x74,
  0x20, 0x75, 0x73, 0x65, 0x72, 0x44, 0x61, 0x74, 0x61, 0x3b, 0x0a, 0x00,
  0x20, 0x20, 0x20, 0x20, 0x66, 0x6c, 0x6f, 0x61, 0x74, 0x34, 0x20, 0x72,
  0x65, 0x73, 0x65, 0x72, 0x76, 0x65, 0x64, 0x5b, 0x38, 0x5d, 0x3b, 0x0a,
  0x00, 0x23, 0x69, 0x66, 0x6e, 0x64, 0x65, 0x66, 0x20, 0x53, 0x50, 0x49,
  0x52, 0x56, 0x5f, 0x43, 0x52, 0x4f, 0x53, 0x53, 0x5f, 0x43, 0x4f, 0x4e,
  0x53, 0x54, 0x41, 0x4e, 0x54, 0x5f, 0x49, 0x44, 0x5f, 0x31, 0x0a, 0x00,
  0x23, 0x64, 0x65, 0x66, 0x69, 0x6e, 0x65, 0x20, 0x53, 0x50, 0x49, 0x52,
  0x56, 0x5f, 0x43, 0x52, 0x4f, 0x53, 0x53, 0x5f, 0x43, 0x4f, 0x4e, 0x53,
  0x54, 0x41, 0x4e, 0x54, 0x5f, 0x49, 0x44, 0x5f, 0x31, 0x20, 0x36, 0x34,
  0x0a, 0x00, 0x23, 0x65, 0x6e, 0x64, 0x69, 0x66, 0x0a, 0x00, 0x63, 0x6f,
  0x6e, 0x73, 0x74, 0x61, 0x6e, 0x74, 0x20, 0x69, 0x6e, 0x74, 0x20, 0x43,
  0x4f, 0x4e, 0x46, 0x49, 0x47, 0x5f, 0x4d, 0x41, 0x58, 0x5f, 0x49, 0x4e,
  0x53, 0x54, 0x41, 0x4e, 0x43, 0x45, 0x53, 0x20, 0x3d, 0x20, 0x53, 0x50,
  0x49, 0x52, 0x56, 0x5f, 0x43, 0x52, 0x4f, 0x53, 0x53, 0x5f, 0x43, 0x4f,
  0x4e, 0x53, 0x54, 0x41, 0x4e, 0x54, 0x5f, 0x49, 0x44, 0x5f, 0x31, 0x3b,
  0x0a, 0x00, 0x73, 0x74, 0x72, 0x75, 0x63, 0x74, 0x20, 0x4f, 0x62, 0x6a,
  0x65, 0x63, 0x74, 0x55, 0x6e, 0x69, 0x66, 0x6f, 0x72, 0x6d, 0x73, 0x0a,
  0x00, 0x20, 0x20, 0x20, 0x20, 0x50, 0x65, 0x72, 0x52, 0x65, 0x6e, 0x64,
  0x65, 0x72, 0x61, 0x62, 0x6c, 0x65, 0x44, 0x61, 0x74, 0x61, 0x20, 0x64,
  0x61, 0x74, 0x61, 0x5b, 0x43, 0x4f, 0x4e, 0x46, 0x49, 0x47, 0x5f, 0x4d,
  0x41, 0x58, 0x5f, 0x49, 0x4e, 0x53, 0x54, 0x41, 0x4e, 0x43, 0x45, 0x53,
  0x5d, 0x3b, 0x0a, 0x00, 0x73, 0x74, 0x72, 0x75, 0x63, 0x74, 0x20, 0x4f,
  0x62, 0x6a, 0x65, 0x63, 0x74, 0x55, 0x6e, 0x69, 0x66, 0x6f, 0x72, 0x6d,
  0x73, 0x3b, 0x0a, 0x00, 0x73, 0x74, 0x72, 0x75, 0x63, 0x74, 0x20, 0x42,
  0x6f, 0x6e, 0x65, 0x73, 0x55, 0x6e, 0x69, 0x66, 0x6f, 0x72, 0x6d, 0x73,
  0x3b, 0x0a, 0x00, 0x73, 0x74, 0x72, 0x75, 0x63, 0x74, 0x20, 0x4d, 0x6f,
  0x72, 0x70, 0x68, 0x69, 0x6e, 0x67, 0x55, 0x6e, 0x69, 0x66, 0x6f, 0x72,
  0x6d, 0x73, 0x3b, 0x0a, 0x00, 0x73, 0x74, 0x72, 0x75, 0x63, 0x74, 0x20,
  0x73, 0x70, 0x76, 0x44, 0x65, 0x73, 0x63, 0x72, 0x69, 0x70, 0x74, 0x6f,
  0x72, 0x53, 0x65, 0x74, 0x42, 0x75, 0x66, 0x66, 0x65, 0x72, 0x31, 0x20,
  0x7b, 0x0a, 0x00, 0x63, 0x6f, 0x6e, 0x73, 0x74, 0x61, 0x6e, 0x74, 0x20,
  0x4f, 0x62, 0x6a, 0x65, 0x63, 0x74, 0x55, 0x6e, 0x69, 0x66, 0x6f, 0x72,
  0x6d, 0x73, 0x2a, 0x20, 0x6f, 0x62, 0x6a, 0x65, 0x63, 0x74, 0x55, 0x6e,
  0x69, 0x66, 0x6f, 0x72, 0x6d, 0x73, 0x20, 0x5b, 0x5b, 0x69, 0x64, 0x28,
  0x30, 0x29, 0x5d, 0x5d, 0x3b, 0x0a, 0x00, 0x63, 0x6f, 0x6e, 0x73, 0x74,
  0x61, 0x6e, 0x74, 0x20, 0x42, 0x6f, 0x6e, 0x65, 0x73, 0x55, 0x6e, 0x69,
  0x66, 0x6f, 0x72, 0x6d, 0x73, 0x2a, 0x20, 0x62, 0x6f, 0x6e, 0x65, 0x73,
  0x55, 0x6e, 0x69, 0x66, 0x6f, 0x72, 0x6d, 0x73, 0x20, 0x5b, 0x5b, 0x69,
  0x64, 0x28, 0x32, 0x29, 0x5d, 0x5d, 0x3b, 0x0a, 0x00, 0x63, 0x6f, 0x6e,
  0x73, 0x74, 0x61, 0x6e, 0x74, 0x20, 0x4d, 0x6f, 0x72, 0x70, 0x68, 0x69,
  0x6e, 0x67, 0x55, 0x6e, 0x69, 0x66, 0x6f, 0x72, 0x6d, 0x73, 0x2a, 0x20,
  0x6d, 0x6f, 0x72, 0x70, 0x68, 0x69, 0x6e, 0x67, 0x55, 0x6e, 0x69, 0x66,
  0x6f, 0x72, 0x6d, 0x73, 0x20, 0x5b, 0x5b, 0x69, 0x64, 0x28, 0x34, 0x29,
  0x5d, 0x5d, 0x3b, 0x0a, 0x00, 0x20, 0x20, 0x20, 0x20, 0x66, 0x6c, 0x6f,
  0x61, 0x74, 0x34, 0x20, 0x76, 0x65, 0x72, 0x74, 0x65, 0x78, 0x5f, 0x70,
  0x6f, 0x73, 0x69, 0x74, 0x69, 0x6f, 0x6e, 0x20, 0x5b, 0x5b, 0x75, 0x73,
  0x65, 0x72, 0x28, 0x6c, 0x6f, 0x63, 0x6e, 0x39, 0x29, 0x5d, 0x5d, 0x3b,
  0x0a, 0x00, 0x20, 0x20, 0x20, 0x20, 0x69, 0x6e, 0x74, 0x20, 0x69, 0x6e,
  0x73, 0x74, 0x61, 0x6e, 0x63, 0x65, 0x5f, 0x69, 0x6e, 0x64, 0x65, 0x78,
  0x20, 0x5b, 0x5b, 0x75, 0x73, 0x65, 0x72, 0x28, 0x6c, 0x6f, 0x63, 0x6e,
  0x31, 0x30, 0x29, 0x5d, 0x5d, 0x3b, 0x0a, 0x00, 0x20, 0x20, 0x20, 0x20,
  0x63, 0x6f, 0x6e, 0x73, 0x74, 0x61, 0x6e, 0x74, 0x20, 0x61, 0x75, 0x74,
  0x6f, 0x26, 0x20, 0x6f, 0x62, 0x6a, 0x65, 0x63, 0x74, 0x55, 0x6e, 0x69,
  0x66, 0x6f, 0x72, 0x6d, 0x73, 0x20, 0x3d, 0x20, 0x2a, 0x28, 0x63, 0x6f,
  0x6e, 0x73, 0x74, 0x61, 0x6e, 0x74, 0x20, 0x4f, 0x62, 0x6a, 0x65, 0x63,
  0x74, 0x55, 0x6e, 0x69, 0x66, 0x6f, 0x72, 0x6d, 0x73, 0x2a, 0x20, 0x29,
  0x28, 0x28, 0x63, 0x6f, 0x6e, 0x73, 0x74, 0x61, 0x6e, 0x74, 0x20, 0x63,
  0x68, 0x61, 0x72, 0x2a, 0x20, 0x29, 0x73, 0x70, 0x76, 0x44, 0x65, 0x73,
  0x63, 0x72, 0x69, 0x70, 0x74, 0x6f, 0x72, 0x53, 0x65, 0x74, 0x31, 0x2e,
  0x6f, 0x62, 0x6a, 0x65, 0x63, 0x74, 0x55, 0x6e, 0x69, 0x66, 0x6f, 0x72,
  0x6d, 0x73, 0x20, 0x2b, 0x20, 0x73, 0x70, 0x76, 0x44, 0x79, 0x6e, 0x61,
  0x6d, 0x69, 0x63, 0x4f, 0x66, 0x66, 0x73, 0x65, 0x74, 0x73, 0x5b, 0x30,
  0x5d, 0x29, 0x3b, 0x0a, 0x00, 0x2e, 0x79, 0x3b, 0x0a, 0x00, 0x20, 0x3d,
  0x20, 0x28, 0x00, 0x2e, 0x78, 0x20, 0x3d, 0x20, 0x00, 0x2e, 0x7a, 0x20,
  0x3d, 0x20, 0x00, 0x2e, 0x7a, 0x3b, 0x0a, 0x00, 0x2e, 0x79, 0x29, 0x3b,
  0x0a, 0x00, 0x2b, 0x2b, 0x3b, 0x0a, 0x00, 0x20, 0x20, 0x20, 0x20, 0x20,
  0x20, 0x20, 0x20, 0x66, 0x6c, 0x6f, 0x61, 0x74, 0x33, 0x20, 0x00, 0x20,
  0x20, 0x20, 0x20, 0x20, 0x20, 0x20, 0x20, 0x20, 0x20, 0x20, 0x20, 0x62,
  0x72, 0x65, 0x61, 0x6b, 0x3b, 0x0a, 0x00, 0x63, 0x6f, 0x6e, 0x73, 0x74,
  0x61, 0x6e, 0x74, 0x20, 0x66, 0x6c, 0x6f, 0x61, 0x74, 0x34, 0x20, 0x00,
  0x20, 0x3d, 0x20, 0x7b, 0x7d, 0x3b, 0x0a, 0x00, 0x2e, 0x79, 0x20, 0x3d,
  0x20, 0x00, 0x73, 0x74, 0x72, 0x75, 0x63, 0x74, 0x20, 0x53, 0x68, 0x61,
  0x64, 0x6f, 0x77, 0x55, 0x6e, 0x69, 0x66, 0x6f, 0x72, 0x6d, 0x73, 0x3b,
  0x0a, 0x00, 0x63, 0x6f, 0x6e, 0x73, 0x74, 0x61, 0x6e, 0x74, 0x20, 0x53,
  0x68, 0x61, 0x64, 0x6f, 0x77, 0x55, 0x6e, 0x69, 0x66, 0x6f, 0x72, 0x6d,
  0x73, 0x2a, 0x20, 0x73, 0x68, 0x61, 0x64, 0x6f, 0x77, 0x55, 0x6e, 0x69,
  0x66, 0x6f, 0x72, 0x6d, 0x73, 0x20, 0x5b, 0x5b, 0x69, 0x64, 0x28, 0x32,
  0x29, 0x5d, 0x5d, 0x3b, 0x0a, 0x00, 0x20, 0x20, 0x20, 0x20, 0x20, 0x20,
  0x20, 0x20, 0x20, 0x20, 0x20, 0x20, 0x20, 0x20, 0x20, 0x20, 0x00, 0x5b,
  0x30, 0x5d, 0x20, 0x2a, 0x20, 0x00, 0x2e, 0x78, 0x29, 0x20, 0x2b, 0x20,
  0x28, 0x28, 0x00, 0x5b, 0x31, 0x5d, 0x20, 0x2a, 0x20, 0x00, 0x2e, 0x79,
  0x29, 0x20, 0x2b, 0x20, 0x28, 0x28, 0x00, 0x5b, 0x32, 0x5d, 0x20, 0x2a,
  0x20, 0x00, 0x2e, 0x7a, 0x29, 0x20, 0x2b, 0x20, 0x00, 0x20, 0x20, 0x20,
  0x20, 0x20, 0x20, 0x20, 0x20, 0x20, 0x20, 0x20, 0x20, 0x20, 0x20, 0x20,
  0x20, 0x66, 0x6c, 0x6f, 0x61, 0x74, 0x34, 0x78, 0x33, 0x20, 0x00, 0x20,
  0x20, 0x20, 0x20, 0x20, 0x20, 0x20, 0x20, 0x20, 0x20, 0x20, 0x20, 0x7b,
  0x0a, 0x00, 0x20, 0x20, 0x20, 0x20, 0x20, 0x20, 0x20, 0x20, 0x20, 0x20,
  0x20, 0x20, 0x7d, 0x0a, 0x00, 0x20, 0x20, 0x20, 0x20, 0x20, 0x20, 0x20,
  0x20, 0x66, 0x6c, 0x6f, 0x61, 0x74, 0x34, 0x20, 0x00, 0x20, 0x20, 0x20,
  0x20, 0x20, 0x20, 0x20, 0x20, 0x20, 0x20, 0x20, 0x20, 0x66, 0x6c, 0x6f,
  0x61, 0x74, 0x34, 0x78, 0x33, 0x20, 0x00, 0x74, 0x65, 0x78, 0x74, 0x75,
  0x72, 0x65, 0x32, 0x64, 0x5f, 0x61, 0x72, 0x72, 0x61, 0x79, 0x3c, 0x66,
  0x6c, 0x6f, 0x61, 0x74, 0x3e, 0x20, 0x73, 0x61, 0x6d, 0x70, 0x6c, 0x65,
  0x72, 0x31, 0x5f, 0x70, 0x6f, 0x73, 0x69, 0x74, 0x69, 0x6f, 0x6e, 0x73,
  0x20, 0x5b, 0x5b, 0x69, 0x64, 0x28, 0x36, 0x29, 0x5d, 0x5d, 0x3b, 0x0a,
  0x00, 0x73, 0x61, 0x6d, 0x70, 0x6c, 0x65, 0x72, 0x20, 0x73, 0x61, 0x6d,
  0x70, 0x6c, 0x65, 0x72, 0x31, 0x5f, 0x70, 0x6f, 0x73, 0x69, 0x74, 0x69,
  0x6f, 0x6e, 0x73, 0x53, 0x6d, 0x70, 0x6c, 0x72, 0x20, 0x5b, 0x5b, 0x69,
  0x64, 0x28, 0x37, 0x29, 0x5d, 0x5d, 0x3b, 0x0a, 0x00, 0x74, 0x65, 0x78,
  0x74, 0x75, 0x72, 0x65, 0x32, 0x64, 0x5f, 0x61, 0x72, 0x72, 0x61, 0x79,
  0x3c, 0x69, 0x6e, 0x74, 0x3e, 0x20, 0x73, 0x61, 0x6d, 0x70, 0x6c, 0x65,
  0x72, 0x31, 0x5f, 0x74, 0x61, 0x6e, 0x67, 0x65, 0x6e, 0x74, 0x73, 0x20,
  0x5b, 0x5b, 0x69, 0x64, 0x28, 0x38, 0x29, 0x5d, 0x5d, 0x3b, 0x0a, 0x00,
  0x73, 0x61, 0x6d, 0x70, 0x6c, 0x65, 0x72, 0x20, 0x73, 0x61, 0x6d, 0x70,
  0x6c, 0x65, 0x72, 0x31, 0x5f, 0x74, 0x61, 0x6e, 0x67, 0x65, 0x6e, 0x74,
  0x73, 0x53, 0x6d, 0x70, 0x6c, 0x72, 0x20, 0x5b, 0x5b, 0x69, 0x64, 0x28,
  0x39, 0x29, 0x5d, 0x5d, 0x3b, 0x0a, 0x00, 0x74, 0x65, 0x78, 0x74, 0x75,
  0x72, 0x65, 0x32, 0x64, 0x3c, 0x66, 0x6c, 0x6f, 0x61, 0x74, 0x3e, 0x20,
  0x73, 0x61, 0x6d, 0x70, 0x6c, 0x65, 0x72, 0x31, 0x5f, 0x69, 0x6e, 0x64,
  0x69, 0x63, 0x65, 0x73, 0x41, 0x6e, 0x64, 0x57, 0x65, 0x69, 0x67, 0x68,
  0x74, 0x73, 0x20, 0x5b, 0x5b, 0x69, 0x64, 0x28, 0x31, 0x30, 0x29, 0x5d,
  0x5d, 0x3b, 0x0a, 0x00, 0x73, 0x61, 0x6d, 0x70, 0x6c, 0x65, 0x72, 0x20,
  0x73, 0x61, 0x6d, 0x70, 0x6c, 0x65, 0x72, 0x31, 0x5f, 0x69, 0x6e, 0x64,
  0x69, 0x63, 0x65, 0x73, 0x41, 0x6e, 0x64, 0x57, 0x65, 0x69, 0x67, 0x68,
  0x74, 0x73, 0x53, 0x6d, 0x70, 0x6c, 0x72, 0x20, 0x5b, 0x5b, 0x69, 0x64,
  0x28, 0x31, 0x31, 0x29, 0x5d, 0x5d, 0x3b, 0x0a, 0x00, 0x20, 0x20, 0x20,
  0x20, 0x66, 0x6c, 0x6f, 0x61, 0x74, 0x34, 0x20, 0x67, 0x6c, 0x5f, 0x50,
  0x6f, 0x73, 0x69, 0x74, 0x69, 0x6f, 0x6e, 0x20, 0x5b, 0x5b, 0x70, 0x6f,
  0x73, 0x69, 0x74, 0x69, 0x6f, 0x6e, 0x5d, 0x5d, 0x3b, 0x0a, 0x00, 0x20,
  0x20, 0x20, 0x20, 0x66, 0x6c, 0x6f, 0x61, 0x74, 0x34, 0x20, 0x6d, 0x65,
  0x73, 0x68, 0x5f, 0x70, 0x6f, 0x73, 0x69, 0x74, 0x69, 0x6f, 0x6e, 0x20,
  0x5b, 0x5b, 0x61, 0x74, 0x74, 0x72, 0x69, 0x62, 0x75, 0x74, 0x65, 0x28,
  0x30, 0x29, 0x5d, 0x5d, 0x3b, 0x0a, 0x00, 0x20, 0x20, 0x20, 0x20, 0x6f,
  0x75, 0x74, 0x2e, 0x69, 0x6e, 0x73, 0x74, 0x61, 0x6e, 0x63, 0x65, 0x5f,
  0x69, 0x6e, 0x64, 0x65, 0x78, 0x20, 0x3d, 0x20, 0x69, 0x6e, 0x74, 0x28,
  0x67, 0x6c, 0x5f, 0x49, 0x6e, 0x73, 0x74, 0x61, 0x6e, 0x63, 0x65, 0x49,
  0x6e, 0x64, 0x65, 0x78, 0x29, 0x3b, 0x0a, 0x00, 0x20, 0x20, 0x20, 0x20,
  0x6f, 0x75, 0x74, 0x2e, 0x76, 0x65, 0x72, 0x74, 0x65, 0x78, 0x5f, 0x70,
  0x6f, 0x73, 0x69, 0x74, 0x69, 0x6f, 0x6e, 0x20, 0x3d, 0x20, 0x00, 0x20,
  0x20, 0x20, 0x20, 0x6f, 0x75, 0x74, 0x2e, 0x67, 0x6c, 0x5f, 0x50, 0x6f,
  0x73, 0x69, 0x74, 0x69, 0x6f, 0x6e, 0x20, 0x3d, 0x20, 0x00, 0x20, 0x2a,
  0x20, 0x66, 0x6c, 0x6f, 0x61, 0x74, 0x28, 0x00, 0x29, 0x20, 0x2a, 0x20,
  0x00, 0x20, 0x20, 0x20, 0x20, 0x20, 0x20, 0x20, 0x20, 0x69, 0x6e, 0x74,
  0x33, 0x20, 0x00, 0x20, 0x3d, 0x20, 0x69, 0x6e, 0x2e, 0x6d, 0x65, 0x73,
  0x68, 0x5f, 0x70, 0x6f, 0x73, 0x69, 0x74, 0x69, 0x6f, 0x6e, 0x3b, 0x0a,
  0x00, 0x20, 0x20, 0x20, 0x20, 0x65, 0x6c, 0x73, 0x65, 0x0a, 0x00, 0x20,
  0x3d, 0x20, 0x74, 0x72, 0x61, 0x6e, 0x73, 0x70, 0x6f, 0x73, 0x65, 0x28,
  0x28, 0x2a, 0x73, 0x70, 0x76, 0x44, 0x65, 0x73, 0x63, 0x72, 0x69, 0x70,
  0x74, 0x6f, 0x72, 0x53, 0x65, 0x74, 0x31, 0x2e, 0x62, 0x6f, 0x6e, 0x65,
  0x73, 0x55, 0x6e, 0x69, 0x66, 0x6f, 0x72, 0x6d, 0x73, 0x29, 0x2e, 0x62,
  0x6f, 0x6e, 0x65, 0x73, 0x5b, 0x69, 0x6e, 0x2e, 0x6d, 0x65, 0x73, 0x68,
  0x5f, 0x62, 0x6f, 0x6e, 0x65, 0x5f, 0x69, 0x6e, 0x64, 0x69, 0x63, 0x65,
  0x73, 0x2e, 0x78, 0x5d, 0x2e, 0x74, 0x72, 0x61, 0x6e, 0x73, 0x66, 0x6f,
  0x72, 0x6d, 0x29, 0x3b, 0x0a, 0x00, 0x20, 0x3d, 0x20, 0x74, 0x72, 0x61,
  0x6e, 0x73, 0x70, 0x6f, 0x73, 0x65, 0x28, 0x28, 0x2a, 0x73, 0x70, 0x76,
  0x44, 0x65, 0x73, 0x63, 0x72, 0x69, 0x70, 0x74, 0x6f, 0x72, 0x53, 0x65,
  0x74, 0x31, 0x2e, 0x62, 0x6f, 0x6e, 0x65, 0x73, 0x55, 0x6e, 0x69, 0x66,
  0x6f, 0x72, 0x6d, 0x73, 0x29, 0x2e, 0x62, 0x6f, 0x6e, 0x65, 0x73, 0x5b,
  0x69, 0x6e, 0x2e, 0x6d, 0x65, 0x73, 0x68, 0x5f, 0x62, 0x6f, 0x6e, 0x65,
  0x5f, 0x69, 0x6e, 0x64, 0x69, 0x63, 0x65, 0x73, 0x2e, 0x79, 0x5d, 0x2e,
  0x74, 0x72, 0x61, 0x6e, 0x73, 0x66, 0x6f, 0x72, 0x6d, 0x29, 0x3b, 0x0a,
  0x00, 0x20, 0x3d, 0x20, 0x74, 0x72, 0x61, 0x6e, 0x73, 0x70, 0x6f, 0x73,
  0x65, 0x28, 0x28, 0x2a, 0x73, 0x70, 0x76, 0x44, 0x65, 0x73, 0x63, 0x72,
  0x69, 0x70, 0x74, 0x6f, 0x72, 0x53, 0x65, 0x74, 0x31, 0x2e, 0x62, 0x6f,
  0x6e, 0x65, 0x73, 0x55, 0x6e, 0x69, 0x66, 0x6f, 0x72, 0x6d, 0x73, 0x29,
  0x2e, 0x62, 0x6f, 0x6e, 0x65, 0x73, 0x5b, 0x69, 0x6e, 0x2e, 0x6d, 0x65,
  0x73, 0x68, 0x5f, 0x62, 0x6f, 0x6e, 0x65, 0x5f, 0x69, 0x6e, 0x64, 0x69,
  0x63, 0x65, 0x73, 0x2e, 0x7a, 0x5d, 0x2e, 0x74, 0x72, 0x61, 0x6e, 0x73,
  0x66, 0x6f, 0x72, 0x6d, 0x29, 0x3b, 0x0a, 0x00, 0x5b, 0x33, 0x5d, 0x29,
  0x29, 0x29, 0x20, 0x2a, 0x20, 0x69, 0x6e, 0x2e, 0x6d, 0x65, 0x73, 0x68,
  0x5f, 0x62, 0x6f, 0x6e, 0x65, 0x5f, 0x77, 0x65, 0x69, 0x67, 0x68, 0x74,
  0x73, 0x2e, 0x78, 0x29, 0x20, 0x2b, 0x20, 0x28, 0x28, 0x28, 0x00, 0x5b,
  0x33, 0x5d, 0x29, 0x29, 0x29, 0x20, 0x2a, 0x20, 0x69, 0x6e, 0x2e, 0x6d,
  0x65, 0x73, 0x68, 0x5f, 0x62, 0x6f, 0x6e, 0x65, 0x5f, 0x77, 0x65, 0x69,
  0x67, 0x68, 0x74, 0x73, 0x2e, 0x79, 0x29, 0x29, 0x20, 0x2b, 0x20, 0x28,
  0x28, 0x28, 0x00, 0x20, 0x20, 0x20, 0x20, 0x20, 0x20, 0x20, 0x20, 0x20,
  0x20, 0x20, 0x20, 0x75, 0x69, 0x6e, 0x74, 0x20, 0x00, 0x23, 0x70, 0x72,
  0x61, 0x67, 0x6d, 0x61, 0x20, 0x63, 0x6c, 0x61, 0x6e, 0x67, 0x20, 0x64,
  0x69, 0x61, 0x67, 0x6e, 0x6f, 0x73, 0x74, 0x69, 0x63, 0x20, 0x69, 0x67,
  0x6e, 0x6f, 0x72, 0x65, 0x64, 0x20, 0x22, 0x2d, 0x57, 0x6d, 0x69, 0x73,
  0x73, 0x69, 0x6e, 0x67, 0x2d, 0x70, 0x72, 0x6f, 0x74, 0x6f, 0x74, 0x79,
  0x70, 0x65, 0x73, 0x22, 0x0a, 0x00, 0x2f, 0x2f, 0x20, 0x49, 0x6d, 0x70,
  0x6c, 0x65, 0x6d, 0x65, 0x6e, 0x74, 0x61, 0x74, 0x69, 0x6f, 0x6e, 0x20,
  0x6f, 0x66, 0x20, 0x73, 0x69, 0x67, 0x6e, 0x65, 0x64, 0x20, 0x69, 0x6e,
  0x74, 0x65, 0x67, 0x65, 0x72, 0x20, 0x6d, 0x6f, 0x64, 0x20, 0x61, 0x63,
  0x63, 0x75, 0x72, 0x61, 0x74, 0x65, 0x20, 0x74, 0x6f, 0x20, 0x53, 0x50,
  0x49, 0x52, 0x2d, 0x56, 0x20, 0x73, 0x70, 0x65, 0x63, 0x69, 0x66, 0x69,
  0x63, 0x61, 0x74, 0x69, 0x6f, 0x6e, 0x0a, 0x00, 0x74, 0x65, 0x6d, 0x70,
  0x6c, 0x61, 0x74, 0x65, 0x3c, 0x74, 0x79, 0x70, 0x65, 0x6e, 0x61, 0x6d,
  0x65, 0x20, 0x54, 0x78, 0x2c, 0x20, 0x74, 0x79, 0x70, 0x65, 0x6e, 0x61,
  0x6d, 0x65, 0x20, 0x54, 0x79, 0x3e, 0x0a, 0x00, 0x69, 0x6e, 0x6c, 0x69,
  0x6e, 0x65, 0x20, 0x54, 0x78, 0x20, 0x73, 0x70, 0x76, 0x53, 0x4d, 0x6f,
  0x64, 0x28, 0x54, 0x78, 0x20, 0x78, 0x2c, 0x20, 0x54, 0x79, 0x20, 0x79,
  0x29, 0x0a, 0x00, 0x20, 0x20, 0x20, 0x20, 0x54, 0x78, 0x20, 0x72, 0x65,
  0x6d, 0x61, 0x69, 0x6e, 0x64, 0x65, 0x72, 0x20, 0x3d, 0x20, 0x78, 0x20,
  0x2d, 0x20, 0x79, 0x20, 0x2a, 0x20, 0x28, 0x78, 0x20, 0x2f, 0x20, 0x79,
  0x29, 0x3b, 0x0a, 0x00, 0x20, 0x20, 0x20, 0x20, 0x72, 0x65, 0x74, 0x75,
  0x72, 0x6e, 0x20, 0x73, 0x65, 0x6c, 0x65, 0x63, 0x74, 0x28, 0x54, 0x78,
  0x28, 0x72, 0x65, 0x6d, 0x61, 0x69, 0x6e, 0x64, 0x65, 0x72, 0x20, 0x2b,
  0x20, 0x79, 0x29, 0x2c, 0x20, 0x72, 0x65, 0x6d, 0x61, 0x69, 0x6e, 0x64,
  0x65, 0x72, 0x2c, 0x20, 0x72, 0x65, 0x6d, 0x61, 0x69, 0x6e, 0x64, 0x65,
  0x72, 0x20, 0x3d, 0x3d, 0x20, 0x30, 0x20, 0x7c, 0x7c, 0x20, 0x28, 0x78,
  0x20, 0x3e, 0x3d, 0x20, 0x30, 0x29, 0x20, 0x3d, 0x3d, 0x20, 0x28, 0x79,
  0x20, 0x3e, 0x3d, 0x20, 0x30, 0x29, 0x29, 0x3b, 0x0a, 0x00, 0x76, 0x65,
  0x72, 0x74, 0x65, 0x78, 0x20, 0x6d, 0x61, 0x69, 0x6e, 0x30, 0x5f, 0x6f,
  0x75, 0x74, 0x20, 0x6d, 0x61, 0x69, 0x6e, 0x30, 0x28, 0x6d, 0x61, 0x69,
  0x6e, 0x30, 0x5f, 0x69, 0x6e, 0x20, 0x69, 0x6e, 0x20, 0x5b, 0x5b, 0x73,
  0x74, 0x61, 0x67, 0x65, 0x5f, 0x69, 0x6e, 0x5d, 0x5d, 0x2c, 0x20, 0x63,
  0x6f, 0x6e, 0x73, 0x74, 0x61, 0x6e, 0x74, 0x20, 0x73, 0x70, 0x76, 0x44,
  0x65, 0x73, 0x63, 0x72, 0x69, 0x70, 0x74, 0x6f, 0x72, 0x53, 0x65, 0x74,
  0x42, 0x75, 0x66, 0x66, 0x65, 0x72, 0x30, 0x26, 0x20, 0x73, 0x70, 0x76,
  0x44, 0x65, 0x73, 0x63, 0x72, 0x69, 0x70, 0x74, 0x6f, 0x72, 0x53, 0x65,
  0x74, 0x30, 0x20, 0x5b, 0x5b, 0x62, 0x75, 0x66, 0x66, 0x65, 0x72, 0x28,
  0x32, 0x31, 0x29, 0x5d, 0x5d, 0x2c, 0x20, 0x63, 0x6f, 0x6e, 0x73, 0x74,
  0x61, 0x6e, 0x74, 0x20, 0x73, 0x70, 0x76, 0x44, 0x65, 0x73, 0x63, 0x72,
  0x69, 0x70, 0x74, 0x6f, 0x72, 0x53, 0x65, 0x74, 0x42, 0x75, 0x66, 0x66,
  0x65, 0x72, 0x31, 0x26, 0x20, 0x73, 0x70, 0x76, 0x44, 0x65, 0x73, 0x63,
  0x72, 0x69, 0x70, 0x74, 0x6f, 0x72, 0x53, 0x65, 0x74, 0x31, 0x20, 0x5b,
  0x5b, 0x62, 0x75, 0x66, 0x66, 0x65, 0x72, 0x28, 0x32, 0x32, 0x29, 0x5d,
  0x5d, 0x2c, 0x20, 0x63, 0x6f, 0x6e, 0x73, 0x74, 0x61, 0x6e, 0x74, 0x20,
  0x75, 0x69, 0x6e, 0x74, 0x2a, 0x20, 0x73, 0x70, 0x76, 0x44, 0x79, 0x6e,
  0x61, 0x6d, 0x69, 0x63, 0x4f, 0x66, 0x66, 0x73, 0x65, 0x74, 0x73, 0x20,
  0x5b, 0x5b, 0x62, 0x75, 0x66, 0x66, 0x65, 0x72, 0x28, 0x32, 0x35, 0x29,
  0x5d, 0x5d, 0x2c, 0x20, 0x75, 0x69, 0x6e, 0x74, 0x20, 0x67, 0x6c, 0x5f,
  0x49, 0x6e, 0x73, 0x74, 0x61, 0x6e, 0x63, 0x65, 0x49, 0x6e, 0x64, 0x65,
  0x78, 0x20, 0x5b, 0x5b, 0x69, 0x6e, 0x73, 0x74, 0x61, 0x6e, 0x63, 0x65,
  0x5f, 0x69, 0x64, 0x5d, 0x5d, 0x29, 0x0a, 0x00, 0x63, 0x6f, 0x6e, 0x73,
  0x74, 0x61, 0x6e, 0x74, 0x20, 0x69, 0x6e, 0x74, 0x20, 0x43, 0x4f, 0x4e,
  0x46, 0x49, 0x47, 0x5f, 0x53, 0x54, 0x45, 0x52, 0x45, 0x4f, 0x5f, 0x45,
  0x59, 0x45, 0x5f, 0x43, 0x4f, 0x55, 0x4e, 0x54, 0x5f, 0x74, 0x6d, 0x70,
  0x20, 0x5b, 0x5b, 0x66, 0x75, 0x6e, 0x63, 0x74, 0x69, 0x6f, 0x6e, 0x5f,
  0x63, 0x6f, 0x6e, 0x73, 0x74, 0x61, 0x6e, 0x74, 0x28, 0x38, 0x29, 0x5d,
  0x5d, 0x3b, 0x0a, 0x00, 0x63, 0x6f, 0x6e, 0x73, 0x74, 0x61, 0x6e, 0x74,
  0x20, 0x69, 0x6e, 0x74, 0x20, 0x43, 0x4f, 0x4e, 0x46, 0x49, 0x47, 0x5f,
  0x53, 0x54, 0x45, 0x52, 0x45, 0x4f, 0x5f, 0x45, 0x59, 0x45, 0x5f, 0x43,
  0x4f, 0x55, 0x4e, 0x54, 0x20, 0x3d, 0x20, 0x69, 0x73, 0x5f, 0x66, 0x75,
  0x6e, 0x63, 0x74, 0x69, 0x6f, 0x6e, 0x5f, 0x63, 0x6f, 0x6e, 0x73, 0x74,
  0x61, 0x6e, 0x74, 0x5f, 0x64, 0x65, 0x66, 0x69, 0x6e, 0x65, 0x64, 0x28,
  0x43, 0x4f, 0x4e, 0x46, 0x49, 0x47, 0x5f, 0x53, 0x54, 0x45, 0x52, 0x45,
  0x4f, 0x5f, 0x45, 0x59, 0x45, 0x5f, 0x43, 0x4f, 0x55, 0x4e, 0x54, 0x5f,
  0x74, 0x6d, 0x70, 0x29, 0x20, 0x3f, 0x20, 0x43, 0x4f, 0x4e, 0x46, 0x49,
  0x47, 0x5f, 0x53, 0x54, 0x45, 0x52, 0x45, 0x4f, 0x5f, 0x45, 0x59, 0x45,
  0x5f, 0x43, 0x4f, 0x55, 0x4e, 0x54, 0x5f, 0x74, 0x6d, 0x70, 0x20, 0x3a,
  0x20, 0x32, 0x3b, 0x0a, 0x00, 0x20, 0x20, 0x20, 0x20, 0x66, 0x6c, 0x6f,
  0x61, 0x74, 0x20, 0x67, 0x6c, 0x5f, 0x43, 0x6c, 0x69, 0x70, 0x44, 0x69,
  0x73, 0x74, 0x61, 0x6e, 0x63, 0x65, 0x20, 0x5b, 0x5b, 0x63, 0x6c, 0x69,
  0x70, 0x5f, 0x64, 0x69, 0x73, 0x74, 0x61, 0x6e, 0x63, 0x65, 0x5d, 0x5d,
  0x20, 0x5b, 0x32, 0x5d, 0x3b, 0x0a, 0x00, 0x20, 0x20, 0x20, 0x20, 0x66,
  0x6c, 0x6f, 0x61, 0x74, 0x20, 0x67, 0x6c, 0x5f, 0x43, 0x6c, 0x69, 0x70,
  0x44, 0x69, 0x73, 0x74, 0x61, 0x6e, 0x63, 0x65, 0x5f, 0x30, 0x20, 0x5b,
  0x5b, 0x75, 0x73, 0x65, 0x72, 0x28, 0x63, 0x6c, 0x69, 0x70, 0x30, 0x29,
  0x5d, 0x5d, 0x3b, 0x0a, 0x00, 0x20, 0x20, 0x20, 0x20, 0x66, 0x6c, 0x6f,
  0x61, 0x74, 0x20, 0x67, 0x6c, 0x5f, 0x43, 0x6c, 0x69, 0x70, 0x44, 0x69,
  0x73, 0x74, 0x61, 0x6e, 0x63, 0x65, 0x5f, 0x31, 0x20, 0x5b, 0x5b, 0x75,
  0x73, 0x65, 0x72, 0x28, 0x63, 0x6c, 0x69, 0x70, 0x31, 0x29, 0x5d, 0x5d,
  0x3b, 0x0a, 0x00, 0x20, 0x3d, 0x20, 0x6f, 0x75, 0x74, 0x2e, 0x69, 0x6e,
  0x73, 0x74, 0x61, 0x6e, 0x63, 0x65, 0x5f, 0x69, 0x6e, 0x64, 0x65, 0x78,
  0x20, 0x2f, 0x20, 0x43, 0x4f, 0x4e, 0x46, 0x49, 0x47, 0x5f, 0x53, 0x54,
  0x45, 0x52, 0x45, 0x4f, 0x5f, 0x45, 0x59, 0x45, 0x5f, 0x43, 0x4f, 0x55,
  0x4e, 0x54, 0x3b, 0x0a, 0x00, 0x20, 0x3d, 0x20, 0x73, 0x70, 0x76, 0x53,
  0x4d, 0x6f, 0x64, 0x28, 0x6f, 0x75, 0x74, 0x2e, 0x69, 0x6e, 0x73, 0x74,
  0x61, 0x6e, 0x63, 0x65, 0x5f, 0x69, 0x6e, 0x64, 0x65, 0x78, 0x2c, 0x20,
  0x43, 0x4f, 0x4e, 0x46, 0x49, 0x47, 0x5f, 0x53, 0x54, 0x45, 0x52, 0x45,
  0x4f, 0x5f, 0x45, 0x59, 0x45, 0x5f, 0x43, 0x4f, 0x55, 0x4e, 0x54, 0x29,
  0x3b, 0x0a, 0x00, 0x20, 0x3d, 0x20, 0x66, 0x6c, 0x6f, 0x61, 0x74, 0x28,
  0x43, 0x4f, 0x4e, 0x46, 0x49, 0x47, 0x5f, 0x53, 0x54, 0x45, 0x52, 0x45,
  0x4f, 0x5f, 0x45, 0x59, 0x45, 0x5f, 0x43, 0x4f, 0x55, 0x4e, 0x54, 0x29,
  0x3b, 0x0a, 0x00, 0x20, 0x3d, 0x20, 0x32, 0x2e, 0x30, 0x20, 0x2f, 0x20,
  0x00, 0x20, 0x3d, 0x20, 0x31, 0x2e, 0x30, 0x20, 0x2f, 0x20, 0x00, 0x2e,
  0x77, 0x3b, 0x0a, 0x00, 0x2e, 0x78, 0x20, 0x2a, 0x20, 0x00, 0x29, 0x20,
  0x2b, 0x20, 0x28, 0x28, 0x28, 0x28, 0x2d, 0x31, 0x2e, 0x30, 0x29, 0x20,
  0x2b, 0x20, 0x00, 0x29, 0x20, 0x2b, 0x20, 0x00, 0x20, 0x20, 0x20, 0x20,
  0x6f, 0x75, 0x74, 0x2e, 0x67, 0x6c, 0x5f, 0x43, 0x6c, 0x69, 0x70, 0x44,
  0x69, 0x73, 0x74, 0x61, 0x6e, 0x63, 0x65, 0x5b, 0x30, 0x5d, 0x20, 0x3d,
  0x20, 0x00, 0x20, 0x2b, 0x20, 0x28, 0x28, 0x31, 0x2e, 0x30, 0x20, 0x2d,
  0x20, 0x00, 0x20, 0x20, 0x20, 0x20, 0x6f, 0x75, 0x74, 0x2e, 0x67, 0x6c,
  0x5f, 0x43, 0x6c, 0x69, 0x70, 0x44, 0x69, 0x73, 0x74, 0x61, 0x6e, 0x63,
  0x65, 0x5b, 0x31, 0x5d, 0x20, 0x3d, 0x20, 0x2d, 0x28, 0x00, 0x20, 0x2b,
  0x20, 0x28, 0x28, 0x31, 0x2e, 0x30, 0x20, 0x2d, 0x20, 0x28, 0x00, 0x20,
  0x2b, 0x20, 0x31, 0x29, 0x29, 0x29, 0x20, 0x2a, 0x20, 0x00, 0x29, 0x29,
  0x3b, 0x0a, 0x00, 0x20, 0x20, 0x20, 0x20, 0x6f, 0x75, 0x74, 0x2e, 0x69,
  0x6e, 0x73, 0x74, 0x61, 0x6e, 0x63, 0x65, 0x5f, 0x69, 0x6e, 0x64, 0x65,
  0x78, 0x20, 0x3d, 0x20, 0x00, 0x20, 0x20, 0x20, 0x20, 0x6f, 0x75, 0x74,
  0x2e, 0x67, 0x6c, 0x5f, 0x43, 0x6c, 0x69, 0x70, 0x44, 0x69, 0x73, 0x74,
  0x61, 0x6e, 0x63, 0x65, 0x5f, 0x30, 0x20, 0x3d, 0x20, 0x6f, 0x75, 0x74,
  0x2e, 0x67, 0x6c, 0x5f, 0x43, 0x6c, 0x69, 0x70, 0x44, 0x69, 0x73, 0x74,
  0x61, 0x6e, 0x63, 0x65, 0x5b, 0x30, 0x5d, 0x3b, 0x0a, 0x00, 0x20, 0x20,
  0x20, 0x20, 0x6f, 0x75, 0x74, 0x2e, 0x67, 0x6c, 0x5f, 0x43, 0x6c, 0x69,
  0x70, 0x44, 0x69, 0x73, 0x74, 0x61, 0x6e, 0x63, 0x65, 0x5f, 0x31, 0x20,
  0x3d, 0x20, 0x6f, 0x75, 0x74, 0x2e, 0x67, 0x6c, 0x5f, 0x43, 0x6c, 0x69,
  0x70, 0x44, 0x69, 0x73, 0x74, 0x61, 0x6e, 0x63, 0x65, 0x5b, 0x31, 0x5d,
  0x3b, 0x0a, 0x00, 0x73, 0x74, 0x72, 0x75, 0x63, 0x74, 0x20, 0x42, 0x6f,
  0x6e, 0x65, 0x44, 0x61, 0x74, 0x61, 0x0a, 0x00, 0x20, 0x20, 0x20, 0x20,
  0x66, 0x6c, 0x6f, 0x61, 0x74, 0x33, 0x78, 0x34, 0x20, 0x74, 0x72, 0x61,
  0x6e, 0x73, 0x66, 0x6f, 0x72, 0x6d, 0x3b, 0x0a, 0x00, 0x20, 0x20, 0x20,
  0x20, 0x70, 0x61, 0x63, 0x6b, 0x65, 0x64, 0x5f, 0x66, 0x6c, 0x6f, 0x61,
  0x74, 0x33, 0x20, 0x63, 0x6f, 0x66, 0x30, 0x3b, 0x0a, 0x00, 0x20, 0x20,
  0x20, 0x20, 0x66, 0x6c, 0x6f, 0x61, 0x74, 0x20, 0x63, 0x6f, 0x66, 0x31,
  0x78, 0x3b, 0x0a, 0x00, 0x73, 0x74, 0x72, 0x75, 0x63, 0x74, 0x20, 0x42,
  0x6f, 0x6e, 0x65, 0x73, 0x55, 0x6e, 0x69, 0x66, 0x6f, 0x72, 0x6d, 0x73,
  0x0a, 0x00, 0x20, 0x20, 0x20, 0x20, 0x42, 0x6f, 0x6e, 0x65, 0x44, 0x61,
  0x74, 0x61, 0x20, 0x62, 0x6f, 0x6e, 0x65, 0x73, 0x5b, 0x32, 0x35, 0x36,
  0x5d, 0x3b, 0x0a, 0x00, 0x73, 0x74, 0x72, 0x75, 0x63, 0x74, 0x20, 0x43,
  0x6f, 0x6e, 0x73, 0x74, 0x61, 0x6e, 0x74, 0x73, 0x0a, 0x00, 0x20, 0x20,
  0x20, 0x20, 0x69, 0x6e, 0x74, 0x20, 0x6d, 0x6f, 0x72, 0x70, 0x68, 0x69,
  0x6e, 0x67, 0x42, 0x75, 0x66, 0x66, 0x65, 0x72, 0x4f, 0x66, 0x66, 0x73,
  0x65, 0x74, 0x3b, 0x0a, 0x00, 0x73, 0x74, 0x72, 0x75, 0x63, 0x74, 0x20,
  0x4d, 0x6f, 0x72, 0x70, 0x68, 0x69, 0x6e, 0x67, 0x55, 0x6e, 0x69, 0x66,
  0x6f, 0x72, 0x6d, 0x73, 0x0a, 0x00, 0x20, 0x20, 0x20, 0x20, 0x66, 0x6c,
  0x6f, 0x61, 0x74, 0x34, 0x20, 0x77, 0x65, 0x69, 0x67, 0x68, 0x74, 0x73,
  0x5b, 0x32, 0x35, 0x36, 0x5d, 0x3b, 0x0a, 0x00, 0x20, 0x20, 0x20, 0x20,
  0x75, 0x69, 0x6e, 0x74, 0x34, 0x20, 0x6d, 0x65, 0x73, 0x68, 0x5f, 0x62,
  0x6f, 0x6e, 0x65, 0x5f, 0x69, 0x6e, 0x64, 0x69, 0x63, 0x65, 0x73, 0x20,
  0x5b, 0x5b, 0x61, 0x74, 0x74, 0x72, 0x69, 0x62, 0x75, 0x74, 0x65, 0x28,
  0x35, 0x29, 0x5d, 0x5d, 0x3b, 0x0a, 0x00, 0x20, 0x20, 0x20, 0x20, 0x66,
  0x6c, 0x6f, 0x61, 0x74, 0x34, 0x20, 0x6d, 0x65, 0x73, 0x68, 0x5f, 0x62,
  0x6f, 0x6e, 0x65, 0x5f, 0x77, 0x65, 0x69, 0x67, 0x68, 0x74, 0x73, 0x20,
  0x5b, 0x5b, 0x61, 0x74, 0x74, 0x72, 0x69, 0x62, 0x75, 0x74, 0x65, 0x28,
  0x36, 0x29, 0x5d, 0x5d, 0x3b, 0x0a, 0x00, 0x76, 0x65, 0x72, 0x74, 0x65,
  0x78, 0x20, 0x6d, 0x61, 0x69, 0x6e, 0x30, 0x5f, 0x6f, 0x75, 0x74, 0x20,
  0x6d, 0x61, 0x69, 0x6e, 0x30, 0x28, 0x6d, 0x61, 0x69, 0x6e, 0x30, 0x5f,
  0x69, 0x6e, 0x20, 0x69, 0x6e, 0x20, 0x5b, 0x5b, 0x73, 0x74, 0x61, 0x67,
  0x65, 0x5f, 0x69, 0x6e, 0x5d, 0x5d, 0x2c, 0x20, 0x63, 0x6f, 0x6e, 0x73,
  0x74, 0x61, 0x6e, 0x74, 0x20, 0x73, 0x70, 0x76, 0x44, 0x65, 0x73, 0x63,
  0x72, 0x69, 0x70, 0x74, 0x6f, 0x72, 0x53, 0x65, 0x74, 0x42, 0x75, 0x66,
  0x66, 0x65, 0x72, 0x30, 0x26, 0x20, 0x73, 0x70, 0x76, 0x44, 0x65, 0x73,
  0x63, 0x72, 0x69, 0x70, 0x74, 0x6f, 0x72, 0x53, 0x65, 0x74, 0x30, 0x20,
  0x5b, 0x5b, 0x62, 0x75, 0x66, 0x66, 0x65, 0x72, 0x28, 0x32, 0x31, 0x29,
  0x5d, 0x5d, 0x2c, 0x20, 0x63, 0x6f, 0x6e, 0x73, 0x74, 0x61, 0x6e, 0x74,
  0x20, 0x73, 0x70, 0x76, 0x44, 0x65, 0x73, 0x63, 0x72, 0x69, 0x70, 0x74,
  0x6f, 0x72, 0x53, 0x65, 0x74, 0x42, 0x75, 0x66, 0x66, 0x65, 0x72, 0x31,
  0x26, 0x20, 0x73, 0x70, 0x76, 0x44, 0x65, 0x73, 0x63, 0x72, 0x69, 0x70,
  0x74, 0x6f, 0x72, 0x53, 0x65, 0x74, 0x31, 0x20, 0x5b, 0x5b, 0x62, 0x75,
  0x66, 0x66, 0x65, 0x72, 0x28, 0x32, 0x32, 0x29, 0x5d, 0x5d, 0x2c, 0x20,
  0x63, 0x6f, 0x6e, 0x73, 0x74, 0x61, 0x6e, 0x74, 0x20, 0x75, 0x69, 0x6e,
  0x74, 0x2a, 0x20, 0x73, 0x70, 0x76, 0x44, 0x79, 0x6e, 0x61, 0x6d, 0x69,
  0x63, 0x4f, 0x66, 0x66, 0x73, 0x65, 0x74, 0x73, 0x20, 0x5b, 0x5b, 0x62,
  0x75, 0x66, 0x66, 0x65, 0x72, 0x28, 0x32, 0x35, 0x29, 0x5d, 0x5d, 0x2c,
  0x20, 0x63, 0x6f, 0x6e, 0x73, 0x74, 0x61, 0x6e, 0x74, 0x20, 0x43, 0x6f,
  0x6e, 0x73, 0x74, 0x61, 0x6e, 0x74, 0x73, 0x26, 0x20, 0x70, 0x75, 0x73,
  0x68, 0x43, 0x6f, 0x6e, 0x73, 0x74, 0x61, 0x6e, 0x74, 0x73, 0x20, 0x5b,
  0x5b, 0x62, 0x75, 0x66, 0x66, 0x65, 0x72, 0x28, 0x32, 0x30, 0x29, 0x5d,
  0x5d, 0x2c, 0x20, 0x75, 0x69, 0x6e, 0x74, 0x20, 0x67, 0x6c, 0x5f, 0x56,
  0x65, 0x72, 0x74, 0x65, 0x78, 0x49, 0x6e, 0x64, 0x65, 0x78, 0x20, 0x5b,
  0x5b, 0x76, 0x65, 0x72, 0x74, 0x65, 0x78, 0x5f, 0x69, 0x64, 0x5d, 0x5d,
  0x2c, 0x20, 0x75, 0x69, 0x6e, 0x74, 0x20, 0x67, 0x6c, 0x5f, 0x49, 0x6e,
  0x73, 0x74, 0x61, 0x6e, 0x63, 0x65, 0x49, 0x6e, 0x64, 0x65, 0x78, 0x20,
  0x5b, 0x5b, 0x69, 0x6e, 0x73, 0x74, 0x61, 0x6e, 0x63, 0x65, 0x5f, 0x69,
  0x64, 0x5d, 0x5d, 0x29, 0x0a, 0x00, 0x20, 0x20, 0x20, 0x20, 0x63, 0x6f,
  0x6e, 0x73, 0x74, 0x61, 0x6e, 0x74, 0x20, 0x61, 0x75, 0x74, 0x6f, 0x26,
  0x20, 0x6d, 0x6f, 0x72, 0x70, 0x68, 0x69, 0x6e, 0x67, 0x55, 0x6e, 0x69,
  0x66, 0x6f, 0x72, 0x6d, 0x73, 0x20, 0x3d, 0x20, 0x2a, 0x28, 0x63, 0x6f,
  0x6e, 0x73, 0x74, 0x61, 0x6e, 0x74, 0x20, 0x4d, 0x6f, 0x72, 0x70, 0x68,
  0x69, 0x6e, 0x67, 0x55, 0x6e, 0x69, 0x66, 0x6f, 0x72, 0x6d, 0x73, 0x2a,
  0x20, 0x29, 0x28, 0x28, 0x63, 0x6f, 0x6e, 0x73, 0x74, 0x61, 0x6e, 0x74,
  0x20, 0x63, 0x68, 0x61, 0x72, 0x2a, 0x20, 0x29, 0x73, 0x70, 0x76, 0x44,
  0x65, 0x73, 0x63, 0x72, 0x69, 0x70, 0x74, 0x6f, 0x72, 0x53, 0x65, 0x74,
  0x31, 0x2e, 0x6d, 0x6f, 0x72, 0x70, 0x68, 0x69, 0x6e, 0x67, 0x55, 0x6e,
  0x69, 0x66, 0x6f, 0x72, 0x6d, 0x73, 0x20, 0x2b, 0x20, 0x73, 0x70, 0x76,
  0x44, 0x79, 0x6e, 0x61, 0x6d, 0x69, 0x63, 0x4f, 0x66, 0x66, 0x73, 0x65,
  0x74, 0x73, 0x5b, 0x31, 0x5d, 0x29, 0x3b, 0x0a, 0x00, 0x20, 0x20, 0x20,
  0x20, 0x20, 0x20, 0x20, 0x20, 0x69, 0x6e, 0x74, 0x20, 0x00, 0x20, 0x3d,
  0x20, 0x69, 0x6e, 0x74, 0x28, 0x67, 0x6c, 0x5f, 0x56, 0x65, 0x72, 0x74,
  0x65, 0x78, 0x49, 0x6e, 0x64, 0x65, 0x78, 0x29, 0x20, 0x2b, 0x20, 0x70,
  0x75, 0x73, 0x68, 0x43, 0x6f, 0x6e, 0x73, 0x74, 0x61, 0x6e, 0x74, 0x73,
  0x2e, 0x6d, 0x6f, 0x72, 0x70, 0x68, 0x69, 0x6e, 0x67, 0x42, 0x75, 0x66,
  0x66, 0x65, 0x72, 0x4f, 0x66, 0x66, 0x73, 0x65, 0x74, 0x3b, 0x0a, 0x00,
  0x20, 0x3d, 0x20, 0x69, 0x6e, 0x74, 0x33, 0x28, 0x73, 0x70, 0x76, 0x53,
  0x4d, 0x6f, 0x64, 0x28, 0x00, 0x2c, 0x20, 0x32, 0x30, 0x34, 0x38, 0x29,
  0x2c, 0x20, 0x00, 0x20, 0x2f, 0x20, 0x32, 0x30, 0x34, 0x38, 0x2c, 0x20,
  0x30, 0x29, 0x3b, 0x0a, 0x00, 0x20, 0x20, 0x20, 0x20, 0x20, 0x20, 0x20,
  0x20, 0x66, 0x6f, 0x72, 0x20, 0x28, 0x69, 0x6e, 0x74, 0x20, 0x00, 0x20,
  0x3d, 0x20, 0x30, 0x3b, 0x20, 0x00, 0x2b, 0x2b, 0x29, 0x0a, 0x00, 0x20,
  0x20, 0x20, 0x20, 0x20, 0x20, 0x20, 0x20, 0x20, 0x20, 0x20, 0x20, 0x69,
  0x66, 0x20, 0x28, 0x6d, 0x6f, 0x72, 0x70, 0x68, 0x69, 0x6e, 0x67, 0x55,
  0x6e, 0x69, 0x66, 0x6f, 0x72, 0x6d, 0x73, 0x2e, 0x77, 0x65, 0x69, 0x67,
  0x68, 0x74, 0x73, 0x5b, 0x00, 0x5d, 0x2e, 0x78, 0x20, 0x21, 0x3d, 0x20,
  0x30, 0x2e, 0x30, 0x29, 0x0a, 0x00, 0x20, 0x20, 0x20, 0x20, 0x20, 0x20,
  0x20, 0x20, 0x20, 0x20, 0x20, 0x20, 0x20, 0x20, 0x20, 0x20, 0x69, 0x6e,
  0x74, 0x33, 0x20, 0x00, 0x20, 0x2b, 0x20, 0x28, 0x73, 0x70, 0x76, 0x44,
  0x65, 0x73, 0x63, 0x72, 0x69, 0x70, 0x74, 0x6f, 0x72, 0x53, 0x65, 0x74,
  0x31, 0x2e, 0x73, 0x61, 0x6d, 0x70, 0x6c, 0x65, 0x72, 0x31, 0x5f, 0x70,
  0x6f, 0x73, 0x69, 0x74, 0x69, 0x6f, 0x6e, 0x73, 0x2e, 0x72, 0x65, 0x61,
  0x64, 0x28, 0x75, 0x69, 0x6e, 0x74, 0x32, 0x28, 0x00, 0x2e, 0x78, 0x79,
  0x29, 0x2c, 0x20, 0x75, 0x69, 0x6e, 0x74, 0x28, 0x00, 0x2e, 0x7a, 0x29,
  0x2c, 0x20, 0x30, 0x29, 0x20, 0x2a, 0x20, 0x6d, 0x6f, 0x72, 0x70, 0x68,
  0x69, 0x6e, 0x67, 0x55, 0x6e, 0x69, 0x66, 0x6f, 0x72, 0x6d, 0x73, 0x2e,
  0x77, 0x65, 0x69, 0x67, 0x68, 0x74, 0x73, 0x5b, 0x00, 0x5d, 0x2e, 0x78,
  0x29, 0x3b, 0x0a, 0x00, 0x20, 0x20, 0x20, 0x20, 0x20, 0x20, 0x20, 0x20,
  0x20, 0x20, 0x20, 0x20, 0x65, 0x6c, 0x73, 0x65, 0x0a, 0x00, 0x20, 0x20,
  0x20, 0x20, 0x20, 0x20, 0x20, 0x20, 0x64, 0x6f, 0x0a, 0x00, 0x20, 0x20,
  0x20, 0x20, 0x20, 0x20, 0x20, 0x20, 0x20, 0x20, 0x20, 0x20, 0x69, 0x66,
  0x20, 0x28, 0x69, 0x6e, 0x2e, 0x6d, 0x65, 0x73, 0x68, 0x5f, 0x62, 0x6f,
  0x6e, 0x65, 0x5f, 0x77, 0x65, 0x69, 0x67, 0x68, 0x74, 0x73, 0x2e, 0x77,
  0x20, 0x3e, 0x3d, 0x20, 0x30, 0x2e, 0x30, 0x29, 0x0a, 0x00, 0x20, 0x3d,
  0x20, 0x74, 0x72, 0x61, 0x6e, 0x73, 0x70, 0x6f, 0x73, 0x65, 0x28, 0x28,
  0x2a, 0x73, 0x70, 0x76, 0x44, 0x65, 0x73, 0x63, 0x72, 0x69, 0x70, 0x74,
  0x6f, 0x72, 0x53, 0x65, 0x74, 0x31, 0x2e, 0x62, 0x6f, 0x6e, 0x65, 0x73,
  0x55, 0x6e, 0x69, 0x66, 0x6f, 0x72, 0x6d, 0x73, 0x29, 0x2e, 0x62, 0x6f,
  0x6e, 0x65, 0x73, 0x5b, 0x69, 0x6e, 0x2e, 0x6d, 0x65, 0x73, 0x68, 0x5f,
  0x62, 0x6f, 0x6e, 0x65, 0x5f, 0x69, 0x6e, 0x64, 0x69, 0x63, 0x65, 0x73,
  0x2e, 0x77, 0x5d, 0x2e, 0x74, 0x72, 0x61, 0x6e, 0x73, 0x66, 0x6f, 0x72,
  0x6d, 0x29, 0x3b, 0x0a, 0x00, 0x20, 0x3d, 0x20, 0x28, 0x28, 0x28, 0x28,
  0x28, 0x00, 0x5b, 0x33, 0x5d, 0x29, 0x29, 0x29, 0x20, 0x2a, 0x20, 0x69,
  0x6e, 0x2e, 0x6d, 0x65, 0x73, 0x68, 0x5f, 0x62, 0x6f, 0x6e, 0x65, 0x5f,
  0x77, 0x65, 0x69, 0x67, 0x68, 0x74, 0x73, 0x2e, 0x7a, 0x29, 0x29, 0x20,
  0x2b, 0x20, 0x28, 0x28, 0x28, 0x00, 0x5b, 0x33, 0x5d, 0x29, 0x29, 0x29,
  0x20, 0x2a, 0x20, 0x69, 0x6e, 0x2e, 0x6d, 0x65, 0x73, 0x68, 0x5f, 0x62,
  0x6f, 0x6e, 0x65, 0x5f, 0x77, 0x65, 0x69, 0x67, 0x68, 0x74, 0x73, 0x2e,
  0x77, 0x29, 0x3b, 0x0a, 0x00, 0x20, 0x20, 0x20, 0x20, 0x20, 0x20, 0x20,
  0x20, 0x20, 0x20, 0x20, 0x20, 0x20, 0x20, 0x20, 0x20, 0x62, 0x72, 0x65,
  0x61, 0x6b, 0x3b, 0x0a, 0x00, 0x20, 0x3d, 0x20, 0x75, 0x69, 0x6e, 0x74,
  0x28, 0x28, 0x2d, 0x31, 0x2e, 0x30, 0x29, 0x20, 0x2d, 0x20, 0x69, 0x6e,
  0x2e, 0x6d, 0x65, 0x73, 0x68, 0x5f, 0x62, 0x6f, 0x6e, 0x65, 0x5f, 0x77,
  0x65, 0x69, 0x67, 0x68, 0x74, 0x73, 0x2e, 0x77, 0x29, 0x3b, 0x0a, 0x00,
  0x20, 0x2b, 0x20, 0x28, 0x69, 0x6e, 0x2e, 0x6d, 0x65, 0x73, 0x68, 0x5f,
  0x62, 0x6f, 0x6e, 0x65, 0x5f, 0x69, 0x6e, 0x64, 0x69, 0x63, 0x65, 0x73,
  0x2e, 0x77, 0x20, 0x2d, 0x20, 0x33, 0x75, 0x29, 0x3b, 0x0a, 0x00, 0x20,
  0x20, 0x20, 0x20, 0x20, 0x20, 0x20, 0x20, 0x20, 0x20, 0x20, 0x20, 0x66,
  0x6c, 0x6f, 0x61, 0x74, 0x33, 0x20, 0x00, 0x20, 0x3d, 0x20, 0x28, 0x28,
  0x28, 0x28, 0x00, 0x5b, 0x33, 0x5d, 0x29, 0x29, 0x29, 0x20, 0x2a, 0x20,
  0x69, 0x6e, 0x2e, 0x6d, 0x65, 0x73, 0x68, 0x5f, 0x62, 0x6f, 0x6e, 0x65,
  0x5f, 0x77, 0x65, 0x69, 0x67, 0x68, 0x74, 0x73, 0x2e, 0x7a, 0x29, 0x3b,
  0x0a, 0x00, 0x20, 0x20, 0x20, 0x20, 0x20, 0x20, 0x20, 0x20, 0x20, 0x20,
  0x20, 0x20, 0x66, 0x6f, 0x72, 0x20, 0x28, 0x75, 0x69, 0x6e, 0x74, 0x20,
  0x00, 0x3b, 0x20, 0x00, 0x20, 0x3c, 0x20, 0x00, 0x3b, 0x20, 0x29, 0x0a,
  0x00, 0x20, 0x20, 0x20, 0x20, 0x20, 0x20, 0x20, 0x20, 0x20, 0x20, 0x20,
  0x20, 0x20, 0x20, 0x20, 0x20, 0x66, 0x6c, 0x6f, 0x61, 0x74, 0x34, 0x20,
  0x00, 0x20, 0x3d, 0x20, 0x73, 0x70, 0x76, 0x44, 0x65, 0x73, 0x63, 0x72,
  0x69, 0x70, 0x74, 0x6f, 0x72, 0x53, 0x65, 0x74, 0x31, 0x2e, 0x73, 0x61,
  0x6d, 0x70, 0x6c, 0x65, 0x72, 0x31, 0x5f, 0x69, 0x6e, 0x64, 0x69, 0x63,
  0x65, 0x73, 0x41, 0x6e, 0x64, 0x57, 0x65, 0x69, 0x67, 0x68, 0x74, 0x73,
  0x2e, 0x72, 0x65, 0x61, 0x64, 0x28, 0x75, 0x69, 0x6e, 0x74, 0x32, 0x28,
  0x69, 0x6e, 0x74, 0x32, 0x28, 0x69, 0x6e, 0x74, 0x28, 0x00, 0x20, 0x25,
  0x20, 0x32, 0x30, 0x34, 0x38, 0x75, 0x29, 0x2c, 0x20, 0x69, 0x6e, 0x74,
  0x28, 0x00, 0x20, 0x2f, 0x20, 0x32, 0x30, 0x34, 0x38, 0x75, 0x29, 0x29,
  0x29, 0x2c, 0x20, 0x30, 0x29, 0x3b, 0x0a, 0x00, 0x20, 0x3d, 0x20, 0x74,
  0x72, 0x61, 0x6e, 0x73, 0x70, 0x6f, 0x73, 0x65, 0x28, 0x28, 0x2a, 0x73,
  0x70, 0x76, 0x44, 0x65, 0x73, 0x63, 0x72, 0x69, 0x70, 0x74, 0x6f, 0x72,
  0x53, 0x65, 0x74, 0x31, 0x2e, 0x62, 0x6f, 0x6e, 0x65, 0x73, 0x55, 0x6e,
  0x69, 0x66, 0x6f, 0x72, 0x6d, 0x73, 0x29, 0x2e, 0x62, 0x6f, 0x6e, 0x65,
  0x73, 0x5b, 0x75, 0x69, 0x6e, 0x74, 0x28, 0x00, 0x2e, 0x78, 0x29, 0x5d,
  0x2e, 0x74, 0x72, 0x61, 0x6e, 0x73, 0x66, 0x6f, 0x72, 0x6d, 0x29, 0x3b,
  0x0a, 0x00, 0x20, 0x2b, 0x3d, 0x20, 0x28, 0x28, 0x28, 0x00, 0x5b, 0x33,
  0x5d, 0x29, 0x29, 0x29, 0x20, 0x2a, 0x20, 0x00, 0x20, 0x20, 0x20, 0x20,
  0x20, 0x20, 0x20, 0x20, 0x20, 0x20, 0x20, 0x20, 0x20, 0x20, 0x20, 0x20,
  0x63, 0x6f, 0x6e, 0x74, 0x69, 0x6e, 0x75, 0x65, 0x3b, 0x0a, 0x00, 0x20,
  0x20, 0x20, 0x20, 0x20, 0x20, 0x20, 0x20, 0x7d, 0x20, 0x77, 0x68, 0x69,
  0x6c, 0x65, 0x28, 0x66, 0x61, 0x6c, 0x73, 0x65, 0x29, 0x3b, 0x0a, 0x00,
  0x20, 0x20, 0x20, 0x20, 0x69, 0x66, 0x20, 0x28, 0x28, 0x6f, 0x62, 0x6a,
  0x65, 0x63, 0x74, 0x55, 0x6e, 0x69, 0x66, 0x6f, 0x72, 0x6d, 0x73, 0x2e,
  0x64, 0x61, 0x74, 0x61, 0x5b, 0x00, 0x20, 0x20, 0x20, 0x20, 0x66, 0x6c,
  0x6f, 0x61, 0x74, 0x32, 0x20, 0x6d, 0x65, 0x73, 0x68, 0x5f, 0x75, 0x76,
  0x30, 0x20, 0x5b, 0x5b, 0x61, 0x74, 0x74, 0x72, 0x69, 0x62, 0x75, 0x74,
  0x65, 0x28, 0x33, 0x29, 0x5d, 0x5d, 0x3b, 0x0a, 0x00, 0x20, 0x20, 0x20,
  0x20, 0x6f, 0x75, 0x74, 0x2e, 0x76, 0x65, 0x72, 0x74, 0x65, 0x78, 0x5f,
  0x75, 0x76, 0x30, 0x31, 0x20, 0x3d, 0x20, 0x66, 0x6c, 0x6f, 0x61, 0x74,
  0x32, 0x28, 0x69, 0x6e, 0x2e, 0x6d, 0x65, 0x73, 0x68, 0x5f, 0x75, 0x76,
  0x30, 0x2e, 0x78, 0x2c, 0x20, 0x31, 0x2e, 0x30, 0x20, 0x2d, 0x20, 0x69,
  0x6e, 0x2e, 0x6d, 0x65, 0x73, 0x68, 0x5f, 0x75, 0x76, 0x30, 0x2e, 0x79,
  0x29, 0x3b, 0x0a, 0x00, 0x20, 0x20, 0x20, 0x20, 0x6f, 0x75, 0x74, 0x2e,
  0x76, 0x65, 0x72, 0x74, 0x65, 0x78, 0x5f, 0x77, 0x6f, 0x72, 0x6c, 0x64,
  0x50, 0x6f, 0x73, 0x69, 0x74, 0x69, 0x6f, 0x6e, 0x2e, 0x78, 0x20, 0x3d,
  0x20, 0x00, 0x20, 0x20, 0x20, 0x20, 0x6f, 0x75, 0x74, 0x2e, 0x76, 0x65,
  0x72, 0x74, 0x65, 0x78, 0x5f, 0x77, 0x6f, 0x72, 0x6c, 0x64, 0x50, 0x6f,
  0x73, 0x69, 0x74, 0x69, 0x6f, 0x6e, 0x2e, 0x79, 0x20, 0x3d, 0x20, 0x00,
  0x20, 0x20, 0x20, 0x20, 0x6f, 0x75, 0x74, 0x2e, 0x76, 0x65, 0x72, 0x74,
  0x65, 0x78, 0x5f, 0x77, 0x6f, 0x72, 0x6c, 0x64, 0x50, 0x6f, 0x73, 0x69,
  0x74, 0x69, 0x6f, 0x6e, 0x2e, 0x7a, 0x20, 0x3d, 0x20, 0x00, 0x20, 0x3d,
  0x20, 0x28, 0x2a, 0x73, 0x70, 0x76, 0x44, 0x65, 0x73, 0x63, 0x72, 0x69,
  0x70, 0x74, 0x6f, 0x72, 0x53, 0x65, 0x74, 0x30, 0x2e, 0x66, 0x72, 0x61,
  0x6d, 0x65, 0x55, 0x6e, 0x69, 0x66, 0x6f, 0x72, 0x6d, 0x73, 0x29, 0x2e,
  0x63, 0x6c, 0x69, 0x70, 0x46, 0x72, 0x6f, 0x6d, 0x57, 0x6f, 0x72, 0x6c,
  0x64, 0x4d, 0x61, 0x74, 0x72, 0x69, 0x78, 0x5b, 0x30, 0x5d, 0x20, 0x2a,
  0x20, 0x00, 0x20, 0x3d, 0x20, 0x28, 0x6f, 0x62, 0x6a, 0x65, 0x63, 0x74,
  0x55, 0x6e, 0x69, 0x66, 0x6f, 0x72, 0x6d, 0x73, 0x2e, 0x64, 0x61, 0x74,
  0x61, 0x5b, 0x00, 0x5d, 0x2e, 0x77, 0x6f, 0x72, 0x6c, 0x64, 0x46, 0x72,
  0x6f, 0x6d, 0x4d, 0x6f, 0x64, 0x65, 0x6c, 0x4d, 0x61, 0x74, 0x72, 0x69,
  0x78, 0x5b, 0x33, 0x5d, 0x29, 0x29, 0x3b, 0x0a, 0x00, 0x20, 0x3d, 0x20,
  0x28, 0x2a, 0x73, 0x70, 0x76, 0x44, 0x65, 0x73, 0x63, 0x72, 0x69, 0x70,
  0x74, 0x6f, 0x72, 0x53, 0x65, 0x74, 0x30, 0x2e, 0x66, 0x72, 0x61, 0x6d,
  0x65, 0x55, 0x6e, 0x69, 0x66, 0x6f, 0x72, 0x6d, 0x73, 0x29, 0x2e, 0x63,
  0x6c, 0x69, 0x70, 0x46, 0x72, 0x6f, 0x6d, 0x57, 0x6f, 0x72, 0x6c, 0x64,
  0x4d, 0x61, 0x74, 0x72, 0x69, 0x78, 0x5b, 0x73, 0x70, 0x76, 0x53, 0x4d,
  0x6f, 0x64, 0x28, 0x6f, 0x75, 0x74, 0x2e, 0x69, 0x6e, 0x73, 0x74, 0x61,
  0x6e, 0x63, 0x65, 0x5f, 0x69, 0x6e, 0x64, 0x65, 0x78, 0x2c, 0x20, 0x43,
  0x4f, 0x4e, 0x46, 0x49, 0x47, 0x5f, 0x53, 0x54, 0x45, 0x52, 0x45, 0x4f,
  0x5f, 0x45, 0x59, 0x45, 0x5f, 0x43, 0x4f, 0x55, 0x4e, 0x54, 0x29, 0x5d,
  0x20, 0x2a, 0x20, 0x00, 0x20, 0x20, 0x20, 0x20, 0x6f, 0x75, 0x74, 0x2e,
  0x76, 0x65, 0x72, 0x74, 0x65, 0x78, 0x5f, 0x77, 0x6f, 0x72, 0x6c, 0x64,
  0x50, 0x6f, 0x73, 0x69, 0x74, 0x69, 0x6f, 0x6e, 0x2e, 0x77, 0x20, 0x3d,
  0x20, 0x28, 0x28, 0x28, 0x28, 0x2d, 0x28, 0x28, 0x2a, 0x73, 0x70, 0x76,
  0x44, 0x65, 0x73, 0x63, 0x72, 0x69, 0x70, 0x74, 0x6f, 0x72, 0x53, 0x65,
  0x74, 0x30, 0x2e, 0x66, 0x72, 0x61, 0x6d, 0x65, 0x55, 0x6e, 0x69, 0x66,
  0x6f, 0x72, 0x6d, 0x73, 0x29, 0x2e, 0x76, 0x69, 0x65, 0x77, 0x46, 0x72,
  0x6f, 0x6d, 0x57, 0x6f, 0x72, 0x6c, 0x64, 0x4d, 0x61, 0x74, 0x72, 0x69,
  0x78, 0x20, 0x2a, 0x20, 0x00, 0x29, 0x2e, 0x7a, 0x29, 0x20, 0x2a, 0x20,
  0x28, 0x2a, 0x73, 0x70, 0x76, 0x44, 0x65, 0x73, 0x63, 0x72, 0x69, 0x70,
  0x74, 0x6f, 0x72, 0x53, 0x65, 0x74, 0x30, 0x2e, 0x66, 0x72, 0x61, 0x6d,
  0x65, 0x55, 0x6e, 0x69, 0x66, 0x6f, 0x72, 0x6d, 0x73, 0x29, 0x2e, 0x6f,
  0x6e, 0x65, 0x4f, 0x76, 0x65, 0x72, 0x46, 0x61, 0x72, 0x4d, 0x69, 0x6e,
  0x75, 0x73, 0x4e, 0x65, 0x61, 0x72, 0x29, 0x20, 0x2d, 0x20, 0x28, 0x2a,
  0x73, 0x70, 0x76, 0x44, 0x65, 0x73, 0x63, 0x72, 0x69, 0x70, 0x74, 0x6f,
  0x72, 0x53, 0x65, 0x74, 0x30, 0x2e, 0x66, 0x72, 0x61, 0x6d, 0x65, 0x55,
  0x6e, 0x69, 0x66, 0x6f, 0x72, 0x6d, 0x73, 0x29, 0x2e, 0x6e, 0x65, 0x61,
  0x72, 0x4f, 0x76, 0x65, 0x72, 0x46, 0x61, 0x72, 0x4d, 0x69, 0x6e, 0x75,
  0x73, 0x4e, 0x65, 0x61, 0x72, 0x29, 0x20, 0x2a, 0x20, 0x32, 0x2e, 0x30,
  0x29, 0x20, 0x2d, 0x20, 0x31, 0x2e, 0x30, 0x3b, 0x0a, 0x00, 0x5d, 0x2e,
  0x77, 0x6f, 0x72, 0x6c, 0x64, 0x46, 0x72, 0x6f, 0x6d, 0x4d, 0x6f, 0x64,
  0x65, 0x6c, 0x4d, 0x61, 0x74, 0x72, 0x69, 0x78, 0x5b, 0x30, 0x5d, 0x20,
  0x2a, 0x20, 0x69, 0x6e, 0x2e, 0x6d, 0x65, 0x73, 0x68, 0x5f, 0x70, 0x6f,
  0x73, 0x69, 0x74, 0x69, 0x6f, 0x6e, 0x2e, 0x78, 0x29, 0x20, 0x2b, 0x20,
  0x28, 0x28, 0x6f, 0x62, 0x6a, 0x65, 0x63, 0x74, 0x55, 0x6e, 0x69, 0x66,
  0x6f, 0x72, 0x6d, 0x73, 0x2e, 0x64, 0x61, 0x74, 0x61, 0x5b, 0x00, 0x5d,
  0x2e, 0x77, 0x6f, 0x72, 0x6c, 0x64, 0x46, 0x72, 0x6f, 0x6d, 0x4d, 0x6f,
  0x64, 0x65, 0x6c, 0x4d, 0x61, 0x74, 0x72, 0x69, 0x78, 0x5b, 0x31, 0x5d,
  0x20, 0x2a, 0x20, 0x69, 0x6e, 0x2e, 0x6d, 0x65, 0x73, 0x68, 0x5f, 0x70,
  0x6f, 0x73, 0x69, 0x74, 0x69, 0x6f, 0x6e, 0x2e, 0x79, 0x29, 0x20, 0x2b,
  0x20, 0x28, 0x28, 0x6f, 0x62, 0x6a, 0x65, 0x63, 0x74, 0x55, 0x6e, 0x69,
  0x66, 0x6f, 0x72, 0x6d, 0x73, 0x2e, 0x64, 0x61, 0x74, 0x61, 0x5b, 0x00,
  0x5d, 0x2e, 0x77, 0x6f, 0x72, 0x6c, 0x64, 0x46, 0x72, 0x6f, 0x6d, 0x4d,
  0x6f, 0x64, 0x65, 0x6c, 0x4d, 0x61, 0x74, 0x72, 0x69, 0x78, 0x5b, 0x32,
  0x5d, 0x20, 0x2a, 0x20, 0x69, 0x6e, 0x2e, 0x6d, 0x65, 0x73, 0x68, 0x5f,
  0x70, 0x6f, 0x73, 0x69, 0x74, 0x69, 0x6f, 0x6e, 0x2e, 0x7a, 0x29, 0x20,
  0x2b, 0x20, 0x6f, 0x62, 0x6a, 0x65, 0x63, 0x74, 0x55, 0x6e, 0x69, 0x66,
  0x6f, 0x72, 0x6d, 0x73, 0x2e, 0x64, 0x61, 0x74, 0x61, 0x5b, 0x00, 0x20,
  0x20, 0x20, 0x20, 0x69, 0x66, 0x20, 0x28, 0x28, 0x6f, 0x62, 0x6a, 0x65,
  0x63, 0x74, 0x55, 0x6e, 0x69, 0x66, 0x6f, 0x72, 0x6d, 0x73, 0x2e, 0x64,
  0x61, 0x74, 0x61, 0x5b, 0x6f, 0x75, 0x74, 0x2e, 0x69, 0x6e, 0x73, 0x74,
  0x61, 0x6e, 0x63, 0x65, 0x5f, 0x69, 0x6e, 0x64, 0x65, 0x78, 0x5d, 0x2e,
  0x66, 0x6c, 0x61, 0x67, 0x73, 0x43, 0x68, 0x61, 0x6e, 0x6e, 0x65, 0x6c,
  0x73, 0x20, 0x26, 0x20, 0x35, 0x31, 0x32, 0x29, 0x20, 0x21, 0x3d, 0x20,
  0x30, 0x29, 0x0a, 0x00, 0x20, 0x3c, 0x20, 0x6f, 0x62, 0x6a, 0x65, 0x63,
  0x74, 0x55, 0x6e, 0x69, 0x66, 0x6f, 0x72, 0x6d, 0x73, 0x2e, 0x64, 0x61,
  0x74, 0x61, 0x5b, 0x6f, 0x75, 0x74, 0x2e, 0x69, 0x6e, 0x73, 0x74, 0x61,
  0x6e, 0x63, 0x65, 0x5f, 0x69, 0x6e, 0x64, 0x65, 0x78, 0x5d, 0x2e, 0x6d,
  0x6f, 0x72, 0x70, 0x68, 0x54, 0x61, 0x72, 0x67, 0x65, 0x74, 0x43, 0x6f,
  0x75, 0x6e, 0x74, 0x3b, 0x20, 0x00, 0x20, 0x20, 0x20, 0x20, 0x69, 0x66,
  0x20, 0x28, 0x28, 0x6f, 0x62, 0x6a, 0x65, 0x63, 0x74, 0x55, 0x6e, 0x69,
  0x66, 0x6f, 0x72, 0x6d, 0x73, 0x2e, 0x64, 0x61, 0x74, 0x61, 0x5b, 0x6f,
  0x75, 0x74, 0x2e, 0x69, 0x6e, 0x73, 0x74, 0x61, 0x6e, 0x63, 0x65, 0x5f,
  0x69, 0x6e, 0x64, 0x65, 0x78, 0x5d, 0x2e, 0x66, 0x6c, 0x61, 0x67, 0x73,
  0x43, 0x68, 0x61, 0x6e, 0x6e, 0x65, 0x6c, 0x73, 0x20, 0x26, 0x20, 0x32,
  0x35, 0x36, 0x29, 0x20, 0x21, 0x3d, 0x20, 0x30, 0x29, 0x0a, 0x00, 0x2e,
  0x78, 0x29, 0x20, 0x2b, 0x20, 0x28, 0x28, 0x6f, 0x62, 0x6a, 0x65, 0x63,
  0x74, 0x55, 0x6e, 0x69, 0x66, 0x6f, 0x72, 0x6d, 0x73, 0x2e, 0x64, 0x61,
  0x74, 0x61, 0x5b, 0x6f, 0x75, 0x74, 0x2e, 0x69, 0x6e, 0x73, 0x74, 0x61,
  0x6e, 0x63, 0x65, 0x5f, 0x69, 0x6e, 0x64, 0x65, 0x78, 0x5d, 0x2e, 0x77,
  0x6f, 0x72, 0x6c, 0x64, 0x46, 0x72, 0x6f, 0x6d, 0x4d, 0x6f, 0x64, 0x65,
  0x6c, 0x4d, 0x61, 0x74, 0x72, 0x69, 0x78, 0x5b, 0x31, 0x5d, 0x20, 0x2a,
  0x20, 0x00, 0x2e, 0x79, 0x29, 0x20, 0x2b, 0x20, 0x28, 0x28, 0x6f, 0x62,
  0x6a, 0x65, 0x63, 0x74, 0x55, 0x6e, 0x69, 0x66, 0x6f, 0x72, 0x6d, 0x73,
  0x2e, 0x64, 0x61, 0x74, 0x61, 0x5b, 0x6f, 0x75, 0x74, 0x2e, 0x69, 0x6e,
  0x73, 0x74, 0x61, 0x6e, 0x63, 0x65, 0x5f, 0x69, 0x6e, 0x64, 0x65, 0x78,
  0x5d, 0x2e, 0x77, 0x6f, 0x72, 0x6c, 0x64, 0x46, 0x72, 0x6f, 0x6d, 0x4d,
  0x6f, 0x64, 0x65, 0x6c, 0x4d, 0x61, 0x74, 0x72, 0x69, 0x78, 0x5b, 0x32,
  0x5d, 0x20, 0x2a, 0x20, 0x00, 0x5d, 0x2e, 0x66, 0x6c, 0x61, 0x67, 0x73,
  0x43, 0x68, 0x61, 0x6e, 0x6e, 0x65, 0x6c, 0x73, 0x20, 0x26, 0x20, 0x35,
  0x31, 0x32, 0x29, 0x20, 0x21, 0x3d, 0x20, 0x30, 0x29, 0x0a, 0x00, 0x20,
  0x3c, 0x20, 0x6f, 0x62, 0x6a, 0x65, 0x63, 0x74, 0x55, 0x6e, 0x69, 0x66,
  0x6f, 0x72, 0x6d, 0x73, 0x2e, 0x64, 0x61, 0x74, 0x61, 0x5b, 0x00, 0x5d,
  0x2e, 0x6d, 0x6f, 0x72, 0x70, 0x68, 0x54, 0x61, 0x72, 0x67, 0x65, 0x74,
  0x43, 0x6f, 0x75, 0x6e, 0x74, 0x3b, 0x20, 0x00, 0x5d, 0x2e, 0x66, 0x6c,
  0x61, 0x67, 0x73, 0x43, 0x68, 0x61, 0x6e, 0x6e, 0x65, 0x6c, 0x73, 0x20,
  0x26, 0x20, 0x32, 0x35, 0x36, 0x29, 0x20, 0x21, 0x3d, 0x20, 0x30, 0x29,
  0x0a, 0x00, 0x5d, 0x2e, 0x77, 0x6f, 0x72, 0x6c, 0x64, 0x46, 0x72, 0x6f,
  0x6d, 0x4d, 0x6f, 0x64, 0x65, 0x6c, 0x4d, 0x61, 0x74, 0x72, 0x69, 0x78,
  0x5b, 0x30, 0x5d, 0x20, 0x2a, 0x20, 0x00, 0x2e, 0x78, 0x29, 0x20, 0x2b,
  0x20, 0x28, 0x28, 0x6f, 0x62, 0x6a, 0x65, 0x63, 0x74, 0x55, 0x6e, 0x69,
  0x66, 0x6f, 0x72, 0x6d, 0x73, 0x2e, 0x64, 0x61, 0x74, 0x61, 0x5b, 0x00,
  0x5d, 0x2e, 0x77, 0x6f, 0x72, 0x6c, 0x64, 0x46, 0x72, 0x6f, 0x6d, 0x4d,
  0x6f, 0x64, 0x65, 0x6c, 0x4d, 0x61, 0x74, 0x72, 0x69, 0x78, 0x5b, 0x31,
  0x5d, 0x20, 0x2a, 0x20, 0x00, 0x2e, 0x79, 0x29, 0x20, 0x2b, 0x20, 0x28,
  0x28, 0x6f, 0x62, 0x6a, 0x65, 0x63, 0x74, 0x55, 0x6e, 0x69, 0x66, 0x6f,
  0x72, 0x6d, 0x73, 0x2e, 0x64, 0x61, 0x74, 0x61, 0x5b, 0x00, 0x5d, 0x2e,
  0x77, 0x6f, 0x72, 0x6c, 0x64, 0x46, 0x72, 0x6f, 0x6d, 0x4d, 0x6f, 0x64,
  0x65, 0x6c, 0x4d, 0x61, 0x74, 0x72, 0x69, 0x78, 0x5b, 0x32, 0x5d, 0x20,
  0x2a, 0x20, 0x00, 0x2e, 0x7a, 0x29, 0x20, 0x2b, 0x20, 0x6f, 0x62, 0x6a,
  0x65, 0x63, 0x74, 0x55, 0x6e, 0x69, 0x66, 0x6f, 0x72, 0x6d, 0x73, 0x2e,
  0x64, 0x61, 0x74, 0x61, 0x5b, 0x00, 0x20, 0x3d, 0x20, 0x28, 0x6f, 0x62,
  0x6a, 0x65, 0x63, 0x74, 0x55, 0x6e, 0x69, 0x66, 0x6f, 0x72, 0x6d, 0x73,
  0x2e, 0x64, 0x61, 0x74, 0x61, 0x5b, 0x6f, 0x75, 0x74, 0x2e, 0x69, 0x6e,
  0x73, 0x74, 0x61, 0x6e, 0x63, 0x65, 0x5f, 0x69, 0x6e, 0x64, 0x65, 0x78,
  0x5d, 0x2e, 0x77, 0x6f, 0x72, 0x6c, 0x64, 0x46, 0x72, 0x6f, 0x6d, 0x4d,
  0x6f, 0x64, 0x65, 0x6c, 0x4d, 0x61, 0x74, 0x72, 0x69, 0x78, 0x5b, 0x30,
  0x5d, 0x20, 0x2a, 0x20, 0x69, 0x6e, 0x2e, 0x6d, 0x65, 0x73, 0x68, 0x5f,
  0x70, 0x6f, 0x73, 0x69, 0x74, 0x69, 0x6f, 0x6e, 0x2e, 0x78, 0x29, 0x20,
  0x2b, 0x20, 0x28, 0x28, 0x6f, 0x62, 0x6a, 0x65, 0x63, 0x74, 0x55, 0x6e,
  0x69, 0x66, 0x6f, 0x72, 0x6d, 0x73, 0x2e, 0x64, 0x61, 0x74, 0x61, 0x5b,
  0x6f, 0x75, 0x74, 0x2e, 0x69, 0x6e, 0x73, 0x74, 0x61, 0x6e, 0x63, 0x65,
  0x5f, 0x69, 0x6e, 0x64, 0x65, 0x78, 0x5d, 0x2e, 0x77, 0x6f, 0x72, 0x6c,
  0x64, 0x46, 0x72, 0x6f, 0x6d, 0x4d, 0x6f, 0x64, 0x65, 0x6c, 0x4d, 0x61,
  0x74, 0x72, 0x69, 0x78, 0x5b, 0x31, 0x5d, 0x20, 0x2a, 0x20, 0x69, 0x6e,
  0x2e, 0x6d, 0x65, 0x73, 0x68, 0x5f, 0x70, 0x6f, 0x73, 0x69, 0x74, 0x69,
  0x6f, 0x6e, 0x2e, 0x79, 0x29, 0x20, 0x2b, 0x20, 0x28, 0x28, 0x6f, 0x62,
  0x6a, 0x65, 0x63, 0x74, 0x55, 0x6e, 0x69, 0x66, 0x6f, 0x72, 0x6d, 0x73,
  0x2e, 0x64, 0x61, 0x74, 0x61, 0x5b, 0x6f, 0x75, 0x74, 0x2e, 0x69, 0x6e,
  0x73, 0x74, 0x61, 0x6e, 0x63, 0x65, 0x5f, 0x69, 0x6e, 0x64, 0x65, 0x78,
  0x5d, 0x2e, 0x77, 0x6f, 0x72, 0x6c, 0x64, 0x46, 0x72, 0x6f, 0x6d, 0x4d,
  0x6f, 0x64, 0x65, 0x6c, 0x4d, 0x61, 0x74, 0x72, 0x69, 0x78, 0x5b, 0x32,
  0x5d, 0x20, 0x2a, 0x20, 0x69, 0x6e, 0x2e, 0x6d, 0x65, 0x73, 0x68, 0x5f,
  0x70, 0x6f, 0x73, 0x69, 0x74, 0x69, 0x6f, 0x6e, 0x2e, 0x7a, 0x29, 0x20,
  0x2b, 0x20, 0x6f, 0x62, 0x6a, 0x65, 0x63, 0x74, 0x55, 0x6e, 0x69, 0x66,
  0x6f, 0x72, 0x6d, 0x73, 0x2e, 0x64, 0x61, 0x74, 0x61, 0x5b, 0x6f, 0x75,
  0x74, 0x2e, 0x69, 0x6e, 0x73, 0x74, 0x61, 0x6e, 0x63, 0x65, 0x5f, 0x69,
  0x6e, 0x64, 0x65, 0x78, 0x5d, 0x2e, 0x77, 0x6f, 0x72, 0x6c, 0x64, 0x46,
  0x72, 0x6f, 0x6d, 0x4d, 0x6f, 0x64, 0x65, 0x6c, 0x4d, 0x61, 0x74, 0x72,
  0x69, 0x78, 0x5b, 0x33, 0x5d, 0x29, 0x29, 0x3b, 0x0a, 0x00, 0x20, 0x3d,
  0x20, 0x28, 0x6f, 0x62, 0x6a, 0x65, 0x63, 0x74, 0x55, 0x6e, 0x69, 0x66,
  0x6f, 0x72, 0x6d, 0x73, 0x2e, 0x64, 0x61, 0x74, 0x61, 0x5b, 0x6f, 0x75,
  0x74, 0x2e, 0x69, 0x6e, 0x73, 0x74, 0x61, 0x6e, 0x63, 0x65, 0x5f, 0x69,
  0x6e, 0x64, 0x65, 0x78, 0x5d, 0x2e, 0x77, 0x6f, 0x72, 0x6c, 0x64, 0x46,
  0x72, 0x6f, 0x6d, 0x4d, 0x6f, 0x64, 0x65, 0x6c, 0x4d, 0x61, 0x74, 0x72,
  0x69, 0x78, 0x5b, 0x30, 0x5d, 0x20, 0x2a, 0x20, 0x00, 0x2e, 0x7a, 0x29,
  0x20, 0x2b, 0x20, 0x6f, 0x62, 0x6a, 0x65, 0x63, 0x74, 0x55, 0x6e, 0x69,
  0x66, 0x6f, 0x72, 0x6d, 0x73, 0x2e, 0x64, 0x61, 0x74, 0x61, 0x5b, 0x6f,
  0x75, 0x74, 0x2e, 0x69, 0x6e, 0x73, 0x74, 0x61, 0x6e, 0x63, 0x65, 0x5f,
  0x69, 0x6e, 0x64, 0x65, 0x78, 0x5d, 0x2e, 0x77, 0x6f, 0x72, 0x6c, 0x64,
  0x46, 0x72, 0x6f, 0x6d, 0x4d, 0x6f, 0x64, 0x65, 0x6c, 0x4d, 0x61, 0x74,
  0x72, 0x69, 0x78, 0x5b, 0x33, 0x5d, 0x29, 0x29, 0x3b, 0x0a, 0x00, 0x20,
  0x3d, 0x20, 0x28, 0x2a, 0x73, 0x70, 0x76, 0x44, 0x65, 0x73, 0x63, 0x72,
  0x69, 0x70, 0x74, 0x6f, 0x72, 0x53, 0x65, 0x74, 0x30, 0x2e, 0x66, 0x72,
  0x61, 0x6d, 0x65, 0x55, 0x6e, 0x69, 0x66, 0x6f, 0x72, 0x6d, 0x73, 0x29,
  0x2e, 0x63, 0x6c, 0x69, 0x70, 0x46, 0x72, 0x6f, 0x6d, 0x57, 0x6f, 0x72,
  0x6c, 0x64, 0x4d, 0x61, 0x74, 0x72, 0x69, 0x78, 0x5b, 0x73, 0x70, 0x76,
  0x53, 0x4d, 0x6f, 0x64, 0x28, 0x6f, 0x75, 0x74, 0x2e, 0x69, 0x6e, 0x73,
  0x74, 0x61, 0x6e, 0x63, 0x65, 0x5f, 0x69, 0x6e, 0x64, 0x65, 0x78, 0x2c,
  0x20, 0x43, 0x4f, 0x4e, 0x46, 0x49, 0x47, 0x5f, 0x53, 0x54, 0x45, 0x52,
  0x45, 0x4f, 0x5f, 0x45, 0x59, 0x45, 0x5f, 0x43, 0x4f, 0x55, 0x4e, 0x54,
  0x29, 0x5d, 0x20, 0x2a, 0x20, 0x28, 0x28, 0x6f, 0x62, 0x6a, 0x65, 0x63,
  0x74, 0x55, 0x6e, 0x69, 0x66, 0x6f, 0x72, 0x6d, 0x73, 0x2e, 0x64, 0x61,
  0x74, 0x61, 0x5b, 0x00, 0x5d, 0x2e, 0x77, 0x6f, 0x72, 0x6c, 0x64, 0x46,
  0x72, 0x6f, 0x6d, 0x4d, 0x6f, 0x64, 0x65, 0x6c, 0x4d, 0x61, 0x74, 0x72,
  0x69, 0x78, 0x5b, 0x33, 0x5d, 0x29, 0x29, 0x29, 0x3b, 0x0a, 0x00, 0x20,
  0x3d, 0x20, 0x28, 0x2a, 0x73, 0x70, 0x76, 0x44, 0x65, 0x73, 0x63, 0x72,
  0x69, 0x70, 0x74, 0x6f, 0x72, 0x53, 0x65, 0x74, 0x30, 0x2e, 0x66, 0x72,
  0x61, 0x6d, 0x65, 0x55, 0x6e, 0x69, 0x66, 0x6f, 0x72, 0x6d, 0x73, 0x29,
  0x2e, 0x63, 0x6c, 0x69, 0x70, 0x46, 0x72, 0x6f, 0x6d, 0x57, 0x6f, 0x72,
  0x6c, 0x64, 0x4d, 0x61, 0x74, 0x72, 0x69, 0x78, 0x5b, 0x30, 0x5d, 0x20,
  0x2a, 0x20, 0x28, 0x28, 0x6f, 0x62, 0x6a, 0x65, 0x63, 0x74, 0x55, 0x6e,
  0x69, 0x66, 0x6f, 0x72, 0x6d, 0x73, 0x2e, 0x64, 0x61, 0x74, 0x61, 0x5b,
  0x6f, 0x75, 0x74, 0x2e, 0x69, 0x6e, 0x73, 0x74, 0x61, 0x6e, 0x63, 0x65,
  0x5f, 0x69, 0x6e, 0x64, 0x65, 0x78, 0x5d, 0x2e, 0x77, 0x6f, 0x72, 0x6c,
  0x64, 0x46, 0x72, 0x6f, 0x6d, 0x4d, 0x6f, 0x64, 0x65, 0x6c, 0x4d, 0x61,
  0x74, 0x72, 0x69, 0x78, 0x5b, 0x30, 0x5d, 0x20, 0x2a, 0x20, 0x69, 0x6e,
  0x2e, 0x6d, 0x65, 0x73, 0x68, 0x5f, 0x70, 0x6f, 0x73, 0x69, 0x74, 0x69,
  0x6f, 0x6e, 0x2e, 0x78, 0x29, 0x20, 0x2b, 0x20, 0x28, 0x28, 0x6f, 0x62,
  0x6a, 0x65, 0x63, 0x74, 0x55, 0x6e, 0x69, 0x66, 0x6f, 0x72, 0x6d, 0x73,
  0x2e, 0x64, 0x61, 0x74, 0x61, 0x5b, 0x6f, 0x75, 0x74, 0x2e, 0x69, 0x6e,
  0x73, 0x74, 0x61, 0x6e, 0x63, 0x65, 0x5f, 0x69, 0x6e, 0x64, 0x65, 0x78,
  0x5d, 0x2e, 0x77, 0x6f, 0x72, 0x6c, 0x64, 0x46, 0x72, 0x6f, 0x6d, 0x4d,
  0x6f, 0x64, 0x65, 0x6c, 0x4d, 0x61, 0x74, 0x72, 0x69, 0x78, 0x5b, 0x31,
  0x5d, 0x20, 0x2a, 0x20, 0x69, 0x6e, 0x2e, 0x6d, 0x65, 0x73, 0x68, 0x5f,
  0x70, 0x6f, 0x73, 0x69, 0x74, 0x69, 0x6f, 0x6e, 0x2e, 0x79, 0x29, 0x20,
  0x2b, 0x20, 0x28, 0x28, 0x6f, 0x62, 0x6a, 0x65, 0x63, 0x74, 0x55, 0x6e,
  0x69, 0x66, 0x6f, 0x72, 0x6d, 0x73, 0x2e, 0x64, 0x61, 0x74, 0x61, 0x5b,
  0x6f, 0x75, 0x74, 0x2e, 0x69, 0x6e, 0x73, 0x74, 0x61, 0x6e, 0x63, 0x65,
  0x5f, 0x69, 0x6e, 0x64, 0x65, 0x78, 0x5d, 0x2e, 0x77, 0x6f, 0x72, 0x6c,
  0x64, 0x46, 0x72, 0x6f, 0x6d, 0x4d, 0x6f, 0x64, 0x65, 0x6c, 0x4d, 0x61,
  0x74, 0x72, 0x69, 0x78, 0x5b, 0x32, 0x5d, 0x20, 0x2a, 0x20, 0x69, 0x6e,
  0x2e, 0x6d, 0x65, 0x73, 0x68, 0x5f, 0x70, 0x6f, 0x73, 0x69, 0x74, 0x69,
  0x6f, 0x6e, 0x2e, 0x7a, 0x29, 0x20, 0x2b, 0x20, 0x6f, 0x62, 0x6a, 0x65,
  0x63, 0x74, 0x55, 0x6e, 0x69, 0x66, 0x6f, 0x72, 0x6d, 0x73, 0x2e, 0x64,
  0x61, 0x74, 0x61, 0x5b, 0x6f, 0x75, 0x74, 0x2e, 0x69, 0x6e, 0x73, 0x74,
  0x61, 0x6e, 0x63, 0x65, 0x5f, 0x69, 0x6e, 0x64, 0x65, 0x78, 0x5d, 0x2e,
  0x77, 0x6f, 0x72, 0x6c, 0x64, 0x46, 0x72, 0x6f, 0x6d, 0x4d, 0x6f, 0x64,
  0x65, 0x6c, 0x4d, 0x61, 0x74, 0x72, 0x69, 0x78, 0x5b, 0x33, 0x5d, 0x29,
  0x29, 0x29, 0x3b, 0x0a, 0x00, 0x20, 0x3d, 0x20, 0x28, 0x2a, 0x73, 0x70,
  0x76, 0x44, 0x65, 0x73, 0x63, 0x72, 0x69, 0x70, 0x74, 0x6f, 0x72, 0x53,
  0x65, 0x74, 0x30, 0x2e, 0x66, 0x72, 0x61, 0x6d, 0x65, 0x55, 0x6e, 0x69,
  0x66, 0x6f, 0x72, 0x6d, 0x73, 0x29, 0x2e, 0x63, 0x6c, 0x69, 0x70, 0x46,
  0x72, 0x6f, 0x6d, 0x57, 0x6f, 0x72, 0x6c, 0x64, 0x4d, 0x61, 0x74, 0x72,
  0x69, 0x78, 0x5b, 0x30, 0x5d, 0x20, 0x2a, 0x20, 0x28, 0x28, 0x6f, 0x62,
  0x6a, 0x65, 0x63, 0x74, 0x55, 0x6e, 0x69, 0x66, 0x6f, 0x72, 0x6d, 0x73,
  0x2e, 0x64, 0x61, 0x74, 0x61, 0x5b, 0x6f, 0x75, 0x74, 0x2e, 0x69, 0x6e,
  0x73, 0x74, 0x61, 0x6e, 0x63, 0x65, 0x5f, 0x69, 0x6e, 0x64, 0x65, 0x78,
  0x5d, 0x2e, 0x77, 0x6f, 0x72, 0x6c, 0x64, 0x46, 0x72, 0x6f, 0x6d, 0x4d,
  0x6f, 0x64, 0x65, 0x6c, 0x4d, 0x61, 0x74, 0x72, 0x69, 0x78, 0x5b, 0x30,
  0x5d, 0x20, 0x2a, 0x20, 0x00, 0x2e, 0x7a, 0x29, 0x20, 0x2b, 0x20, 0x6f,
  0x62, 0x6a, 0x65, 0x63, 0x74, 0x55, 0x6e, 0x69, 0x66, 0x6f, 0x72, 0x6d,
  0x73, 0x2e, 0x64, 0x61, 0x74, 0x61, 0x5b, 0x6f, 0x75, 0x74, 0x2e, 0x69,
  0x6e, 0x73, 0x74, 0x61, 0x6e, 0x63, 0x65, 0x5f, 0x69, 0x6e, 0x64, 0x65,
  0x78, 0x5d, 0x2e, 0x77, 0x6f, 0x72, 0x6c, 0x64, 0x46, 0x72, 0x6f, 0x6d,
  0x4d, 0x6f, 0x64, 0x65, 0x6c, 0x4d, 0x61, 0x74, 0x72, 0x69, 0x78, 0x5b,
  0x33, 0x5d, 0x29, 0x29, 0x29, 0x3b, 0x0a, 0x00, 0x20, 0x20, 0x20, 0x20,
  0x66, 0x6c, 0x6f, 0x61, 0x74, 0x32, 0x20, 0x00, 0x20, 0x20, 0x20, 0x20,
  0x20, 0x20, 0x20, 0x20, 0x66, 0x6c, 0x6f, 0x61, 0x74, 0x20, 0x00, 0x20,
  0x20, 0x20, 0x20, 0x20, 0x20, 0x20, 0x20, 0x66, 0x6c, 0x6f, 0x61, 0x74,
  0x32, 0x20, 0x00, 0x20, 0x2a, 0x20, 0x00, 0x20, 0x20, 0x20, 0x20, 0x66,
  0x6c, 0x6f, 0x61, 0x74, 0x34, 0x20, 0x66, 0x72, 0x61, 0x67, 0x43, 0x6f,
  0x6c, 0x6f, 0x72, 0x20, 0x5b, 0x5b, 0x63, 0x6f, 0x6c, 0x6f, 0x72, 0x28,
  0x30, 0x29, 0x5d, 0x5d, 0x3b, 0x0a, 0x00, 0x73, 0x74, 0x72, 0x75, 0x63,
  0x74, 0x20, 0x4d, 0x61, 0x74, 0x65, 0x72, 0x69, 0x61, 0x6c, 0x50, 0x61,
  0x72, 0x61, 0x6d, 0x73, 0x0a, 0x00, 0x20, 0x20, 0x20, 0x20, 0x70, 0x61,
  0x63, 0x6b, 0x65, 0x64, 0x5f, 0x66, 0x6c, 0x6f, 0x61, 0x74, 0x33, 0x20,
  0x63, 0x6f, 0x6c, 0x6f, 0x75, 0x72, 0x3b, 0x0a, 0x00, 0x20, 0x20, 0x20,
  0x20, 0x66, 0x6c, 0x6f, 0x61, 0x74, 0x20, 0x64, 0x65, 0x6e, 0x73, 0x69,
  0x74, 0x79, 0x3b, 0x0a, 0x00, 0x20, 0x20, 0x20, 0x20, 0x66, 0x6c, 0x6f,
  0x61, 0x74, 0x20, 0x73, 0x63, 0x61, 0x6c, 0x65, 0x3b, 0x0a, 0x00, 0x20,
  0x20, 0x20, 0x20, 0x66, 0x6c, 0x6f, 0x61, 0x74, 0x32, 0x20, 0x64, 0x72,
  0x69, 0x66, 0x74, 0x3b, 0x0a, 0x00, 0x20, 0x20, 0x20, 0x20, 0x66, 0x6c,
  0x6f, 0x61, 0x74, 0x20, 0x66, 0x61, 0x64, 0x65, 0x3b, 0x0a, 0x00, 0x20,
  0x20, 0x20, 0x20, 0x66, 0x6c, 0x6f, 0x61, 0x74, 0x20, 0x63, 0x6f, 0x6e,
  0x74, 0x72, 0x61, 0x73, 0x74, 0x3b, 0x0a, 0x00, 0x20, 0x20, 0x20, 0x20,
  0x66, 0x6c, 0x6f, 0x61, 0x74, 0x33, 0x20, 0x65, 0x79, 0x65, 0x3b, 0x0a,
  0x00, 0x73, 0x74, 0x72, 0x75, 0x63, 0x74, 0x20, 0x4d, 0x61, 0x74, 0x65,
  0x72, 0x69, 0x61, 0x6c, 0x50, 0x61, 0x72, 0x61, 0x6d, 0x73, 0x3b, 0x0a,
  0x00, 0x73, 0x74, 0x72, 0x75, 0x63, 0x74, 0x20, 0x73, 0x70, 0x76, 0x44,
  0x65, 0x73, 0x63, 0x72, 0x69, 0x70, 0x74, 0x6f, 0x72, 0x53, 0x65, 0x74,
  0x42, 0x75, 0x66, 0x66, 0x65, 0x72, 0x32, 0x20, 0x7b, 0x0a, 0x00, 0x63,
  0x6f, 0x6e, 0x73, 0x74, 0x61, 0x6e, 0x74, 0x20, 0x4d, 0x61, 0x74, 0x65,
  0x72, 0x69, 0x61, 0x6c, 0x50, 0x61, 0x72, 0x61, 0x6d, 0x73, 0x2a, 0x20,
  0x6d, 0x61, 0x74, 0x65, 0x72, 0x69, 0x61, 0x6c, 0x50, 0x61, 0x72, 0x61,
  0x6d, 0x73, 0x20, 0x5b, 0x5b, 0x69, 0x64, 0x28, 0x30, 0x29, 0x5d, 0x5d,
  0x3b, 0x0a, 0x00, 0x20, 0x20, 0x20, 0x20, 0x63, 0x6f, 0x6e, 0x73, 0x74,
  0x61, 0x6e, 0x74, 0x20, 0x61, 0x75, 0x74, 0x6f, 0x26, 0x20, 0x6d, 0x61,
  0x74, 0x65, 0x72, 0x69, 0x61, 0x6c, 0x50, 0x61, 0x72, 0x61, 0x6d, 0x73,
  0x20, 0x3d, 0x20, 0x2a, 0x28, 0x63, 0x6f, 0x6e, 0x73, 0x74, 0x61, 0x6e,
  0x74, 0x20, 0x4d, 0x61, 0x74, 0x65, 0x72, 0x69, 0x61, 0x6c, 0x50, 0x61,
  0x72, 0x61, 0x6d, 0x73, 0x2a, 0x20, 0x29, 0x28, 0x28, 0x63, 0x6f, 0x6e,
  0x73, 0x74, 0x61, 0x6e, 0x74, 0x20, 0x63, 0x68, 0x61, 0x72, 0x2a, 0x20,
  0x29, 0x73, 0x70, 0x76, 0x44, 0x65, 0x73, 0x63, 0x72, 0x69, 0x70, 0x74,
  0x6f, 0x72, 0x53, 0x65, 0x74, 0x32, 0x2e, 0x6d, 0x61, 0x74, 0x65, 0x72,
  0x69, 0x61, 0x6c, 0x50, 0x61, 0x72, 0x61, 0x6d, 0x73, 0x20, 0x2b, 0x20,
  0x73, 0x70, 0x76, 0x44, 0x79, 0x6e, 0x61, 0x6d, 0x69, 0x63, 0x4f, 0x66,
  0x66, 0x73, 0x65, 0x74, 0x73, 0x5b, 0x32, 0x5d, 0x29, 0x3b, 0x0a, 0x00,
  0x20, 0x3d, 0x20, 0x6d, 0x61, 0x74, 0x65, 0x72, 0x69, 0x61, 0x6c, 0x50,
  0x61, 0x72, 0x61, 0x6d, 0x73, 0x2e, 0x64, 0x72, 0x69, 0x66, 0x74, 0x20,
  0x2a, 0x20, 0x6d, 0x61, 0x74, 0x65, 0x72, 0x69, 0x61, 0x6c, 0x50, 0x61,
  0x72, 0x61, 0x6d, 0x73, 0x2e, 0x74, 0x69, 0x6d, 0x65, 0x3b, 0x0a, 0x00,
  0x20, 0x3d, 0x20, 0x28, 0x28, 0x69, 0x6e, 0x2e, 0x76, 0x65, 0x72, 0x74,
  0x65, 0x78, 0x5f, 0x77, 0x6f, 0x72, 0x6c, 0x64, 0x50, 0x6f, 0x73, 0x69,
  0x74, 0x69, 0x6f, 0x6e, 0x2e, 0x78, 0x7a, 0x20, 0x2a, 0x20, 0x6d, 0x61,
  0x74, 0x65, 0x72, 0x69, 0x61, 0x6c, 0x50, 0x61, 0x72, 0x61, 0x6d, 0x73,
  0x2e, 0x73, 0x63, 0x61, 0x6c, 0x65, 0x29, 0x20, 0x2b, 0x20, 0x28, 0x66,
  0x6c, 0x6f, 0x61, 0x74, 0x32, 0x28, 0x30, 0x2e, 0x33, 0x37, 0x2c, 0x20,
  0x30, 0x2e, 0x36, 0x31, 0x29, 0x20, 0x2a, 0x20, 0x28, 0x69, 0x6e, 0x2e,
  0x76, 0x65, 0x72, 0x74, 0x65, 0x78, 0x5f, 0x77, 0x6f, 0x72, 0x6c, 0x64,
  0x50, 0x6f, 0x73, 0x69, 0x74, 0x69, 0x6f, 0x6e, 0x2e, 0x79, 0x20, 0x2a,
  0x20, 0x6d, 0x61, 0x74, 0x65, 0x72, 0x69, 0x61, 0x6c, 0x50, 0x61, 0x72,
  0x61, 0x6d, 0x73, 0x2e, 0x73, 0x63, 0x61, 0x6c, 0x65, 0x29, 0x29, 0x29,
  0x20, 0x2b, 0x20, 0x00, 0x20, 0x3d, 0x20, 0x30, 0x2e, 0x30, 0x3b, 0x0a,
  0x00, 0x20, 0x3d, 0x20, 0x30, 0x3b, 0x0a, 0x00, 0x20, 0x3d, 0x20, 0x30,
  0x2e, 0x35, 0x3b, 0x0a, 0x00, 0x20, 0x20, 0x20, 0x20, 0x66, 0x6f, 0x72,
  0x20, 0x28, 0x3b, 0x20, 0x00, 0x20, 0x3c, 0x20, 0x34, 0x3b, 0x20, 0x29,
  0x0a, 0x00, 0x20, 0x3d, 0x20, 0x66, 0x6c, 0x6f, 0x6f, 0x72, 0x28, 0x00,
  0x20, 0x3d, 0x20, 0x66, 0x72, 0x61, 0x63, 0x74, 0x28, 0x00, 0x29, 0x20,
  0x2a, 0x20, 0x28, 0x66, 0x6c, 0x6f, 0x61, 0x74, 0x32, 0x28, 0x33, 0x2e,
  0x30, 0x29, 0x20, 0x2d, 0x20, 0x28, 0x00, 0x20, 0x2a, 0x20, 0x32, 0x2e,
  0x30, 0x29, 0x29, 0x3b, 0x0a, 0x00, 0x20, 0x2a, 0x20, 0x6d, 0x69, 0x78,
  0x28, 0x6d, 0x69, 0x78, 0x28, 0x66, 0x72, 0x61, 0x63, 0x74, 0x28, 0x73,
  0x69, 0x6e, 0x28, 0x64, 0x6f, 0x74, 0x28, 0x00, 0x2c, 0x20, 0x66, 0x6c,
  0x6f, 0x61, 0x74, 0x32, 0x28, 0x31, 0x32, 0x37, 0x2e, 0x31, 0x2c, 0x20,
  0x33, 0x31, 0x31, 0x2e, 0x37, 0x29, 0x29, 0x29, 0x20, 0x2a, 0x20, 0x34,
  0x33, 0x37, 0x35, 0x38, 0x2e, 0x35, 0x34, 0x37, 0x29, 0x2c, 0x20, 0x66,
  0x72, 0x61, 0x63, 0x74, 0x28, 0x73, 0x69, 0x6e, 0x28, 0x64, 0x6f, 0x74,
  0x28, 0x00, 0x20, 0x2b, 0x20, 0x66, 0x6c, 0x6f, 0x61, 0x74, 0x32, 0x28,
  0x31, 0x2e, 0x30, 0x2c, 0x20, 0x30, 0x2e, 0x30, 0x29, 0x2c, 0x20, 0x66,
  0x6c, 0x6f, 0x61, 0x74, 0x32, 0x28, 0x31, 0x32, 0x37, 0x2e, 0x31, 0x2c,
  0x20, 0x33, 0x31, 0x31, 0x2e, 0x37, 0x29, 0x29, 0x29, 0x20, 0x2a, 0x20,
  0x34, 0x33, 0x37, 0x35, 0x38, 0x2e, 0x35, 0x34, 0x37, 0x29, 0x2c, 0x20,
  0x00, 0x29, 0x2c, 0x20, 0x6d, 0x69, 0x78, 0x28, 0x66, 0x72, 0x61, 0x63,
  0x74, 0x28, 0x73, 0x69, 0x6e, 0x28, 0x64, 0x6f, 0x74, 0x28, 0x00, 0x20,
  0x2b, 0x20, 0x66, 0x6c, 0x6f, 0x61, 0x74, 0x32, 0x28, 0x30, 0x2e, 0x30,
  0x2c, 0x20, 0x31, 0x2e, 0x30, 0x29, 0x2c, 0x20, 0x66, 0x6c, 0x6f, 0x61,
  0x74, 0x32, 0x28, 0x31, 0x32, 0x37, 0x2e, 0x31, 0x2c, 0x20, 0x33, 0x31,
  0x31, 0x2e, 0x37, 0x29, 0x29, 0x29, 0x20, 0x2a, 0x20, 0x34, 0x33, 0x37,
  0x35, 0x38, 0x2e, 0x35, 0x34, 0x37, 0x29, 0x2c, 0x20, 0x66, 0x72, 0x61,
  0x63, 0x74, 0x28, 0x73, 0x69, 0x6e, 0x28, 0x64, 0x6f, 0x74, 0x28, 0x00,
  0x20, 0x2b, 0x20, 0x66, 0x6c, 0x6f, 0x61, 0x74, 0x32, 0x28, 0x31, 0x2e,
  0x30, 0x29, 0x2c, 0x20, 0x66, 0x6c, 0x6f, 0x61, 0x74, 0x32, 0x28, 0x31,
  0x32, 0x37, 0x2e, 0x31, 0x2c, 0x20, 0x33, 0x31, 0x31, 0x2e, 0x37, 0x29,
  0x29, 0x29, 0x20, 0x2a, 0x20, 0x34, 0x33, 0x37, 0x35, 0x38, 0x2e, 0x35,
  0x34, 0x37, 0x29, 0x2c, 0x20, 0x00, 0x29, 0x2c, 0x20, 0x00, 0x20, 0x2a,
  0x20, 0x32, 0x2e, 0x30, 0x33, 0x29, 0x20, 0x2b, 0x20, 0x28, 0x00, 0x20,
  0x2a, 0x20, 0x30, 0x2e, 0x33, 0x31, 0x29, 0x3b, 0x0a, 0x00, 0x20, 0x2a,
  0x3d, 0x20, 0x30, 0x2e, 0x35, 0x3b, 0x0a, 0x00, 0x20, 0x2b, 0x3d, 0x20,
  0x00, 0x20, 0x20, 0x20, 0x20, 0x20, 0x20, 0x20, 0x20, 0x63, 0x6f, 0x6e,
  0x74, 0x69, 0x6e, 0x75, 0x65, 0x3b, 0x0a, 0x00, 0x20, 0x3d, 0x20, 0x73,
  0x6d, 0x6f, 0x6f, 0x74, 0x68, 0x73, 0x74, 0x65, 0x70, 0x28, 0x66, 0x6c,
  0x6f, 0x61, 0x74, 0x32, 0x28, 0x30, 0x2e, 0x30, 0x29, 0x2c, 0x20, 0x66,
  0x6c, 0x6f, 0x61, 0x74, 0x32, 0x28, 0x30, 0x2e, 0x32, 0x32, 0x29, 0x2c,
  0x20, 0x69, 0x6e, 0x2e, 0x76, 0x65, 0x72, 0x74, 0x65, 0x78, 0x5f, 0x75,
  0x76, 0x30, 0x31, 0x29, 0x20, 0x2a, 0x20, 0x73, 0x6d, 0x6f, 0x6f, 0x74,
  0x68, 0x73, 0x74, 0x65, 0x70, 0x28, 0x66, 0x6c, 0x6f, 0x61, 0x74, 0x32,
  0x28, 0x30, 0x2e, 0x30, 0x29, 0x2c, 0x20, 0x66, 0x6c, 0x6f, 0x61, 0x74,
  0x32, 0x28, 0x30, 0x2e, 0x32, 0x32, 0x29, 0x2c, 0x20, 0x66, 0x6c, 0x6f,
  0x61, 0x74, 0x32, 0x28, 0x31, 0x2e, 0x30, 0x29, 0x20, 0x2d, 0x20, 0x69,
  0x6e, 0x2e, 0x76, 0x65, 0x72, 0x74, 0x65, 0x78, 0x5f, 0x75, 0x76, 0x30,
  0x31, 0x29, 0x3b, 0x0a, 0x00, 0x20, 0x3d, 0x20, 0x66, 0x61, 0x73, 0x74,
  0x3a, 0x3a, 0x63, 0x6c, 0x61, 0x6d, 0x70, 0x28, 0x28, 0x28, 0x28, 0x28,
  0x66, 0x61, 0x73, 0x74, 0x3a, 0x3a, 0x63, 0x6c, 0x61, 0x6d, 0x70, 0x28,
  0x28, 0x28, 0x00, 0x20, 0x2d, 0x20, 0x30, 0x2e, 0x35, 0x29, 0x20, 0x2a,
  0x20, 0x6d, 0x61, 0x74, 0x65, 0x72, 0x69, 0x61, 0x6c, 0x50, 0x61, 0x72,
  0x61, 0x6d, 0x73, 0x2e, 0x63, 0x6f, 0x6e, 0x74, 0x72, 0x61, 0x73, 0x74,
  0x29, 0x20, 0x2b, 0x20, 0x30, 0x2e, 0x35, 0x2c, 0x20, 0x30, 0x2e, 0x30,
  0x2c, 0x20, 0x31, 0x2e, 0x30, 0x29, 0x20, 0x2a, 0x20, 0x6d, 0x61, 0x74,
  0x65, 0x72, 0x69, 0x61, 0x6c, 0x50, 0x61, 0x72, 0x61, 0x6d, 0x73, 0x2e,
  0x64, 0x65, 0x6e, 0x73, 0x69, 0x74, 0x79, 0x29, 0x20, 0x2a, 0x20, 0x6d,
  0x61, 0x74, 0x65, 0x72, 0x69, 0x61, 0x6c, 0x50, 0x61, 0x72, 0x61, 0x6d,
  0x73, 0x2e, 0x66, 0x61, 0x64, 0x65, 0x29, 0x20, 0x2a, 0x20, 0x00, 0x2e,
  0x78, 0x29, 0x20, 0x2a, 0x20, 0x00, 0x2e, 0x79, 0x29, 0x20, 0x2a, 0x20,
  0x73, 0x6d, 0x6f, 0x6f, 0x74, 0x68, 0x73, 0x74, 0x65, 0x70, 0x28, 0x30,
  0x2e, 0x36, 0x2c, 0x20, 0x35, 0x2e, 0x30, 0x2c, 0x20, 0x64, 0x69, 0x73,
  0x74, 0x61, 0x6e, 0x63, 0x65, 0x28, 0x69, 0x6e, 0x2e, 0x76, 0x65, 0x72,
  0x74, 0x65, 0x78, 0x5f, 0x77, 0x6f, 0x72, 0x6c, 0x64, 0x50, 0x6f, 0x73,
  0x69, 0x74, 0x69, 0x6f, 0x6e, 0x2e, 0x78, 0x79, 0x7a, 0x2c, 0x20, 0x6d,
  0x61, 0x74, 0x65, 0x72, 0x69, 0x61, 0x6c, 0x50, 0x61, 0x72, 0x61, 0x6d,
  0x73, 0x2e, 0x65, 0x79, 0x65, 0x29, 0x29, 0x2c, 0x20, 0x30, 0x2e, 0x30,
  0x2c, 0x20, 0x31, 0x2e, 0x30, 0x29, 0x3b, 0x0a, 0x00, 0x20, 0x20, 0x20,
  0x20, 0x6f, 0x75, 0x74, 0x2e, 0x66, 0x72, 0x61, 0x67, 0x43, 0x6f, 0x6c,
  0x6f, 0x72, 0x20, 0x3d, 0x20, 0x66, 0x6c, 0x6f, 0x61, 0x74, 0x34, 0x28,
  0x66, 0x6c, 0x6f, 0x61, 0x74, 0x33, 0x28, 0x6d, 0x61, 0x74, 0x65, 0x72,
  0x69, 0x61, 0x6c, 0x50, 0x61, 0x72, 0x61, 0x6d, 0x73, 0x2e, 0x63, 0x6f,
  0x6c, 0x6f, 0x75, 0x72, 0x29, 0x20, 0x2a, 0x20, 0x00, 0x20, 0x20, 0x20,
  0x20, 0x66, 0x6c, 0x6f, 0x61, 0x74, 0x33, 0x20, 0x00, 0x20, 0x20, 0x20,
  0x20, 0x20, 0x20, 0x20, 0x20, 0x65, 0x6c, 0x73, 0x65, 0x0a, 0x00, 0x66,
  0x72, 0x61, 0x67, 0x6d, 0x65, 0x6e, 0x74, 0x20, 0x6d, 0x61, 0x69, 0x6e,
  0x30, 0x5f, 0x6f, 0x75, 0x74, 0x20, 0x6d, 0x61, 0x69, 0x6e, 0x30, 0x28,
  0x6d, 0x61, 0x69, 0x6e, 0x30, 0x5f, 0x69, 0x6e, 0x20, 0x69, 0x6e, 0x20,
  0x5b, 0x5b, 0x73, 0x74, 0x61, 0x67, 0x65, 0x5f, 0x69, 0x6e, 0x5d, 0x5d,
  0x2c, 0x20, 0x63, 0x6f, 0x6e, 0x73, 0x74, 0x61, 0x6e, 0x74, 0x20, 0x73,
  0x70, 0x76, 0x44, 0x65, 0x73, 0x63, 0x72, 0x69, 0x70, 0x74, 0x6f, 0x72,
  0x53, 0x65, 0x74, 0x42, 0x75, 0x66, 0x66, 0x65, 0x72, 0x32, 0x26, 0x20,
  0x73, 0x70, 0x76, 0x44, 0x65, 0x73, 0x63, 0x72, 0x69, 0x70, 0x74, 0x6f,
  0x72, 0x53, 0x65, 0x74, 0x32, 0x20, 0x5b, 0x5b, 0x62, 0x75, 0x66, 0x66,
  0x65, 0x72, 0x28, 0x32, 0x33, 0x29, 0x5d, 0x5d, 0x2c, 0x20, 0x63, 0x6f,
  0x6e, 0x73, 0x74, 0x61, 0x6e, 0x74, 0x20, 0x75, 0x69, 0x6e, 0x74, 0x2a,
  0x20, 0x73, 0x70, 0x76, 0x44, 0x79, 0x6e, 0x61, 0x6d, 0x69, 0x63, 0x4f,
  0x66, 0x66, 0x73, 0x65, 0x74, 0x73, 0x20, 0x5b, 0x5b, 0x62, 0x75, 0x66,
  0x66, 0x65, 0x72, 0x28, 0x32, 0x35, 0x29, 0x5d, 0x5d, 0x29, 0x0a, 0x00,
  0x20, 0x20, 0x20, 0x20, 0x20, 0x20, 0x20, 0x20, 0x69, 0x66, 0x20, 0x28,
  0x00, 0x20, 0x3d, 0x20, 0x66, 0x6c, 0x6f, 0x61, 0x74, 0x34, 0x28, 0x30,
  0x2e, 0x30, 0x29, 0x3b, 0x0a, 0x00, 0x20, 0x2a, 0x20, 0x66, 0x61, 0x73,
  0x74, 0x3a, 0x3a, 0x6d, 0x61, 0x78, 0x28, 0x00, 0x66, 0x72, 0x61, 0x67,
  0x6d, 0x65, 0x6e, 0x74, 0x20, 0x76, 0x6f, 0x69, 0x64, 0x20, 0x6d, 0x61,
  0x69, 0x6e, 0x30, 0x28, 0x63, 0x6f, 0x6e, 0x73, 0x74, 0x61, 0x6e, 0x74,
  0x20, 0x75, 0x69, 0x6e, 0x74, 0x2a, 0x20, 0x73, 0x70, 0x76, 0x44, 0x79,
  0x6e, 0x61, 0x6d, 0x69, 0x63, 0x4f, 0x66, 0x66, 0x73, 0x65, 0x74, 0x73,
  0x20, 0x5b, 0x5b, 0x62, 0x75, 0x66, 0x66, 0x65, 0x72, 0x28, 0x32, 0x35,
  0x29, 0x5d, 0x5d, 0x29, 0x0a, 0x00, 0x73, 0x74, 0x72, 0x75, 0x63, 0x74,
  0x20, 0x4c, 0x69, 0x67, 0x68, 0x74, 0x73, 0x55, 0x6e, 0x69, 0x66, 0x6f,
  0x72, 0x6d, 0x73, 0x3b, 0x0a, 0x00, 0x73, 0x74, 0x72, 0x75, 0x63, 0x74,
  0x20, 0x46, 0x72, 0x6f, 0x78, 0x65, 0x6c, 0x52, 0x65, 0x63, 0x6f, 0x72,
  0x64, 0x55, 0x6e, 0x69, 0x66, 0x6f, 0x72, 0x6d, 0x73, 0x3b, 0x0a, 0x00,
  0x73, 0x74, 0x72, 0x75, 0x63, 0x74, 0x20, 0x46, 0x72, 0x6f, 0x78, 0x65,
  0x6c, 0x73, 0x55, 0x6e, 0x69, 0x66, 0x6f, 0x72, 0x6d, 0x73, 0x3b, 0x0a,
  0x00, 0x63, 0x6f, 0x6e, 0x73, 0x74, 0x61, 0x6e, 0x74, 0x20, 0x4c, 0x69,
  0x67, 0x68, 0x74, 0x73, 0x55, 0x6e, 0x69, 0x66, 0x6f, 0x72, 0x6d, 0x73,
  0x2a, 0x20, 0x6c, 0x69, 0x67, 0x68, 0x74, 0x73, 0x55, 0x6e, 0x69, 0x66,
  0x6f, 0x72, 0x6d, 0x73, 0x20, 0x5b, 0x5b, 0x69, 0x64, 0x28, 0x34, 0x29,
  0x5d, 0x5d, 0x3b, 0x0a, 0x00, 0x63, 0x6f, 0x6e, 0x73, 0x74, 0x61, 0x6e,
  0x74, 0x20, 0x46, 0x72, 0x6f, 0x78, 0x65, 0x6c, 0x52, 0x65, 0x63, 0x6f,
  0x72, 0x64, 0x55, 0x6e, 0x69, 0x66, 0x6f, 0x72, 0x6d, 0x73, 0x2a, 0x20,
  0x66, 0x72, 0x6f, 0x78, 0x65, 0x6c, 0x52, 0x65, 0x63, 0x6f, 0x72, 0x64,
  0x55, 0x6e, 0x69, 0x66, 0x6f, 0x72, 0x6d, 0x73, 0x20, 0x5b, 0x5b, 0x69,
  0x64, 0x28, 0x36, 0x29, 0x5d, 0x5d, 0x3b, 0x0a, 0x00, 0x63, 0x6f, 0x6e,
  0x73, 0x74, 0x61, 0x6e, 0x74, 0x20, 0x46, 0x72, 0x6f, 0x78, 0x65, 0x6c,
  0x73, 0x55, 0x6e, 0x69, 0x66, 0x6f, 0x72, 0x6d, 0x73, 0x2a, 0x20, 0x66,
  0x72, 0x6f, 0x78, 0x65, 0x6c, 0x73, 0x55, 0x6e, 0x69, 0x66, 0x6f, 0x72,
  0x6d, 0x73, 0x20, 0x5b, 0x5b, 0x69, 0x64, 0x28, 0x38, 0x29, 0x5d, 0x5d,
  0x3b, 0x0a, 0x00, 0x74, 0x65, 0x78, 0x74, 0x75, 0x72, 0x65, 0x32, 0x64,
  0x3c, 0x66, 0x6c, 0x6f, 0x61, 0x74, 0x3e, 0x20, 0x73, 0x61, 0x6d, 0x70,
  0x6c, 0x65, 0x72, 0x30, 0x5f, 0x73, 0x74, 0x72, 0x75, 0x63, 0x74, 0x75,
  0x72, 0x65, 0x20, 0x5b, 0x5b, 0x69, 0x64, 0x28, 0x31, 0x30, 0x29, 0x5d,
  0x5d, 0x3b, 0x0a, 0x00, 0x73, 0x61, 0x6d, 0x70, 0x6c, 0x65, 0x72, 0x20,
  0x73, 0x61, 0x6d, 0x70, 0x6c, 0x65, 0x72, 0x30, 0x5f, 0x73, 0x74, 0x72,
  0x75, 0x63, 0x74, 0x75, 0x72, 0x65, 0x53, 0x6d, 0x70, 0x6c, 0x72, 0x20,
  0x5b, 0x5b, 0x69, 0x64, 0x28, 0x31, 0x31, 0x29, 0x5d, 0x5d, 0x3b, 0x0a,
  0x00, 0x64, 0x65, 0x70, 0x74, 0x68, 0x32, 0x64, 0x5f, 0x61, 0x72, 0x72,
  0x61, 0x79, 0x3c, 0x66, 0x6c, 0x6f, 0x61, 0x74, 0x3e, 0x20, 0x73, 0x61,
  0x6d, 0x70, 0x6c, 0x65, 0x72, 0x30, 0x5f, 0x73, 0x68, 0x61, 0x64, 0x6f,
  0x77, 0x4d, 0x61, 0x70, 0x20, 0x5b, 0x5b, 0x69, 0x64, 0x28, 0x31, 0x32,
  0x29, 0x5d, 0x5d, 0x3b, 0x0a, 0x00, 0x73, 0x61, 0x6d, 0x70, 0x6c, 0x65,
  0x72, 0x20, 0x73, 0x61, 0x6d, 0x70, 0x6c, 0x65, 0x72, 0x30, 0x5f, 0x73,
  0x68, 0x61, 0x64, 0x6f, 0x77, 0x4d, 0x61, 0x70, 0x53, 0x6d, 0x70, 0x6c,
  0x72, 0x20, 0x5b, 0x5b, 0x69, 0x64, 0x28, 0x31, 0x33, 0x29, 0x5d, 0x5d,
  0x3b, 0x0a, 0x00, 0x74, 0x65, 0x78, 0x74, 0x75, 0x72, 0x65, 0x32, 0x64,
  0x5f, 0x61, 0x72, 0x72, 0x61, 0x79, 0x3c, 0x66, 0x6c, 0x6f, 0x61, 0x74,
  0x3e, 0x20, 0x73, 0x61, 0x6d, 0x70, 0x6c, 0x65, 0x72, 0x30, 0x5f, 0x73,
  0x73, 0x61, 0x6f, 0x20, 0x5b, 0x5b, 0x69, 0x64, 0x28, 0x31, 0x38, 0x29,
  0x5d, 0x5d, 0x3b, 0x0a, 0x00, 0x73, 0x61, 0x6d, 0x70, 0x6c, 0x65, 0x72,
  0x20, 0x73, 0x61, 0x6d, 0x70, 0x6c, 0x65, 0x72, 0x30, 0x5f, 0x73, 0x73,
  0x61, 0x6f, 0x53, 0x6d, 0x70, 0x6c, 0x72, 0x20, 0x5b, 0x5b, 0x69, 0x64,
  0x28, 0x31, 0x39, 0x29, 0x5d, 0x5d, 0x3b, 0x0a, 0x00, 0x74, 0x65, 0x78,
  0x74, 0x75, 0x72, 0x65, 0x63, 0x75, 0x62, 0x65, 0x3c, 0x66, 0x6c, 0x6f,
  0x61, 0x74, 0x3e, 0x20, 0x73, 0x61, 0x6d, 0x70, 0x6c, 0x65, 0x72, 0x30,
  0x5f, 0x66, 0x6f, 0x67, 0x20, 0x5b, 0x5b, 0x69, 0x64, 0x28, 0x32, 0x32,
  0x29, 0x5d, 0x5d, 0x3b, 0x0a, 0x00, 0x73, 0x61, 0x6d, 0x70, 0x6c, 0x65,
  0x72, 0x20, 0x73, 0x61, 0x6d, 0x70, 0x6c, 0x65, 0x72, 0x30, 0x5f, 0x66,
  0x6f, 0x67, 0x53, 0x6d, 0x70, 0x6c, 0x72, 0x20, 0x5b, 0x5b, 0x69, 0x64,
  0x28, 0x32, 0x33, 0x29, 0x5d, 0x5d, 0x3b, 0x0a, 0x00, 0x66, 0x72, 0x61,
  0x67, 0x6d, 0x65, 0x6e, 0x74, 0x20, 0x6d, 0x61, 0x69, 0x6e, 0x30, 0x5f,
  0x6f, 0x75, 0x74, 0x20, 0x6d, 0x61, 0x69, 0x6e, 0x30, 0x28, 0x6d, 0x61,
  0x69, 0x6e, 0x30, 0x5f, 0x69, 0x6e, 0x20, 0x69, 0x6e, 0x20, 0x5b, 0x5b,
  0x73, 0x74, 0x61, 0x67, 0x65, 0x5f, 0x69, 0x6e, 0x5d, 0x5d, 0x2c, 0x20,
  0x63, 0x6f, 0x6e, 0x73, 0x74, 0x61, 0x6e, 0x74, 0x20, 0x73, 0x70, 0x76,
  0x44, 0x65, 0x73, 0x63, 0x72, 0x69, 0x70, 0x74, 0x6f, 0x72, 0x53, 0x65,
  0x74, 0x42, 0x75, 0x66, 0x66, 0x65, 0x72, 0x30, 0x26, 0x20, 0x73, 0x70,
  0x76, 0x44, 0x65, 0x73, 0x63, 0x72, 0x69, 0x70, 0x74, 0x6f, 0x72, 0x53,
  0x65, 0x74, 0x30, 0x20, 0x5b, 0x5b, 0x62, 0x75, 0x66, 0x66, 0x65, 0x72,
  0x28, 0x32, 0x31, 0x29, 0x5d, 0x5d, 0x2c, 0x20, 0x63, 0x6f, 0x6e, 0x73,
  0x74, 0x61, 0x6e, 0x74, 0x20, 0x73, 0x70, 0x76, 0x44, 0x65, 0x73, 0x63,
  0x72, 0x69, 0x70, 0x74, 0x6f, 0x72, 0x53, 0x65, 0x74, 0x42, 0x75, 0x66,
  0x66, 0x65, 0x72, 0x32, 0x26, 0x20, 0x73, 0x70, 0x76, 0x44, 0x65, 0x73,
  0x63, 0x72, 0x69, 0x70, 0x74, 0x6f, 0x72, 0x53, 0x65, 0x74, 0x32, 0x20,
  0x5b, 0x5b, 0x62, 0x75, 0x66, 0x66, 0x65, 0x72, 0x28, 0x32, 0x33, 0x29,
  0x5d, 0x5d, 0x2c, 0x20, 0x63, 0x6f, 0x6e, 0x73, 0x74, 0x61, 0x6e, 0x74,
  0x20, 0x75, 0x69, 0x6e, 0x74, 0x2a, 0x20, 0x73, 0x70, 0x76, 0x44, 0x79,
  0x6e, 0x61, 0x6d, 0x69, 0x63, 0x4f, 0x66, 0x66, 0x73, 0x65, 0x74, 0x73,
  0x20, 0x5b, 0x5b, 0x62, 0x75, 0x66, 0x66, 0x65, 0x72, 0x28, 0x32, 0x35,
  0x29, 0x5d, 0x5d, 0x29, 0x0a, 0x00, 0x20, 0x3d, 0x20, 0x28, 0x2a, 0x73,
  0x70, 0x76, 0x44, 0x65, 0x73, 0x63, 0x72, 0x69, 0x70, 0x74, 0x6f, 0x72,
  0x53, 0x65, 0x74, 0x30, 0x2e, 0x66, 0x72, 0x61, 0x6d, 0x65, 0x55, 0x6e,
  0x69, 0x66, 0x6f, 0x72, 0x6d, 0x73, 0x29, 0x2e, 0x66, 0x6f, 0x67, 0x46,
  0x72, 0x6f, 0x6d, 0x57, 0x6f, 0x72, 0x6c, 0x64, 0x4d, 0x61, 0x74, 0x72,
  0x69, 0x78, 0x20, 0x2a, 0x20, 0x28, 0x69, 0x6e, 0x2e, 0x76, 0x65, 0x72,
  0x74, 0x65, 0x78, 0x5f, 0x77, 0x6f, 0x72, 0x6c, 0x64, 0x50, 0x6f, 0x73,
  0x69, 0x74, 0x69, 0x6f, 0x6e, 0x2e, 0x78, 0x79, 0x7a, 0x20, 0x2d, 0x20,
  0x28, 0x2a, 0x73, 0x70, 0x76, 0x44, 0x65, 0x73, 0x63, 0x72, 0x69, 0x70,
  0x74, 0x6f, 0x72, 0x53, 0x65, 0x74, 0x30, 0x2e, 0x66, 0x72, 0x61, 0x6d,
  0x65, 0x55, 0x6e, 0x69, 0x66, 0x6f, 0x72, 0x6d, 0x73, 0x29, 0x2e, 0x77,
  0x6f, 0x72, 0x6c, 0x64, 0x46, 0x72, 0x6f, 0x6d, 0x56, 0x69, 0x65, 0x77,
  0x4d, 0x61, 0x74, 0x72, 0x69, 0x78, 0x5b, 0x33, 0x5d, 0x2e, 0x78, 0x79,
  0x7a, 0x29, 0x3b, 0x0a, 0x00, 0x20, 0x20, 0x20, 0x20, 0x64, 0x6f, 0x0a,
  0x00, 0x20, 0x3d, 0x20, 0x6c, 0x65, 0x6e, 0x67, 0x74, 0x68, 0x28, 0x00,
  0x20, 0x3c, 0x20, 0x28, 0x2a, 0x73, 0x70, 0x76, 0x44, 0x65, 0x73, 0x63,
  0x72, 0x69, 0x70, 0x74, 0x6f, 0x72, 0x53, 0x65, 0x74, 0x30, 0x2e, 0x66,
  0x72, 0x61, 0x6d, 0x65, 0x55, 0x6e, 0x69, 0x66, 0x6f, 0x72, 0x6d, 0x73,
  0x29, 0x2e, 0x66, 0x6f, 0x67, 0x53, 0x74, 0x61, 0x72, 0x74, 0x29, 0x0a,
  0x00, 0x20, 0x3e, 0x20, 0x28, 0x2a, 0x73, 0x70, 0x76, 0x44, 0x65, 0x73,
  0x63, 0x72, 0x69, 0x70, 0x74, 0x6f, 0x72, 0x53, 0x65, 0x74, 0x30, 0x2e,
  0x66, 0x72, 0x61, 0x6d, 0x65, 0x55, 0x6e, 0x69, 0x66, 0x6f, 0x72, 0x6d,
  0x73, 0x29, 0x2e, 0x66, 0x6f, 0x67, 0x43, 0x75, 0x74, 0x4f, 0x66, 0x66,
  0x44, 0x69, 0x73, 0x74, 0x61, 0x6e, 0x63, 0x65, 0x29, 0x0a, 0x00, 0x20,
  0x3d, 0x20, 0x28, 0x2a, 0x73, 0x70, 0x76, 0x44, 0x65, 0x73, 0x63, 0x72,
  0x69, 0x70, 0x74, 0x6f, 0x72, 0x53, 0x65, 0x74, 0x30, 0x2e, 0x66, 0x72,
  0x61, 0x6d, 0x65, 0x55, 0x6e, 0x69, 0x66, 0x6f, 0x72, 0x6d, 0x73, 0x29,
  0x2e, 0x66, 0x6f, 0x67, 0x48, 0x65, 0x69, 0x67, 0x68, 0x74, 0x46, 0x61,
  0x6c, 0x6c, 0x6f, 0x66, 0x66, 0x20, 0x2a, 0x20, 0x00, 0x20, 0x20, 0x20,
  0x20, 0x20, 0x20, 0x20, 0x20, 0x69, 0x66, 0x20, 0x28, 0x61, 0x62, 0x73,
  0x28, 0x00, 0x29, 0x20, 0x3e, 0x20, 0x30, 0x2e, 0x30, 0x30, 0x31, 0x32,
  0x35, 0x29, 0x0a, 0x00, 0x20, 0x3d, 0x20, 0x28, 0x28, 0x2a, 0x73, 0x70,
  0x76, 0x44, 0x65, 0x73, 0x63, 0x72, 0x69, 0x70, 0x74, 0x6f, 0x72, 0x53,
  0x65, 0x74, 0x30, 0x2e, 0x66, 0x72, 0x61, 0x6d, 0x65, 0x55, 0x6e, 0x69,
  0x66, 0x6f, 0x72, 0x6d, 0x73, 0x29, 0x2e, 0x66, 0x6f, 0x67, 0x44, 0x65,
  0x6e, 0x73, 0x69, 0x74, 0x79, 0x5b, 0x32, 0x5d, 0x20, 0x2d, 0x20, 0x28,
  0x28, 0x2a, 0x73, 0x70, 0x76, 0x44, 0x65, 0x73, 0x63, 0x72, 0x69, 0x70,
  0x74, 0x6f, 0x72, 0x53, 0x65, 0x74, 0x30, 0x2e, 0x66, 0x72, 0x61, 0x6d,
  0x65, 0x55, 0x6e, 0x69, 0x66, 0x6f, 0x72, 0x6d, 0x73, 0x29, 0x2e, 0x66,
  0x6f, 0x67, 0x44, 0x65, 0x6e, 0x73, 0x69, 0x74, 0x79, 0x5b, 0x30, 0x5d,
  0x20, 0x2a, 0x20, 0x65, 0x78, 0x70, 0x28, 0x28, 0x2a, 0x73, 0x70, 0x76,
  0x44, 0x65, 0x73, 0x63, 0x72, 0x69, 0x70, 0x74, 0x6f, 0x72, 0x53, 0x65,
  0x74, 0x30, 0x2e, 0x66, 0x72, 0x61, 0x6d, 0x65, 0x55, 0x6e, 0x69, 0x66,
  0x6f, 0x72, 0x6d, 0x73, 0x29, 0x2e, 0x66, 0x6f, 0x67, 0x44, 0x65, 0x6e,
  0x73, 0x69, 0x74, 0x79, 0x5b, 0x31, 0x5d, 0x20, 0x2d, 0x20, 0x00, 0x29,
  0x29, 0x29, 0x20, 0x2f, 0x20, 0x00, 0x20, 0x3d, 0x20, 0x28, 0x2a, 0x73,
  0x70, 0x76, 0x44, 0x65, 0x73, 0x63, 0x72, 0x69, 0x70, 0x74, 0x6f, 0x72,
  0x53, 0x65, 0x74, 0x30, 0x2e, 0x66, 0x72, 0x61, 0x6d, 0x65, 0x55, 0x6e,
  0x69, 0x66, 0x6f, 0x72, 0x6d, 0x73, 0x29, 0x2e, 0x66, 0x6f, 0x67, 0x44,
  0x65, 0x6e, 0x73, 0x69, 0x74, 0x79, 0x5b, 0x32, 0x5d, 0x3b, 0x0a, 0x00,
  0x20, 0x3d, 0x20, 0x66, 0x61, 0x73, 0x74, 0x3a, 0x3a, 0x6d, 0x69, 0x6e,
  0x28, 0x31, 0x2e, 0x30, 0x20, 0x2d, 0x20, 0x65, 0x78, 0x70, 0x28, 0x2d,
  0x28, 0x00, 0x20, 0x2d, 0x20, 0x28, 0x2a, 0x73, 0x70, 0x76, 0x44, 0x65,
  0x73, 0x63, 0x72, 0x69, 0x70, 0x74, 0x6f, 0x72, 0x53, 0x65, 0x74, 0x30,
  0x2e, 0x66, 0x72, 0x61, 0x6d, 0x65, 0x55, 0x6e, 0x69, 0x66, 0x6f, 0x72,
  0x6d, 0x73, 0x29, 0x2e, 0x66, 0x6f, 0x67, 0x53, 0x74, 0x61, 0x72, 0x74,
  0x2c, 0x20, 0x30, 0x2e, 0x30, 0x29, 0x29, 0x29, 0x2c, 0x20, 0x28, 0x2a,
  0x73, 0x70, 0x76, 0x44, 0x65, 0x73, 0x63, 0x72, 0x69, 0x70, 0x74, 0x6f,
  0x72, 0x53, 0x65, 0x74, 0x30, 0x2e, 0x66, 0x72, 0x61, 0x6d, 0x65, 0x55,
  0x6e, 0x69, 0x66, 0x6f, 0x72, 0x6d, 0x73, 0x29, 0x2e, 0x66, 0x6f, 0x67,
  0x4d, 0x61, 0x78, 0x4f, 0x70, 0x61, 0x63, 0x69, 0x74, 0x79, 0x29, 0x3b,
  0x0a, 0x00, 0x20, 0x20, 0x20, 0x20, 0x20, 0x20, 0x20, 0x20, 0x69, 0x66,
  0x20, 0x28, 0x28, 0x2a, 0x73, 0x70, 0x76, 0x44, 0x65, 0x73, 0x63, 0x72,
  0x69, 0x70, 0x74, 0x6f, 0x72, 0x53, 0x65, 0x74, 0x30, 0x2e, 0x66, 0x72,
  0x61, 0x6d, 0x65, 0x55, 0x6e, 0x69, 0x66, 0x6f, 0x72, 0x6d, 0x73, 0x29,
  0x2e, 0x66, 0x6f, 0x67, 0x43, 0x6f, 0x6c, 0x6f, 0x72, 0x46, 0x72, 0x6f,
  0x6d, 0x49, 0x62, 0x6c, 0x20, 0x3e, 0x20, 0x30, 0x2e, 0x30, 0x29, 0x0a,
  0x00, 0x20, 0x20, 0x20, 0x20, 0x20, 0x20, 0x20, 0x20, 0x20, 0x20, 0x20,
  0x20, 0x68, 0x61, 0x6c, 0x66, 0x32, 0x20, 0x00, 0x20, 0x3d, 0x20, 0x68,
  0x61, 0x6c, 0x66, 0x32, 0x28, 0x66, 0x6c, 0x6f, 0x61, 0x74, 0x32, 0x28,
  0x61, 0x73, 0x5f, 0x74, 0x79, 0x70, 0x65, 0x3c, 0x68, 0x61, 0x6c, 0x66,
  0x32, 0x3e, 0x28, 0x28, 0x2a, 0x73, 0x70, 0x76, 0x44, 0x65, 0x73, 0x63,
  0x72, 0x69, 0x70, 0x74, 0x6f, 0x72, 0x53, 0x65, 0x74, 0x30, 0x2e, 0x66,
  0x72, 0x61, 0x6d, 0x65, 0x55, 0x6e, 0x69, 0x66, 0x6f, 0x72, 0x6d, 0x73,
  0x29, 0x2e, 0x66, 0x6f, 0x67, 0x4d, 0x69, 0x6e, 0x4d, 0x61, 0x78, 0x4d,
  0x69, 0x70, 0x29, 0x29, 0x29, 0x3b, 0x0a, 0x00, 0x20, 0x3d, 0x20, 0x66,
  0x6c, 0x6f, 0x61, 0x74, 0x33, 0x28, 0x28, 0x2a, 0x73, 0x70, 0x76, 0x44,
  0x65, 0x73, 0x63, 0x72, 0x69, 0x70, 0x74, 0x6f, 0x72, 0x53, 0x65, 0x74,
  0x30, 0x2e, 0x66, 0x72, 0x61, 0x6d, 0x65, 0x55, 0x6e, 0x69, 0x66, 0x6f,
  0x72, 0x6d, 0x73, 0x29, 0x2e, 0x66, 0x6f, 0x67, 0x43, 0x6f, 0x6c, 0x6f,
  0x72, 0x29, 0x20, 0x2a, 0x20, 0x66, 0x6c, 0x6f, 0x61, 0x74, 0x33, 0x28,
  0x68, 0x61, 0x6c, 0x66, 0x34, 0x28, 0x73, 0x70, 0x76, 0x44, 0x65, 0x73,
  0x63, 0x72, 0x69, 0x70, 0x74, 0x6f, 0x72, 0x53, 0x65, 0x74, 0x30, 0x2e,
  0x73, 0x61, 0x6d, 0x70, 0x6c, 0x65, 0x72, 0x30, 0x5f, 0x66, 0x6f, 0x67,
  0x2e, 0x73, 0x61, 0x6d, 0x70, 0x6c, 0x65, 0x28, 0x73, 0x70, 0x76, 0x44,
  0x65, 0x73, 0x63, 0x72, 0x69, 0x70, 0x74, 0x6f, 0x72, 0x53, 0x65, 0x74,
  0x30, 0x2e, 0x73, 0x61, 0x6d, 0x70, 0x6c, 0x65, 0x72, 0x30, 0x5f, 0x66,
  0x6f, 0x67, 0x53, 0x6d, 0x70, 0x6c, 0x72, 0x2c, 0x20, 0x28, 0x74, 0x72,
  0x61, 0x6e, 0x73, 0x70, 0x6f, 0x73, 0x65, 0x28, 0x66, 0x6c, 0x6f, 0x61,
  0x74, 0x33, 0x78, 0x33, 0x28, 0x28, 0x2a, 0x73, 0x70, 0x76, 0x44, 0x65,
  0x73, 0x63, 0x72, 0x69, 0x70, 0x74, 0x6f, 0x72, 0x53, 0x65, 0x74, 0x30,
  0x2e, 0x66, 0x72, 0x61, 0x6d, 0x65, 0x55, 0x6e, 0x69, 0x66, 0x6f, 0x72,
  0x6d, 0x73, 0x29, 0x2e, 0x75, 0x73, 0x65, 0x72, 0x57, 0x6f, 0x72, 0x6c,
  0x64, 0x46, 0x72, 0x6f, 0x6d, 0x57, 0x6f, 0x72, 0x6c, 0x64, 0x4d, 0x61,
  0x74, 0x72, 0x69, 0x78, 0x5b, 0x30, 0x5d, 0x2e, 0x78, 0x79, 0x7a, 0x2c,
  0x20, 0x28, 0x2a, 0x73, 0x70, 0x76, 0x44, 0x65, 0x73, 0x63, 0x72, 0x69,
  0x70, 0x74, 0x6f, 0x72, 0x53, 0x65, 0x74, 0x30, 0x2e, 0x66, 0x72, 0x61,
  0x6d, 0x65, 0x55, 0x6e, 0x69, 0x66, 0x6f, 0x72, 0x6d, 0x73, 0x29, 0x2e,
  0x75, 0x73, 0x65, 0x72, 0x57, 0x6f, 0x72, 0x6c, 0x64, 0x46, 0x72, 0x6f,
  0x6d, 0x57, 0x6f, 0x72, 0x6c, 0x64, 0x4d, 0x61, 0x74, 0x72, 0x69, 0x78,
  0x5b, 0x31, 0x5d, 0x2e, 0x78, 0x79, 0x7a, 0x2c, 0x20, 0x28, 0x2a, 0x73,
  0x70, 0x76, 0x44, 0x65, 0x73, 0x63, 0x72, 0x69, 0x70, 0x74, 0x6f, 0x72,
  0x53, 0x65, 0x74, 0x30, 0x2e, 0x66, 0x72, 0x61, 0x6d, 0x65, 0x55, 0x6e,
  0x69, 0x66, 0x6f, 0x72, 0x6d, 0x73, 0x29, 0x2e, 0x75, 0x73, 0x65, 0x72,
  0x57, 0x6f, 0x72, 0x6c, 0x64, 0x46, 0x72, 0x6f, 0x6d, 0x57, 0x6f, 0x72,
  0x6c, 0x64, 0x4d, 0x61, 0x74, 0x72, 0x69, 0x78, 0x5b, 0x32, 0x5d, 0x2e,
  0x78, 0x79, 0x7a, 0x29, 0x29, 0x20, 0x2a, 0x20, 0x00, 0x29, 0x2c, 0x20,
  0x6c, 0x65, 0x76, 0x65, 0x6c, 0x28, 0x6d, 0x69, 0x78, 0x28, 0x66, 0x6c,
  0x6f, 0x61, 0x74, 0x28, 0x00, 0x2e, 0x79, 0x29, 0x2c, 0x20, 0x66, 0x6c,
  0x6f, 0x61, 0x74, 0x28, 0x00, 0x2e, 0x78, 0x29, 0x2c, 0x20, 0x66, 0x61,
  0x73, 0x74, 0x3a, 0x3a, 0x63, 0x6c, 0x61, 0x6d, 0x70, 0x28, 0x28, 0x00,
  0x20, 0x2a, 0x20, 0x28, 0x2a, 0x73, 0x70, 0x76, 0x44, 0x65, 0x73, 0x63,
  0x72, 0x69, 0x70, 0x74, 0x6f, 0x72, 0x53, 0x65, 0x74, 0x30, 0x2e, 0x66,
  0x72, 0x61, 0x6d, 0x65, 0x55, 0x6e, 0x69, 0x66, 0x6f, 0x72, 0x6d, 0x73,
  0x29, 0x2e, 0x66, 0x6f, 0x67, 0x4f, 0x6e, 0x65, 0x4f, 0x76, 0x65, 0x72,
  0x46, 0x61, 0x72, 0x4d, 0x69, 0x6e, 0x75, 0x73, 0x4e, 0x65, 0x61, 0x72,
  0x29, 0x20, 0x2d, 0x20, 0x28, 0x2a, 0x73, 0x70, 0x76, 0x44, 0x65, 0x73,
  0x63, 0x72, 0x69, 0x70, 0x74, 0x6f, 0x72, 0x53, 0x65, 0x74, 0x30, 0x2e,
  0x66, 0x72, 0x61, 0x6d, 0x65, 0x55, 0x6e, 0x69, 0x66, 0x6f, 0x72, 0x6d,
  0x73, 0x29, 0x2e, 0x66, 0x6f, 0x67, 0x4e, 0x65, 0x61, 0x72, 0x4f, 0x76,
  0x65, 0x72, 0x46, 0x61, 0x72, 0x4d, 0x69, 0x6e, 0x75, 0x73, 0x4e, 0x65,
  0x61, 0x72, 0x2c, 0x20, 0x30, 0x2e, 0x30, 0x2c, 0x20, 0x31, 0x2e, 0x30,
  0x29, 0x29, 0x29, 0x29, 0x29, 0x2e, 0x78, 0x79, 0x7a, 0x29, 0x3b, 0x0a,
  0x00, 0x20, 0x3d, 0x20, 0x66, 0x6c, 0x6f, 0x61, 0x74, 0x33, 0x28, 0x28,
  0x2a, 0x73, 0x70, 0x76, 0x44, 0x65, 0x73, 0x63, 0x72, 0x69, 0x70, 0x74,
  0x6f, 0x72, 0x53, 0x65, 0x74, 0x30, 0x2e, 0x66, 0x72, 0x61, 0x6d, 0x65,
  0x55, 0x6e, 0x69, 0x66, 0x6f, 0x72, 0x6d, 0x73, 0x29, 0x2e, 0x66, 0x6f,
  0x67, 0x43, 0x6f, 0x6c, 0x6f, 0x72, 0x29, 0x3b, 0x0a, 0x00, 0x20, 0x2a,
  0x20, 0x28, 0x28, 0x2a, 0x73, 0x70, 0x76, 0x44, 0x65, 0x73, 0x63, 0x72,
  0x69, 0x70, 0x74, 0x6f, 0x72, 0x53, 0x65, 0x74, 0x30, 0x2e, 0x66, 0x72,
  0x61, 0x6d, 0x65, 0x55, 0x6e, 0x69, 0x66, 0x6f, 0x72, 0x6d, 0x73, 0x29,
  0x2e, 0x69, 0x62, 0x6c, 0x4c, 0x75, 0x6d, 0x69, 0x6e, 0x61, 0x6e, 0x63,
  0x65, 0x20, 0x2a, 0x20, 0x00, 0x20, 0x20, 0x20, 0x20, 0x20, 0x20, 0x20,
  0x20, 0x69, 0x66, 0x20, 0x28, 0x28, 0x2a, 0x73, 0x70, 0x76, 0x44, 0x65,
  0x73, 0x63, 0x72, 0x69, 0x70, 0x74, 0x6f, 0x72, 0x53, 0x65, 0x74, 0x30,
  0x2e, 0x66, 0x72, 0x61, 0x6d, 0x65, 0x55, 0x6e, 0x69, 0x66, 0x6f, 0x72,
  0x6d, 0x73, 0x29, 0x2e, 0x66, 0x6f, 0x67, 0x49, 0x6e, 0x73, 0x63, 0x61,
  0x74, 0x74, 0x65, 0x72, 0x69, 0x6e, 0x67, 0x53, 0x69, 0x7a, 0x65, 0x20,
  0x3e, 0x20, 0x30, 0x2e, 0x30, 0x29, 0x0a, 0x00, 0x20, 0x2b, 0x20, 0x28,
  0x28, 0x28, 0x2a, 0x73, 0x70, 0x76, 0x44, 0x65, 0x73, 0x63, 0x72, 0x69,
  0x70, 0x74, 0x6f, 0x72, 0x53, 0x65, 0x74, 0x30, 0x2e, 0x66, 0x72, 0x61,
  0x6d, 0x65, 0x55, 0x6e, 0x69, 0x66, 0x6f, 0x72, 0x6d, 0x73, 0x29, 0x2e,
  0x6c, 0x69, 0x67, 0x68, 0x74, 0x43, 0x6f, 0x6c, 0x6f, 0x72, 0x49, 0x6e,
  0x74, 0x65, 0x6e, 0x73, 0x69, 0x74, 0x79, 0x2e, 0x78, 0x79, 0x7a, 0x20,
  0x2a, 0x20, 0x28, 0x2a, 0x73, 0x70, 0x76, 0x44, 0x65, 0x73, 0x63, 0x72,
  0x69, 0x70, 0x74, 0x6f, 0x72, 0x53, 0x65, 0x74, 0x30, 0x2e, 0x66, 0x72,
  0x61, 0x6d, 0x65, 0x55, 0x6e, 0x69, 0x66, 0x6f, 0x72, 0x6d, 0x73, 0x29,
  0x2e, 0x6c, 0x69, 0x67, 0x68, 0x74, 0x43, 0x6f, 0x6c, 0x6f, 0x72, 0x49,
  0x6e, 0x74, 0x65, 0x6e, 0x73, 0x69, 0x74, 0x79, 0x2e, 0x77, 0x29, 0x20,
  0x2a, 0x20, 0x28, 0x70, 0x6f, 0x77, 0x72, 0x28, 0x66, 0x61, 0x73, 0x74,
  0x3a, 0x3a, 0x6d, 0x61, 0x78, 0x28, 0x64, 0x6f, 0x74, 0x28, 0x66, 0x61,
  0x73, 0x74, 0x3a, 0x3a, 0x6e, 0x6f, 0x72, 0x6d, 0x61, 0x6c, 0x69, 0x7a,
  0x65, 0x28, 0x00, 0x29, 0x2c, 0x20, 0x66, 0x6c, 0x6f, 0x61, 0x74, 0x33,
  0x28, 0x28, 0x2a, 0x73, 0x70, 0x76, 0x44, 0x65, 0x73, 0x63, 0x72, 0x69,
  0x70, 0x74, 0x6f, 0x72, 0x53, 0x65, 0x74, 0x30, 0x2e, 0x66, 0x72, 0x61,
  0x6d, 0x65, 0x55, 0x6e, 0x69, 0x66, 0x6f, 0x72, 0x6d, 0x73, 0x29, 0x2e,
  0x6c, 0x69, 0x67, 0x68, 0x74, 0x44, 0x69, 0x72, 0x65, 0x63, 0x74, 0x69,
  0x6f, 0x6e, 0x29, 0x29, 0x2c, 0x20, 0x30, 0x2e, 0x30, 0x29, 0x2c, 0x20,
  0x28, 0x2a, 0x73, 0x70, 0x76, 0x44, 0x65, 0x73, 0x63, 0x72, 0x69, 0x70,
  0x74, 0x6f, 0x72, 0x53, 0x65, 0x74, 0x30, 0x2e, 0x66, 0x72, 0x61, 0x6d,
  0x65, 0x55, 0x6e, 0x69, 0x66, 0x6f, 0x72, 0x6d, 0x73, 0x29, 0x2e, 0x66,
  0x6f, 0x67, 0x49, 0x6e, 0x73, 0x63, 0x61, 0x74, 0x74, 0x65, 0x72, 0x69,
  0x6e, 0x67, 0x53, 0x69, 0x7a, 0x65, 0x29, 0x20, 0x2a, 0x20, 0x28, 0x31,
  0x2e, 0x30, 0x20, 0x2d, 0x20, 0x65, 0x78, 0x70, 0x28, 0x2d, 0x28, 0x00,
  0x20, 0x2d, 0x20, 0x28, 0x2a, 0x73, 0x70, 0x76, 0x44, 0x65, 0x73, 0x63,
  0x72, 0x69, 0x70, 0x74, 0x6f, 0x72, 0x53, 0x65, 0x74, 0x30, 0x2e, 0x66,
  0x72, 0x61, 0x6d, 0x65, 0x55, 0x6e, 0x69, 0x66, 0x6f, 0x72, 0x6d, 0x73,
  0x29, 0x2e, 0x66, 0x6f, 0x67, 0x49, 0x6e, 0x73, 0x63, 0x61, 0x74, 0x74,
  0x65, 0x72, 0x69, 0x6e, 0x67, 0x53, 0x74, 0x61, 0x72, 0x74, 0x2c, 0x20,
  0x30, 0x2e, 0x30, 0x29, 0x29, 0x29, 0x29, 0x29, 0x29, 0x3b, 0x0a, 0x00,
  0x20, 0x3d, 0x20, 0x66, 0x6c, 0x6f, 0x61, 0x74, 0x34, 0x28, 0x00, 0x20,
  0x20, 0x20, 0x20, 0x20, 0x20, 0x20, 0x20, 0x62, 0x72, 0x65, 0x61, 0x6b,
  0x3b, 0x0a, 0x00, 0x20, 0x20, 0x20, 0x20, 0x7d, 0x20, 0x77, 0x68, 0x69,
  0x6c, 0x65, 0x28, 0x66, 0x61, 0x6c, 0x73, 0x65, 0x29, 0x3b, 0x0a, 0x00,
  0x2e, 0x78, 0x79, 0x7a, 0x20, 0x2a, 0x20, 0x6f, 0x75, 0x74, 0x2e, 0x66,
  0x72, 0x61, 0x67, 0x43, 0x6f, 0x6c, 0x6f, 0x72, 0x2e, 0x77, 0x3b, 0x0a,
  0x00, 0x20, 0x3d, 0x20, 0x6f, 0x75, 0x74, 0x2e, 0x66, 0x72, 0x61, 0x67,
  0x43, 0x6f, 0x6c, 0x6f, 0x72, 0x3b, 0x0a, 0x00, 0x2e, 0x78, 0x79, 0x7a,
  0x20, 0x2a, 0x20, 0x28, 0x31, 0x2e, 0x30, 0x20, 0x2d, 0x20, 0x00, 0x2e,
  0x77, 0x29, 0x29, 0x20, 0x2b, 0x20, 0x00, 0x2e, 0x78, 0x79, 0x7a, 0x3b,
  0x0a, 0x00, 0x20, 0x20, 0x20, 0x20, 0x6f, 0x75, 0x74, 0x2e, 0x66, 0x72,
  0x61, 0x67, 0x43, 0x6f, 0x6c, 0x6f, 0x72, 0x2e, 0x78, 0x20, 0x3d, 0x20,
  0x00, 0x20, 0x20, 0x20, 0x20, 0x6f, 0x75, 0x74, 0x2e, 0x66, 0x72, 0x61,
  0x67, 0x43, 0x6f, 0x6c, 0x6f, 0x72, 0x2e, 0x79, 0x20, 0x3d, 0x20, 0x00,
  0x20, 0x20, 0x20, 0x20, 0x6f, 0x75, 0x74, 0x2e, 0x66, 0x72, 0x61, 0x67,
  0x43, 0x6f, 0x6c, 0x6f, 0x72, 0x2e, 0x7a, 0x20, 0x3d, 0x20, 0x00, 0x20,
  0x20, 0x20, 0x20, 0x75, 0x69, 0x6e, 0x74, 0x32, 0x20, 0x6f, 0x75, 0x74,
  0x50, 0x69, 0x63, 0x6b, 0x69, 0x6e, 0x67, 0x20, 0x5b, 0x5b, 0x63, 0x6f,
  0x6c, 0x6f, 0x72, 0x28, 0x30, 0x29, 0x5d, 0x5d, 0x3b, 0x0a, 0x00, 0x66,
  0x72, 0x61, 0x67, 0x6d, 0x65, 0x6e, 0x74, 0x20, 0x6d, 0x61, 0x69, 0x6e,
  0x30, 0x5f, 0x6f, 0x75, 0x74, 0x20, 0x6d, 0x61, 0x69, 0x6e, 0x30, 0x28,
  0x6d, 0x61, 0x69, 0x6e, 0x30, 0x5f, 0x69, 0x6e, 0x20, 0x69, 0x6e, 0x20,
  0x5b, 0x5b, 0x73, 0x74, 0x61, 0x67, 0x65, 0x5f, 0x69, 0x6e, 0x5d, 0x5d,
  0x2c, 0x20, 0x63, 0x6f, 0x6e, 0x73, 0x74, 0x61, 0x6e, 0x74, 0x20, 0x73,
  0x70, 0x76, 0x44, 0x65, 0x73, 0x63, 0x72, 0x69, 0x70, 0x74, 0x6f, 0x72,
  0x53, 0x65, 0x74, 0x42, 0x75, 0x66, 0x66, 0x65, 0x72, 0x31, 0x26, 0x20,
  0x73, 0x70, 0x76, 0x44, 0x65, 0x73, 0x63, 0x72, 0x69, 0x70, 0x74, 0x6f,
  0x72, 0x53, 0x65, 0x74, 0x31, 0x20, 0x5b, 0x5b, 0x62, 0x75, 0x66, 0x66,
  0x65, 0x72, 0x28, 0x32, 0x32, 0x29, 0x5d, 0x5d, 0x2c, 0x20, 0x63, 0x6f,
  0x6e, 0x73, 0x74, 0x61, 0x6e, 0x74, 0x20, 0x75, 0x69, 0x6e, 0x74, 0x2a,
  0x20, 0x73, 0x70, 0x76, 0x44, 0x79, 0x6e, 0x61, 0x6d, 0x69, 0x63, 0x4f,
  0x66, 0x66, 0x73, 0x65, 0x74, 0x73, 0x20, 0x5b, 0x5b, 0x62, 0x75, 0x66,
  0x66, 0x65, 0x72, 0x28, 0x32, 0x35, 0x29, 0x5d, 0x5d, 0x29, 0x0a, 0x00,
  0x20, 0x20, 0x20, 0x20, 0x6f, 0x75, 0x74, 0x2e, 0x6f, 0x75, 0x74, 0x50,
  0x69, 0x63, 0x6b, 0x69, 0x6e, 0x67, 0x2e, 0x78, 0x20, 0x3d, 0x20, 0x75,
  0x69, 0x6e, 0x74, 0x28, 0x6f, 0x62, 0x6a, 0x65, 0x63, 0x74, 0x55, 0x6e,
  0x69, 0x66, 0x6f, 0x72, 0x6d, 0x73, 0x2e, 0x64, 0x61, 0x74, 0x61, 0x5b,
  0x69, 0x6e, 0x2e, 0x69, 0x6e, 0x73, 0x74, 0x61, 0x6e, 0x63, 0x65, 0x5f,
  0x69, 0x6e, 0x64, 0x65, 0x78, 0x5d, 0x2e, 0x6f, 0x62, 0x6a, 0x65, 0x63,
  0x74, 0x49, 0x64, 0x29, 0x3b, 0x0a, 0x00, 0x20, 0x20, 0x20, 0x20, 0x6f,
  0x75, 0x74, 0x2e, 0x6f, 0x75, 0x74, 0x50, 0x69, 0x63, 0x6b, 0x69, 0x6e,
  0x67, 0x2e, 0x79, 0x20, 0x3d, 0x20, 0x61, 0x73, 0x5f, 0x74, 0x79, 0x70,
  0x65, 0x3c, 0x75, 0x69, 0x6e, 0x74, 0x3e, 0x28, 0x69, 0x6e, 0x2e, 0x76,
  0x65, 0x72, 0x74, 0x65, 0x78, 0x5f, 0x70, 0x6f, 0x73, 0x69, 0x74, 0x69,
  0x6f, 0x6e, 0x2e, 0x7a, 0x20, 0x2f, 0x20, 0x69, 0x6e, 0x2e, 0x76, 0x65,
  0x72, 0x74, 0x65, 0x78, 0x5f, 0x70, 0x6f, 0x73, 0x69, 0x74, 0x69, 0x6f,
  0x6e, 0x2e, 0x77, 0x29, 0x3b, 0x0a, 0x00, 0x20, 0x20, 0x20, 0x20, 0x66,
  0x6c, 0x6f, 0x61, 0x74, 0x34, 0x20, 0x76, 0x65, 0x72, 0x74, 0x65, 0x78,
  0x5f, 0x77, 0x6f, 0x72, 0x6c, 0x64, 0x50, 0x6f, 0x73, 0x69, 0x74, 0x69,
  0x6f, 0x6e, 0x20, 0x5b, 0x5b, 0x75, 0x73, 0x65, 0x72, 0x28, 0x6c, 0x6f,
  0x63, 0x6e, 0x36, 0x29, 0x2c, 0x20, 0x63, 0x65, 0x6e, 0x74, 0x72, 0x6f,
  0x69, 0x64, 0x5f, 0x70, 0x65, 0x72, 0x73, 0x70, 0x65, 0x63, 0x74, 0x69,
  0x76, 0x65, 0x5d, 0x5d, 0x3b, 0x0a, 0x00, 0x66, 0x72, 0x61, 0x67, 0x6d,
  0x65, 0x6e, 0x74, 0x20, 0x6d, 0x61, 0x69, 0x6e, 0x30, 0x5f, 0x6f, 0x75,
  0x74, 0x20, 0x6d, 0x61, 0x69, 0x6e, 0x30, 0x28, 0x6d, 0x61, 0x69, 0x6e,
  0x30, 0x5f, 0x69, 0x6e, 0x20, 0x69, 0x6e, 0x20, 0x5b, 0x5b, 0x73, 0x74,
  0x61, 0x67, 0x65, 0x5f, 0x69, 0x6e, 0x5d, 0x5d, 0x2c, 0x20, 0x63, 0x6f,
  0x6e, 0x73, 0x74, 0x61, 0x6e, 0x74, 0x20, 0x73, 0x70, 0x76, 0x44, 0x65,
  0x73, 0x63, 0x72, 0x69, 0x70, 0x74, 0x6f, 0x72, 0x53, 0x65, 0x74, 0x42,
  0x75, 0x66, 0x66, 0x65, 0x72, 0x30, 0x26, 0x20, 0x73, 0x70, 0x76, 0x44,
  0x65, 0x73, 0x63, 0x72, 0x69, 0x70, 0x74, 0x6f, 0x72, 0x53, 0x65, 0x74,
  0x30, 0x20, 0x5b, 0x5b, 0x62, 0x75, 0x66, 0x66, 0x65, 0x72, 0x28, 0x32,
  0x31, 0x29, 0x5d, 0x5d, 0x2c, 0x20, 0x63, 0x6f, 0x6e, 0x73, 0x74, 0x61,
  0x6e, 0x74, 0x20, 0x75, 0x69, 0x6e, 0x74, 0x2a, 0x20, 0x73, 0x70, 0x76,
  0x44, 0x79, 0x6e, 0x61, 0x6d, 0x69, 0x63, 0x4f, 0x66, 0x66, 0x73, 0x65,
  0x74, 0x73, 0x20, 0x5b, 0x5b, 0x62, 0x75, 0x66, 0x66, 0x65, 0x72, 0x28,
  0x32, 0x35, 0x29, 0x5d, 0x5d, 0x29, 0x0a, 0x00, 0x20, 0x3d, 0x20, 0x65,
  0x78, 0x70, 0x28, 0x28, 0x2a, 0x73, 0x70, 0x76, 0x44, 0x65, 0x73, 0x63,
  0x72, 0x69, 0x70, 0x74, 0x6f, 0x72, 0x53, 0x65, 0x74, 0x30, 0x2e, 0x66,
  0x72, 0x61, 0x6d, 0x65, 0x55, 0x6e, 0x69, 0x66, 0x6f, 0x72, 0x6d, 0x73,
  0x29, 0x2e, 0x76, 0x73, 0x6d, 0x45, 0x78, 0x70, 0x6f, 0x6e, 0x65, 0x6e,
  0x74, 0x20, 0x2a, 0x20, 0x69, 0x6e, 0x2e, 0x76, 0x65, 0x72, 0x74, 0x65,
  0x78, 0x5f, 0x77, 0x6f, 0x72, 0x6c, 0x64, 0x50, 0x6f, 0x73, 0x69, 0x74,
  0x69, 0x6f, 0x6e, 0x2e, 0x77, 0x29, 0x3b, 0x0a, 0x00, 0x20, 0x3d, 0x20,
  0x28, 0x2d, 0x31, 0x2e, 0x30, 0x29, 0x20, 0x2f, 0x20, 0x00, 0x20, 0x3d,
  0x20, 0x66, 0x6c, 0x6f, 0x61, 0x74, 0x32, 0x28, 0x00, 0x20, 0x3d, 0x20,
  0x64, 0x66, 0x64, 0x78, 0x28, 0x69, 0x6e, 0x2e, 0x76, 0x65, 0x72, 0x74,
  0x65, 0x78, 0x5f, 0x77, 0x6f, 0x72, 0x6c, 0x64, 0x50, 0x6f, 0x73, 0x69,
  0x74, 0x69, 0x6f, 0x6e, 0x2e, 0x77, 0x29, 0x3b, 0x0a, 0x00, 0x20, 0x3d,
  0x20, 0x64, 0x66, 0x64, 0x79, 0x28, 0x69, 0x6e, 0x2e, 0x76, 0x65, 0x72,
  0x74, 0x65, 0x78, 0x5f, 0x77, 0x6f, 0x72, 0x6c, 0x64, 0x50, 0x6f, 0x73,
  0x69, 0x74, 0x69, 0x6f, 0x6e, 0x2e, 0x77, 0x29, 0x3b, 0x0a, 0x00, 0x20,
  0x3d, 0x20, 0x66, 0x61, 0x73, 0x74, 0x3a, 0x3a, 0x6d, 0x69, 0x6e, 0x28,
  0x00, 0x20, 0x2b, 0x20, 0x28, 0x28, 0x00, 0x20, 0x2a, 0x20, 0x28, 0x28,
  0x2a, 0x73, 0x70, 0x76, 0x44, 0x65, 0x73, 0x63, 0x72, 0x69, 0x70, 0x74,
  0x6f, 0x72, 0x53, 0x65, 0x74, 0x30, 0x2e, 0x66, 0x72, 0x61, 0x6d, 0x65,
  0x55, 0x6e, 0x69, 0x66, 0x6f, 0x72, 0x6d, 0x73, 0x29, 0x2e, 0x76, 0x73,
  0x6d, 0x45, 0x78, 0x70, 0x6f, 0x6e, 0x65, 0x6e, 0x74, 0x20, 0x2a, 0x20,
  0x28, 0x2a, 0x73, 0x70, 0x76, 0x44, 0x65, 0x73, 0x63, 0x72, 0x69, 0x70,
  0x74, 0x6f, 0x72, 0x53, 0x65, 0x74, 0x30, 0x2e, 0x66, 0x72, 0x61, 0x6d,
  0x65, 0x55, 0x6e, 0x69, 0x66, 0x6f, 0x72, 0x6d, 0x73, 0x29, 0x2e, 0x76,
  0x73, 0x6d, 0x45, 0x78, 0x70, 0x6f, 0x6e, 0x65, 0x6e, 0x74, 0x29, 0x29,
  0x20, 0x2a, 0x20, 0x28, 0x30, 0x2e, 0x32, 0x35, 0x20, 0x2a, 0x20, 0x28,
  0x28, 0x00, 0x29, 0x20, 0x2b, 0x20, 0x28, 0x00, 0x29, 0x29, 0x29, 0x29,
  0x2c, 0x20, 0x66, 0x6c, 0x6f, 0x61, 0x74, 0x32, 0x28, 0x28, 0x2a, 0x73,
  0x70, 0x76, 0x44, 0x65, 0x73, 0x63, 0x72, 0x69, 0x70, 0x74, 0x6f, 0x72,
  0x53, 0x65, 0x74, 0x30, 0x2e, 0x66, 0x72, 0x61, 0x6d, 0x65, 0x55, 0x6e,
  0x69, 0x66, 0x6f, 0x72, 0x6d, 0x73, 0x29, 0x2e, 0x76, 0x73, 0x6d, 0x4d,
  0x61, 0x78, 0x4d, 0x6f, 0x6d, 0x65, 0x6e, 0x74, 0x29, 0x29, 0x3b, 0x0a,
  0x00, 0x20, 0x20, 0x20, 0x20, 0x6f, 0x75, 0x74, 0x2e, 0x66, 0x72, 0x61,
  0x67, 0x43, 0x6f, 0x6c, 0x6f, 0x72, 0x20, 0x3d, 0x20, 0x66, 0x6c, 0x6f,
  0x61, 0x74, 0x34, 0x28, 0x00, 0x2e, 0x78, 0x2c, 0x20, 0x00, 0x4c, 0x54,
  0x45, 0x4d, 0x5f, 0x54, 0x41, 0x4d, 0x2c, 0x24, 0x00, 0x00, 0xa0, 0x00,
  0x9e, 0x00, 0x7c, 0x00, 0x00, 0x00, 0x12, 0x00, 0x00, 0x00, 0x00, 0x00,
  0x00, 0x00, 0x02, 0x00, 0x00, 0x8e, 0x00, 0x00, 0x00, 0x02, 0x00, 0x01,
  0x76, 0x01, 0x00, 0x00, 0x02, 0x02, 0x00, 0x71, 0x02, 0x00, 0x00, 0x02,
  0x08, 0x00, 0x04, 0x04, 0x00, 0x00, 0x02, 0x0a, 0x00, 0xa8, 0x07, 0x00,
  0x00, 0x02, 0x10, 0x00, 0xfc, 0x0b, 0x00, 0x00, 0x02, 0x10, 0x01, 0xc2,
  0x0c, 0x00, 0x00, 0x02, 0x12, 0x00, 0xdf, 0x0c, 0x00, 0x00, 0x02, 0x18,
  0x00, 0x50, 0x0e, 0x00, 0x00, 0x02, 0x1a, 0x00, 0xd2, 0x11, 0x00, 0x00,
  0x02, 0x20, 0x01, 0x04, 0x16, 0x00, 0x00, 0x02, 0x30, 0x01, 0xb4, 0x18,
  0x00, 0x00, 0x02, 0x50, 0x00, 0x03, 0x19, 0x00, 0x00, 0x02, 0x50, 0x01,
  0xda, 0x19, 0x00, 0x00, 0x02, 0x52, 0x00, 0xd4, 0x1a, 0x00, 0x00, 0x02,
  0x58, 0x00, 0x56, 0x1c, 0x00, 0x00, 0x02, 0x5a, 0x00, 0xe9, 0x1f, 0x00,
  0x00, 0x02, 0x70, 0x01, 0x76, 0x01, 0x00, 0x00, 0xb8, 0x14, 0x00, 0x00,
  0xbd, 0x00, 0x00, 0x00, 0x07, 0x00, 0x00, 0x00, 0xbd, 0x00, 0x00, 0x00,
  0x10, 0x00, 0x00, 0x00, 0x0f, 0x10, 0x00, 0x11, 0x00, 0x7a, 0x03, 0x7b,
  0x7c, 0x7d, 0x7e, 0x7f, 0x80, 0x81, 0x02, 0x00, 0x82, 0x83, 0x84, 0x85,
  0x00, 0x86, 0x03, 0x87, 0x02, 0x00, 0x1c, 0x03, 0x1d, 0x1e, 0x1f, 0x20,
  0x21, 0x22, 0x23, 0x24, 0x25, 0x26, 0x27, 0x12, 0x28, 0x29, 0x2a, 0x2b,
  0x2c, 0x2d, 0x2e, 0x2f, 0x30, 0x31, 0x32, 0x33, 0x34, 0x35, 0x36, 0x37,
  0x38, 0x39, 0x3a, 0x3b, 0x3c, 0x3d, 0x3e, 0x3f, 0x40, 0x41, 0x42, 0x43,
  0x44, 0x45, 0x46, 0x47, 0x48, 0x49, 0x4a, 0x4b, 0x4c, 0x4d, 0x4e, 0x4f,
  0x50, 0x51, 0x52, 0x53, 0x54, 0x55, 0x56, 0x57, 0x58, 0x59, 0x5a, 0x5b,
  0x5c, 0x5d, 0x5e, 0x5f, 0x60, 0x61, 0x62, 0x63, 0x64, 0x65, 0x66, 0x67,
  0x68, 0x69, 0x6a, 0x6b, 0x6c, 0x6d, 0x6e, 0x6f, 0x70, 0x71, 0x72, 0x73,
  0x74, 0x75, 0x02, 0x00, 0x76, 0x9e, 0x77, 0x78, 0x9f, 0x02, 0x00, 0x88,
  0x89, 0x8a, 0x8b, 0x8c, 0x8d, 0x8e, 0xac, 0xad, 0xae, 0xaf, 0xb0, 0xb1,
  0x02, 0x00, 0x13, 0x03, 0x17, 0x18, 0x8f, 0x90, 0xb2, 0x02, 0x00, 0x14,
  0x03, 0xb3, 0xf0, 0x02, 0x00, 0xc8, 0x03, 0x91, 0x15, 0xb4, 0x07, 0xfe,
  0xf0, 0xf0, 0xf0, 0xfe, 0x19, 0xf0, 0xfe, 0x92, 0xf0, 0xfe, 0x96, 0x07,
  0xfe, 0xf0, 0xfe, 0x01, 0xb5, 0xfe, 0x01, 0xb6, 0xfe, 0x01, 0x16, 0x0a,
  0x00, 0x29, 0x46, 0x2a, 0x2b, 0x2c, 0x2d, 0x2e, 0xc2, 0x89, 0xc2, 0x89,
  0xc2, 0x89, 0xc2, 0x89, 0xe2, 0x32, 0xc2, 0x89, 0xe2, 0x32, 0xe2, 0x32,
  0x64, 0x09, 0x00, 0x00, 0x93, 0x00, 0x00, 0x00, 0x00, 0x00, 0x00, 0x00,
  0x93, 0x00, 0x00, 0x00, 0x54, 0x00, 0x00, 0x00, 0x0f, 0x10, 0x00, 0x11,
  0x00, 0xa5, 0x03, 0xa6, 0xa7, 0xa8, 0x12, 0xa9, 0xaa, 0xab, 0xac, 0x02,
  0x00, 0xad, 0xae, 0xaf, 0x02, 0x00, 0x13, 0x03, 0xa4, 0x02, 0x00, 0x14,
  0x03, 0x17, 0x18, 0x02, 0x00, 0xd0, 0x03, 0xb0, 0x15, 0xa0, 0xfe, 0xb1,
  0xa0, 0xfe, 0x01, 0x06, 0xfe, 0x01, 0x1a, 0xfe, 0xb2, 0xfe, 0x01, 0x1a,
  0xfe, 0xb3, 0x1b, 0xfe, 0xb4, 0x06, 0xfe, 0xb5, 0xb6, 0xfe, 0xb7, 0x09,
  0xa2, 0xfe, 0xb8, 0xfe, 0x08, 0xa2, 0xfe, 0xb9, 0xfe, 0x08, 0xa2, 0xfe,
  0x93, 0xfe, 0xa3, 0xfe, 0xba, 0xfe, 0xbb, 0xa1, 0xfe, 0x04, 0xfe, 0x19,
  0xa1, 0xfe, 0x04, 0xfe, 0xbc, 0xfe, 0xbd, 0xfe, 0xbe, 0xfe, 0xbf, 0xfe,
  0xc0, 0xfe, 0xc1, 0xfe, 0xc2, 0xfe, 0x97, 0x05, 0xfe, 0x93, 0xfe, 0xc3,
  0xfe, 0xc4, 0x05, 0xfe, 0xc5, 0x05, 0xfe, 0xc6, 0xfe, 0x01, 0x05, 0xfe,
  0x98, 0xc7, 0x0b, 0xa0, 0xfe, 0xc8, 0x06, 0xfe, 0xc9, 0xfe, 0xca, 0xfe,
  0xcb, 0xfe, 0xcc, 0xcd, 0xfe, 0x0e, 0xfe, 0x08, 0x16, 0x0a, 0x00, 0xe9,
  0x46, 0xa7, 0x57, 0xa5, 0x6c, 0xa7, 0x57, 0xe9, 0x46, 0xa5, 0x6c, 0xb9,
  0x3d, 0x88, 0x70, 0xb9, 0x3d, 0xc1, 0xa7, 0xa7, 0x57, 0xf8, 0x9b, 0xa7,
  0x57, 0xaf, 0x9c, 0xf8, 0x9b, 0xf8, 0x9b, 0xf8, 0x9b, 0xab, 0x40, 0xaf,
  0x9c, 0xc5, 0x46, 0x88, 0x70, 0xc1, 0xa7, 0xc1, 0xa7, 0xab, 0x40, 0xc1,
  0xa7, 0xc1, 0xa7, 0xab, 0x40, 0xaf, 0x9c, 0xa7, 0x57, 0xa7, 0x57, 0xe9,
  0x46, 0x88, 0x70, 0xa5, 0x6c, 0xc5, 0x46, 0xb9, 0x3d, 0xf5, 0x9a, 0xbb,
  0xa9, 0xa5, 0x6c, 0xf5, 0x9a, 0xf5, 0x9a, 0xbb, 0xa9, 0xbb, 0xa9, 0x3a,
  0x1a, 0x00, 0x00, 0x20, 0x01, 0x00, 0x00, 0x0b, 0x00, 0x00, 0x00, 0x20,
  0x01, 0x00, 0x00, 0x54, 0x00, 0x00, 0x00, 0xc2, 0x00, 0x0f, 0x10, 0x00,
  0x11, 0x00, 0xc3, 0xc4, 0xc5, 0x03, 0xc6, 0xc7, 0x0a, 0x00, 0x7a, 0x03,
  0x7b, 0x7c, 0x7d, 0x7e, 0x7f, 0x80, 0x81, 0x02, 0x00, 0x82, 0x83, 0x84,
  0x85, 0x00, 0x86, 0x03, 0x87, 0x02, 0x00, 0xc9, 0xca, 0x00, 0x1c, 0x03,
  0x1d, 0x1e, 0x1f, 0x20, 0x21, 0x22, 0x23, 0x24, 0x25, 0x26, 0x27, 0x12,
  0x28, 0x29, 0x2a, 0x2b, 0x2c, 0x2d, 0x2e, 0x2f, 0x30, 0x31, 0x32, 0x33,
  0x34, 0x35, 0x36, 0x37, 0x38, 0x39, 0x3a, 0x3b, 0x3c, 0x3d, 0x3e, 0x3f,
  0x40, 0x41, 0x42, 0x43, 0x44, 0x45, 0x46, 0x47, 0x48, 0x49, 0x4a, 0x4b,
  0x4c, 0x4d, 0x4e, 0x4f, 0x50, 0x51, 0x52, 0x53, 0x54, 0x55, 0x56, 0x57,
  0x58, 0x59, 0x5a, 0x5b, 0x5c, 0x5d, 0x5e, 0x5f, 0x60, 0x61, 0x62, 0x63,
  0x64, 0x65, 0x66, 0x67, 0x68, 0x69, 0x6a, 0x6b, 0x6c, 0x6d, 0x6e, 0x6f,
  0x70, 0x71, 0x72, 0x73, 0x74, 0x75, 0x02, 0x00, 0x76, 0x9e, 0x77, 0x78,
  0x9f, 0x02, 0x00, 0x88, 0x89, 0x8a, 0x8b, 0x8c, 0x8d, 0x8e, 0xac, 0xad,
  0xae, 0xaf, 0xb0, 0xb1, 0x02, 0x00, 0x13, 0x03, 0x17, 0x18, 0x8f, 0x90,
  0xb2, 0xcb, 0xcc, 0xcd, 0x02, 0x00, 0x14, 0x03, 0xb3, 0xf0, 0x02, 0x00,
  0xc8, 0x03, 0x91, 0x15, 0xb4, 0x1b, 0xfe, 0xce, 0x07, 0xfe, 0xf0, 0xfe,
  0xf0, 0xfe, 0xf0, 0xfe, 0xf0, 0xfe, 0xf0, 0xf0, 0xf0, 0xfe, 0x19, 0xf0,
  0xfe, 0x92, 0xf0, 0xfe, 0x96, 0x07, 0xfe, 0xf0, 0xfe, 0x01, 0xb5, 0xfe,
  0x01, 0x1b, 0xfe, 0xcf, 0x06, 0xfe, 0xd0, 0x06, 0xfe, 0xd1, 0xfe, 0x01,
  0x06, 0xfe, 0xd2, 0xfe, 0x01, 0x06, 0xfe, 0x04, 0xfe, 0xb7, 0xfe, 0x08,
  0x06, 0xfe, 0x04, 0xfe, 0xd3, 0x06, 0xfe, 0x93, 0xfe, 0xd4, 0xfe, 0xd5,
  0xfe, 0xd6, 0xfe, 0xb8, 0xfe, 0x08, 0x07, 0xfe, 0x04, 0xfe, 0x01, 0x1a,
  0xfe, 0x94, 0xfe, 0x01, 0xd7, 0xfe, 0xd8, 0xfe, 0xb8, 0xfe, 0x08, 0xd9,
  0xfe, 0xda, 0xfe, 0xb7, 0xfe, 0xdb, 0xfe, 0xdc, 0xb6, 0xfe, 0x01, 0xdd,
  0xfe, 0x01, 0xde, 0xdf, 0x16, 0x0a, 0x00, 0x29, 0x2f, 0x34, 0x35, 0x36,
  0x30, 0x2a, 0x2b, 0x2c, 0x2d, 0x31, 0xc6, 0x60, 0xc2, 0x89, 0xc6, 0x60,
  0xc6, 0x60, 0xc6, 0x60, 0xc6, 0x60, 0xc2, 0x89, 0xc2, 0x89, 0xc2, 0x89,
  0x96, 0x32, 0xc2, 0x89, 0x96, 0x32, 0xbb, 0x57, 0xc6, 0x6e, 0xa5, 0x92,
  0xc6, 0x6e, 0xd6, 0x4a, 0xc6, 0x6e, 0x8c, 0xb3, 0xa5, 0x92, 0xbb, 0x57,
  0x92, 0xb8, 0x96, 0x32, 0xeb, 0xa0, 0x96, 0x32, 0xd6, 0x4a, 0xd6, 0x4a,
  0x8c, 0xb3, 0x92, 0xb8, 0x8a, 0x6c, 0x96, 0x32, 0x8a, 0x6c, 0xeb, 0xa0,
  0xeb, 0xa0, 0x8c, 0xb3, 0x92, 0xb8, 0xeb, 0xa0, 0xa5, 0x92, 0xbb, 0x57,
  0x92, 0xb8, 0x8a, 0x6c, 0xc6, 0x60, 0xb2, 0x27, 0x00, 0x00, 0x3c, 0x02,
  0x00, 0x00, 0x35, 0x00, 0x00, 0x00, 0x3c, 0x02, 0x00, 0x00, 0x1f, 0x01,
  0x00, 0x00, 0xc2, 0x00, 0x0f, 0x10, 0x00, 0x11, 0x00, 0xc3, 0xc4, 0xc5,
  0x03, 0xc6, 0xc7, 0x0a, 0x00, 0x7a, 0x03, 0x7b, 0x7c, 0x7d, 0x7e, 0x7f,
  0x80, 0x81, 0x02, 0x00, 0x82, 0x83, 0x84, 0x85, 0x00, 0x86, 0x03, 0x87,
  0x02, 0x00, 0x1c, 0x03, 0x1d, 0x1e, 0x1f, 0x20, 0x21, 0x22, 0x23, 0x24,
  0x25, 0x26, 0x27, 0x12, 0x28, 0x29, 0x2a, 0x2b, 0x2c, 0x2d, 0x2e, 0x2f,
  0x30, 0x31, 0x32, 0x33, 0x34, 0x35, 0x36, 0x37, 0x38, 0x39, 0x3a, 0x3b,
  0x3c, 0x3d, 0x3e, 0x3f, 0x40, 0x41, 0x42, 0x43, 0x44, 0x45, 0x46, 0x47,
  0x48, 0x49, 0x4a, 0x4b, 0x4c, 0x4d, 0x4e, 0x4f, 0x50, 0x51, 0x52, 0x53,
  0x54, 0x55, 0x56, 0x57, 0x58, 0x59, 0x5a, 0x5b, 0x5c, 0x5d, 0x5e, 0x5f,
  0x60, 0x61, 0x62, 0x63, 0x64, 0x65, 0x66, 0x67, 0x68, 0x69, 0x6a, 0x6b,
  0x6c, 0x6d, 0x6e, 0x6f, 0x70, 0x71, 0x72, 0x73, 0x74, 0x75, 0x02, 0x00,
  0xe0, 0x03, 0xe1, 0xe2, 0xe3, 0x02, 0x00, 0xe4, 0x03, 0xe5, 0x02, 0x00,
  0xe6, 0x03, 0xe7, 0x02, 0x00, 0xe8, 0x03, 0xe9, 0x02, 0x00, 0x9b, 0xfe,
  0x9c, 0x00, 0x76, 0x9e, 0x77, 0x78, 0x9f, 0x02, 0x00, 0x88, 0x89, 0x8a,
  0x8b, 0x8c, 0x8d, 0x8e, 0xac, 0xad, 0xae, 0xaf, 0xb0, 0xb1, 0x02, 0x00,
  0x13, 0x03, 0x17, 0x18, 0x8f, 0x90, 0xb2, 0x02, 0x00, 0x14, 0x03, 0xb3,
  0xf0, 0xea, 0xeb, 0x02, 0x00, 0xec, 0x03, 0x91, 0xed, 0x15, 0xb4, 0x07,
  0xfe, 0x01, 0xf0, 0x09, 0xee, 0xfe, 0xef, 0xb9, 0xfe, 0x01, 0xaa, 0xfe,
  0x01, 0x05, 0xfe, 0xf0, 0xfe, 0xf0, 0xfe, 0xf0, 0x05, 0xfe, 0xba, 0xb9,
  0xfe, 0x01, 0xaa, 0xfe, 0x01, 0xf0, 0xfe, 0xf0, 0xfe, 0xf0, 0xfe, 0x04,
  0xfe, 0x0e, 0xfe, 0x04, 0xfe, 0x0e, 0xfe, 0xf0, 0x0c, 0xf0, 0xfe, 0xf0,
  0xa8, 0xf0, 0xfe, 0x04, 0xfe, 0x01, 0xa0, 0xfe, 0x95, 0xfe, 0x01, 0xa0,
  0xfe, 0x04, 0xfe, 0x01, 0xa0, 0xfe, 0x04, 0xfe, 0xf0, 0xfe, 0xf0, 0xfe,
  0xf0, 0xfe, 0xf0, 0xa9, 0xf0, 0xa8, 0xa0, 0xfe, 0x04, 0xfe, 0x01, 0xa0,
  0xfe, 0x04, 0xfe, 0x01, 0xa9, 0x79, 0x05, 0xfe, 0x04, 0xfe, 0x01, 0x0b,
  0xbb, 0x09, 0x05, 0xfe, 0xba, 0x0b, 0x07, 0xfe, 0x01, 0xf0, 0x09, 0x99,
  0xfe, 0x01, 0xf0, 0x0c, 0xf0, 0xa8, 0xa7, 0xfe, 0xbc, 0xa7, 0xfe, 0xbd,
  0xa7, 0xfe, 0xbe, 0xa7, 0xfe, 0xf0, 0xa0, 0xfe, 0xf0, 0xfe, 0xa1, 0xfe,
  0xa2, 0xfe, 0xa3, 0xfe, 0xa4, 0xfe, 0xa5, 0xfe, 0xa6, 0xfe, 0xbf, 0xfe,
  0xa1, 0xfe, 0xa2, 0xfe, 0xa3, 0xfe, 0xa4, 0xfe, 0xa5, 0xfe, 0xa6, 0xfe,
  0xc0, 0xfe, 0xa1, 0xfe, 0xa2, 0xfe, 0xa3, 0xfe, 0xa4, 0xfe, 0xa5, 0xfe,
  0xa6, 0xfe, 0xf0, 0xfe, 0xa1, 0xfe, 0xa2, 0xfe, 0xa3, 0xfe, 0xa4, 0xfe,
  0xa5, 0xfe, 0xa6, 0xfe, 0xf0, 0xf0, 0xa9, 0xab, 0xfe, 0xbc, 0xab, 0xfe,
  0xbd, 0xab, 0xfe, 0xbe, 0xc1, 0xfe, 0xf0, 0xc1, 0xfe, 0x04, 0xfe, 0xf0,
  0xf0, 0xfe, 0x01, 0x0d, 0xfe, 0xf0, 0xfe, 0xa1, 0xfe, 0xa2, 0xfe, 0xa3,
  0xfe, 0xa4, 0xfe, 0xa5, 0xfe, 0xa6, 0xfe, 0xbf, 0xfe, 0xa1, 0xfe, 0xa2,
  0xfe, 0xa3, 0xfe, 0xa4, 0xfe, 0xa5, 0xfe, 0xa6, 0xfe, 0xc0, 0xfe, 0xa1,
  0xfe, 0xa2, 0xfe, 0xa3, 0xfe, 0xa4, 0xfe, 0xa5, 0xfe, 0xa6, 0xfe, 0xf0,
  0xf0, 0xfe, 0x04, 0xfe, 0xf0, 0xfe, 0xf0, 0xfe, 0xf0, 0xa8, 0xf0, 0xfe,
  0xf0, 0xfe, 0xf0, 0xfe, 0xf0, 0xa7, 0xfe, 0xf0, 0xfe, 0xf0, 0xa0, 0xfe,
  0xf0, 0xfe, 0xa1, 0xfe, 0xa2, 0xfe, 0xa3, 0xfe, 0xa4, 0xfe, 0xa5, 0xfe,
  0xa6, 0xfe, 0xf0, 0xfe, 0x97, 0xa0, 0xfe, 0x98, 0xf0, 0xa9, 0x0d, 0xfe,
  0x04, 0xfe, 0x01, 0x9a, 0xf0, 0xaa, 0xfe, 0x01, 0x05, 0xfe, 0x94, 0xfe,
  0x19, 0x05, 0xfe, 0x9d, 0xfe, 0x92, 0x05, 0xfe, 0x95, 0xfe, 0x96, 0x05,
  0xfe, 0x04, 0xfe, 0x01, 0x0b, 0xbb, 0x09, 0x05, 0xfe, 0x04, 0xfe, 0x01,
  0x0b, 0x07, 0xfe, 0xf0, 0xfe, 0xf0, 0xfe, 0xf0, 0xfe, 0xf0, 0xf0, 0xf0,
  0xfe, 0x19, 0xf0, 0xfe, 0x92, 0xf0, 0xfe, 0x96, 0x07, 0xfe, 0xf0, 0xfe,
  0x01, 0xb5, 0xfe, 0x01, 0xb6, 0xfe, 0x01, 0x16, 0x0a, 0x00, 0x29, 0x37,
  0x00, 0x01, 0x02, 0x03, 0x04, 0x38, 0x05, 0x06, 0x07, 0x08, 0x09, 0x0a,
  0x0b, 0x0c, 0x0d, 0x39, 0x0e, 0x0f, 0x10, 0x11, 0x12, 0x13, 0x14, 0x15,
  0x16, 0x17, 0x18, 0x19, 0x1a, 0x1b, 0x1c, 0x1d, 0x1e, 0x1f, 0x20, 0x21,
  0x22, 0x23, 0x24, 0x25, 0x26, 0x27, 0x47, 0x3a, 0x3b, 0x48, 0x2a, 0x2b,
  0x2c, 0x2d, 0x2e, 0x02, 0xbf, 0x8a, 0xa2, 0x97, 0xa7, 0x57, 0xfc, 0x65,
  0xa7, 0x57, 0xa2, 0x97, 0xa2, 0x97, 0xfc, 0x65, 0xf3, 0x57, 0x8d, 0x6b,
  0xb9, 0x3d, 0xb9, 0x3d, 0xa7, 0x57, 0xf3, 0x57, 0xfc, 0x65, 0x8d, 0x6b,
  0xb9, 0x3d, 0xb9, 0x3d, 0xa3, 0x66, 0xa7, 0x57, 0xa3, 0x66, 0xb9, 0x3d,
  0xf3, 0x57, 0xa3, 0x66, 0x8d, 0x6b, 0xfc, 0x65, 0xa3, 0x66, 0xa3, 0x66,
  0xb9, 0x3d, 0xf3, 0x57, 0xa7, 0x57, 0x8d, 0x6b, 0xfc, 0x65, 0xbf, 0x8a,
  0xfc, 0x65, 0xbf, 0x8a, 0xd0, 0x87, 0xe3, 0x87, 0xcb, 0x6c, 0xd2, 0x75,
  0xd3, 0x75, 0xd4, 0x75, 0xe3, 0x87, 0xcb, 0x6c, 0xbf, 0x8a, 0xcb, 0x6c,
  0xbf, 0x8a, 0xcb, 0x6c, 0xbf, 0x8a, 0xcb, 0x6c, 0xd2, 0x75, 0xbf, 0x8a,
  0xd2, 0x75, 0xbf, 0x8a, 0xd2, 0x75, 0xbf, 0x8a, 0xd2, 0x75, 0xd3, 0x75,
  0xbf, 0x8a, 0xd3, 0x75, 0xbf, 0x8a, 0xd3, 0x75, 0xbf, 0x8a, 0xd3, 0x75,
  0xd4, 0x75, 0xbf, 0x8a, 0xd4, 0x75, 0xbf, 0x8a, 0xd4, 0x75, 0xbf, 0x8a,
  0xd4, 0x75, 0xcc, 0x6c, 0xd5, 0x75, 0xd6, 0x75, 0xe9, 0x38, 0xaa, 0xab,
  0xe9, 0x38, 0x88, 0x4d, 0x88, 0x4d, 0xcc, 0x6c, 0xbf, 0x8a, 0xcc, 0x6c,
  0xbf, 0x8a, 0xcc, 0x6c, 0xbf, 0x8a, 0xcc, 0x6c, 0xd5, 0x75, 0xbf, 0x8a,
  0xd5, 0x75, 0xbf, 0x8a, 0xd5, 0x75, 0xbf, 0x8a, 0xd5, 0x75, 0xd6, 0x75,
  0xbf, 0x8a, 0xd6, 0x75, 0xbf, 0x8a, 0xd6, 0x75, 0xbf, 0x8a, 0xd6, 0x75,
  0xf6, 0x6a, 0xe9, 0x38, 0xf6, 0x6a, 0xaa, 0xab, 0xc1, 0xc2, 0xf6, 0x6a,
  0xf6, 0x6a, 0xd7, 0x75, 0xc1, 0xc2, 0x88, 0x4d, 0xd7, 0x75, 0xbf, 0x8a,
  0xd7, 0x75, 0xbf, 0x8a, 0xd7, 0x75, 0xbf, 0x8a, 0xd7, 0x75, 0xc1, 0xc2,
  0xf6, 0x6a, 0xe3, 0x87, 0x88, 0x4d, 0xdf, 0xab, 0xdf, 0xab, 0xe3, 0x87,
  0xdf, 0xab, 0xe3, 0x87, 0xdf, 0xab, 0xe3, 0x87, 0xd0, 0x87, 0xdf, 0xab,
  0xd0, 0x87, 0xbf, 0x8a, 0xc2, 0x89, 0xd0, 0x87, 0xd0, 0x87, 0xd0, 0x87,
  0xc2, 0x89, 0xc2, 0x89, 0xc2, 0x89, 0xe2, 0x32, 0xc2, 0x89, 0xe2, 0x32,
  0xe2, 0x32, 0xcb, 0x2b, 0x00, 0x00, 0x9b, 0x02, 0x00, 0x00, 0x3c, 0x00,
  0x00, 0x00, 0x9b, 0x02, 0x00, 0x00, 0x69, 0x01, 0x00, 0x00, 0xc2, 0x00,
  0x0f, 0x10, 0x00, 0x11, 0x00, 0xc3, 0xc4, 0xc5, 0x03, 0xc6, 0xc7, 0x0a,
  0x00, 0x7a, 0x03, 0x7b, 0x7c, 0x7d, 0x7e, 0x7f, 0x80, 0x81, 0x02, 0x00,
  0x82, 0x83, 0x84, 0x85, 0x00, 0x86, 0x03, 0x87, 0x02, 0x00, 0xc9, 0xca,
  0x00, 0x1c, 0x03, 0x1d, 0x1e, 0x1f, 0x20, 0x21, 0x22, 0x23, 0x24, 0x25,
  0x26, 0x27, 0x12, 0x28, 0x29, 0x2a, 0x2b, 0x2c, 0x2d, 0x2e, 0x2f, 0x30,
  0x31, 0x32, 0x33, 0x34, 0x35, 0x36, 0x37, 0x38, 0x39, 0x3a, 0x3b, 0x3c,
  0x3d, 0x3e, 0x3f, 0x40, 0x41, 0x42, 0x43, 0x44, 0x45, 0x46, 0x47, 0x48,
  0x49, 0x4a, 0x4b, 0x4c, 0x4d, 0x4e, 0x4f, 0x50, 0x51, 0x52, 0x53, 0x54,
  0x55, 0x56, 0x57, 0x58, 0x59, 0x5a, 0x5b, 0x5c, 0x5d, 0x5e, 0x5f, 0x60,
  0x61, 0x62, 0x63, 0x64, 0x65, 0x66, 0x67, 0x68, 0x69, 0x6a, 0x6b, 0x6c,
  0x6d, 0x6e, 0x6f, 0x70, 0x71, 0x72, 0x73, 0x74, 0x75, 0x02, 0x00, 0xe0,
  0x03, 0xe1, 0xe2, 0xe3, 0x02, 0x00, 0xe4, 0x03, 0xe5, 0x02, 0x00, 0xe6,
  0x03, 0xe7, 0x02, 0x00, 0xe8, 0x03, 0xe9, 0x02, 0x00, 0x9b, 0xfe, 0x9c,
  0x00, 0x76, 0x9e, 0x77, 0x78, 0x9f, 0x02, 0x00, 0x88, 0x89, 0x8a, 0x8b,
  0x8c, 0x8d, 0x8e, 0xac, 0xad, 0xae, 0xaf, 0xb0, 0xb1, 0x02, 0x00, 0x13,
  0x03, 0x17, 0x18, 0x8f, 0x90, 0xb2, 0xcb, 0xcc, 0xcd, 0x02, 0x00, 0x14,
  0x03, 0xb3, 0xf0, 0xea, 0xeb, 0x02, 0x00, 0xec, 0x03, 0x91, 0xed, 0x15,
  0xb4, 0x1b, 0xfe, 0xce, 0x07, 0xfe, 0x01, 0xf0, 0xfe, 0xf0, 0x09, 0xee,
  0xfe, 0xef, 0xb9, 0xfe, 0x01, 0xaa, 0xfe, 0x01, 0x05, 0xfe, 0xf0, 0xfe,
  0xf0, 0xfe, 0xf0, 0x05, 0xfe, 0xba, 0xb9, 0xfe, 0x01, 0xaa, 0xfe, 0x01,
  0xf0, 0xfe, 0xf0, 0xfe, 0xf0, 0xfe, 0xf0, 0xfe, 0x04, 0xfe, 0x0e, 0xfe,
  0x04, 0xfe, 0x0e, 0xfe, 0xf0, 0x0c, 0xf0, 0xfe, 0xf0, 0xa8, 0xf0, 0xfe,
  0x04, 0xfe, 0x01, 0xa0, 0xfe, 0x95, 0xfe, 0x01, 0xa0, 0xfe, 0x04, 0xfe,
  0x01, 0xa0, 0xfe, 0x04, 0xfe, 0xf0, 0xfe, 0xf0, 0xfe, 0xf0, 0xfe, 0xf0,
  0xa9, 0xf0, 0xa8, 0xa0, 0xfe, 0x04, 0xfe, 0x01, 0xa0, 0xfe, 0x04, 0xfe,
  0x01, 0xa9, 0x79, 0x05, 0xfe, 0x04, 0xfe, 0x01, 0x0b, 0xbb, 0x09, 0x05,
  0xfe, 0xba, 0x0b, 0x07, 0xfe, 0x01, 0xf0, 0xfe, 0xf0, 0x09, 0x99, 0xfe,
  0x01, 0xf0, 0x0c, 0xf0, 0xa8, 0xa7, 0xfe, 0xbc, 0xa7, 0xfe, 0xbd, 0xa7,
  0xfe, 0xbe, 0xa7, 0xfe, 0xf0, 0xa0, 0xfe, 0xf0, 0xfe, 0xa1, 0xfe, 0xa2,
  0xfe, 0xa3, 0xfe, 0xa4, 0xfe, 0xa5, 0xfe, 0xa6, 0xfe, 0xbf, 0xfe, 0xa1,
  0xfe, 0xa2, 0xfe, 0xa3, 0xfe, 0xa4, 0xfe, 0xa5, 0xfe, 0xa6, 0xfe, 0xc0,
  0xfe, 0xa1, 0xfe, 0xa2, 0xfe, 0xa3, 0xfe, 0xa4, 0xfe, 0xa5, 0xfe, 0xa6,
  0xfe, 0xf0, 0xfe, 0xa1, 0xfe, 0xa2, 0xfe, 0xa3, 0xfe, 0xa4, 0xfe, 0xa5,
  0xfe, 0xa6, 0xfe, 0xf0, 0xf0, 0xa9, 0xab, 0xfe, 0xbc, 0xab, 0xfe, 0xbd,
  0xab, 0xfe, 0xbe, 0xc1, 0xfe, 0xf0, 0xc1, 0xfe, 0x04, 0xfe, 0xf0, 0xf0,
  0xfe, 0x01, 0x0d, 0xfe, 0xf0, 0xfe, 0xa1, 0xfe, 0xa2, 0xfe, 0xa3, 0xfe,
  0xa4, 0xfe, 0xa5, 0xfe, 0xa6, 0xfe, 0xbf, 0xfe, 0xa1, 0xfe, 0xa2, 0xfe,
  0xa3, 0xfe, 0xa4, 0xfe, 0xa5, 0xfe, 0xa6, 0xfe, 0xc0, 0xfe, 0xa1, 0xfe,
  0xa2, 0xfe, 0xa3, 0xfe, 0xa4, 0xfe, 0xa5, 0xfe, 0xa6, 0xfe, 0xf0, 0xf0,
  0xfe, 0x04, 0xfe, 0xf0, 0xfe, 0xf0, 0xfe, 0xf0, 0xa8, 0xf0, 0xfe, 0xf0,
  0xfe, 0xf0, 0xfe, 0xf0, 0xa7, 0xfe, 0xf0, 0xfe, 0xf0, 0xa0, 0xfe, 0xf0,
  0xfe, 0xa1, 0xfe, 0xa2, 0xfe, 0xa3, 0xfe, 0xa4, 0xfe, 0xa5, 0xfe, 0xa6,
  0xfe, 0xf0, 0xfe, 0x97, 0xa0, 0xfe, 0x98, 0xf0, 0xa9, 0x0d, 0xfe, 0x04,
  0xfe, 0x01, 0x9a, 0xf0, 0xaa, 0xfe, 0x01, 0x05, 0xfe, 0x94, 0xfe, 0x19,
  0x05, 0xfe, 0x9d, 0xfe, 0x92, 0x05, 0xfe, 0x95, 0xfe, 0x96, 0x05, 0xfe,
  0x04, 0xfe, 0x01, 0x0b, 0xbb, 0x09, 0x05, 0xfe, 0x04, 0xfe, 0x01, 0x0b,
  0x07, 0xfe, 0xf0, 0xfe, 0xf0, 0xfe, 0xf0, 0xfe, 0xf0, 0xfe, 0xf0, 0xfe,
  0xf0, 0xfe, 0xf0, 0xfe, 0xf0, 0xf0, 0xf0, 0xfe, 0x19, 0xf0, 0xfe, 0x92,
  0xf0, 0xfe, 0x96, 0x07, 0xfe, 0xf0, 0xfe, 0x01, 0xb5, 0xfe, 0x01, 0x1b,
  0xfe, 0xcf, 0x06, 0xfe, 0xd0, 0x06, 0xfe, 0xd1, 0xfe, 0x01, 0x06, 0xfe,
  0xd2, 0xfe, 0x01, 0x06, 0xfe, 0x04, 0xfe, 0xb7, 0xfe, 0x08, 0x06, 0xfe,
  0x04, 0xfe, 0xd3, 0x06, 0xfe, 0x93, 0xfe, 0xd4, 0xfe, 0xd5, 0xfe, 0xd6,
  0xfe, 0xb8, 0xfe, 0x08, 0x07, 0xfe, 0x04, 0xfe, 0x01, 0x1a, 0xfe, 0x94,
  0xfe, 0x01, 0xd7, 0xfe, 0xd8, 0xfe, 0xb8, 0xfe, 0x08, 0xd9, 0xfe, 0xda,
  0xfe, 0xb7, 0xfe, 0xdb, 0xfe, 0xdc, 0xb6, 0xfe, 0x01, 0xdd, 0xfe, 0x01,
  0xde, 0xdf, 0x16, 0x0a, 0x00, 0x29, 0x28, 0x3c, 0x00, 0x01, 0x02, 0x03,
  0x04, 0x3d, 0x3e, 0x05, 0x06, 0x07, 0x08, 0x09, 0x0a, 0x0b, 0x0c, 0x0d,
  0x28, 0x3f, 0x0e, 0x0f, 0x10, 0x11, 0x12, 0x13, 0x14, 0x15, 0x16, 0x17,
  0x18, 0x19, 0x1a, 0x1b, 0x1c, 0x1d, 0x1e, 0x1f, 0x20, 0x21, 0x22, 0x23,
  0x24, 0x25, 0x26, 0x27, 0x2f, 0x40, 0x41, 0x42, 0x43, 0x44, 0x45, 0x30,
  0x2a, 0x2b, 0x2c, 0x2d, 0x31, 0x02, 0xc6, 0x60, 0xbf, 0x8a, 0xc6, 0x60,
  0xa2, 0x97, 0xa7, 0x57, 0xfc, 0x65, 0xa7, 0x57, 0xa2, 0x97, 0xa2, 0x97,
  0xfc, 0x65, 0xf3, 0x57, 0x8d, 0x6b, 0xb9, 0x3d, 0xb9, 0x3d, 0xc6, 0x60,
  0xa7, 0x57, 0xf3, 0x57, 0xfc, 0x65, 0x8d, 0x6b, 0xb9, 0x3d, 0xb9, 0x3d,
  0xa3, 0x66, 0xa7, 0x57, 0xa3, 0x66, 0xb9, 0x3d, 0xf3, 0x57, 0xa3, 0x66,
  0x8d, 0x6b, 0xfc, 0x65, 0xa3, 0x66, 0xa3, 0x66, 0xb9, 0x3d, 0xf3, 0x57,
  0xa7, 0x57, 0x8d, 0x6b, 0xfc, 0x65, 0xbf, 0x8a, 0xfc, 0x65, 0xbf, 0x8a,
  0xd0, 0x87, 0xc6, 0x60, 0xe3, 0x87, 0xcb, 0x6c, 0xd2, 0x75, 0xd3, 0x75,
  0xd4, 0x75, 0xe3, 0x87, 0xcb, 0x6c, 0xbf, 0x8a, 0xcb, 0x6c, 0xbf, 0x8a,
  0xcb, 0x6c, 0xbf, 0x8a, 0xcb, 0x6c, 0xd2, 0x75, 0xbf, 0x8a, 0xd2, 0x75,
  0xbf, 0x8a, 0xd2, 0x75, 0xbf, 0x8a, 0xd2, 0x75, 0xd3, 0x75, 0xbf, 0x8a,
  0xd3, 0x75, 0xbf, 0x8a, 0xd3, 0x75, 0xbf, 0x8a, 0xd3, 0x75, 0xd4, 0x75,
  0xbf, 0x8a, 0xd4, 0x75, 0xbf, 0x8a, 0xd4, 0x75, 0xbf, 0x8a, 0xd4, 0x75,
  0xcc, 0x6c, 0xd5, 0x75, 0xd6, 0x75, 0xe9, 0x38, 0xaa, 0xab, 0xe9, 0x38,
  0x88, 0x4d, 0x88, 0x4d, 0xcc, 0x6c, 0xbf, 0x8a, 0xcc, 0x6c, 0xbf, 0x8a,
  0xcc, 0x6c, 0xbf, 0x8a, 0xcc, 0x6c, 0xd5, 0x75, 0xbf, 0x8a, 0xd5, 0x75,
  0xbf, 0x8a, 0xd5, 0x75, 0xbf, 0x8a, 0xd5, 0x75, 0xd6, 0x75, 0xbf, 0x8a,
  0xd6, 0x75, 0xbf, 0x8a, 0xd6, 0x75, 0xbf, 0x8a, 0xd6, 0x75, 0xf6, 0x6a,
  0xe9, 0x38, 0xf6, 0x6a, 0xaa, 0xab, 0xc1, 0xc2, 0xf6, 0x6a, 0xf6, 0x6a,
  0xd7, 0x75, 0xc1, 0xc2, 0x88, 0x4d, 0xd7, 0x75, 0xbf, 0x8a, 0xd7, 0x75,
  0xbf, 0x8a, 0xd7, 0x75, 0xbf, 0x8a, 0xd7, 0x75, 0xc1, 0xc2, 0xf6, 0x6a,
  0xe3, 0x87, 0x88, 0x4d, 0xdf, 0xab, 0xdf, 0xab, 0xe3, 0x87, 0xdf, 0xab,
  0xe3, 0x87, 0xdf, 0xab, 0xe3, 0x87, 0xd0, 0x87, 0xdf, 0xab, 0xd0, 0x87,
  0xbf, 0x8a, 0xc2, 0x89, 0xc6, 0x60, 0xd0, 0x87, 0xc6, 0x60, 0xd0, 0x87,
  0xc6, 0x60, 0xd0, 0x87, 0xc6, 0x60, 0xc2, 0x89, 0xc2, 0x89, 0xc2, 0x89,
  0x96, 0x32, 0xc2, 0x89, 0x96, 0x32, 0xbb, 0x57, 0xc6, 0x6e, 0xa5, 0x92,
  0xc6, 0x6e, 0xd6, 0x4a, 0xc6, 0x6e, 0x8c, 0xb3, 0xa5, 0x92, 0xbb, 0x57,
  0x92, 0xb8, 0x96, 0x32, 0xeb, 0xa0, 0x96, 0x32, 0xd6, 0x4a, 0xd6, 0x4a,
  0x8c, 0xb3, 0x92, 0xb8, 0x8a, 0x6c, 0x96, 0x32, 0x8a, 0x6c, 0xeb, 0xa0,
  0xeb, 0xa0, 0x8c, 0xb3, 0x92, 0xb8, 0xeb, 0xa0, 0xa5, 0x92, 0xbb, 0x57,
  0x92, 0xb8, 0x8a, 0x6c, 0xc6, 0x60, 0x6b, 0x13, 0x00, 0x00, 0xab, 0x00,
  0x00, 0x00, 0x01, 0x00, 0x00, 0x00, 0xab, 0x00, 0x00, 0x00, 0x06, 0x00,
  0x00, 0x00, 0x0f, 0x10, 0x00, 0x11, 0x00, 0x7a, 0x03, 0x7b, 0x7c, 0x7d,
  0x7e, 0x7f, 0x80, 0x81, 0x02, 0x00, 0x82, 0x83, 0x84, 0x85, 0x00, 0x86,
  0x03, 0x87, 0x02, 0x00, 0x1c, 0x03, 0x1d, 0x1e, 0x1f, 0x20, 0x21, 0x22,
  0x23, 0x24, 0x25, 0x26, 0x27, 0x12, 0x28, 0x29, 0x2a, 0x2b, 0x2c, 0x2d,
  0x2e, 0x2f, 0x30, 0x31, 0x32, 0x33, 0x34, 0x35, 0x36, 0x37, 0x38, 0x39,
  0x3a, 0x3b, 0x3c, 0x3d, 0x3e, 0x3f, 0x40, 0x41, 0x42, 0x43, 0x44, 0x45,
  0x46, 0x47, 0x48, 0x49, 0x4a, 0x4b, 0x4c, 0x4d, 0x4e, 0x4f, 0x50, 0x51,
  0x52, 0x53, 0x54, 0x55, 0x56, 0x57, 0x58, 0x59, 0x5a, 0x5b, 0x5c, 0x5d,
  0x5e, 0x5f, 0x60, 0x61, 0x62, 0x63, 0x64, 0x65, 0x66, 0x67, 0x68, 0x69,
  0x6a, 0x6b, 0x6c, 0x6d, 0x6e, 0x6f, 0x70, 0x71, 0x72, 0x73, 0x74, 0x75,
  0x02, 0x00, 0x76, 0x77, 0x78, 0x02, 0x00, 0x88, 0x89, 0x8a, 0x8b, 0x8c,
  0x8d, 0x8e, 0xac, 0xad, 0xae, 0xaf, 0xb0, 0xb1, 0x02, 0x00, 0x13, 0x03,
  0x17, 0x18, 0x8f, 0x90, 0xb2, 0x02, 0x00, 0x14, 0x03, 0xb3, 0x02, 0x00,
  0xc8, 0x03, 0x91, 0x15, 0xb4, 0x07, 0xfe, 0xf0, 0xb5, 0xfe, 0x01, 0xb6,
  0xfe, 0x01, 0x16, 0x0a, 0x00, 0x4b, 0xe2, 0x32, 0xe2, 0x32, 0xe2, 0x32,
  0x93, 0x00, 0x00, 0x00, 0x09, 0x00, 0x00, 0x00, 0x00, 0x00, 0x00, 0x00,
  0x09, 0x00, 0x00, 0x00, 0x00, 0x00, 0x00, 0x00, 0x0f, 0x10, 0x00, 0x11,
  0x00, 0xd4, 0x03, 0x0a, 0x00, 0xed, 0x18, 0x00, 0x00, 0x0e, 0x01, 0x00,
  0x00, 0x05, 0x00, 0x00, 0x00, 0x0e, 0x01, 0x00, 0x00, 0x4a, 0x00, 0x00,
  0x00, 0xc2, 0x00, 0x0f, 0x10, 0x00, 0x11, 0x00, 0xc3, 0xc4, 0xc5, 0x03,
  0xc6, 0xc7, 0x0a, 0x00, 0x7a, 0x03, 0x7b, 0x7c, 0x7d, 0x7e, 0x7f, 0x80,
  0x81, 0x02, 0x00, 0x82, 0x83, 0x84, 0x85, 0x00, 0x86, 0x03, 0x87, 0x02,
  0x00, 0xc9, 0xca, 0x00, 0x1c, 0x03, 0x1d, 0x1e, 0x1f, 0x20, 0x21, 0x22,
  0x23, 0x24, 0x25, 0x26, 0x27, 0x12, 0x28, 0x29, 0x2a, 0x2b, 0x2c, 0x2d,
  0x2e, 0x2f, 0x30, 0x31, 0x32, 0x33, 0x34, 0x35, 0x36, 0x37, 0x38, 0x39,
  0x3a, 0x3b, 0x3c, 0x3d, 0x3e, 0x3f, 0x40, 0x41, 0x42, 0x43, 0x44, 0x45,
  0x46, 0x47, 0x48, 0x49, 0x4a, 0x4b, 0x4c, 0x4d, 0x4e, 0x4f, 0x50, 0x51,
  0x52, 0x53, 0x54, 0x55, 0x56, 0x57, 0x58, 0x59, 0x5a, 0x5b, 0x5c, 0x5d,
  0x5e, 0x5f, 0x60, 0x61, 0x62, 0x63, 0x64, 0x65, 0x66, 0x67, 0x68, 0x69,
  0x6a, 0x6b, 0x6c, 0x6d, 0x6e, 0x6f, 0x70, 0x71, 0x72, 0x73, 0x74, 0x75,
  0x02, 0x00, 0x76, 0x77, 0x78, 0x02, 0x00, 0x88, 0x89, 0x8a, 0x8b, 0x8c,
  0x8d, 0x8e, 0xac, 0xad, 0xae, 0xaf, 0xb0, 0xb1, 0x02, 0x00, 0x13, 0x03,
  0x17, 0x18, 0x8f, 0x90, 0xb2, 0xcb, 0xcc, 0xcd, 0x02, 0x00, 0x14, 0x03,
  0xb3, 0x02, 0x00, 0xc8, 0x03, 0x91, 0x15, 0xb4, 0x1b, 0xfe, 0xce, 0x07,
  0xfe, 0xf0, 0xfe, 0xf0, 0xfe, 0xf0, 0xfe, 0xf0, 0xfe, 0xf0, 0xb5, 0xfe,
  0x01, 0x1b, 0xfe, 0xcf, 0x06, 0xfe, 0xd0, 0x06, 0xfe, 0xd1, 0xfe, 0x01,
  0x06, 0xfe, 0xd2, 0xfe, 0x01, 0x06, 0xfe, 0x04, 0xfe, 0xb7, 0xfe, 0x08,
  0x06, 0xfe, 0x04, 0xfe, 0xd3, 0x06, 0xfe, 0x93, 0xfe, 0xd4, 0xfe, 0xd5,
  0xfe, 0xd6, 0xfe, 0xb8, 0xfe, 0x08, 0x07, 0xfe, 0x04, 0xfe, 0x01, 0x1a,
  0xfe, 0x94, 0xfe, 0x01, 0xd7, 0xfe, 0xd8, 0xfe, 0xb8, 0xfe, 0x08, 0xd9,
  0xfe, 0xda, 0xfe, 0xb7, 0xfe, 0xdb, 0xfe, 0xdc, 0xb6, 0xfe, 0x01, 0xdd,
  0xfe, 0x01, 0xde, 0xdf, 0x16, 0x0a, 0x00, 0x49, 0x34, 0x35, 0x36, 0x4a,
  0xc6, 0x60, 0x96, 0x32, 0xc6, 0x60, 0xc6, 0x60, 0xc6, 0x60, 0xc6, 0x60,
  0x96, 0x32, 0xbb, 0x57, 0xc6, 0x6e, 0xa5, 0x92, 0xc6, 0x6e, 0xd6, 0x4a,
  0xc6, 0x6e, 0x8c, 0xb3, 0xa5, 0x92, 0xbb, 0x57, 0x92, 0xb8, 0x96, 0x32,
  0xeb, 0xa0, 0x96, 0x32, 0xd6, 0x4a, 0xd6, 0x4a, 0x8c, 0xb3, 0x92, 0xb8,
  0x8a, 0x6c, 0x96, 0x32, 0x8a, 0x6c, 0xeb, 0xa0, 0xeb, 0xa0, 0x8c, 0xb3,
  0x92, 0xb8, 0xeb, 0xa0, 0xa5, 0x92, 0xbb, 0x57, 0x92, 0xb8, 0x8a, 0x6c,
  0xc6, 0x60, 0x65, 0x26, 0x00, 0x00, 0x2a, 0x02, 0x00, 0x00, 0x2f, 0x00,
  0x00, 0x00, 0x2a, 0x02, 0x00, 0x00, 0x15, 0x01, 0x00, 0x00, 0xc2, 0x00,
  0x0f, 0x10, 0x00, 0x11, 0x00, 0xc3, 0xc4, 0xc5, 0x03, 0xc6, 0xc7, 0x0a,
  0x00, 0x7a, 0x03, 0x7b, 0x7c, 0x7d, 0x7e, 0x7f, 0x80, 0x81, 0x02, 0x00,
  0x82, 0x83, 0x84, 0x85, 0x00, 0x86, 0x03, 0x87, 0x02, 0x00, 0x1c, 0x03,
  0x1d, 0x1e, 0x1f, 0x20, 0x21, 0x22, 0x23, 0x24, 0x25, 0x26, 0x27, 0x12,
  0x28, 0x29, 0x2a, 0x2b, 0x2c, 0x2d, 0x2e, 0x2f, 0x30, 0x31, 0x32, 0x33,
  0x34, 0x35, 0x36, 0x37, 0x38, 0x39, 0x3a, 0x3b, 0x3c, 0x3d, 0x3e, 0x3f,
  0x40, 0x41, 0x42, 0x43, 0x44, 0x45, 0x46, 0x47, 0x48, 0x49, 0x4a, 0x4b,
  0x4c, 0x4d, 0x4e, 0x4f, 0x50, 0x51, 0x52, 0x53, 0x54, 0x55, 0x56, 0x57,
  0x58, 0x59, 0x5a, 0x5b, 0x5c, 0x5d, 0x5e, 0x5f, 0x60, 0x61, 0x62, 0x63,
  0x64, 0x65, 0x66, 0x67, 0x68, 0x69, 0x6a, 0x6b, 0x6c, 0x6d, 0x6e, 0x6f,
  0x70, 0x71, 0x72, 0x73, 0x74, 0x75, 0x02, 0x00, 0xe0, 0x03, 0xe1, 0xe2,
  0xe3, 0x02, 0x00, 0xe4, 0x03, 0xe5, 0x02, 0x00, 0xe6, 0x03, 0xe7, 0x02,
  0x00, 0xe8, 0x03, 0xe9, 0x02, 0x00, 0x9b, 0xfe, 0x9c, 0x00, 0x76, 0x77,
  0x78, 0x02, 0x00, 0x88, 0x89, 0x8a, 0x8b, 0x8c, 0x8d, 0x8e, 0xac, 0xad,
  0xae, 0xaf, 0xb0, 0xb1, 0x02, 0x00, 0x13, 0x03, 0x17, 0x18, 0x8f, 0x90,
  0xb2, 0x02, 0x00, 0x14, 0x03, 0xb3, 0xea, 0xeb, 0x02, 0x00, 0xec, 0x03,
  0x91, 0xed, 0x15, 0xb4, 0x07, 0xfe, 0x01, 0xf0, 0x09, 0xee, 0xfe, 0xef,
  0xb9, 0xfe, 0x01, 0xaa, 0xfe, 0x01, 0x05, 0xfe, 0xf0, 0xfe, 0xf0, 0xfe,
  0xf0, 0x05, 0xfe, 0xba, 0xb9, 0xfe, 0x01, 0xaa, 0xfe, 0x01, 0xf0, 0xfe,
  0xf0, 0xfe, 0xf0, 0xfe, 0x04, 0xfe, 0x0e, 0xfe, 0x04, 0xfe, 0x0e, 0xfe,
  0xf0, 0x0c, 0xf0, 0xfe, 0xf0, 0xa8, 0xf0, 0xfe, 0x04, 0xfe, 0x01, 0xa0,
  0xfe, 0x95, 0xfe, 0x01, 0xa0, 0xfe, 0x04, 0xfe, 0x01, 0xa0, 0xfe, 0x04,
  0xfe, 0xf0, 0xfe, 0xf0, 0xfe, 0xf0, 0xfe, 0xf0, 0xa9, 0xf0, 0xa8, 0xa0,
  0xfe, 0x04, 0xfe, 0x01, 0xa0, 0xfe, 0x04, 0xfe, 0x01, 0xa9, 0x79, 0x05,
  0xfe, 0x04, 0xfe, 0x01, 0x0b, 0xbb, 0x09, 0x05, 0xfe, 0xba, 0x0b, 0x07,
  0xfe, 0x01, 0xf0, 0x09, 0x99, 0xfe, 0x01, 0xf0, 0x0c, 0xf0, 0xa8, 0xa7,
  0xfe, 0xbc, 0xa7, 0xfe, 0xbd, 0xa7, 0xfe, 0xbe, 0xa7, 0xfe, 0xf0, 0xa0,
  0xfe, 0xf0, 0xfe, 0xa1, 0xfe, 0xa2, 0xfe, 0xa3, 0xfe, 0xa4, 0xfe, 0xa5,
  0xfe, 0xa6, 0xfe, 0xbf, 0xfe, 0xa1, 0xfe, 0xa2, 0xfe, 0xa3, 0xfe, 0xa4,
  0xfe, 0xa5, 0xfe, 0xa6, 0xfe, 0xc0, 0xfe, 0xa1, 0xfe, 0xa2, 0xfe, 0xa3,
  0xfe, 0xa4, 0xfe, 0xa5, 0xfe, 0xa6, 0xfe, 0xf0, 0xfe, 0xa1, 0xfe, 0xa2,
  0xfe, 0xa3, 0xfe, 0xa4, 0xfe, 0xa5, 0xfe, 0xa6, 0xfe, 0xf0, 0xf0, 0xa9,
  0xab, 0xfe, 0xbc, 0xab, 0xfe, 0xbd, 0xab, 0xfe, 0xbe, 0xc1, 0xfe, 0xf0,
  0xc1, 0xfe, 0x04, 0xfe, 0xf0, 0xf0, 0xfe, 0x01, 0x0d, 0xfe, 0xf0, 0xfe,
  0xa1, 0xfe, 0xa2, 0xfe, 0xa3, 0xfe, 0xa4, 0xfe, 0xa5, 0xfe, 0xa6, 0xfe,
  0xbf, 0xfe, 0xa1, 0xfe, 0xa2, 0xfe, 0xa3, 0xfe, 0xa4, 0xfe, 0xa5, 0xfe,
  0xa6, 0xfe, 0xc0, 0xfe, 0xa1, 0xfe, 0xa2, 0xfe, 0xa3, 0xfe, 0xa4, 0xfe,
  0xa5, 0xfe, 0xa6, 0xfe, 0xf0, 0xf0, 0xfe, 0x04, 0xfe, 0xf0, 0xfe, 0xf0,
  0xfe, 0xf0, 0xa8, 0xf0, 0xfe, 0xf0, 0xfe, 0xf0, 0xfe, 0xf0, 0xa7, 0xfe,
  0xf0, 0xfe, 0xf0, 0xa0, 0xfe, 0xf0, 0xfe, 0xa1, 0xfe, 0xa2, 0xfe, 0xa3,
  0xfe, 0xa4, 0xfe, 0xa5, 0xfe, 0xa6, 0xfe, 0xf0, 0xfe, 0x97, 0xa0, 0xfe,
  0x98, 0xf0, 0xa9, 0x0d, 0xfe, 0x04, 0xfe, 0x01, 0x9a, 0xf0, 0xaa, 0xfe,
  0x01, 0x05, 0xfe, 0x94, 0xfe, 0x19, 0x05, 0xfe, 0x9d, 0xfe, 0x92, 0x05,
  0xfe, 0x95, 0xfe, 0x96, 0x05, 0xfe, 0x04, 0xfe, 0x01, 0x0b, 0xbb, 0x09,
  0x05, 0xfe, 0x04, 0xfe, 0x01, 0x0b, 0x07, 0xfe, 0xf0, 0xfe, 0xf0, 0xfe,
  0xf0, 0xfe, 0xf0, 0xb5, 0xfe, 0x01, 0xb6, 0xfe, 0x01, 0x16, 0x0a, 0x00,
  0x37, 0x00, 0x01, 0x02, 0x03, 0x04, 0x38, 0x05, 0x06, 0x07, 0x08, 0x09,
  0x0a, 0x0b, 0x0c, 0x0d, 0x39, 0x0e, 0x0f, 0x10, 0x11, 0x12, 0x13, 0x14,
  0x15, 0x16, 0x17, 0x18, 0x19, 0x1a, 0x1b, 0x1c, 0x1d, 0x1e, 0x1f, 0x20,
  0x21, 0x22, 0x23, 0x24, 0x25, 0x26, 0x27, 0x4c, 0x3a, 0x3b, 0x4d, 0x02,
  0xbf, 0x8a, 0xa2, 0x97, 0xa7, 0x57, 0xfc, 0x65, 0xa7, 0x57, 0xa2, 0x97,
  0xa2, 0x97, 0xfc, 0x65, 0xf3, 0x57, 0x8d, 0x6b, 0xb9, 0x3d, 0xb9, 0x3d,
  0xa7, 0x57, 0xf3, 0x57, 0xfc, 0x65, 0x8d, 0x6b, 0xb9, 0x3d, 0xb9, 0x3d,
  0xa3, 0x66, 0xa7, 0x57, 0xa3, 0x66, 0xb9, 0x3d, 0xf3, 0x57, 0xa3, 0x66,
  0x8d, 0x6b, 0xfc, 0x65, 0xa3, 0x66, 0xa3, 0x66, 0xb9, 0x3d, 0xf3, 0x57,
  0xa7, 0x57, 0x8d, 0x6b, 0xfc, 0x65, 0xbf, 0x8a, 0xfc, 0x65, 0xbf, 0x8a,
  0xd0, 0x87, 0xe3, 0x87, 0xcb, 0x6c, 0xd2, 0x75, 0xd3, 0x75, 0xd4, 0x75,
  0xe3, 0x87, 0xcb, 0x6c, 0xbf, 0x8a, 0xcb, 0x6c, 0xbf, 0x8a, 0xcb, 0x6c,
  0xbf, 0x8a, 0xcb, 0x6c, 0xd2, 0x75, 0xbf, 0x8a, 0xd2, 0x75, 0xbf, 0x8a,
  0xd2, 0x75, 0xbf, 0x8a, 0xd2, 0x75, 0xd3, 0x75, 0xbf, 0x8a, 0xd3, 0x75,
  0xbf, 0x8a, 0xd3, 0x75, 0xbf, 0x8a, 0xd3, 0x75, 0xd4, 0x75, 0xbf, 0x8a,
  0xd4, 0x75, 0xbf, 0x8a, 0xd4, 0x75, 0xbf, 0x8a, 0xd4, 0x75, 0xcc, 0x6c,
  0xd5, 0x75, 0xd6, 0x75, 0xe9, 0x38, 0xaa, 0xab, 0xe9, 0x38, 0x88, 0x4d,
  0x88, 0x4d, 0xcc, 0x6c, 0xbf, 0x8a, 0xcc, 0x6c, 0xbf, 0x8a, 0xcc, 0x6c,
  0xbf, 0x8a, 0xcc, 0x6c, 0xd5, 0x75, 0xbf, 0x8a, 0xd5, 0x75, 0xbf, 0x8a,
  0xd5, 0x75, 0xbf, 0x8a, 0xd5, 0x75, 0xd6, 0x75, 0xbf, 0x8a, 0xd6, 0x75,
  0xbf, 0x8a, 0xd6, 0x75, 0xbf, 0x8a, 0xd6, 0x75, 0xf6, 0x6a, 0xe9, 0x38,
  0xf6, 0x6a, 0xaa, 0xab, 0xc1, 0xc2, 0xf6, 0x6a, 0xf6, 0x6a, 0xd7, 0x75,
  0xc1, 0xc2, 0x88, 0x4d, 0xd7, 0x75, 0xbf, 0x8a, 0xd7, 0x75, 0xbf, 0x8a,
  0xd7, 0x75, 0xbf, 0x8a, 0xd7, 0x75, 0xc1, 0xc2, 0xf6, 0x6a, 0xe3, 0x87,
  0x88, 0x4d, 0xdf, 0xab, 0xdf, 0xab, 0xe3, 0x87, 0xdf, 0xab, 0xe3, 0x87,
  0xdf, 0xab, 0xe3, 0x87, 0xd0, 0x87, 0xdf, 0xab, 0xd0, 0x87, 0xbf, 0x8a,
  0xe2, 0x32, 0xd0, 0x87, 0xd0, 0x87, 0xd0, 0x87, 0xe2, 0x32, 0xe2, 0x32,
  0x7e, 0x2a, 0x00, 0x00, 0x89, 0x02, 0x00, 0x00, 0x36, 0x00, 0x00, 0x00,
  0x89, 0x02, 0x00, 0x00, 0x5f, 0x01, 0x00, 0x00, 0xc2, 0x00, 0x0f, 0x10,
  0x00, 0x11, 0x00, 0xc3, 0xc4, 0xc5, 0x03, 0xc6, 0xc7, 0x0a, 0x00, 0x7a,
  0x03, 0x7b, 0x7c, 0x7d, 0x7e, 0x7f, 0x80, 0x81, 0x02, 0x00, 0x82, 0x83,
  0x84, 0x85, 0x00, 0x86, 0x03, 0x87, 0x02, 0x00, 0xc9, 0xca, 0x00, 0x1c,
  0x03, 0x1d, 0x1e, 0x1f, 0x20, 0x21, 0x22, 0x23, 0x24, 0x25, 0x26, 0x27,
  0x12, 0x28, 0x29, 0x2a, 0x2b, 0x2c, 0x2d, 0x2e, 0x2f, 0x30, 0x31, 0x32,
  0x33, 0x34, 0x35, 0x36, 0x37, 0x38, 0x39, 0x3a, 0x3b, 0x3c, 0x3d, 0x3e,
  0x3f, 0x40, 0x41, 0x42, 0x43, 0x44, 0x45, 0x46, 0x47, 0x48, 0x49, 0x4a,
  0x4b, 0x4c, 0x4d, 0x4e, 0x4f, 0x50, 0x51, 0x52, 0x53, 0x54, 0x55, 0x56,
  0x57, 0x58, 0x59, 0x5a, 0x5b, 0x5c, 0x5d, 0x5e, 0x5f, 0x60, 0x61, 0x62,
  0x63, 0x64, 0x65, 0x66, 0x67, 0x68, 0x69, 0x6a, 0x6b, 0x6c, 0x6d, 0x6e,
  0x6f, 0x70, 0x71, 0x72, 0x73, 0x74, 0x75, 0x02, 0x00, 0xe0, 0x03, 0xe1,
  0xe2, 0xe3, 0x02, 0x00, 0xe4, 0x03, 0xe5, 0x02, 0x00, 0xe6, 0x03, 0xe7,
  0x02, 0x00, 0xe8, 0x03, 0xe9, 0x02, 0x00, 0x9b, 0xfe, 0x9c, 0x00, 0x76,
  0x77, 0x78, 0x02, 0x00, 0x88, 0x89, 0x8a, 0x8b, 0x8c, 0x8d, 0x8e, 0xac,
  0xad, 0xae, 0xaf, 0xb0, 0xb1, 0x02, 0x00, 0x13, 0x03, 0x17, 0x18, 0x8f,
  0x90, 0xb2, 0xcb, 0xcc, 0xcd, 0x02, 0x00, 0x14, 0x03, 0xb3, 0xea, 0xeb,
  0x02, 0x00, 0xec, 0x03, 0x91, 0xed, 0x15, 0xb4, 0x1b, 0xfe, 0xce, 0x07,
  0xfe, 0x01, 0xf0, 0xfe, 0xf0, 0x09, 0xee, 0xfe, 0xef, 0xb9, 0xfe, 0x01,
  0xaa, 0xfe, 0x01, 0x05, 0xfe, 0xf0, 0xfe, 0xf0, 0xfe, 0xf0, 0x05, 0xfe,
  0xba, 0xb9, 0xfe, 0x01, 0xaa, 0xfe, 0x01, 0xf0, 0xfe, 0xf0, 0xfe, 0xf0,
  0xfe, 0xf0, 0xfe, 0x04, 0xfe, 0x0e, 0xfe, 0x04, 0xfe, 0x0e, 0xfe, 0xf0,
  0x0c, 0xf0, 0xfe, 0xf0, 0xa8, 0xf0, 0xfe, 0x04, 0xfe, 0x01, 0xa0, 0xfe,
  0x95, 0xfe, 0x01, 0xa0, 0xfe, 0x04, 0xfe, 0x01, 0xa0, 0xfe, 0x04, 0xfe,
  0xf0, 0xfe, 0xf0, 0xfe, 0xf0, 0xfe, 0xf0, 0xa9, 0xf0, 0xa8, 0xa0, 0xfe,
  0x04, 0xfe, 0x01, 0xa0, 0xfe, 0x04, 0xfe, 0x01, 0xa9, 0x79, 0x05, 0xfe,
  0x04, 0xfe, 0x01, 0x0b, 0xbb, 0x09, 0x05, 0xfe, 0xba, 0x0b, 0x07, 0xfe,
  0x01, 0xf0, 0xfe, 0xf0, 0x09, 0x99, 0xfe, 0x01, 0xf0, 0x0c, 0xf0, 0xa8,
  0xa7, 0xfe, 0xbc, 0xa7, 0xfe, 0xbd, 0xa7, 0xfe, 0xbe, 0xa7, 0xfe, 0xf0,
  0xa0, 0xfe, 0xf0, 0xfe, 0xa1, 0xfe, 0xa2, 0xfe, 0xa3, 0xfe, 0xa4, 0xfe,
  0xa5, 0xfe, 0xa6, 0xfe, 0xbf, 0xfe, 0xa1, 0xfe, 0xa2, 0xfe, 0xa3, 0xfe,
  0xa4, 0xfe, 0xa5, 0xfe, 0xa6, 0xfe, 0xc0, 0xfe, 0xa1, 0xfe, 0xa2, 0xfe,
  0xa3, 0xfe, 0xa4, 0xfe, 0xa5, 0xfe, 0xa6, 0xfe, 0xf0, 0xfe, 0xa1, 0xfe,
  0xa2, 0xfe, 0xa3, 0xfe, 0xa4, 0xfe, 0xa5, 0xfe, 0xa6, 0xfe, 0xf0, 0xf0,
  0xa9, 0xab, 0xfe, 0xbc, 0xab, 0xfe, 0xbd, 0xab, 0xfe, 0xbe, 0xc1, 0xfe,
  0xf0, 0xc1, 0xfe, 0x04, 0xfe, 0xf0, 0xf0, 0xfe, 0x01, 0x0d, 0xfe, 0xf0,
  0xfe, 0xa1, 0xfe, 0xa2, 0xfe, 0xa3, 0xfe, 0xa4, 0xfe, 0xa5, 0xfe, 0xa6,
  0xfe, 0xbf, 0xfe, 0xa1, 0xfe, 0xa2, 0xfe, 0xa3, 0xfe, 0xa4, 0xfe, 0xa5,
  0xfe, 0xa6, 0xfe, 0xc0, 0xfe, 0xa1, 0xfe, 0xa2, 0xfe, 0xa3, 0xfe, 0xa4,
  0xfe, 0xa5, 0xfe, 0xa6, 0xfe, 0xf0, 0xf0, 0xfe, 0x04, 0xfe, 0xf0, 0xfe,
  0xf0, 0xfe, 0xf0, 0xa8, 0xf0, 0xfe, 0xf0, 0xfe, 0xf0, 0xfe, 0xf0, 0xa7,
  0xfe, 0xf0, 0xfe, 0xf0, 0xa0, 0xfe, 0xf0, 0xfe, 0xa1, 0xfe, 0xa2, 0xfe,
  0xa3, 0xfe, 0xa4, 0xfe, 0xa5, 0xfe, 0xa6, 0xfe, 0xf0, 0xfe, 0x97, 0xa0,
  0xfe, 0x98, 0xf0, 0xa9, 0x0d, 0xfe, 0x04, 0xfe, 0x01, 0x9a, 0xf0, 0xaa,
  0xfe, 0x01, 0x05, 0xfe, 0x94, 0xfe, 0x19, 0x05, 0xfe, 0x9d, 0xfe, 0x92,
  0x05, 0xfe, 0x95, 0xfe, 0x96, 0x05, 0xfe, 0x04, 0xfe, 0x01, 0x0b, 0xbb,
  0x09, 0x05, 0xfe, 0x04, 0xfe, 0x01, 0x0b, 0x07, 0xfe, 0xf0, 0xfe, 0xf0,
  0xfe, 0xf0, 0xfe, 0xf0, 0xfe, 0xf0, 0xfe, 0xf0, 0xfe, 0xf0, 0xfe, 0xf0,
  0xb5, 0xfe, 0x01, 0x1b, 0xfe, 0xcf, 0x06, 0xfe, 0xd0, 0x06, 0xfe, 0xd1,
  0xfe, 0x01, 0x06, 0xfe, 0xd2, 0xfe, 0x01, 0x06, 0xfe, 0x04, 0xfe, 0xb7,
  0xfe, 0x08, 0x06, 0xfe, 0x04, 0xfe, 0xd3, 0x06, 0xfe, 0x93, 0xfe, 0xd4,
  0xfe, 0xd5, 0xfe, 0xd6, 0xfe, 0xb8, 0xfe, 0x08, 0x07, 0xfe, 0x04, 0xfe,
  0x01, 0x1a, 0xfe, 0x94, 0xfe, 0x01, 0xd7, 0xfe, 0xd8, 0xfe, 0xb8, 0xfe,
  0x08, 0xd9, 0xfe, 0xda, 0xfe, 0xb7, 0xfe, 0xdb, 0xfe, 0xdc, 0xb6, 0xfe,
  0x01, 0xdd, 0xfe, 0x01, 0xde, 0xdf, 0x16, 0x0a, 0x00, 0x28, 0x3c, 0x00,
  0x01, 0x02, 0x03, 0x04, 0x3d, 0x3e, 0x05, 0x06, 0x07, 0x08, 0x09, 0x0a,
  0x0b, 0x0c, 0x0d, 0x28, 0x3f, 0x0e, 0x0f, 0x10, 0x11, 0x12, 0x13, 0x14,
  0x15, 0x16, 0x17, 0x18, 0x19, 0x1a, 0x1b, 0x1c, 0x1d, 0x1e, 0x1f, 0x20,
  0x21, 0x22, 0x23, 0x24, 0x25, 0x26, 0x27, 0x49, 0x40, 0x41, 0x42, 0x43,
  0x44, 0x45, 0x4a, 0x02, 0xc6, 0x60, 0xbf, 0x8a, 0xc6, 0x60, 0xa2, 0x97,
  0xa7, 0x57, 0xfc, 0x65, 0xa7, 0x57, 0xa2, 0x97, 0xa2, 0x97, 0xfc, 0x65,
  0xf3, 0x57, 0x8d, 0x6b, 0xb9, 0x3d, 0xb9, 0x3d, 0xc6, 0x60, 0xa7, 0x57,
  0xf3, 0x57, 0xfc, 0x65, 0x8d, 0x6b, 0xb9, 0x3d, 0xb9, 0x3d, 0xa3, 0x66,
  0xa7, 0x57, 0xa3, 0x66, 0xb9, 0x3d, 0xf3, 0x57, 0xa3, 0x66, 0x8d, 0x6b,
  0xfc, 0x65, 0xa3, 0x66, 0xa3, 0x66, 0xb9, 0x3d, 0xf3, 0x57, 0xa7, 0x57,
  0x8d, 0x6b, 0xfc, 0x65, 0xbf, 0x8a, 0xfc, 0x65, 0xbf, 0x8a, 0xd0, 0x87,
  0xc6, 0x60, 0xe3, 0x87, 0xcb, 0x6c, 0xd2, 0x75, 0xd3, 0x75, 0xd4, 0x75,
  0xe3, 0x87, 0xcb, 0x6c, 0xbf, 0x8a, 0xcb, 0x6c, 0xbf, 0x8a, 0xcb, 0x6c,
  0xbf, 0x8a, 0xcb, 0x6c, 0xd2, 0x75, 0xbf, 0x8a, 0xd2, 0x75, 0xbf, 0x8a,
  0xd2, 0x75, 0xbf, 0x8a, 0xd2, 0x75, 0xd3, 0x75, 0xbf, 0x8a, 0xd3, 0x75,
  0xbf, 0x8a, 0xd3, 0x75, 0xbf, 0x8a, 0xd3, 0x75, 0xd4, 0x75, 0xbf, 0x8a,
  0xd4, 0x75, 0xbf, 0x8a, 0xd4, 0x75, 0xbf, 0x8a, 0xd4, 0x75, 0xcc, 0x6c,
  0xd5, 0x75, 0xd6, 0x75, 0xe9, 0x38, 0xaa, 0xab, 0xe9, 0x38, 0x88, 0x4d,
  0x88, 0x4d, 0xcc, 0x6c, 0xbf, 0x8a, 0xcc, 0x6c, 0xbf, 0x8a, 0xcc, 0x6c,
  0xbf, 0x8a, 0xcc, 0x6c, 0xd5, 0x75, 0xbf, 0x8a, 0xd5, 0x75, 0xbf, 0x8a,
  0xd5, 0x75, 0xbf, 0x8a, 0xd5, 0x75, 0xd6, 0x75, 0xbf, 0x8a, 0xd6, 0x75,
  0xbf, 0x8a, 0xd6, 0x75, 0xbf, 0x8a, 0xd6, 0x75, 0xf6, 0x6a, 0xe9, 0x38,
  0xf6, 0x6a, 0xaa, 0xab, 0xc1, 0xc2, 0xf6, 0x6a, 0xf6, 0x6a, 0xd7, 0x75,
  0xc1, 0xc2, 0x88, 0x4d, 0xd7, 0x75, 0xbf, 0x8a, 0xd7, 0x75, 0xbf, 0x8a,
  0xd7, 0x75, 0xbf, 0x8a, 0xd7, 0x75, 0xc1, 0xc2, 0xf6, 0x6a, 0xe3, 0x87,
  0x88, 0x4d, 0xdf, 0xab, 0xdf, 0xab, 0xe3, 0x87, 0xdf, 0xab, 0xe3, 0x87,
  0xdf, 0xab, 0xe3, 0x87, 0xd0, 0x87, 0xdf, 0xab, 0xd0, 0x87, 0xbf, 0x8a,
  0x96, 0x32, 0xc6, 0x60, 0xd0, 0x87, 0xc6, 0x60, 0xd0, 0x87, 0xc6, 0x60,
  0xd0, 0x87, 0xc6, 0x60, 0x96, 0x32, 0xbb, 0x57, 0xc6, 0x6e, 0xa5, 0x92,
  0xc6, 0x6e, 0xd6, 0x4a, 0xc6, 0x6e, 0x8c, 0xb3, 0xa5, 0x92, 0xbb, 0x57,
  0x92, 0xb8, 0x96, 0x32, 0xeb, 0xa0, 0x96, 0x32, 0xd6, 0x4a, 0xd6, 0x4a,
  0x8c, 0xb3, 0x92, 0xb8, 0x8a, 0x6c, 0x96, 0x32, 0x8a, 0x6c, 0xeb, 0xa0,
  0xeb, 0xa0, 0x8c, 0xb3, 0x92, 0xb8, 0xeb, 0xa0, 0xa5, 0x92, 0xbb, 0x57,
  0x92, 0xb8, 0x8a, 0x6c, 0xc6, 0x60, 0x26, 0x23, 0x00, 0x00, 0xb9, 0x01,
  0x00, 0x00, 0x1a, 0x00, 0x00, 0x00, 0xb9, 0x01, 0x00, 0x00, 0xc9, 0x00,
  0x00, 0x00, 0x0f, 0x10, 0x00, 0x11, 0x00, 0x1c, 0x03, 0x1d, 0x1e, 0x1f,
  0x20, 0x21, 0x22, 0x23, 0x24, 0x25, 0x26, 0x27, 0x12, 0x28, 0x29, 0x2a,
  0x2b, 0x2c, 0x2d, 0x2e, 0x2f, 0x30, 0x31, 0x32, 0x33, 0x34, 0x35, 0x36,
  0x37, 0x38, 0x39, 0x3a, 0x3b, 0x3c, 0x3d, 0x3e, 0x3f, 0x40, 0x41, 0x42,
  0x43, 0x44, 0x45, 0x46, 0x47, 0x48, 0x49, 0x4a, 0x4b, 0x4c, 0x4d, 0x4e,
  0x4f, 0x50, 0x51, 0x52, 0x53, 0x54, 0x55, 0x56, 0x57, 0x58, 0x59, 0x5a,
  0x5b, 0x5c, 0x5d, 0x5e, 0x5f, 0x60, 0x61, 0x62, 0x63, 0x64, 0x65, 0x66,
  0x67, 0x68, 0x69, 0x6a, 0x6b, 0x6c, 0x6d, 0x6e, 0x6f, 0x70, 0x71, 0x72,
  0x73, 0x74, 0x75, 0x02, 0x00, 0xa5, 0x03, 0xa6, 0xa7, 0xa8, 0x12, 0xa9,
  0xaa, 0xab, 0xac, 0x02, 0x00, 0x9b, 0xfe, 0x9c, 0x00, 0x76, 0x9e, 0xd5,
  0xd6, 0xd7, 0x77, 0x78, 0x9f, 0xd8, 0xd9, 0xda, 0xdb, 0xdc, 0xdd, 0xde,
  0xdf, 0xe0, 0xe1, 0xe2, 0x02, 0x00, 0xad, 0xae, 0xaf, 0x02, 0x00, 0x13,
  0x03, 0xa4, 0x02, 0x00, 0x14, 0x03, 0x17, 0x18, 0x02, 0x00, 0xe3, 0x03,
  0xb0, 0x15, 0xa0, 0xfe, 0xb1, 0xa0, 0xfe, 0x01, 0x06, 0xfe, 0x01, 0x1a,
  0xfe, 0xb2, 0xfe, 0x01, 0x1a, 0xfe, 0xb3, 0x1b, 0xfe, 0xb4, 0x06, 0xfe,
  0xb5, 0xb6, 0xfe, 0xb7, 0x09, 0xa2, 0xfe, 0xb8, 0xfe, 0x08, 0xa2, 0xfe,
  0xb9, 0xfe, 0x08, 0xa2, 0xfe, 0x93, 0xfe, 0xa3, 0xfe, 0xba, 0xfe, 0xbb,
  0xa1, 0xfe, 0x04, 0xfe, 0x19, 0xa1, 0xfe, 0x04, 0xfe, 0xbc, 0xfe, 0xbd,
  0xfe, 0xbe, 0xfe, 0xbf, 0xfe, 0xc0, 0xfe, 0xc1, 0xfe, 0xc2, 0xfe, 0x97,
  0x05, 0xfe, 0x93, 0xfe, 0xc3, 0xfe, 0xc4, 0x05, 0xfe, 0xc5, 0x05, 0xfe,
  0xc6, 0xfe, 0x01, 0x05, 0xfe, 0x98, 0xc7, 0x0b, 0xa0, 0xfe, 0xc8, 0x06,
  0xfe, 0xc9, 0xfe, 0xca, 0xfe, 0xcb, 0xfe, 0xcc, 0xcd, 0xfe, 0x0e, 0xfe,
  0x08, 0xce, 0xfe, 0xe4, 0x07, 0xfe, 0x01, 0xe5, 0x09, 0xa1, 0xfe, 0xe6,
  0xfe, 0x08, 0xd1, 0xfe, 0xe7, 0x0c, 0x0d, 0xfe, 0xd2, 0x9a, 0x79, 0xd1,
  0xfe, 0xe8, 0x0c, 0x0d, 0xfe, 0xd2, 0x9a, 0x79, 0xa1, 0xfe, 0xe9, 0xfe,
  0x92, 0xa1, 0xfe, 0x01, 0xea, 0xfe, 0xeb, 0x0c, 0x0d, 0xfe, 0xec, 0xfe,
  0xed, 0xfe, 0x01, 0x79, 0xcf, 0x0c, 0x0d, 0xfe, 0xee, 0x79, 0xa1, 0xfe,
  0xef, 0xfe, 0xd3, 0xfe, 0xf0, 0x99, 0xfe, 0x01, 0xf0, 0x0c, 0xf0, 0xfe,
  0xf0, 0x0d, 0xfe, 0xf0, 0xfe, 0xf0, 0xfe, 0xf0, 0xfe, 0xf0, 0xfe, 0xf0,
  0x79, 0xcf, 0x0c, 0x0d, 0xfe, 0xf0, 0x79, 0x99, 0xfe, 0x04, 0xfe, 0xf0,
  0xfe, 0x08, 0x99, 0xfe, 0x01, 0xf0, 0x0c, 0x0d, 0xfe, 0x04, 0xfe, 0xf0,
  0xfe, 0xf0, 0xfe, 0xd3, 0xfe, 0xf0, 0x79, 0xcf, 0x0c, 0x0d, 0xfe, 0x04,
  0xfe, 0x01, 0x79, 0x05, 0xfe, 0xf0, 0xfe, 0x0e, 0xfe, 0x08, 0xf0, 0xf0,
  0xce, 0xfe, 0x04, 0xfe, 0xf0, 0x07, 0xfe, 0x01, 0x1a, 0xfe, 0x94, 0xfe,
  0x19, 0x1a, 0xfe, 0x9d, 0xfe, 0x92, 0x1a, 0xfe, 0x95, 0xfe, 0x96, 0x07,
  0xfe, 0xf0, 0xce, 0xfe, 0x93, 0xfe, 0xf0, 0xfe, 0xf0, 0xfe, 0xf0, 0xf0,
  0xfe, 0x19, 0xf0, 0xfe, 0x92, 0xf0, 0xfe, 0x96, 0x16, 0x0a, 0x00, 0x00,
  0x01, 0x02, 0x03, 0x04, 0x05, 0x06, 0x07, 0x08, 0x09, 0x0a, 0x0b, 0x0c,
  0x0d, 0x0e, 0x0f, 0x10, 0x11, 0x12, 0x13, 0x14, 0x15, 0x16, 0x17, 0x18,
  0x19, 0x02, 0xe9, 0x46, 0xa7, 0x57, 0xa5, 0x6c, 0xa7, 0x57, 0xe9, 0x46,
  0xa5, 0x6c, 0xb9, 0x3d, 0x88, 0x70, 0xb9, 0x3d, 0xc1, 0xa7, 0xa7, 0x57,
  0xf8, 0x9b, 0xa7, 0x57, 0xaf, 0x9c, 0xf8, 0x9b, 0xf8, 0x9b, 0xf8, 0x9b,
  0xab, 0x40, 0xaf, 0x9c, 0xc5, 0x46, 0x88, 0x70, 0xc1, 0xa7, 0xc1, 0xa7,
  0xab, 0x40, 0xc1, 0xa7, 0xc1, 0xa7, 0xab, 0x40, 0xaf, 0x9c, 0xa7, 0x57,
  0xa7, 0x57, 0xe9, 0x46, 0x88, 0x70, 0xa5, 0x6c, 0xc5, 0x46, 0xb9, 0x3d,
  0xf5, 0x9a, 0xbb, 0xa9, 0xa5, 0x6c, 0xf5, 0x9a, 0xf5, 0x9a, 0xbb, 0xa9,
  0xbb, 0xa9, 0xa9, 0x7e, 0xa5, 0x9a, 0xd5, 0x9c, 0xa9, 0x7e, 0xd5, 0x9c,
  0xa5, 0x9a, 0xd5, 0x9c, 0xa5, 0x9a, 0xb7, 0x72, 0xa9, 0x7e, 0x8f, 0x3a,
  0xb7, 0x72, 0x8f, 0x3a, 0xb7, 0x72, 0xb7, 0x72, 0x8f, 0x3a, 0x8f, 0x57,
  0x8f, 0x3a, 0xd5, 0x9c, 0xa4, 0x9a, 0xfb, 0x3d, 0xa4, 0x9a, 0xa9, 0x7e,
  0xfb, 0x3d, 0xfb, 0x3d, 0xd5, 0x9c, 0xa4, 0x9a, 0x94, 0x3d, 0xa4, 0x9a,
  0x8f, 0x57, 0xd0, 0x87, 0xd0, 0x87, 0x94, 0x3d, 0xa9, 0x7e, 0x8f, 0x3a,
  0xd5, 0x9c, 0xd0, 0x87, 0x94, 0x3d, 0xa5, 0x9a, 0xd0, 0x87, 0x8f, 0x57,
  0x8a, 0x9d, 0xa5, 0x9a, 0xb8, 0x34, 0xb8, 0x34, 0x8a, 0x9d, 0xb8, 0x34,
  0x8a, 0x9d, 0xb8, 0x34, 0x8a, 0x9d, 0xe9, 0x94, 0xa4, 0x31, 0xe9, 0x94,
  0xa5, 0x9a, 0xb8, 0x34, 0xa4, 0x31, 0xa4, 0x31, 0xa4, 0x31, 0xac, 0x05,
  0x00, 0x00, 0x37, 0x00, 0x00, 0x00, 0x04, 0x00, 0x00, 0x00, 0x37, 0x00,
  0x00, 0x00, 0x00, 0x00, 0x00, 0x00, 0x0f, 0x10, 0x00, 0x11, 0x00, 0x7a,
  0x03, 0x7b, 0x7c, 0x7d, 0x7e, 0x7f, 0x80, 0x81, 0x02, 0x00, 0x82, 0x83,
  0x84, 0x85, 0x00, 0x86, 0x03, 0x87, 0x02, 0x00, 0x88, 0x89, 0x8a, 0x8b,
  0x8c, 0x8d, 0x8e, 0x02, 0x00, 0x13, 0x03, 0xf0, 0x02, 0x00, 0x14, 0x03,
  0x8f, 0x90, 0x02, 0x00, 0xf0, 0x03, 0x91, 0x15, 0xf0, 0xf0, 0x16, 0x0a,
  0x00, 0x1a, 0x1b, 0x1c, 0x1d, 0x76, 0x14, 0x00, 0x00, 0xb3, 0x00, 0x00,
  0x00, 0x04, 0x00, 0x00, 0x00, 0xb3, 0x00, 0x00, 0x00, 0x0c, 0x00, 0x00,
  0x00, 0x0f, 0x10, 0x00, 0x11, 0x00, 0x7a, 0x03, 0x7b, 0x7c, 0x7d, 0x7e,
  0x7f, 0x80, 0x81, 0x02, 0x00, 0x82, 0x83, 0x84, 0x85, 0x00, 0x86, 0x03,
  0x87, 0x02, 0x00, 0x1c, 0x03, 0x1d, 0x1e, 0x1f, 0x20, 0x21, 0x22, 0x23,
  0x24, 0x25, 0x26, 0x27, 0x12, 0x28, 0x29, 0x2a, 0x2b, 0x2c, 0x2d, 0x2e,
  0x2f, 0x30, 0x31, 0x32, 0x33, 0x34, 0x35, 0x36, 0x37, 0x38, 0x39, 0x3a,
  0x3b, 0x3c, 0x3d, 0x3e, 0x3f, 0x40, 0x41, 0x42, 0x43, 0x44, 0x45, 0x46,
  0x47, 0x48, 0x49, 0x4a, 0x4b, 0x4c, 0x4d, 0x4e, 0x4f, 0x50, 0x51, 0x52,
  0x53, 0x54, 0x55, 0x56, 0x57, 0x58, 0x59, 0x5a, 0x5b, 0x5c, 0x5d, 0x5e,
  0x5f, 0x60, 0x61, 0x62, 0x63, 0x64, 0x65, 0x66, 0x67, 0x68, 0x69, 0x6a,
  0x6b, 0x6c, 0x6d, 0x6e, 0x6f, 0x70, 0x71, 0x72, 0x73, 0x74, 0x75, 0x02,
  0x00, 0x76, 0x77, 0x78, 0x02, 0x00, 0x88, 0x89, 0x8a, 0x8b, 0x8c, 0x8d,
  0x8e, 0xac, 0xad, 0xae, 0xaf, 0xb0, 0xb1, 0x02, 0x00, 0x13, 0x03, 0x17,
  0x18, 0x8f, 0x90, 0xb2, 0x02, 0x00, 0x14, 0x03, 0xb3, 0x02, 0x00, 0xc8,
  0x03, 0x91, 0x15, 0xb4, 0x07, 0xfe, 0xf0, 0x07, 0xfe, 0xf0, 0xfe, 0x01,
  0xf0, 0xfe, 0xf0, 0xb5, 0xfe, 0x01, 0xb6, 0xfe, 0x01, 0x16, 0x0a, 0x00,
  0x46, 0x2e, 0x32, 0x33, 0xef, 0x84, 0x8e, 0xc3, 0xef, 0x84, 0xef, 0x84,
  0x8e, 0xc3, 0x8e, 0xc3, 0x6e, 0x0e, 0x00, 0x00, 0xac, 0x00, 0x00, 0x00,
  0x0e, 0x00, 0x00, 0x00, 0xac, 0x00, 0x00, 0x00, 0x2c, 0x00, 0x00, 0x00,
  0x0f, 0x10, 0x00, 0x11, 0x00, 0x1c, 0x03, 0x1d, 0x1e, 0x1f, 0x20, 0x21,
  0x22, 0x23, 0x24, 0x25, 0x26, 0x27, 0x12, 0x28, 0x29, 0x2a, 0x2b, 0x2c,
  0x2d, 0x2e, 0x2f, 0x30, 0x31, 0x32, 0x33, 0x34, 0x35, 0x36, 0x37, 0x38,
  0x39, 0x3a, 0x3b, 0x3c, 0x3d, 0x3e, 0x3f, 0x40, 0x41, 0x42, 0x43, 0x44,
  0x45, 0x46, 0x47, 0x48, 0x49, 0x4a, 0x4b, 0x4c, 0x4d, 0x4e, 0x4f, 0x50,
  0x51, 0x52, 0x53, 0x54, 0x55, 0x56, 0x57, 0x58, 0x59, 0x5a, 0x5b, 0x5c,
  0x5d, 0x5e, 0x5f, 0x60, 0x61, 0x62, 0x63, 0x64, 0x65, 0x66, 0x67, 0x68,
  0x69, 0x6a, 0x6b, 0x6c, 0x6d, 0x6e, 0x6f, 0x70, 0x71, 0x72, 0x73, 0x74,
  0x75, 0x02, 0x00, 0x76, 0x77, 0x78, 0x02, 0x00, 0x13, 0x03, 0xa4, 0x02,
  0x00, 0x14, 0x03, 0xf0, 0x02, 0x00, 0xf0, 0x03, 0x15, 0x06, 0xfe, 0xf0,
  0x06, 0xfe, 0xf0, 0xfe, 0x01, 0xa0, 0xfe, 0xf0, 0xfe, 0x0e, 0xfe, 0x08,
  0xa0, 0xfe, 0x04, 0xfe, 0xa3, 0xfe, 0x01, 0x06, 0xfe, 0xf0, 0x06, 0xfe,
  0xf0, 0xa0, 0xfe, 0xf0, 0xfe, 0xf0, 0xfe, 0xf0, 0xfe, 0xa3, 0xfe, 0xf0,
  0xfe, 0xa3, 0xfe, 0xf0, 0xf0, 0xfe, 0x0e, 0xfe, 0xf0, 0xfe, 0x0e, 0xfe,
  0x97, 0x16, 0x0a, 0x00, 0x1e, 0x1f, 0x20, 0x21, 0x22, 0x23, 0x24, 0x25,
  0x26, 0x27, 0x28, 0x29, 0x2a, 0x2b, 0xed, 0xc2, 0xe1, 0xa9, 0xed, 0xc2,
  0xbc, 0x34, 0xed, 0xc2, 0xe1, 0xa9, 0xb3, 0xb0, 0xbc, 0x34, 0xbc, 0x34,
  0xb7, 0xb5, 0x95, 0x45, 0xeb, 0xb1, 0xb3, 0xb0, 0xb3, 0xb0, 0xb7, 0xb5,
  0xb7, 0xb5, 0x95, 0x45, 0x95, 0x45, 0xed, 0xc2, 0xeb, 0xb1, 0xe1, 0xa9,
  0xeb, 0xb1, 0xfa, 0x19, 0x00, 0x00, 0x16, 0x01, 0x00, 0x00, 0x08, 0x00,
  0x00, 0x00, 0x16, 0x01, 0x00, 0x00, 0x50, 0x00, 0x00, 0x00, 0xc2, 0x00,
  0x0f, 0x10, 0x00, 0x11, 0x00, 0xc3, 0xc4, 0xc5, 0x03, 0xc6, 0xc7, 0x0a,
  0x00, 0x7a, 0x03, 0x7b, 0x7c, 0x7d, 0x7e, 0x7f, 0x80, 0x81, 0x02, 0x00,
  0x82, 0x83, 0x84, 0x85, 0x00, 0x86, 0x03, 0x87, 0x02, 0x00, 0xc9, 0xca,
  0x00, 0x1c, 0x03, 0x1d, 0x1e, 0x1f, 0x20, 0x21, 0x22, 0x23, 0x24, 0x25,
  0x26, 0x27, 0x12, 0x28, 0x29, 0x2a, 0x2b, 0x2c, 0x2d, 0x2e, 0x2f, 0x30,
  0x31, 0x32, 0x33, 0x34, 0x35, 0x36, 0x37, 0x38, 0x39, 0x3a, 0x3b, 0x3c,
  0x3d, 0x3e, 0x3f, 0x40, 0x41, 0x42, 0x43, 0x44, 0x45, 0x46, 0x47, 0x48,
  0x49, 0x4a, 0x4b, 0x4c, 0x4d, 0x4e, 0x4f, 0x50, 0x51, 0x52, 0x53, 0x54,
  0x55, 0x56, 0x57, 0x58, 0x59, 0x5a, 0x5b, 0x5c, 0x5d, 0x5e, 0x5f, 0x60,
  0x61, 0x62, 0x63, 0x64, 0x65, 0x66, 0x67, 0x68, 0x69, 0x6a, 0x6b, 0x6c,
  0x6d, 0x6e, 0x6f, 0x70, 0x71, 0x72, 0x73, 0x74, 0x75, 0x02, 0x00, 0x76,
  0x77, 0x78, 0x02, 0x00, 0x88, 0x89, 0x8a, 0x8b, 0x8c, 0x8d, 0x8e, 0xac,
  0xad, 0xae, 0xaf, 0xb0, 0xb1, 0x02, 0x00, 0x13, 0x03, 0x17, 0x18, 0x8f,
  0x90, 0xb2, 0xcb, 0xcc, 0xcd, 0x02, 0x00, 0x14, 0x03, 0xb3, 0x02, 0x00,
  0xc8, 0x03, 0x91, 0x15, 0xb4, 0x1b, 0xfe, 0xce, 0x07, 0xfe, 0xf0, 0xfe,
  0xf0, 0xfe, 0xf0, 0xfe, 0xf0, 0xfe, 0xf0, 0x07, 0xfe, 0xf0, 0xfe, 0x01,
  0xf0, 0xfe, 0xf0, 0xb5, 0xfe, 0x01, 0x1b, 0xfe, 0xcf, 0x06, 0xfe, 0xd0,
  0x06, 0xfe, 0xd1, 0xfe, 0x01, 0x06, 0xfe, 0xd2, 0xfe, 0x01, 0x06, 0xfe,
  0x04, 0xfe, 0xb7, 0xfe, 0x08, 0x06, 0xfe, 0x04, 0xfe, 0xd3, 0x06, 0xfe,
  0x93, 0xfe, 0xd4, 0xfe, 0xd5, 0xfe, 0xd6, 0xfe, 0xb8, 0xfe, 0x08, 0x07,
  0xfe, 0x04, 0xfe, 0x01, 0x1a, 0xfe, 0x94, 0xfe, 0x01, 0xd7, 0xfe, 0xd8,
  0xfe, 0xb8, 0xfe, 0x08, 0xd9, 0xfe, 0xda, 0xfe, 0xb7, 0xfe, 0xdb, 0xfe,
  0xdc, 0xb6, 0xfe, 0x01, 0xdd, 0xfe, 0x01, 0xde, 0xdf, 0x16, 0x0a, 0x00,
  0x2f, 0x34, 0x35, 0x36, 0x30, 0x31, 0x32, 0x33, 0xc6, 0x60, 0xed, 0x95,
  0xc6, 0x60, 0xc6, 0x60, 0xc6, 0x60, 0xc6, 0x60, 0x8e, 0xc3, 0xed, 0x95,
  0xed, 0x95, 0x8e, 0xc3, 0xbb, 0x57, 0xc6, 0x6e, 0xa5, 0x92, 0xc6, 0x6e,
  0xd6, 0x4a, 0xc6, 0x6e, 0x8c, 0xb3, 0xa5, 0x92, 0xbb, 0x57, 0x92, 0xb8,
  0x8e, 0xc3, 0xeb, 0xa0, 0x8e, 0xc3, 0xd6, 0x4a, 0xd6, 0x4a, 0x8c, 0xb3,
  0x92, 0xb8, 0x8a, 0x6c, 0x8e, 0xc3, 0x8a, 0x6c, 0xeb, 0xa0, 0xeb, 0xa0,
  0x8c, 0xb3, 0x92, 0xb8, 0xeb, 0xa0, 0xa5, 0x92, 0xbb, 0x57, 0x92, 0xb8,
  0x8a, 0x6c, 0xc6, 0x60, 0x70, 0x27, 0x00, 0x00, 0x32, 0x02, 0x00, 0x00,
  0x32, 0x00, 0x00, 0x00, 0x32, 0x02, 0x00, 0x00, 0x1b, 0x01, 0x00, 0x00,
  0xc2, 0x00, 0x0f, 0x10, 0x00, 0x11, 0x00, 0xc3, 0xc4, 0xc5, 0x03, 0xc6,
  0xc7, 0x0a, 0x00, 0x7a, 0x03, 0x7b, 0x7c, 0x7d, 0x7e, 0x7f, 0x80, 0x81,
  0x02, 0x00, 0x82, 0x83, 0x84, 0x85, 0x00, 0x86, 0x03, 0x87, 0x02, 0x00,
  0x1c, 0x03, 0x1d, 0x1e, 0x1f, 0x20, 0x21, 0x22, 0x23, 0x24, 0x25, 0x26,
  0x27, 0x12, 0x28, 0x29, 0x2a, 0x2b, 0x2c, 0x2d, 0x2e, 0x2f, 0x30, 0x31,
  0x32, 0x33, 0x34, 0x35, 0x36, 0x37, 0x38, 0x39, 0x3a, 0x3b, 0x3c, 0x3d,
  0x3e, 0x3f, 0x40, 0x41, 0x42, 0x43, 0x44, 0x45, 0x46, 0x47, 0x48, 0x49,
  0x4a, 0x4b, 0x4c, 0x4d, 0x4e, 0x4f, 0x50, 0x51, 0x52, 0x53, 0x54, 0x55,
  0x56, 0x57, 0x58, 0x59, 0x5a, 0x5b, 0x5c, 0x5d, 0x5e, 0x5f, 0x60, 0x61,
  0x62, 0x63, 0x64, 0x65, 0x66, 0x67, 0x68, 0x69, 0x6a, 0x6b, 0x6c, 0x6d,
  0x6e, 0x6f, 0x70, 0x71, 0x72, 0x73, 0x74, 0x75, 0x02, 0x00, 0xe0, 0x03,
  0xe1, 0xe2, 0xe3, 0x02, 0x00, 0xe4, 0x03, 0xe5, 0x02, 0x00, 0xe6, 0x03,
  0xe7, 0x02, 0x00, 0xe8, 0x03, 0xe9, 0x02, 0x00, 0x9b, 0xfe, 0x9c, 0x00,
  0x76, 0x77, 0x78, 0x02, 0x00, 0x88, 0x89, 0x8a, 0x8b, 0x8c, 0x8d, 0x8e,
  0xac, 0xad, 0xae, 0xaf, 0xb0, 0xb1, 0x02, 0x00, 0x13, 0x03, 0x17, 0x18,
  0x8f, 0x90, 0xb2, 0x02, 0x00, 0x14, 0x03, 0xb3, 0xea, 0xeb, 0x02, 0x00,
  0xec, 0x03, 0x91, 0xed, 0x15, 0xb4, 0x07, 0xfe, 0x01, 0xf0, 0x09, 0xee,
  0xfe, 0xef, 0xb9, 0xfe, 0x01, 0xaa, 0xfe, 0x01, 0x05, 0xfe, 0xf0, 0xfe,
  0xf0, 0xfe, 0xf0, 0x05, 0xfe, 0xba, 0xb9, 0xfe, 0x01, 0xaa, 0xfe, 0x01,
  0xf0, 0xfe, 0xf0, 0xfe, 0xf0, 0xfe, 0x04, 0xfe, 0x0e, 0xfe, 0x04, 0xfe,
  0x0e, 0xfe, 0xf0, 0x0c, 0xf0, 0xfe, 0xf0, 0xa8, 0xf0, 0xfe, 0x04, 0xfe,
  0x01, 0xa0, 0xfe, 0x95, 0xfe, 0x01, 0xa0, 0xfe, 0x04, 0xfe, 0x01, 0xa0,
  0xfe, 0x04, 0xfe, 0xf0, 0xfe, 0xf0, 0xfe, 0xf0, 0xfe, 0xf0, 0xa9, 0xf0,
  0xa8, 0xa0, 0xfe, 0x04, 0xfe, 0x01, 0xa0, 0xfe, 0x04, 0xfe, 0x01, 0xa9,
  0x79, 0x05, 0xfe, 0x04, 0xfe, 0x01, 0x0b, 0xbb, 0x09, 0x05, 0xfe, 0xba,
  0x0b, 0x07, 0xfe, 0x01, 0xf0, 0x09, 0x99, 0xfe, 0x01, 0xf0, 0x0c, 0xf0,
  0xa8, 0xa7, 0xfe, 0xbc, 0xa7, 0xfe, 0xbd, 0xa7, 0xfe, 0xbe, 0xa7, 0xfe,
  0xf0, 0xa0, 0xfe, 0xf0, 0xfe, 0xa1, 0xfe, 0xa2, 0xfe, 0xa3, 0xfe, 0xa4,
  0xfe, 0xa5, 0xfe, 0xa6, 0xfe, 0xbf, 0xfe, 0xa1, 0xfe, 0xa2, 0xfe, 0xa3,
  0xfe, 0xa4, 0xfe, 0xa5, 0xfe, 0xa6, 0xfe, 0xc0, 0xfe, 0xa1, 0xfe, 0xa2,
  0xfe, 0xa3, 0xfe, 0xa4, 0xfe, 0xa5, 0xfe, 0xa6, 0xfe, 0xf0, 0xfe, 0xa1,
  0xfe, 0xa2, 0xfe, 0xa3, 0xfe, 0xa4, 0xfe, 0xa5, 0xfe, 0xa6, 0xfe, 0xf0,
  0xf0, 0xa9, 0xab, 0xfe, 0xbc, 0xab, 0xfe, 0xbd, 0xab, 0xfe, 0xbe, 0xc1,
  0xfe, 0xf0, 0xc1, 0xfe, 0x04, 0xfe, 0xf0, 0xf0, 0xfe, 0x01, 0x0d, 0xfe,
  0xf0, 0xfe, 0xa1, 0xfe, 0xa2, 0xfe, 0xa3, 0xfe, 0xa4, 0xfe, 0xa5, 0xfe,
  0xa6, 0xfe, 0xbf, 0xfe, 0xa1, 0xfe, 0xa2, 0xfe, 0xa3, 0xfe, 0xa4, 0xfe,
  0xa5, 0xfe, 0xa6, 0xfe, 0xc0, 0xfe, 0xa1, 0xfe, 0xa2, 0xfe, 0xa3, 0xfe,
  0xa4, 0xfe, 0xa5, 0xfe, 0xa6, 0xfe, 0xf0, 0xf0, 0xfe, 0x04, 0xfe, 0xf0,
  0xfe, 0xf0, 0xfe, 0xf0, 0xa8, 0xf0, 0xfe, 0xf0, 0xfe, 0xf0, 0xfe, 0xf0,
  0xa7, 0xfe, 0xf0, 0xfe, 0xf0, 0xa0, 0xfe, 0xf0, 0xfe, 0xa1, 0xfe, 0xa2,
  0xfe, 0xa3, 0xfe, 0xa4, 0xfe, 0xa5, 0xfe, 0xa6, 0xfe, 0xf0, 0xfe, 0x97,
  0xa0, 0xfe, 0x98, 0xf0, 0xa9, 0x0d, 0xfe, 0x04, 0xfe, 0x01, 0x9a, 0xf0,
  0xaa, 0xfe, 0x01, 0x05, 0xfe, 0x94, 0xfe, 0x19, 0x05, 0xfe, 0x9d, 0xfe,
  0x92, 0x05, 0xfe, 0x95, 0xfe, 0x96, 0x05, 0xfe, 0x04, 0xfe, 0x01, 0x0b,
  0xbb, 0x09, 0x05, 0xfe, 0x04, 0xfe, 0x01, 0x0b, 0x07, 0xfe, 0xf0, 0xfe,
  0xf0, 0xfe, 0xf0, 0xfe, 0xf0, 0x07, 0xfe, 0xf0, 0xfe, 0x01, 0xf0, 0xfe,
  0xf0, 0xb5, 0xfe, 0x01, 0xb6, 0xfe, 0x01, 0x16, 0x0a, 0x00, 0x37, 0x00,
  0x01, 0x02, 0x03, 0x04, 0x38, 0x05, 0x06, 0x07, 0x08, 0x09, 0x0a, 0x0b,
  0x0c, 0x0d, 0x39, 0x0e, 0x0f, 0x10, 0x11, 0x12, 0x13, 0x14, 0x15, 0x16,
  0x17, 0x18, 0x19, 0x1a, 0x1b, 0x1c, 0x1d, 0x1e, 0x1f, 0x20, 0x21, 0x22,
  0x23, 0x24, 0x25, 0x26, 0x27, 0x47, 0x3a, 0x3b, 0x48, 0x2e, 0x32, 0x33,
  0x02, 0xbf, 0x8a, 0xa2, 0x97, 0xa7, 0x57, 0xfc, 0x65, 0xa7, 0x57, 0xa2,
  0x97, 0xa2, 0x97, 0xfc, 0x65, 0xf3, 0x57, 0x8d, 0x6b, 0xb9, 0x3d, 0xb9,
  0x3d, 0xa7, 0x57, 0xf3, 0x57, 0xfc, 0x65, 0x8d, 0x6b, 0xb9, 0x3d, 0xb9,
  0x3d, 0xa3, 0x66, 0xa7, 0x57, 0xa3, 0x66, 0xb9, 0x3d, 0xf3, 0x57, 0xa3,
  0x66, 0x8d, 0x6b, 0xfc, 0x65, 0xa3, 0x66, 0xa3, 0x66, 0xb9, 0x3d, 0xf3,
  0x57, 0xa7, 0x57, 0x8d, 0x6b, 0xfc, 0x65, 0xbf, 0x8a, 0xfc, 0x65, 0xbf,
  0x8a, 0xd0, 0x87, 0xe3, 0x87, 0xcb, 0x6c, 0xd2, 0x75, 0xd3, 0x75, 0xd4,
  0x75, 0xe3, 0x87, 0xcb, 0x6c, 0xbf, 0x8a, 0xcb, 0x6c, 0xbf, 0x8a, 0xcb,
  0x6c, 0xbf, 0x8a, 0xcb, 0x6c, 0xd2, 0x75, 0xbf, 0x8a, 0xd2, 0x75, 0xbf,
  0x8a, 0xd2, 0x75, 0xbf, 0x8a, 0xd2, 0x75, 0xd3, 0x75, 0xbf, 0x8a, 0xd3,
  0x75, 0xbf, 0x8a, 0xd3, 0x75, 0xbf, 0x8a, 0xd3, 0x75, 0xd4, 0x75, 0xbf,
  0x8a, 0xd4, 0x75, 0xbf, 0x8a, 0xd4, 0x75, 0xbf, 0x8a, 0xd4, 0x75, 0xcc,
  0x6c, 0xd5, 0x75, 0xd6, 0x75, 0xe9, 0x38, 0xaa, 0xab, 0xe9, 0x38, 0x88,
  0x4d, 0x88, 0x4d, 0xcc, 0x6c, 0xbf, 0x8a, 0xcc, 0x6c, 0xbf, 0x8a, 0xcc,
  0x6c, 0xbf, 0x8a, 0xcc, 0x6c, 0xd5, 0x75, 0xbf, 0x8a, 0xd5, 0x75, 0xbf,
  0x8a, 0xd5, 0x75, 0xbf, 0x8a, 0xd5, 0x75, 0xd6, 0x75, 0xbf, 0x8a, 0xd6,
  0x75, 0xbf, 0x8a, 0xd6, 0x75, 0xbf, 0x8a, 0xd6, 0x75, 0xf6, 0x6a, 0xe9,
  0x38, 0xf6, 0x6a, 0xaa, 0xab, 0xc1, 0xc2, 0xf6, 0x6a, 0xf6, 0x6a, 0xd7,
  0x75, 0xc1, 0xc2, 0x88, 0x4d, 0xd7, 0x75, 0xbf, 0x8a, 0xd7, 0x75, 0xbf,
  0x8a, 0xd7, 0x75, 0xbf, 0x8a, 0xd7, 0x75, 0xc1, 0xc2, 0xf6, 0x6a, 0xe3,
  0x87, 0x88, 0x4d, 0xdf, 0xab, 0xdf, 0xab, 0xe3, 0x87, 0xdf, 0xab, 0xe3,
  0x87, 0xdf, 0xab, 0xe3, 0x87, 0xd0, 0x87, 0xdf, 0xab, 0xd0, 0x87, 0xbf,
  0x8a, 0xef, 0x84, 0xd0, 0x87, 0xd0, 0x87, 0xd0, 0x87, 0x8e, 0xc3, 0xef,
  0x84, 0xef, 0x84, 0x8e, 0xc3, 0x8e, 0xc3, 0x8b, 0x2b, 0x00, 0x00, 0x91,
  0x02, 0x00, 0x00, 0x39, 0x00, 0x00, 0x00, 0x91, 0x02, 0x00, 0x00, 0x65,
  0x01, 0x00, 0x00, 0xc2, 0x00, 0x0f, 0x10, 0x00, 0x11, 0x00, 0xc3, 0xc4,
  0xc5, 0x03, 0xc6, 0xc7, 0x0a, 0x00, 0x7a, 0x03, 0x7b, 0x7c, 0x7d, 0x7e,
  0x7f, 0x80, 0x81, 0x02, 0x00, 0x82, 0x83, 0x84, 0x85, 0x00, 0x86, 0x03,
  0x87, 0x02, 0x00, 0xc9, 0xca, 0x00, 0x1c, 0x03, 0x1d, 0x1e, 0x1f, 0x20,
  0x21, 0x22, 0x23, 0x24, 0x25, 0x26, 0x27, 0x12, 0x28, 0x29, 0x2a, 0x2b,
  0x2c, 0x2d, 0x2e, 0x2f, 0x30, 0x31, 0x32, 0x33, 0x34, 0x35, 0x36, 0x37,
  0x38, 0x39, 0x3a, 0x3b, 0x3c, 0x3d, 0x3e, 0x3f, 0x40, 0x41, 0x42, 0x43,
  0x44, 0x45, 0x46, 0x47, 0x48, 0x49, 0x4a, 0x4b, 0x4c, 0x4d, 0x4e, 0x4f,
  0x50, 0x51, 0x52, 0x53, 0x54, 0x55, 0x56, 0x57, 0x58, 0x59, 0x5a, 0x5b,
  0x5c, 0x5d, 0x5e, 0x5f, 0x60, 0x61, 0x62, 0x63, 0x64, 0x65, 0x66, 0x67,
  0x68, 0x69, 0x6a, 0x6b, 0x6c, 0x6d, 0x6e, 0x6f, 0x70, 0x71, 0x72, 0x73,
  0x74, 0x75, 0x02, 0x00, 0xe0, 0x03, 0xe1, 0xe2, 0xe3, 0x02, 0x00, 0xe4,
  0x03, 0xe5, 0x02, 0x00, 0xe6, 0x03, 0xe7, 0x02, 0x00, 0xe8, 0x03, 0xe9,
  0x02, 0x00, 0x9b, 0xfe, 0x9c, 0x00, 0x76, 0x77, 0x78, 0x02, 0x00, 0x88,
  0x89, 0x8a, 0x8b, 0x8c, 0x8d, 0x8e, 0xac, 0xad, 0xae, 0xaf, 0xb0, 0xb1,
  0x02, 0x00, 0x13, 0x03, 0x17, 0x18, 0x8f, 0x90, 0xb2, 0xcb, 0xcc, 0xcd,
  0x02, 0x00, 0x14, 0x03, 0xb3, 0xea, 0xeb, 0x02, 0x00, 0xec, 0x03, 0x91,
  0xed, 0x15, 0xb4, 0x1b, 0xfe, 0xce, 0x07, 0xfe, 0x01, 0xf0, 0xfe, 0xf0,
  0x09, 0xee, 0xfe, 0xef, 0xb9, 0xfe, 0x01, 0xaa, 0xfe, 0x01, 0x05, 0xfe,
  0xf0, 0xfe, 0xf0, 0xfe, 0xf0, 0x05, 0xfe, 0xba, 0xb9, 0xfe, 0x01, 0xaa,
  0xfe, 0x01, 0xf0, 0xfe, 0xf0, 0xfe, 0xf0, 0xfe, 0xf0, 0xfe, 0x04, 0xfe,
  0x0e, 0xfe, 0x04, 0xfe, 0x0e, 0xfe, 0xf0, 0x0c, 0xf0, 0xfe, 0xf0, 0xa8,
  0xf0, 0xfe, 0x04, 0xfe, 0x01, 0xa0, 0xfe, 0x95, 0xfe, 0x01, 0xa0, 0xfe,
  0x04, 0xfe, 0x01, 0xa0, 0xfe, 0x04, 0xfe, 0xf0, 0xfe, 0xf0, 0xfe, 0xf0,
  0xfe, 0xf0, 0xa9, 0xf0, 0xa8, 0xa0, 0xfe, 0x04, 0xfe, 0x01, 0xa0, 0xfe,
  0x04, 0xfe, 0x01, 0xa9, 0x79, 0x05, 0xfe, 0x04, 0xfe, 0x01, 0x0b, 0xbb,
  0x09, 0x05, 0xfe, 0xba, 0x0b, 0x07, 0xfe, 0x01, 0xf0, 0xfe, 0xf0, 0x09,
  0x99, 0xfe, 0x01, 0xf0, 0x0c, 0xf0, 0xa8, 0xa7, 0xfe, 0xbc, 0xa7, 0xfe,
  0xbd, 0xa7, 0xfe, 0xbe, 0xa7, 0xfe, 0xf0, 0xa0, 0xfe, 0xf0, 0xfe, 0xa1,
  0xfe, 0xa2, 0xfe, 0xa3, 0xfe, 0xa4, 0xfe, 0xa5, 0xfe, 0xa6, 0xfe, 0xbf,
  0xfe, 0xa1, 0xfe, 0xa2, 0xfe, 0xa3, 0xfe, 0xa4, 0xfe, 0xa5, 0xfe, 0xa6,
  0xfe, 0xc0, 0xfe, 0xa1, 0xfe, 0xa2, 0xfe, 0xa3, 0xfe, 0xa4, 0xfe, 0xa5,
  0xfe, 0xa6, 0xfe, 0xf0, 0xfe, 0xa1, 0xfe, 0xa2, 0xfe, 0xa3, 0xfe, 0xa4,
  0xfe, 0xa5, 0xfe, 0xa6, 0xfe, 0xf0, 0xf0, 0xa9, 0xab, 0xfe, 0xbc, 0xab,
  0xfe, 0xbd, 0xab, 0xfe, 0xbe, 0xc1, 0xfe, 0xf0, 0xc1, 0xfe, 0x04, 0xfe,
  0xf0, 0xf0, 0xfe, 0x01, 0x0d, 0xfe, 0xf0, 0xfe, 0xa1, 0xfe, 0xa2, 0xfe,
  0xa3, 0xfe, 0xa4, 0xfe, 0xa5, 0xfe, 0xa6, 0xfe, 0xbf, 0xfe, 0xa1, 0xfe,
  0xa2, 0xfe, 0xa3, 0xfe, 0xa4, 0xfe, 0xa5, 0xfe, 0xa6, 0xfe, 0xc0, 0xfe,
  0xa1, 0xfe, 0xa2, 0xfe, 0xa3, 0xfe, 0xa4, 0xfe, 0xa5, 0xfe, 0xa6, 0xfe,
  0xf0, 0xf0, 0xfe, 0x04, 0xfe, 0xf0, 0xfe, 0xf0, 0xfe, 0xf0, 0xa8, 0xf0,
  0xfe, 0xf0, 0xfe, 0xf0, 0xfe, 0xf0, 0xa7, 0xfe, 0xf0, 0xfe, 0xf0, 0xa0,
  0xfe, 0xf0, 0xfe, 0xa1, 0xfe, 0xa2, 0xfe, 0xa3, 0xfe, 0xa4, 0xfe, 0xa5,
  0xfe, 0xa6, 0xfe, 0xf0, 0xfe, 0x97, 0xa0, 0xfe, 0x98, 0xf0, 0xa9, 0x0d,
  0xfe, 0x04, 0xfe, 0x01, 0x9a, 0xf0, 0xaa, 0xfe, 0x01, 0x05, 0xfe, 0x94,
  0xfe, 0x19, 0x05, 0xfe, 0x9d, 0xfe, 0x92, 0x05, 0xfe, 0x95, 0xfe, 0x96,
  0x05, 0xfe, 0x04, 0xfe, 0x01, 0x0b, 0xbb, 0x09, 0x05, 0xfe, 0x04, 0xfe,
  0x01, 0x0b, 0x07, 0xfe, 0xf0, 0xfe, 0xf0, 0xfe, 0xf0, 0xfe, 0xf0, 0xfe,
  0xf0, 0xfe, 0xf0, 0xfe, 0xf0, 0xfe, 0xf0, 0x07, 0xfe, 0xf0, 0xfe, 0x01,
  0xf0, 0xfe, 0xf0, 0xb5, 0xfe, 0x01, 0x1b, 0xfe, 0xcf, 0x06, 0xfe, 0xd0,
  0x06, 0xfe, 0xd1, 0xfe, 0x01, 0x06, 0xfe, 0xd2, 0xfe, 0x01, 0x06, 0xfe,
  0x04, 0xfe, 0xb7, 0xfe, 0x08, 0x06, 0xfe, 0x04, 0xfe, 0xd3, 0x06, 0xfe,
  0x93, 0xfe, 0xd4, 0xfe, 0xd5, 0xfe, 0xd6, 0xfe, 0xb8, 0xfe, 0x08, 0x07,
  0xfe, 0x04, 0xfe, 0x01, 0x1a, 0xfe, 0x94, 0xfe, 0x01, 0xd7, 0xfe, 0xd8,
  0xfe, 0xb8, 0xfe, 0x08, 0xd9, 0xfe, 0xda, 0xfe, 0xb7, 0xfe, 0xdb, 0xfe,
  0xdc, 0xb6, 0xfe, 0x01, 0xdd, 0xfe, 0x01, 0xde, 0xdf, 0x16, 0x0a, 0x00,
  0x28, 0x3c, 0x00, 0x01, 0x02, 0x03, 0x04, 0x3d, 0x3e, 0x05, 0x06, 0x07,
  0x08, 0x09, 0x0a, 0x0b, 0x0c, 0x0d, 0x28, 0x3f, 0x0e, 0x0f, 0x10, 0x11,
  0x12, 0x13, 0x14, 0x15, 0x16, 0x17, 0x18, 0x19, 0x1a, 0x1b, 0x1c, 0x1d,
  0x1e, 0x1f, 0x20, 0x21, 0x22, 0x23, 0x24, 0x25, 0x26, 0x27, 0x2f, 0x40,
  0x41, 0x42, 0x43, 0x44, 0x45, 0x30, 0x31, 0x32, 0x33, 0x02, 0xc6, 0x60,
  0xbf, 0x8a, 0xc6, 0x60, 0xa2, 0x97, 0xa7, 0x57, 0xfc, 0x65, 0xa7, 0x57,
  0xa2, 0x97, 0xa2, 0x97, 0xfc, 0x65, 0xf3, 0x57, 0x8d, 0x6b, 0xb9, 0x3d,
  0xb9, 0x3d, 0xc6, 0x60, 0xa7, 0x57, 0xf3, 0x57, 0xfc, 0x65, 0x8d, 0x6b,
  0xb9, 0x3d, 0xb9, 0x3d, 0xa3, 0x66, 0xa7, 0x57, 0xa3, 0x66, 0xb9, 0x3d,
  0xf3, 0x57, 0xa3, 0x66, 0x8d, 0x6b, 0xfc, 0x65, 0xa3, 0x66, 0xa3, 0x66,
  0xb9, 0x3d, 0xf3, 0x57, 0xa7, 0x57, 0x8d, 0x6b, 0xfc, 0x65, 0xbf, 0x8a,
  0xfc, 0x65, 0xbf, 0x8a, 0xd0, 0x87, 0xc6, 0x60, 0xe3, 0x87, 0xcb, 0x6c,
  0xd2, 0x75, 0xd3, 0x75, 0xd4, 0x75, 0xe3, 0x87, 0xcb, 0x6c, 0xbf, 0x8a,
  0xcb, 0x6c, 0xbf, 0x8a, 0xcb, 0x6c, 0xbf, 0x8a, 0xcb, 0x6c, 0xd2, 0x75,
  0xbf, 0x8a, 0xd2, 0x75, 0xbf, 0x8a, 0xd2, 0x75, 0xbf, 0x8a, 0xd2, 0x75,
  0xd3, 0x75, 0xbf, 0x8a, 0xd3, 0x75, 0xbf, 0x8a, 0xd3, 0x75, 0xbf, 0x8a,
  0xd3, 0x75, 0xd4, 0x75, 0xbf, 0x8a, 0xd4, 0x75, 0xbf, 0x8a, 0xd4, 0x75,
  0xbf, 0x8a, 0xd4, 0x75, 0xcc, 0x6c, 0xd5, 0x75, 0xd6, 0x75, 0xe9, 0x38,
  0xaa, 0xab, 0xe9, 0x38, 0x88, 0x4d, 0x88, 0x4d, 0xcc, 0x6c, 0xbf, 0x8a,
  0xcc, 0x6c, 0xbf, 0x8a, 0xcc, 0x6c, 0xbf, 0x8a, 0xcc, 0x6c, 0xd5, 0x75,
  0xbf, 0x8a, 0xd5, 0x75, 0xbf, 0x8a, 0xd5, 0x75, 0xbf, 0x8a, 0xd5, 0x75,
  0xd6, 0x75, 0xbf, 0x8a, 0xd6, 0x75, 0xbf, 0x8a, 0xd6, 0x75, 0xbf, 0x8a,
  0xd6, 0x75, 0xf6, 0x6a, 0xe9, 0x38, 0xf6, 0x6a, 0xaa, 0xab, 0xc1, 0xc2,
  0xf6, 0x6a, 0xf6, 0x6a, 0xd7, 0x75, 0xc1, 0xc2, 0x88, 0x4d, 0xd7, 0x75,
  0xbf, 0x8a, 0xd7, 0x75, 0xbf, 0x8a, 0xd7, 0x75, 0xbf, 0x8a, 0xd7, 0x75,
  0xc1, 0xc2, 0xf6, 0x6a, 0xe3, 0x87, 0x88, 0x4d, 0xdf, 0xab, 0xdf, 0xab,
  0xe3, 0x87, 0xdf, 0xab, 0xe3, 0x87, 0xdf, 0xab, 0xe3, 0x87, 0xd0, 0x87,
  0xdf, 0xab, 0xd0, 0x87, 0xbf, 0x8a, 0xed, 0x95, 0xc6, 0x60, 0xd0, 0x87,
  0xc6, 0x60, 0xd0, 0x87, 0xc6, 0x60, 0xd0, 0x87, 0xc6, 0x60, 0x8e, 0xc3,
  0xed, 0x95, 0xed, 0x95, 0x8e, 0xc3, 0xbb, 0x57, 0xc6, 0x6e, 0xa5, 0x92,
  0xc6, 0x6e, 0xd6, 0x4a, 0xc6, 0x6e, 0x8c, 0xb3, 0xa5, 0x92, 0xbb, 0x57,
  0x92, 0xb8, 0x8e, 0xc3, 0xeb, 0xa0, 0x8e, 0xc3, 0xd6, 0x4a, 0xd6, 0x4a,
  0x8c, 0xb3, 0x92, 0xb8, 0x8a, 0x6c, 0x8e, 0xc3, 0x8a, 0x6c, 0xeb, 0xa0,
  0xeb, 0xa0, 0x8c, 0xb3, 0x92, 0xb8, 0xeb, 0xa0, 0xa5, 0x92, 0xbb, 0x57,
  0x92, 0xb8, 0x8a, 0x6c, 0xc6, 0x60, 0x20, 0x43, 0x52, 0x43, 0x5f, 0x54,
  0x41, 0x4d, 0x04, 0x00, 0x00, 0x00, 0x43, 0x67, 0xe5, 0xaf
};
unsigned int kmistMaterial_len = 27514;
