unsigned char klitMaterial[] = {
  0x53, 0x52, 0x45, 0x56, 0x5f, 0x54, 0x41, 0x4d, 0x04, 0x00, 0x00, 0x00,
  0x4c, 0x00, 0x00, 0x00, 0x54, 0x41, 0x45, 0x46, 0x5f, 0x54, 0x41, 0x4d,
  0x01, 0x00, 0x00, 0x00, 0x01, 0x45, 0x4d, 0x41, 0x4e, 0x5f, 0x54, 0x41,
  0x4d, 0x09, 0x00, 0x00, 0x00, 0x6f, 0x72, 0x62, 0x69, 0x73, 0x4c, 0x69,
  0x74, 0x00, 0x4d, 0x52, 0x50, 0x43, 0x5f, 0x54, 0x41, 0x4d, 0x14, 0x00,
  0x00, 0x00, 0x2d, 0x61, 0x20, 0x6d, 0x65, 0x74, 0x61, 0x6c, 0x20, 0x2d,
  0x70, 0x20, 0x64, 0x65, 0x73, 0x6b, 0x74, 0x6f, 0x70, 0x00, 0x4c, 0x44,
  0x4d, 0x53, 0x5f, 0x54, 0x41, 0x4d, 0x04, 0x00, 0x00, 0x00, 0x04, 0x00,
  0x00, 0x00, 0x4e, 0x4d, 0x4f, 0x44, 0x5f, 0x54, 0x41, 0x4d, 0x01, 0x00,
  0x00, 0x00, 0x00, 0x54, 0x4c, 0x46, 0x56, 0x5f, 0x54, 0x41, 0x4d, 0x04,
  0x00, 0x00, 0x00, 0x00, 0x00, 0x00, 0x00, 0x20, 0x42, 0x49, 0x55, 0x5f,
  0x54, 0x41, 0x4d, 0x55, 0x00, 0x00, 0x00, 0x4d, 0x61, 0x74, 0x65, 0x72,
  0x69, 0x61, 0x6c, 0x50, 0x61, 0x72, 0x61, 0x6d, 0x73, 0x00, 0x03, 0x00,
  0x00, 0x00, 0x00, 0x00, 0x00, 0x00, 0x62, 0x61, 0x73, 0x65, 0x43, 0x6f,
  0x6c, 0x6f, 0x72, 0x00, 0x00, 0x00, 0x00, 0x00, 0x00, 0x00, 0x00, 0x00,
  0x06, 0x03, 0x00, 0x72, 0x6f, 0x75, 0x67, 0x68, 0x6e, 0x65, 0x73, 0x73,
  0x00, 0x00, 0x00, 0x00, 0x00, 0x00, 0x00, 0x00, 0x00, 0x04, 0x03, 0x00,
  0x6d, 0x65, 0x74, 0x61, 0x6c, 0x6c, 0x69, 0x63, 0x00, 0x00, 0x00, 0x00,
  0x00, 0x00, 0x00, 0x00, 0x00, 0x04, 0x03, 0x00, 0x20, 0x42, 0x49, 0x53,
  0x5f, 0x54, 0x41, 0x4d, 0x17, 0x00, 0x00, 0x00, 0x4d, 0x61, 0x74, 0x65,
  0x72, 0x69, 0x61, 0x6c, 0x50, 0x61, 0x72, 0x61, 0x6d, 0x73, 0x00, 0x00,
  0x00, 0x00, 0x00, 0x00, 0x00, 0x00, 0x00, 0x49, 0x44, 0x42, 0x44, 0x5f,
  0x54, 0x41, 0x4d, 0x12, 0x00, 0x00, 0x00, 0x01, 0x4d, 0x61, 0x74, 0x65,
  0x72, 0x69, 0x61, 0x6c, 0x50, 0x61, 0x72, 0x61, 0x6d, 0x73, 0x00, 0x1a,
  0x00, 0x49, 0x4c, 0x53, 0x44, 0x5f, 0x54, 0x41, 0x4d, 0x07, 0x00, 0x00,
  0x00, 0x01, 0x1a, 0x03, 0x00, 0x01, 0x00, 0x00, 0x53, 0x4e, 0x4f, 0x43,
  0x5f, 0x54, 0x41, 0x4d, 0x08, 0x00, 0x00, 0x00, 0x00, 0x00, 0x00, 0x00,
  0x00, 0x00, 0x00, 0x00, 0x4e, 0x4f, 0x43, 0x50, 0x5f, 0x54, 0x41, 0x4d,
  0x2d, 0x00, 0x00, 0x00, 0x70, 0x75, 0x73, 0x68, 0x43, 0x6f, 0x6e, 0x73,
  0x74, 0x61, 0x6e, 0x74, 0x73, 0x00, 0x01, 0x00, 0x00, 0x00, 0x00, 0x00,
  0x00, 0x00, 0x6d, 0x6f, 0x72, 0x70, 0x68, 0x69, 0x6e, 0x67, 0x42, 0x75,
  0x66, 0x66, 0x65, 0x72, 0x4f, 0x66, 0x66, 0x73, 0x65, 0x74, 0x00, 0x00,
  0x00, 0x20, 0x42, 0x55, 0x53, 0x5f, 0x54, 0x41, 0x4d, 0x17, 0x00, 0x00,
  0x00, 0x4d, 0x61, 0x74, 0x65, 0x72, 0x69, 0x61, 0x6c, 0x50, 0x61, 0x72,
  0x61, 0x6d, 0x73, 0x00, 0x00, 0x00, 0x00, 0x00, 0x00, 0x00, 0x00, 0x00,
  0x53, 0x53, 0x4f, 0x44, 0x5f, 0x54, 0x41, 0x4d, 0x01, 0x00, 0x00, 0x00,
  0x00, 0x49, 0x53, 0x4f, 0x44, 0x5f, 0x54, 0x41, 0x4d, 0x01, 0x00, 0x00,
  0x00, 0x00, 0x4e, 0x45, 0x4c, 0x42, 0x5f, 0x54, 0x41, 0x4d, 0x01, 0x00,
  0x00, 0x00, 0x00, 0x44, 0x4d, 0x52, 0x54, 0x5f, 0x54, 0x41, 0x4d, 0x01,
  0x00, 0x00, 0x00, 0x00, 0x4c, 0x46, 0x45, 0x52, 0x5f, 0x54, 0x41, 0x4d,
  0x01, 0x00, 0x00, 0x00, 0x00, 0x49, 0x52, 0x57, 0x43, 0x5f, 0x54, 0x41,
  0x4d, 0x01, 0x00, 0x00, 0x00, 0x01, 0x53, 0x57, 0x45, 0x44, 0x5f, 0x54,
  0x41, 0x4d, 0x01, 0x00, 0x00, 0x00, 0x00, 0x49, 0x52, 0x57, 0x44, 0x5f,
  0x54, 0x41, 0x4d, 0x01, 0x00, 0x00, 0x00, 0x01, 0x53, 0x45, 0x54, 0x44,
  0x5f, 0x54, 0x41, 0x4d, 0x01, 0x00, 0x00, 0x00, 0x01, 0x54, 0x53, 0x4e,
  0x49, 0x5f, 0x54, 0x41, 0x4d, 0x01, 0x00, 0x00, 0x00, 0x00, 0x53, 0x43,
  0x32, 0x41, 0x5f, 0x54, 0x41, 0x4d, 0x01, 0x00, 0x00, 0x00, 0x00, 0x4f,
  0x43, 0x32, 0x41, 0x5f, 0x54, 0x41, 0x4d, 0x01, 0x00, 0x00, 0x00, 0x00,
  0x4f, 0x4d, 0x55, 0x43, 0x5f, 0x54, 0x41, 0x4d, 0x01, 0x00, 0x00, 0x00,
  0x02, 0x50, 0x4f, 0x52, 0x50, 0x5f, 0x54, 0x41, 0x4d, 0x08, 0x00, 0x00,
  0x00, 0x07, 0x00, 0x00, 0x00, 0x00, 0x00, 0x00, 0x00, 0x52, 0x45, 0x54,
  0x53, 0x5f, 0x54, 0x41, 0x4d, 0x01, 0x00, 0x00, 0x00, 0x01, 0x44, 0x49,
  0x55, 0x55, 0x5f, 0x54, 0x41, 0x4d, 0x08, 0x00, 0x00, 0x00, 0xff, 0x4c,
  0xe2, 0x16, 0xca, 0xfe, 0x49, 0x62, 0x44, 0x41, 0x48, 0x53, 0x5f, 0x54,
  0x41, 0x4d, 0x01, 0x00, 0x00, 0x00, 0x01, 0x4d, 0x46, 0x45, 0x52, 0x5f,
  0x54, 0x41, 0x4d, 0x01, 0x00, 0x00, 0x00, 0x00, 0x54, 0x46, 0x45, 0x52,
  0x5f, 0x54, 0x41, 0x4d, 0x01, 0x00, 0x00, 0x00, 0x00, 0x52, 0x4f, 0x49,
  0x43, 0x5f, 0x54, 0x41, 0x4d, 0x01, 0x00, 0x00, 0x00, 0x01, 0x41, 0x51,
  0x45, 0x52, 0x5f, 0x54, 0x41, 0x4d, 0x04, 0x00, 0x00, 0x00, 0x03, 0x00,
  0x00, 0x00, 0x41, 0x41, 0x50, 0x53, 0x5f, 0x54, 0x41, 0x4d, 0x01, 0x00,
  0x00, 0x00, 0x00, 0x52, 0x41, 0x56, 0x53, 0x5f, 0x54, 0x41, 0x4d, 0x04,
  0x00, 0x00, 0x00, 0x9a, 0x99, 0x19, 0x3e, 0x52, 0x48, 0x54, 0x53, 0x5f,
  0x54, 0x41, 0x4d, 0x04, 0x00, 0x00, 0x00, 0xcd, 0xcc, 0x4c, 0x3e, 0x4f,
  0x44, 0x45, 0x56, 0x5f, 0x54, 0x41, 0x4d, 0x01, 0x00, 0x00, 0x00, 0x00,
  0x52, 0x54, 0x4e, 0x49, 0x5f, 0x54, 0x41, 0x4d, 0x01, 0x00, 0x00, 0x00,
  0x00, 0x50, 0x44, 0x53, 0x43, 0x5f, 0x54, 0x41, 0x4d, 0x01, 0x00, 0x00,
  0x00, 0x00, 0x54, 0x58, 0x45, 0x54, 0x5f, 0x43, 0x49, 0x44, 0x83, 0xce,
  0x00, 0x00, 0x51, 0x04, 0x00, 0x00, 0x3b, 0x0a, 0x00, 0x20, 0x3d, 0x20,
  0x00, 0x0a, 0x00, 0x2c, 0x20, 0x00, 0x20, 0x20, 0x20, 0x20, 0x20, 0x20,
  0x20, 0x20, 0x20, 0x20, 0x20, 0x20, 0x20, 0x20, 0x20, 0x20, 0x00, 0x29,
  0x3b, 0x0a, 0x00, 0x7d, 0x3b, 0x0a, 0x00, 0x7b, 0x0a, 0x00, 0x20, 0x20,
  0x20, 0x20, 0x20, 0x20, 0x20, 0x20, 0x20, 0x20, 0x20, 0x20, 0x7b, 0x0a,
  0x00, 0x20, 0x20, 0x20, 0x20, 0x20, 0x20, 0x20, 0x20, 0x20, 0x20, 0x20,
  0x20, 0x7d, 0x0a, 0x00, 0x20, 0x20, 0x20, 0x20, 0x20, 0x20, 0x20, 0x20,
  0x20, 0x20, 0x20, 0x20, 0x00, 0x20, 0x20, 0x20, 0x20, 0x20, 0x20, 0x20,
  0x20, 0x00, 0x20, 0x20, 0x20, 0x20, 0x7b, 0x0a, 0x00, 0x20, 0x20, 0x20,
  0x20, 0x20, 0x20, 0x20, 0x20, 0x7b, 0x0a, 0x00, 0x20, 0x20, 0x20, 0x20,
  0x7d, 0x0a, 0x00, 0x20, 0x20, 0x20, 0x20, 0x20, 0x20, 0x20, 0x20, 0x20,
  0x20, 0x20, 0x20, 0x66, 0x6c, 0x6f, 0x61, 0x74, 0x33, 0x20, 0x00, 0x20,
  0x20, 0x20, 0x20, 0x20, 0x20, 0x20, 0x20, 0x7d, 0x0a, 0x00, 0x20, 0x20,
  0x20, 0x20, 0x66, 0x6c, 0x6f, 0x61, 0x74, 0x20, 0x00, 0x29, 0x0a, 0x00,
  0x20, 0x20, 0x20, 0x20, 0x66, 0x6c, 0x6f, 0x61, 0x74, 0x33, 0x20, 0x00,
  0x20, 0x20, 0x20, 0x20, 0x66, 0x6c, 0x6f, 0x61, 0x74, 0x34, 0x20, 0x00,
  0x2e, 0x78, 0x3b, 0x0a, 0x00, 0x2e, 0x79, 0x3b, 0x0a, 0x00, 0x20, 0x20,
  0x20, 0x20, 0x20, 0x20, 0x20, 0x20, 0x66, 0x6c, 0x6f, 0x61, 0x74, 0x33,
  0x20, 0x00, 0x20, 0x20, 0x20, 0x20, 0x20, 0x20, 0x20, 0x20, 0x20, 0x20,
  0x20, 0x20, 0x65, 0x6c, 0x73, 0x65, 0x0a, 0x00, 0x20, 0x20, 0x20, 0x20,
  0x20, 0x20, 0x20, 0x20, 0x20, 0x20, 0x20, 0x20, 0x62, 0x72, 0x65, 0x61,
  0x6b, 0x3b, 0x0a, 0x00, 0x20, 0x20, 0x20, 0x20, 0x00, 0x2e, 0x7a, 0x29,
  0x20, 0x2b, 0x20, 0x00, 0x2e, 0x7a, 0x3b, 0x0a, 0x00, 0x29, 0x20, 0x2a,
  0x20, 0x00, 0x29, 0x29, 0x3b, 0x0a, 0x00, 0x20, 0x3d, 0x20, 0x28, 0x00,
  0x20, 0x20, 0x20, 0x20, 0x65, 0x6c, 0x73, 0x65, 0x0a, 0x00, 0x20, 0x3d,
  0x20, 0x7b, 0x7d, 0x3b, 0x0a, 0x00, 0x23, 0x65, 0x6e, 0x64, 0x69, 0x66,
  0x0a, 0x00, 0x20, 0x20, 0x20, 0x20, 0x20, 0x20, 0x20, 0x20, 0x20, 0x20,
  0x20, 0x20, 0x75, 0x69, 0x6e, 0x74, 0x20, 0x00, 0x29, 0x20, 0x2b, 0x20,
  0x00, 0x7d, 0x0a, 0x00, 0x2e, 0x78, 0x20, 0x3d, 0x20, 0x00, 0x20, 0x3d,
  0x20, 0x66, 0x61, 0x73, 0x74, 0x3a, 0x3a, 0x6e, 0x6f, 0x72, 0x6d, 0x61,
  0x6c, 0x69, 0x7a, 0x65, 0x28, 0x00, 0x2e, 0x7a, 0x20, 0x3d, 0x20, 0x00,
  0x20, 0x20, 0x20, 0x20, 0x20, 0x20, 0x20, 0x20, 0x20, 0x20, 0x20, 0x20,
  0x20, 0x20, 0x20, 0x20, 0x62, 0x72, 0x65, 0x61, 0x6b, 0x3b, 0x0a, 0x00,
  0x20, 0x20, 0x20, 0x20, 0x20, 0x20, 0x20, 0x20, 0x69, 0x6e, 0x74, 0x20,
  0x00, 0x2e, 0x79, 0x20, 0x3d, 0x20, 0x00, 0x3b, 0x20, 0x00, 0x20, 0x3c,
  0x20, 0x00, 0x20, 0x20, 0x20, 0x20, 0x20, 0x20, 0x20, 0x20, 0x20, 0x20,
  0x20, 0x20, 0x20, 0x20, 0x20, 0x20, 0x63, 0x6f, 0x6e, 0x74, 0x69, 0x6e,
  0x75, 0x65, 0x3b, 0x0a, 0x00, 0x20, 0x20, 0x20, 0x20, 0x20, 0x20, 0x20,
  0x20, 0x66, 0x6c, 0x6f, 0x61, 0x74, 0x34, 0x20, 0x00, 0x20, 0x20, 0x20,
  0x20, 0x20, 0x20, 0x20, 0x20, 0x64, 0x6f, 0x0a, 0x00, 0x20, 0x20, 0x20,
  0x20, 0x20, 0x20, 0x20, 0x20, 0x7d, 0x20, 0x77, 0x68, 0x69, 0x6c, 0x65,
  0x28, 0x66, 0x61, 0x6c, 0x73, 0x65, 0x29, 0x3b, 0x0a, 0x00, 0x23, 0x69,
  0x6e, 0x63, 0x6c, 0x75, 0x64, 0x65, 0x20, 0x3c, 0x6d, 0x65, 0x74, 0x61,
  0x6c, 0x5f, 0x73, 0x74, 0x64, 0x6c, 0x69, 0x62, 0x3e, 0x0a, 0x00, 0x23,
  0x69, 0x6e, 0x63, 0x6c, 0x75, 0x64, 0x65, 0x20, 0x3c, 0x73, 0x69, 0x6d,
  0x64, 0x2f, 0x73, 0x69, 0x6d, 0x64, 0x2e, 0x68, 0x3e, 0x0a, 0x00, 0x75,
  0x73, 0x69, 0x6e, 0x67, 0x20, 0x6e, 0x61, 0x6d, 0x65, 0x73, 0x70, 0x61,
  0x63, 0x65, 0x20, 0x6d, 0x65, 0x74, 0x61, 0x6c, 0x3b, 0x0a, 0x00, 0x73,
  0x74, 0x72, 0x75, 0x63, 0x74, 0x20, 0x6d, 0x61, 0x69, 0x6e, 0x30, 0x5f,
  0x6f, 0x75, 0x74, 0x0a, 0x00, 0x20, 0x20, 0x20, 0x20, 0x6d, 0x61, 0x69,
  0x6e, 0x30, 0x5f, 0x6f, 0x75, 0x74, 0x20, 0x6f, 0x75, 0x74, 0x20, 0x3d,
  0x20, 0x7b, 0x7d, 0x3b, 0x0a, 0x00, 0x20, 0x20, 0x20, 0x20, 0x72, 0x65,
  0x74, 0x75, 0x72, 0x6e, 0x20, 0x6f, 0x75, 0x74, 0x3b, 0x0a, 0x00, 0x73,
  0x74, 0x72, 0x75, 0x63, 0x74, 0x20, 0x6d, 0x61, 0x69, 0x6e, 0x30, 0x5f,
  0x69, 0x6e, 0x0a, 0x00, 0x2b, 0x2b, 0x29, 0x0a, 0x00, 0x73, 0x74, 0x72,
  0x75, 0x63, 0x74, 0x20, 0x50, 0x65, 0x72, 0x52, 0x65, 0x6e, 0x64, 0x65,
  0x72, 0x61, 0x62, 0x6c, 0x65, 0x44, 0x61, 0x74, 0x61, 0x0a, 0x00, 0x20,
  0x20, 0x20, 0x20, 0x66, 0x6c, 0x6f, 0x61, 0x74, 0x34, 0x78, 0x34, 0x20,
  0x77, 0x6f, 0x72, 0x6c, 0x64, 0x46, 0x72, 0x6f, 0x6d, 0x4d, 0x6f, 0x64,
  0x65, 0x6c, 0x4d, 0x61, 0x74, 0x72, 0x69, 0x78, 0x3b, 0x0a, 0x00, 0x20,
  0x20, 0x20, 0x20, 0x66, 0x6c, 0x6f, 0x61, 0x74, 0x33, 0x78, 0x33, 0x20,
  0x77, 0x6f, 0x72, 0x6c, 0x64, 0x46, 0x72, 0x6f, 0x6d, 0x4d, 0x6f, 0x64,
  0x65, 0x6c, 0x4e, 0x6f, 0x72, 0x6d, 0x61, 0x6c, 0x4d, 0x61, 0x74, 0x72,
  0x69, 0x78, 0x3b, 0x0a, 0x00, 0x20, 0x20, 0x20, 0x20, 0x69, 0x6e, 0x74,
  0x20, 0x6d, 0x6f, 0x72, 0x70, 0x68, 0x54, 0x61, 0x72, 0x67, 0x65, 0x74,
  0x43, 0x6f, 0x75, 0x6e, 0x74, 0x3b, 0x0a, 0x00, 0x20, 0x20, 0x20, 0x20,
  0x69, 0x6e, 0x74, 0x20, 0x66, 0x6c, 0x61, 0x67, 0x73, 0x43, 0x68, 0x61,
  0x6e, 0x6e, 0x65, 0x6c, 0x73, 0x3b, 0x0a, 0x00, 0x20, 0x20, 0x20, 0x20,
  0x69, 0x6e, 0x74, 0x20, 0x6f, 0x62, 0x6a, 0x65, 0x63, 0x74, 0x49, 0x64,
  0x3b, 0x0a, 0x00, 0x20, 0x20, 0x20, 0x20, 0x66, 0x6c, 0x6f, 0x61, 0x74,
  0x20, 0x75, 0x73, 0x65, 0x72, 0x44, 0x61, 0x74, 0x61, 0x3b, 0x0a, 0x00,
  0x20, 0x20, 0x20, 0x20, 0x66, 0x6c, 0x6f, 0x61, 0x74, 0x34, 0x20, 0x72,
  0x65, 0x73, 0x65, 0x72, 0x76, 0x65, 0x64, 0x5b, 0x38, 0x5d, 0x3b, 0x0a,
  0x00, 0x23, 0x69, 0x66, 0x6e, 0x64, 0x65, 0x66, 0x20, 0x53, 0x50, 0x49,
  0x52, 0x56, 0x5f, 0x43, 0x52, 0x4f, 0x53, 0x53, 0x5f, 0x43, 0x4f, 0x4e,
  0x53, 0x54, 0x41, 0x4e, 0x54, 0x5f, 0x49, 0x44, 0x5f, 0x31, 0x0a, 0x00,
  0x23, 0x64, 0x65, 0x66, 0x69, 0x6e, 0x65, 0x20, 0x53, 0x50, 0x49, 0x52,
  0x56, 0x5f, 0x43, 0x52, 0x4f, 0x53, 0x53, 0x5f, 0x43, 0x4f, 0x4e, 0x53,
  0x54, 0x41, 0x4e, 0x54, 0x5f, 0x49, 0x44, 0x5f, 0x31, 0x20, 0x36, 0x34,
  0x0a, 0x00, 0x63, 0x6f, 0x6e, 0x73, 0x74, 0x61, 0x6e, 0x74, 0x20, 0x69,
  0x6e, 0x74, 0x20, 0x43, 0x4f, 0x4e, 0x46, 0x49, 0x47, 0x5f, 0x4d, 0x41,
  0x58, 0x5f, 0x49, 0x4e, 0x53, 0x54, 0x41, 0x4e, 0x43, 0x45, 0x53, 0x20,
  0x3d, 0x20, 0x53, 0x50, 0x49, 0x52, 0x56, 0x5f, 0x43, 0x52, 0x4f, 0x53,
  0x53, 0x5f, 0x43, 0x4f, 0x4e, 0x53, 0x54, 0x41, 0x4e, 0x54, 0x5f, 0x49,
  0x44, 0x5f, 0x31, 0x3b, 0x0a, 0x00, 0x73, 0x74, 0x72, 0x75, 0x63, 0x74,
  0x20, 0x4f, 0x62, 0x6a, 0x65, 0x63, 0x74, 0x55, 0x6e, 0x69, 0x66, 0x6f,
  0x72, 0x6d, 0x73, 0x0a, 0x00, 0x20, 0x20, 0x20, 0x20, 0x50, 0x65, 0x72,
  0x52, 0x65, 0x6e, 0x64, 0x65, 0x72, 0x61, 0x62, 0x6c, 0x65, 0x44, 0x61,
  0x74, 0x61, 0x20, 0x64, 0x61, 0x74, 0x61, 0x5b, 0x43, 0x4f, 0x4e, 0x46,
  0x49, 0x47, 0x5f, 0x4d, 0x41, 0x58, 0x5f, 0x49, 0x4e, 0x53, 0x54, 0x41,
  0x4e, 0x43, 0x45, 0x53, 0x5d, 0x3b, 0x0a, 0x00, 0x73, 0x74, 0x72, 0x75,
  0x63, 0x74, 0x20, 0x46, 0x72, 0x61, 0x6d, 0x65, 0x55, 0x6e, 0x69, 0x66,
  0x6f, 0x72, 0x6d, 0x73, 0x0a, 0x00, 0x20, 0x20, 0x20, 0x20, 0x66, 0x6c,
  0x6f, 0x61, 0x74, 0x34, 0x78, 0x34, 0x20, 0x76, 0x69, 0x65, 0x77, 0x46,
  0x72, 0x6f, 0x6d, 0x57, 0x6f, 0x72, 0x6c, 0x64, 0x4d, 0x61, 0x74, 0x72,
  0x69, 0x78, 0x3b, 0x0a, 0x00, 0x20, 0x20, 0x20, 0x20, 0x66, 0x6c, 0x6f,
  0x61, 0x74, 0x34, 0x78, 0x34, 0x20, 0x77, 0x6f, 0x72, 0x6c, 0x64, 0x46,
  0x72, 0x6f, 0x6d, 0x56, 0x69, 0x65, 0x77, 0x4d, 0x61, 0x74, 0x72, 0x69,
  0x78, 0x3b, 0x0a, 0x00, 0x20, 0x20, 0x20, 0x20, 0x66, 0x6c, 0x6f, 0x61,
  0x74, 0x34, 0x78, 0x34, 0x20, 0x63, 0x6c, 0x69, 0x70, 0x46, 0x72, 0x6f,
  0x6d, 0x56, 0x69, 0x65, 0x77, 0x4d, 0x61, 0x74, 0x72, 0x69, 0x78, 0x3b,
  0x0a, 0x00, 0x20, 0x20, 0x20, 0x20, 0x66, 0x6c, 0x6f, 0x61, 0x74, 0x34,
  0x78, 0x34, 0x20, 0x76, 0x69, 0x65, 0x77, 0x46, 0x72, 0x6f, 0x6d, 0x43,
  0x6c, 0x69, 0x70, 0x4d, 0x61, 0x74, 0x72, 0x69, 0x78, 0x3b, 0x0a, 0x00,
  0x20, 0x20, 0x20, 0x20, 0x66, 0x6c, 0x6f, 0x61, 0x74, 0x34, 0x78, 0x34,
  0x20, 0x65, 0x79, 0x65, 0x46, 0x72, 0x6f, 0x6d, 0x56, 0x69, 0x65, 0x77,
  0x4d, 0x61, 0x74, 0x72, 0x69, 0x78, 0x5b, 0x34, 0x5d, 0x3b, 0x0a, 0x00,
  0x20, 0x20, 0x20, 0x20, 0x66, 0x6c, 0x6f, 0x61, 0x74, 0x34, 0x78, 0x34,
  0x20, 0x63, 0x6c, 0x69, 0x70, 0x46, 0x72, 0x6f, 0x6d, 0x57, 0x6f, 0x72,
  0x6c, 0x64, 0x4d, 0x61, 0x74, 0x72, 0x69, 0x78, 0x5b, 0x34, 0x5d, 0x3b,
  0x0a, 0x00, 0x20, 0x20, 0x20, 0x20, 0x66, 0x6c, 0x6f, 0x61, 0x74, 0x34,
  0x78, 0x34, 0x20, 0x77, 0x6f, 0x72, 0x6c, 0x64, 0x46, 0x72, 0x6f, 0x6d,
  0x43, 0x6c, 0x69, 0x70, 0x4d, 0x61, 0x74, 0x72, 0x69, 0x78, 0x3b, 0x0a,
  0x00, 0x20, 0x20, 0x20, 0x20, 0x66, 0x6c, 0x6f, 0x61, 0x74, 0x33, 0x78,
  0x33, 0x20, 0x77, 0x6f, 0x72, 0x6c, 0x64, 0x52, 0x61, 0x79, 0x46, 0x72,
  0x6f, 0x6d, 0x43, 0x6c, 0x69, 0x70, 0x4d, 0x61, 0x74, 0x72, 0x69, 0x78,
  0x3b, 0x0a, 0x00, 0x20, 0x20, 0x20, 0x20, 0x66, 0x6c, 0x6f, 0x61, 0x74,
  0x34, 0x78, 0x34, 0x20, 0x75, 0x73, 0x65, 0x72, 0x57, 0x6f, 0x72, 0x6c,
  0x64, 0x46, 0x72, 0x6f, 0x6d, 0x57, 0x6f, 0x72, 0x6c, 0x64, 0x4d, 0x61,
  0x74, 0x72, 0x69, 0x78, 0x3b, 0x0a, 0x00, 0x20, 0x20, 0x20, 0x20, 0x66,
  0x6c, 0x6f, 0x61, 0x74, 0x34, 0x20, 0x63, 0x6c, 0x69, 0x70, 0x54, 0x72,
  0x61, 0x6e, 0x73, 0x66, 0x6f, 0x72, 0x6d, 0x3b, 0x0a, 0x00, 0x20, 0x20,
  0x20, 0x20, 0x66, 0x6c, 0x6f, 0x61, 0x74, 0x32, 0x20, 0x63, 0x6c, 0x69,
  0x70, 0x43, 0x6f, 0x6e, 0x74, 0x72, 0x6f, 0x6c, 0x3b, 0x0a, 0x00, 0x20,
  0x20, 0x20, 0x20, 0x66, 0x6c, 0x6f, 0x61, 0x74, 0x20, 0x74, 0x69, 0x6d,
  0x65, 0x3b, 0x0a, 0x00, 0x20, 0x20, 0x20, 0x20, 0x66, 0x6c, 0x6f, 0x61,
  0x74, 0x20, 0x74, 0x65, 0x6d, 0x70, 0x6f, 0x72, 0x61, 0x6c, 0x4e, 0x6f,
  0x69, 0x73, 0x65, 0x3b, 0x0a, 0x00, 0x20, 0x20, 0x20, 0x20, 0x66, 0x6c,
  0x6f, 0x61, 0x74, 0x34, 0x20, 0x75, 0x73, 0x65, 0x72, 0x54, 0x69, 0x6d,
  0x65, 0x3b, 0x0a, 0x00, 0x20, 0x20, 0x20, 0x20, 0x66, 0x6c, 0x6f, 0x61,
  0x74, 0x34, 0x20, 0x72, 0x65, 0x73, 0x6f, 0x6c, 0x75, 0x74, 0x69, 0x6f,
  0x6e, 0x3b, 0x0a, 0x00, 0x20, 0x20, 0x20, 0x20, 0x66, 0x6c, 0x6f, 0x61,
  0x74, 0x32, 0x20, 0x6c, 0x6f, 0x67, 0x69, 0x63, 0x61, 0x6c, 0x56, 0x69,
  0x65, 0x77, 0x70, 0x6f, 0x72, 0x74, 0x53, 0x63, 0x61, 0x6c, 0x65, 0x3b,
  0x0a, 0x00, 0x20, 0x20, 0x20, 0x20, 0x66, 0x6c, 0x6f, 0x61, 0x74, 0x32,
  0x20, 0x6c, 0x6f, 0x67, 0x69, 0x63, 0x61, 0x6c, 0x56, 0x69, 0x65, 0x77,
  0x70, 0x6f, 0x72, 0x74, 0x4f, 0x66, 0x66, 0x73, 0x65, 0x74, 0x3b, 0x0a,
  0x00, 0x20, 0x20, 0x20, 0x20, 0x66, 0x6c, 0x6f, 0x61, 0x74, 0x20, 0x6c,
  0x6f, 0x64, 0x42, 0x69, 0x61, 0x73, 0x3b, 0x0a, 0x00, 0x20, 0x20, 0x20,
  0x20, 0x66, 0x6c, 0x6f, 0x61, 0x74, 0x20, 0x72, 0x65, 0x66, 0x72, 0x61,
  0x63, 0x74, 0x69, 0x6f, 0x6e, 0x4c, 0x6f, 0x64, 0x4f, 0x66, 0x66, 0x73,
  0x65, 0x74, 0x3b, 0x0a, 0x00, 0x20, 0x20, 0x20, 0x20, 0x66, 0x6c, 0x6f,
  0x61, 0x74, 0x32, 0x20, 0x64, 0x65, 0x72, 0x69, 0x76, 0x61, 0x74, 0x69,
  0x76, 0x65, 0x73, 0x53, 0x63, 0x61, 0x6c, 0x65, 0x3b, 0x0a, 0x00, 0x20,
  0x20, 0x20, 0x20, 0x66, 0x6c, 0x6f, 0x61, 0x74, 0x20, 0x6f, 0x6e, 0x65,
  0x4f, 0x76, 0x65, 0x72, 0x46, 0x61, 0x72, 0x4d, 0x69, 0x6e, 0x75, 0x73,
  0x4e, 0x65, 0x61, 0x72, 0x3b, 0x0a, 0x00, 0x20, 0x20, 0x20, 0x20, 0x66,
  0x6c, 0x6f, 0x61, 0x74, 0x20, 0x6e, 0x65, 0x61, 0x72, 0x4f, 0x76, 0x65,
  0x72, 0x46, 0x61, 0x72, 0x4d, 0x69, 0x6e, 0x75, 0x73, 0x4e, 0x65, 0x61,
  0x72, 0x3b, 0x0a, 0x00, 0x20, 0x20, 0x20, 0x20, 0x66, 0x6c, 0x6f, 0x61,
  0x74, 0x20, 0x63, 0x61, 0x6d, 0x65, 0x72, 0x61, 0x46, 0x61, 0x72, 0x3b,
  0x0a, 0x00, 0x20, 0x20, 0x20, 0x20, 0x66, 0x6c, 0x6f, 0x61, 0x74, 0x20,
  0x65, 0x78, 0x70, 0x6f, 0x73, 0x75, 0x72, 0x65, 0x3b, 0x0a, 0x00, 0x20,
  0x20, 0x20, 0x20, 0x66, 0x6c, 0x6f, 0x61, 0x74, 0x20, 0x65, 0x76, 0x31,
  0x30, 0x30, 0x3b, 0x0a, 0x00, 0x20, 0x20, 0x20, 0x20, 0x66, 0x6c, 0x6f,
  0x61, 0x74, 0x20, 0x6e, 0x65, 0x65, 0x64, 0x73, 0x41, 0x6c, 0x70, 0x68,
  0x61, 0x43, 0x68, 0x61, 0x6e, 0x6e, 0x65, 0x6c, 0x3b, 0x0a, 0x00, 0x20,
  0x20, 0x20, 0x20, 0x66, 0x6c, 0x6f, 0x61, 0x74, 0x20, 0x61, 0x6f, 0x53,
  0x61, 0x6d, 0x70, 0x6c, 0x69, 0x6e, 0x67, 0x51, 0x75, 0x61, 0x6c, 0x69,
  0x74, 0x79, 0x41, 0x6e, 0x64, 0x45, 0x64, 0x67, 0x65, 0x44, 0x69, 0x73,
  0x74, 0x61, 0x6e, 0x63, 0x65, 0x3b, 0x0a, 0x00, 0x20, 0x20, 0x20, 0x20,
  0x66, 0x6c, 0x6f, 0x61, 0x74, 0x20, 0x61, 0x6f, 0x42, 0x65, 0x6e, 0x74,
  0x4e, 0x6f, 0x72, 0x6d, 0x61, 0x6c, 0x73, 0x3b, 0x0a, 0x00, 0x20, 0x20,
  0x20, 0x20, 0x66, 0x6c, 0x6f, 0x61, 0x74, 0x34, 0x20, 0x7a, 0x50, 0x61,
  0x72, 0x61, 0x6d, 0x73, 0x3b, 0x0a, 0x00, 0x20, 0x20, 0x20, 0x20, 0x70,
  0x61, 0x63, 0x6b, 0x65, 0x64, 0x5f, 0x75, 0x69, 0x6e, 0x74, 0x33, 0x20,
  0x66, 0x50, 0x61, 0x72, 0x61, 0x6d, 0x73, 0x3b, 0x0a, 0x00, 0x20, 0x20,
  0x20, 0x20, 0x69, 0x6e, 0x74, 0x20, 0x6c, 0x69, 0x67, 0x68, 0x74, 0x43,
  0x68, 0x61, 0x6e, 0x6e, 0x65, 0x6c, 0x73, 0x3b, 0x0a, 0x00, 0x20, 0x20,
  0x20, 0x20, 0x66, 0x6c, 0x6f, 0x61, 0x74, 0x32, 0x20, 0x66, 0x72, 0x6f,
  0x78, 0x65, 0x6c, 0x43, 0x6f, 0x75, 0x6e, 0x74, 0x58, 0x59, 0x3b, 0x0a,
  0x00, 0x20, 0x20, 0x20, 0x20, 0x69, 0x6e, 0x74, 0x20, 0x65, 0x6e, 0x61,
  0x62, 0x6c, 0x65, 0x46, 0x72, 0x6f, 0x78, 0x65, 0x6c, 0x56, 0x69, 0x7a,
  0x3b, 0x0a, 0x00, 0x20, 0x20, 0x20, 0x20, 0x69, 0x6e, 0x74, 0x20, 0x64,
  0x79, 0x6e, 0x52, 0x65, 0x73, 0x65, 0x72, 0x76, 0x65, 0x64, 0x30, 0x3b,
  0x0a, 0x00, 0x20, 0x20, 0x20, 0x20, 0x69, 0x6e, 0x74, 0x20, 0x64, 0x79,
  0x6e, 0x52, 0x65, 0x73, 0x65, 0x72, 0x76, 0x65, 0x64, 0x31, 0x3b, 0x0a,
  0x00, 0x20, 0x20, 0x20, 0x20, 0x69, 0x6e, 0x74, 0x20, 0x64, 0x79, 0x6e,
  0x52, 0x65, 0x73, 0x65, 0x72, 0x76, 0x65, 0x64, 0x32, 0x3b, 0x0a, 0x00,
  0x20, 0x20, 0x20, 0x20, 0x66, 0x6c, 0x6f, 0x61, 0x74, 0x20, 0x69, 0x62,
  0x6c, 0x4c, 0x75, 0x6d, 0x69, 0x6e, 0x61, 0x6e, 0x63, 0x65, 0x3b, 0x0a,
  0x00, 0x20, 0x20, 0x20, 0x20, 0x66, 0x6c, 0x6f, 0x61, 0x74, 0x20, 0x69,
  0x62, 0x6c, 0x52, 0x6f, 0x75, 0x67, 0x68, 0x6e, 0x65, 0x73, 0x73, 0x4f,
  0x6e, 0x65, 0x4c, 0x65, 0x76, 0x65, 0x6c, 0x3b, 0x0a, 0x00, 0x20, 0x20,
  0x20, 0x20, 0x66, 0x6c, 0x6f, 0x61, 0x74, 0x33, 0x20, 0x69, 0x62, 0x6c,
  0x53, 0x48, 0x5b, 0x39, 0x5d, 0x3b, 0x0a, 0x00, 0x20, 0x20, 0x20, 0x20,
  0x70, 0x61, 0x63, 0x6b, 0x65, 0x64, 0x5f, 0x66, 0x6c, 0x6f, 0x61, 0x74,
  0x33, 0x20, 0x6c, 0x69, 0x67, 0x68, 0x74, 0x44, 0x69, 0x72, 0x65, 0x63,
  0x74, 0x69, 0x6f, 0x6e, 0x3b, 0x0a, 0x00, 0x20, 0x20, 0x20, 0x20, 0x66,
  0x6c, 0x6f, 0x61, 0x74, 0x20, 0x70, 0x61, 0x64, 0x64, 0x69, 0x6e, 0x67,
  0x30, 0x3b, 0x0a, 0x00, 0x20, 0x20, 0x20, 0x20, 0x66, 0x6c, 0x6f, 0x61,
  0x74, 0x34, 0x20, 0x6c, 0x69, 0x67, 0x68, 0x74, 0x43, 0x6f, 0x6c, 0x6f,
  0x72, 0x49, 0x6e, 0x74, 0x65, 0x6e, 0x73, 0x69, 0x74, 0x79, 0x3b, 0x0a,
  0x00, 0x20, 0x20, 0x20, 0x20, 0x66, 0x6c, 0x6f, 0x61, 0x74, 0x34, 0x20,
  0x73, 0x75, 0x6e, 0x3b, 0x0a, 0x00, 0x20, 0x20, 0x20, 0x20, 0x66, 0x6c,
  0x6f, 0x61, 0x74, 0x32, 0x20, 0x73, 0x68, 0x61, 0x64, 0x6f, 0x77, 0x46,
  0x61, 0x72, 0x41, 0x74, 0x74, 0x65, 0x6e, 0x75, 0x61, 0x74, 0x69, 0x6f,
  0x6e, 0x50, 0x61, 0x72, 0x61, 0x6d, 0x73, 0x3b, 0x0a, 0x00, 0x20, 0x20,
  0x20, 0x20, 0x69, 0x6e, 0x74, 0x20, 0x64, 0x69, 0x72, 0x65, 0x63, 0x74,
  0x69, 0x6f, 0x6e, 0x61, 0x6c, 0x53, 0x68, 0x61, 0x64, 0x6f, 0x77, 0x73,
  0x3b, 0x0a, 0x00, 0x20, 0x20, 0x20, 0x20, 0x66, 0x6c, 0x6f, 0x61, 0x74,
  0x20, 0x73, 0x73, 0x43, 0x6f, 0x6e, 0x74, 0x61, 0x63, 0x74, 0x53, 0x68,
  0x61, 0x64, 0x6f, 0x77, 0x44, 0x69, 0x73, 0x74, 0x61, 0x6e, 0x63, 0x65,
  0x3b, 0x0a, 0x00, 0x20, 0x20, 0x20, 0x20, 0x66, 0x6c, 0x6f, 0x61, 0x74,
  0x32, 0x20, 0x73, 0x68, 0x61, 0x64, 0x6f, 0x77, 0x41, 0x74, 0x6c, 0x61,
  0x73, 0x52, 0x65, 0x73, 0x6f, 0x6c, 0x75, 0x74, 0x69, 0x6f, 0x6e, 0x3b,
  0x0a, 0x00, 0x20, 0x20, 0x20, 0x20, 0x66, 0x6c, 0x6f, 0x61, 0x74, 0x20,
  0x73, 0x68, 0x61, 0x64, 0x6f, 0x77, 0x52, 0x65, 0x73, 0x65, 0x72, 0x76,
  0x65, 0x64, 0x30, 0x3b, 0x0a, 0x00, 0x20, 0x20, 0x20, 0x20, 0x66, 0x6c,
  0x6f, 0x61, 0x74, 0x20, 0x73, 0x68, 0x61, 0x64, 0x6f, 0x77, 0x52, 0x65,
  0x73, 0x65, 0x72, 0x76, 0x65, 0x64, 0x31, 0x3b, 0x0a, 0x00, 0x20, 0x20,
  0x20, 0x20, 0x66, 0x6c, 0x6f, 0x61, 0x74, 0x34, 0x20, 0x63, 0x61, 0x73,
  0x63, 0x61, 0x64, 0x65, 0x53, 0x70, 0x6c, 0x69, 0x74, 0x73, 0x3b, 0x0a,
  0x00, 0x20, 0x20, 0x20, 0x20, 0x69, 0x6e, 0x74, 0x20, 0x63, 0x61, 0x73,
  0x63, 0x61, 0x64, 0x65, 0x73, 0x3b, 0x0a, 0x00, 0x20, 0x20, 0x20, 0x20,
  0x66, 0x6c, 0x6f, 0x61, 0x74, 0x20, 0x72, 0x65, 0x73, 0x65, 0x72, 0x76,
  0x65, 0x64, 0x4c, 0x69, 0x67, 0x68, 0x74, 0x30, 0x3b, 0x0a, 0x00, 0x20,
  0x20, 0x20, 0x20, 0x66, 0x6c, 0x6f, 0x61, 0x74, 0x32, 0x20, 0x6c, 0x69,
  0x67, 0x68, 0x74, 0x46, 0x61, 0x72, 0x41, 0x74, 0x74, 0x65, 0x6e, 0x75,
  0x61, 0x74, 0x69, 0x6f, 0x6e, 0x50, 0x61, 0x72, 0x61, 0x6d, 0x73, 0x3b,
  0x0a, 0x00, 0x20, 0x20, 0x20, 0x20, 0x66, 0x6c, 0x6f, 0x61, 0x74, 0x20,
  0x76, 0x73, 0x6d, 0x45, 0x78, 0x70, 0x6f, 0x6e, 0x65, 0x6e, 0x74, 0x3b,
  0x0a, 0x00, 0x20, 0x20, 0x20, 0x20, 0x66, 0x6c, 0x6f, 0x61, 0x74, 0x20,
  0x76, 0x73, 0x6d, 0x4d, 0x61, 0x78, 0x4d, 0x6f, 0x6d, 0x65, 0x6e, 0x74,
  0x3b, 0x0a, 0x00, 0x20, 0x20, 0x20, 0x20, 0x66, 0x6c, 0x6f, 0x61, 0x74,
  0x20, 0x76, 0x73, 0x6d, 0x4c, 0x69, 0x67, 0x68, 0x74, 0x42, 0x6c, 0x65,
  0x65, 0x64, 0x52, 0x65, 0x64, 0x75, 0x63, 0x74, 0x69, 0x6f, 0x6e, 0x3b,
  0x0a, 0x00, 0x20, 0x20, 0x20, 0x20, 0x75, 0x69, 0x6e, 0x74, 0x20, 0x73,
  0x68, 0x61, 0x64, 0x6f, 0x77, 0x53, 0x61, 0x6d, 0x70, 0x6c, 0x69, 0x6e,
  0x67, 0x54, 0x79, 0x70, 0x65, 0x3b, 0x0a, 0x00, 0x20, 0x20, 0x20, 0x20,
  0x70, 0x61, 0x63, 0x6b, 0x65, 0x64, 0x5f, 0x66, 0x6c, 0x6f, 0x61, 0x74,
  0x33, 0x20, 0x66, 0x6f, 0x67, 0x44, 0x65, 0x6e, 0x73, 0x69, 0x74, 0x79,
  0x3b, 0x0a, 0x00, 0x20, 0x20, 0x20, 0x20, 0x66, 0x6c, 0x6f, 0x61, 0x74,
  0x20, 0x66, 0x6f, 0x67, 0x53, 0x74, 0x61, 0x72, 0x74, 0x3b, 0x0a, 0x00,
  0x20, 0x20, 0x20, 0x20, 0x66, 0x6c, 0x6f, 0x61, 0x74, 0x20, 0x66, 0x6f,
  0x67, 0x4d, 0x61, 0x78, 0x4f, 0x70, 0x61, 0x63, 0x69, 0x74, 0x79, 0x3b,
  0x0a, 0x00, 0x20, 0x20, 0x20, 0x20, 0x75, 0x69, 0x6e, 0x74, 0x20, 0x66,
  0x6f, 0x67, 0x4d, 0x69, 0x6e, 0x4d, 0x61, 0x78, 0x4d, 0x69, 0x70, 0x3b,
  0x0a, 0x00, 0x20, 0x20, 0x20, 0x20, 0x66, 0x6c, 0x6f, 0x61, 0x74, 0x20,
  0x66, 0x6f, 0x67, 0x48, 0x65, 0x69, 0x67, 0x68, 0x74, 0x46, 0x61, 0x6c,
  0x6c, 0x6f, 0x66, 0x66, 0x3b, 0x0a, 0x00, 0x20, 0x20, 0x20, 0x20, 0x66,
  0x6c, 0x6f, 0x61, 0x74, 0x20, 0x66, 0x6f, 0x67, 0x43, 0x75, 0x74, 0x4f,
  0x66, 0x66, 0x44, 0x69, 0x73, 0x74, 0x61, 0x6e, 0x63, 0x65, 0x3b, 0x0a,
  0x00, 0x20, 0x20, 0x20, 0x20, 0x70, 0x61, 0x63, 0x6b, 0x65, 0x64, 0x5f,
  0x66, 0x6c, 0x6f, 0x61, 0x74, 0x33, 0x20, 0x66, 0x6f, 0x67, 0x43, 0x6f,
  0x6c, 0x6f, 0x72, 0x3b, 0x0a, 0x00, 0x20, 0x20, 0x20, 0x20, 0x66, 0x6c,
  0x6f, 0x61, 0x74, 0x20, 0x66, 0x6f, 0x67, 0x43, 0x6f, 0x6c, 0x6f, 0x72,
  0x46, 0x72, 0x6f, 0x6d, 0x49, 0x62, 0x6c, 0x3b, 0x0a, 0x00, 0x20, 0x20,
  0x20, 0x20, 0x66, 0x6c, 0x6f, 0x61, 0x74, 0x20, 0x66, 0x6f, 0x67, 0x49,
  0x6e, 0x73, 0x63, 0x61, 0x74, 0x74, 0x65, 0x72, 0x69, 0x6e, 0x67, 0x53,
  0x74, 0x61, 0x72, 0x74, 0x3b, 0x0a, 0x00, 0x20, 0x20, 0x20, 0x20, 0x66,
  0x6c, 0x6f, 0x61, 0x74, 0x20, 0x66, 0x6f, 0x67, 0x49, 0x6e, 0x73, 0x63,
  0x61, 0x74, 0x74, 0x65, 0x72, 0x69, 0x6e, 0x67, 0x53, 0x69, 0x7a, 0x65,
  0x3b, 0x0a, 0x00, 0x20, 0x20, 0x20, 0x20, 0x66, 0x6c, 0x6f, 0x61, 0x74,
  0x20, 0x66, 0x6f, 0x67, 0x4f, 0x6e, 0x65, 0x4f, 0x76, 0x65, 0x72, 0x46,
  0x61, 0x72, 0x4d, 0x69, 0x6e, 0x75, 0x73, 0x4e, 0x65, 0x61, 0x72, 0x3b,
  0x0a, 0x00, 0x20, 0x20, 0x20, 0x20, 0x66, 0x6c, 0x6f, 0x61, 0x74, 0x20,
  0x66, 0x6f, 0x67, 0x4e, 0x65, 0x61, 0x72, 0x4f, 0x76, 0x65, 0x72, 0x46,
  0x61, 0x72, 0x4d, 0x69, 0x6e, 0x75, 0x73, 0x4e, 0x65, 0x61, 0x72, 0x3b,
  0x0a, 0x00, 0x20, 0x20, 0x20, 0x20, 0x66, 0x6c, 0x6f, 0x61, 0x74, 0x33,
  0x78, 0x33, 0x20, 0x66, 0x6f, 0x67, 0x46, 0x72, 0x6f, 0x6d, 0x57, 0x6f,
  0x72, 0x6c, 0x64, 0x4d, 0x61, 0x74, 0x72, 0x69, 0x78, 0x3b, 0x0a, 0x00,
  0x20, 0x20, 0x20, 0x20, 0x66, 0x6c, 0x6f, 0x61, 0x74, 0x32, 0x20, 0x66,
  0x6f, 0x67, 0x4c, 0x69, 0x6e, 0x65, 0x61, 0x72, 0x50, 0x61, 0x72, 0x61,
  0x6d, 0x73, 0x3b, 0x0a, 0x00, 0x20, 0x20, 0x20, 0x20, 0x66, 0x6c, 0x6f,
  0x61, 0x74, 0x32, 0x20, 0x66, 0x6f, 0x67, 0x52, 0x65, 0x73, 0x65, 0x72,
  0x76, 0x65, 0x64, 0x30, 0x3b, 0x0a, 0x00, 0x20, 0x20, 0x20, 0x20, 0x66,
  0x6c, 0x6f, 0x61, 0x74, 0x34, 0x78, 0x34, 0x20, 0x73, 0x73, 0x72, 0x52,
  0x65, 0x70, 0x72, 0x6f, 0x6a, 0x65, 0x63, 0x74, 0x69, 0x6f, 0x6e, 0x3b,
  0x0a, 0x00, 0x20, 0x20, 0x20, 0x20, 0x66, 0x6c, 0x6f, 0x61, 0x74, 0x34,
  0x78, 0x34, 0x20, 0x73, 0x73, 0x72, 0x55, 0x76, 0x46, 0x72, 0x6f, 0x6d,
  0x56, 0x69, 0x65, 0x77, 0x4d, 0x61, 0x74, 0x72, 0x69, 0x78, 0x3b, 0x0a,
  0x00, 0x20, 0x20, 0x20, 0x20, 0x66, 0x6c, 0x6f, 0x61, 0x74, 0x20, 0x73,
  0x73, 0x72, 0x54, 0x68, 0x69, 0x63, 0x6b, 0x6e, 0x65, 0x73, 0x73, 0x3b,
  0x0a, 0x00, 0x20, 0x20, 0x20, 0x20, 0x66, 0x6c, 0x6f, 0x61, 0x74, 0x20,
  0x73, 0x73, 0x72, 0x42, 0x69, 0x61, 0x73, 0x3b, 0x0a, 0x00, 0x20, 0x20,
  0x20, 0x20, 0x66, 0x6c, 0x6f, 0x61, 0x74, 0x20, 0x73, 0x73, 0x72, 0x44,
  0x69, 0x73, 0x74, 0x61, 0x6e, 0x63, 0x65, 0x3b, 0x0a, 0x00, 0x20, 0x20,
  0x20, 0x20, 0x66, 0x6c, 0x6f, 0x61, 0x74, 0x20, 0x73, 0x73, 0x72, 0x53,
  0x74, 0x72, 0x69, 0x64, 0x65, 0x3b, 0x0a, 0x00, 0x20, 0x20, 0x20, 0x20,
  0x66, 0x6c, 0x6f, 0x61, 0x74, 0x34, 0x20, 0x63, 0x75, 0x73, 0x74, 0x6f,
  0x6d, 0x5b, 0x34, 0x5d, 0x3b, 0x0a, 0x00, 0x20, 0x20, 0x20, 0x20, 0x69,
  0x6e, 0x74, 0x20, 0x72, 0x65, 0x63, 0x37, 0x30, 0x39, 0x3b, 0x0a, 0x00,
  0x20, 0x20, 0x20, 0x20, 0x66, 0x6c, 0x6f, 0x61, 0x74, 0x20, 0x65, 0x73,
  0x32, 0x52, 0x65, 0x73, 0x65, 0x72, 0x76, 0x65, 0x64, 0x30, 0x3b, 0x0a,
  0x00, 0x20, 0x20, 0x20, 0x20, 0x66, 0x6c, 0x6f, 0x61, 0x74, 0x20, 0x65,
  0x73, 0x32, 0x52, 0x65, 0x73, 0x65, 0x72, 0x76, 0x65, 0x64, 0x31, 0x3b,
  0x0a, 0x00, 0x20, 0x20, 0x20, 0x20, 0x66, 0x6c, 0x6f, 0x61, 0x74, 0x20,
  0x65, 0x73, 0x32, 0x52, 0x65, 0x73, 0x65, 0x72, 0x76, 0x65, 0x64, 0x32,
  0x3b, 0x0a, 0x00, 0x20, 0x20, 0x20, 0x20, 0x66, 0x6c, 0x6f, 0x61, 0x74,
  0x34, 0x20, 0x65, 0x78, 0x74, 0x72, 0x61, 0x4c, 0x69, 0x67, 0x68, 0x74,
  0x44, 0x69, 0x72, 0x65, 0x63, 0x74, 0x69, 0x6f, 0x6e, 0x5b, 0x34, 0x5d,
  0x3b, 0x0a, 0x00, 0x20, 0x20, 0x20, 0x20, 0x66, 0x6c, 0x6f, 0x61, 0x74,
  0x34, 0x20, 0x65, 0x78, 0x74, 0x72, 0x61, 0x4c, 0x69, 0x67, 0x68, 0x74,
  0x43, 0x6f, 0x6c, 0x6f, 0x72, 0x49, 0x6e, 0x74, 0x65, 0x6e, 0x73, 0x69,
  0x74, 0x79, 0x5b, 0x34, 0x5d, 0x3b, 0x0a, 0x00, 0x20, 0x20, 0x20, 0x20,
  0x69, 0x6e, 0x74, 0x20, 0x65, 0x78, 0x74, 0x72, 0x61, 0x4c, 0x69, 0x67,
  0x68, 0x74, 0x43, 0x6f, 0x75, 0x6e, 0x74, 0x3b, 0x0a, 0x00, 0x20, 0x20,
  0x20, 0x20, 0x69, 0x6e, 0x74, 0x20, 0x65, 0x78, 0x74, 0x72, 0x61, 0x44,
  0x69, 0x72, 0x52, 0x65, 0x73, 0x65, 0x72, 0x76, 0x65, 0x64, 0x30, 0x3b,
  0x0a, 0x00, 0x20, 0x20, 0x20, 0x20, 0x69, 0x6e, 0x74, 0x20, 0x65, 0x78,
  0x74, 0x72, 0x61, 0x44, 0x69, 0x72, 0x52, 0x65, 0x73, 0x65, 0x72, 0x76,
  0x65, 0x64, 0x31, 0x3b, 0x0a, 0x00, 0x20, 0x20, 0x20, 0x20, 0x69, 0x6e,
  0x74, 0x20, 0x65, 0x78, 0x74, 0x72, 0x61, 0x44, 0x69, 0x72, 0x52, 0x65,
  0x73, 0x65, 0x72, 0x76, 0x65, 0x64, 0x32, 0x3b, 0x0a, 0x00, 0x20, 0x20,
  0x20, 0x20, 0x66, 0x6c, 0x6f, 0x61, 0x74, 0x34, 0x20, 0x72, 0x65, 0x73,
  0x65, 0x72, 0x76, 0x65, 0x64, 0x5b, 0x39, 0x5d, 0x3b, 0x0a, 0x00, 0x73,
  0x74, 0x72, 0x75, 0x63, 0x74, 0x20, 0x46, 0x72, 0x61, 0x6d, 0x65, 0x55,
  0x6e, 0x69, 0x66, 0x6f, 0x72, 0x6d, 0x73, 0x3b, 0x0a, 0x00, 0x73, 0x74,
  0x72, 0x75, 0x63, 0x74, 0x20, 0x73, 0x70, 0x76, 0x44, 0x65, 0x73, 0x63,
  0x72, 0x69, 0x70, 0x74, 0x6f, 0x72, 0x53, 0x65, 0x74, 0x42, 0x75, 0x66,
  0x66, 0x65, 0x72, 0x30, 0x20, 0x7b, 0x0a, 0x00, 0x63, 0x6f, 0x6e, 0x73,
  0x74, 0x61, 0x6e, 0x74, 0x20, 0x46, 0x72, 0x61, 0x6d, 0x65, 0x55, 0x6e,
  0x69, 0x66, 0x6f, 0x72, 0x6d, 0x73, 0x2a, 0x20, 0x66, 0x72, 0x61, 0x6d,
  0x65, 0x55, 0x6e, 0x69, 0x66, 0x6f, 0x72, 0x6d, 0x73, 0x20, 0x5b, 0x5b,
  0x69, 0x64, 0x28, 0x30, 0x29, 0x5d, 0x5d, 0x3b, 0x0a, 0x00, 0x73, 0x74,
  0x72, 0x75, 0x63, 0x74, 0x20, 0x4f, 0x62, 0x6a, 0x65, 0x63, 0x74, 0x55,
  0x6e, 0x69, 0x66, 0x6f, 0x72, 0x6d, 0x73, 0x3b, 0x0a, 0x00, 0x73, 0x74,
  0x72, 0x75, 0x63, 0x74, 0x20, 0x42, 0x6f, 0x6e, 0x65, 0x73, 0x55, 0x6e,
  0x69, 0x66, 0x6f, 0x72, 0x6d, 0x73, 0x3b, 0x0a, 0x00, 0x73, 0x74, 0x72,
  0x75, 0x63, 0x74, 0x20, 0x4d, 0x6f, 0x72, 0x70, 0x68, 0x69, 0x6e, 0x67,
  0x55, 0x6e, 0x69, 0x66, 0x6f, 0x72, 0x6d, 0x73, 0x3b, 0x0a, 0x00, 0x73,
  0x74, 0x72, 0x75, 0x63, 0x74, 0x20, 0x73, 0x70, 0x76, 0x44, 0x65, 0x73,
  0x63, 0x72, 0x69, 0x70, 0x74, 0x6f, 0x72, 0x53, 0x65, 0x74, 0x42, 0x75,
  0x66, 0x66, 0x65, 0x72, 0x31, 0x20, 0x7b, 0x0a, 0x00, 0x63, 0x6f, 0x6e,
  0x73, 0x74, 0x61, 0x6e, 0x74, 0x20, 0x4f, 0x62, 0x6a, 0x65, 0x63, 0x74,
  0x55, 0x6e, 0x69, 0x66, 0x6f, 0x72, 0x6d, 0x73, 0x2a, 0x20, 0x6f, 0x62,
  0x6a, 0x65, 0x63, 0x74, 0x55, 0x6e, 0x69, 0x66, 0x6f, 0x72, 0x6d, 0x73,
  0x20, 0x5b, 0x5b, 0x69, 0x64, 0x28, 0x30, 0x29, 0x5d, 0x5d, 0x3b, 0x0a,
  0x00, 0x63, 0x6f, 0x6e, 0x73, 0x74, 0x61, 0x6e, 0x74, 0x20, 0x42, 0x6f,
  0x6e, 0x65, 0x73, 0x55, 0x6e, 0x69, 0x66, 0x6f, 0x72, 0x6d, 0x73, 0x2a,
  0x20, 0x62, 0x6f, 0x6e, 0x65, 0x73, 0x55, 0x6e, 0x69, 0x66, 0x6f, 0x72,
  0x6d, 0x73, 0x20, 0x5b, 0x5b, 0x69, 0x64, 0x28, 0x32, 0x29, 0x5d, 0x5d,
  0x3b, 0x0a, 0x00, 0x63, 0x6f, 0x6e, 0x73, 0x74, 0x61, 0x6e, 0x74, 0x20,
  0x4d, 0x6f, 0x72, 0x70, 0x68, 0x69, 0x6e, 0x67, 0x55, 0x6e, 0x69, 0x66,
  0x6f, 0x72, 0x6d, 0x73, 0x2a, 0x20, 0x6d, 0x6f, 0x72, 0x70, 0x68, 0x69,
  0x6e, 0x67, 0x55, 0x6e, 0x69, 0x66, 0x6f, 0x72, 0x6d, 0x73, 0x20, 0x5b,
  0x5b, 0x69, 0x64, 0x28, 0x34, 0x29, 0x5d, 0x5d, 0x3b, 0x0a, 0x00, 0x20,
  0x20, 0x20, 0x20, 0x66, 0x6c, 0x6f, 0x61, 0x74, 0x34, 0x20, 0x76, 0x65,
  0x72, 0x74, 0x65, 0x78, 0x5f, 0x70, 0x6f, 0x73, 0x69, 0x74, 0x69, 0x6f,
  0x6e, 0x20, 0x5b, 0x5b, 0x75, 0x73, 0x65, 0x72, 0x28, 0x6c, 0x6f, 0x63,
  0x6e, 0x39, 0x29, 0x5d, 0x5d, 0x3b, 0x0a, 0x00, 0x20, 0x20, 0x20, 0x20,
  0x69, 0x6e, 0x74, 0x20, 0x69, 0x6e, 0x73, 0x74, 0x61, 0x6e, 0x63, 0x65,
  0x5f, 0x69, 0x6e, 0x64, 0x65, 0x78, 0x20, 0x5b, 0x5b, 0x75, 0x73, 0x65,
  0x72, 0x28, 0x6c, 0x6f, 0x63, 0x6e, 0x31, 0x30, 0x29, 0x5d, 0x5d, 0x3b,
  0x0a, 0x00, 0x20, 0x20, 0x20, 0x20, 0x63, 0x6f, 0x6e, 0x73, 0x74, 0x61,
  0x6e, 0x74, 0x20, 0x61, 0x75, 0x74, 0x6f, 0x26, 0x20, 0x6f, 0x62, 0x6a,
  0x65, 0x63, 0x74, 0x55, 0x6e, 0x69, 0x66, 0x6f, 0x72, 0x6d, 0x73, 0x20,
  0x3d, 0x20, 0x2a, 0x28, 0x63, 0x6f, 0x6e, 0x73, 0x74, 0x61, 0x6e, 0x74,
  0x20, 0x4f, 0x62, 0x6a, 0x65, 0x63, 0x74, 0x55, 0x6e, 0x69, 0x66, 0x6f,
  0x72, 0x6d, 0x73, 0x2a, 0x20, 0x29, 0x28, 0x28, 0x63, 0x6f, 0x6e, 0x73,
  0x74, 0x61, 0x6e, 0x74, 0x20, 0x63, 0x68, 0x61, 0x72, 0x2a, 0x20, 0x29,
  0x73, 0x70, 0x76, 0x44, 0x65, 0x73, 0x63, 0x72, 0x69, 0x70, 0x74, 0x6f,
  0x72, 0x53, 0x65, 0x74, 0x31, 0x2e, 0x6f, 0x62, 0x6a, 0x65, 0x63, 0x74,
  0x55, 0x6e, 0x69, 0x66, 0x6f, 0x72, 0x6d, 0x73, 0x20, 0x2b, 0x20, 0x73,
  0x70, 0x76, 0x44, 0x79, 0x6e, 0x61, 0x6d, 0x69, 0x63, 0x4f, 0x66, 0x66,
  0x73, 0x65, 0x74, 0x73, 0x5b, 0x30, 0x5d, 0x29, 0x3b, 0x0a, 0x00, 0x20,
  0x20, 0x20, 0x20, 0x66, 0x6c, 0x6f, 0x61, 0x74, 0x34, 0x20, 0x76, 0x65,
  0x72, 0x74, 0x65, 0x78, 0x5f, 0x77, 0x6f, 0x72, 0x6c, 0x64, 0x50, 0x6f,
  0x73, 0x69, 0x74, 0x69, 0x6f, 0x6e, 0x20, 0x5b, 0x5b, 0x75, 0x73, 0x65,
  0x72, 0x28, 0x6c, 0x6f, 0x63, 0x6e, 0x36, 0x29, 0x5d, 0x5d, 0x3b, 0x0a,
  0x00, 0x20, 0x20, 0x20, 0x20, 0x66, 0x6c, 0x6f, 0x61, 0x74, 0x33, 0x20,
  0x76, 0x65, 0x72, 0x74, 0x65, 0x78, 0x5f, 0x77, 0x6f, 0x72, 0x6c, 0x64,
  0x4e, 0x6f, 0x72, 0x6d, 0x61, 0x6c, 0x20, 0x5b, 0x5b, 0x75, 0x73, 0x65,
  0x72, 0x28, 0x6c, 0x6f, 0x63, 0x6e, 0x37, 0x29, 0x5d, 0x5d, 0x3b, 0x0a,
  0x00, 0x2e, 0x79, 0x29, 0x3b, 0x0a, 0x00, 0x2b, 0x2b, 0x3b, 0x0a, 0x00,
  0x20, 0x20, 0x20, 0x20, 0x20, 0x20, 0x20, 0x20, 0x20, 0x20, 0x20, 0x20,
  0x20, 0x20, 0x20, 0x20, 0x66, 0x6c, 0x6f, 0x61, 0x74, 0x34, 0x20, 0x00,
  0x23, 0x70, 0x72, 0x61, 0x67, 0x6d, 0x61, 0x20, 0x63, 0x6c, 0x61, 0x6e,
  0x67, 0x20, 0x64, 0x69, 0x61, 0x67, 0x6e, 0x6f, 0x73, 0x74, 0x69, 0x63,
  0x20, 0x69, 0x67, 0x6e, 0x6f, 0x72, 0x65, 0x64, 0x20, 0x22, 0x2d, 0x57,
  0x6d, 0x69, 0x73, 0x73, 0x69, 0x6e, 0x67, 0x2d, 0x70, 0x72, 0x6f, 0x74,
  0x6f, 0x74, 0x79, 0x70, 0x65, 0x73, 0x22, 0x0a, 0x00, 0x20, 0x3d, 0x20,
  0x28, 0x28, 0x28, 0x28, 0x28, 0x00, 0x20, 0x20, 0x20, 0x20, 0x69, 0x6e,
  0x74, 0x20, 0x00, 0x73, 0x74, 0x72, 0x75, 0x63, 0x74, 0x20, 0x53, 0x68,
  0x61, 0x64, 0x6f, 0x77, 0x55, 0x6e, 0x69, 0x66, 0x6f, 0x72, 0x6d, 0x73,
  0x3b, 0x0a, 0x00, 0x63, 0x6f, 0x6e, 0x73, 0x74, 0x61, 0x6e, 0x74, 0x20,
  0x53, 0x68, 0x61, 0x64, 0x6f, 0x77, 0x55, 0x6e, 0x69, 0x66, 0x6f, 0x72,
  0x6d, 0x73, 0x2a, 0x20, 0x73, 0x68, 0x61, 0x64, 0x6f, 0x77, 0x55, 0x6e,
  0x69, 0x66, 0x6f, 0x72, 0x6d, 0x73, 0x20, 0x5b, 0x5b, 0x69, 0x64, 0x28,
  0x32, 0x29, 0x5d, 0x5d, 0x3b, 0x0a, 0x00, 0x63, 0x6f, 0x6e, 0x73, 0x74,
  0x61, 0x6e, 0x74, 0x20, 0x66, 0x6c, 0x6f, 0x61, 0x74, 0x34, 0x20, 0x00,
  0x20, 0x20, 0x20, 0x20, 0x20, 0x20, 0x20, 0x20, 0x20, 0x20, 0x20, 0x20,
  0x20, 0x20, 0x20, 0x20, 0x66, 0x6c, 0x6f, 0x61, 0x74, 0x33, 0x20, 0x00,
  0x20, 0x2a, 0x20, 0x66, 0x6c, 0x6f, 0x61, 0x74, 0x28, 0x00, 0x20, 0x20,
  0x20, 0x20, 0x20, 0x20, 0x20, 0x20, 0x66, 0x6f, 0x72, 0x20, 0x28, 0x69,
  0x6e, 0x74, 0x20, 0x00, 0x20, 0x3d, 0x20, 0x30, 0x3b, 0x20, 0x00, 0x2e,
  0x78, 0x20, 0x2a, 0x20, 0x00, 0x20, 0x20, 0x20, 0x20, 0x66, 0x6c, 0x6f,
  0x61, 0x74, 0x32, 0x20, 0x00, 0x20, 0x20, 0x20, 0x20, 0x20, 0x20, 0x20,
  0x20, 0x20, 0x20, 0x20, 0x20, 0x20, 0x20, 0x20, 0x20, 0x75, 0x69, 0x6e,
  0x74, 0x20, 0x00, 0x2e, 0x78, 0x29, 0x3b, 0x0a, 0x00, 0x73, 0x74, 0x72,
  0x75, 0x63, 0x74, 0x20, 0x53, 0x68, 0x61, 0x64, 0x6f, 0x77, 0x44, 0x61,
  0x74, 0x61, 0x0a, 0x00, 0x20, 0x20, 0x20, 0x20, 0x66, 0x6c, 0x6f, 0x61,
  0x74, 0x34, 0x78, 0x34, 0x20, 0x6c, 0x69, 0x67, 0x68, 0x74, 0x46, 0x72,
  0x6f, 0x6d, 0x57, 0x6f, 0x72, 0x6c, 0x64, 0x4d, 0x61, 0x74, 0x72, 0x69,
  0x78, 0x3b, 0x0a, 0x00, 0x20, 0x20, 0x20, 0x20, 0x66, 0x6c, 0x6f, 0x61,
  0x74, 0x34, 0x20, 0x6c, 0x69, 0x67, 0x68, 0x74, 0x46, 0x72, 0x6f, 0x6d,
  0x57, 0x6f, 0x72, 0x6c, 0x64, 0x5a, 0x3b, 0x0a, 0x00, 0x20, 0x20, 0x20,
  0x20, 0x66, 0x6c, 0x6f, 0x61, 0x74, 0x34, 0x20, 0x73, 0x63, 0x69, 0x73,
  0x73, 0x6f, 0x72, 0x4e, 0x6f, 0x72, 0x6d, 0x61, 0x6c, 0x69, 0x7a, 0x65,
  0x64, 0x3b, 0x0a, 0x00, 0x20, 0x20, 0x20, 0x20, 0x66, 0x6c, 0x6f, 0x61,
  0x74, 0x32, 0x20, 0x6e, 0x6f, 0x72, 0x6d, 0x61, 0x6c, 0x42, 0x69, 0x61,
  0x73, 0x3b, 0x0a, 0x00, 0x20, 0x20, 0x20, 0x20, 0x66, 0x6c, 0x6f, 0x61,
  0x74, 0x20, 0x70, 0x72, 0x6f, 0x6a, 0x65, 0x63, 0x74, 0x69, 0x6f, 0x6e,
  0x50, 0x61, 0x72, 0x61, 0x6d, 0x3b, 0x0a, 0x00, 0x20, 0x20, 0x20, 0x20,
  0x66, 0x6c, 0x6f, 0x61, 0x74, 0x20, 0x77, 0x73, 0x4f, 0x6e, 0x65, 0x4f,
  0x76, 0x65, 0x72, 0x54, 0x65, 0x78, 0x65, 0x6c, 0x53, 0x69, 0x7a, 0x65,
  0x41, 0x74, 0x4f, 0x6e, 0x65, 0x4d, 0x65, 0x74, 0x65, 0x72, 0x3b, 0x0a,
  0x00, 0x20, 0x20, 0x20, 0x20, 0x75, 0x69, 0x6e, 0x74, 0x20, 0x6d, 0x61,
  0x78, 0x4d, 0x69, 0x70, 0x4c, 0x65, 0x76, 0x65, 0x6c, 0x5f, 0x6d, 0x61,
  0x78, 0x53, 0x65, 0x61, 0x72, 0x63, 0x68, 0x52, 0x61, 0x64, 0x69, 0x75,
  0x73, 0x3b, 0x0a, 0x00, 0x20, 0x20, 0x20, 0x20, 0x75, 0x69, 0x6e, 0x74,
  0x20, 0x62, 0x75, 0x6c, 0x62, 0x52, 0x61, 0x64, 0x69, 0x75, 0x73, 0x5f,
  0x76, 0x73, 0x6d, 0x45, 0x78, 0x70, 0x6f, 0x6e, 0x65, 0x6e, 0x74, 0x3b,
  0x0a, 0x00, 0x20, 0x20, 0x20, 0x20, 0x75, 0x69, 0x6e, 0x74, 0x20, 0x6d,
  0x61, 0x78, 0x50, 0x65, 0x6e, 0x75, 0x6d, 0x62, 0x72, 0x61, 0x52, 0x61,
  0x74, 0x69, 0x6f, 0x5f, 0x70, 0x65, 0x6e, 0x75, 0x6d, 0x62, 0x72, 0x61,
  0x52, 0x61, 0x74, 0x69, 0x6f, 0x53, 0x63, 0x61, 0x6c, 0x65, 0x3b, 0x0a,
  0x00, 0x20, 0x20, 0x20, 0x20, 0x75, 0x69, 0x6e, 0x74, 0x20, 0x65, 0x76,
  0x73, 0x6d, 0x34, 0x5f, 0x6c, 0x61, 0x79, 0x65, 0x72, 0x3b, 0x0a, 0x00,
  0x73, 0x74, 0x72, 0x75, 0x63, 0x74, 0x20, 0x53, 0x68, 0x61, 0x64, 0x6f,
  0x77, 0x55, 0x6e, 0x69, 0x66, 0x6f, 0x72, 0x6d, 0x73, 0x0a, 0x00, 0x20,
  0x20, 0x20, 0x20, 0x53, 0x68, 0x61, 0x64, 0x6f, 0x77, 0x44, 0x61, 0x74,
  0x61, 0x20, 0x73, 0x68, 0x61, 0x64, 0x6f, 0x77, 0x73, 0x5b, 0x31, 0x32,
  0x38, 0x5d, 0x3b, 0x0a, 0x00, 0x20, 0x20, 0x20, 0x20, 0x66, 0x6c, 0x6f,
  0x61, 0x74, 0x34, 0x20, 0x76, 0x65, 0x72, 0x74, 0x65, 0x78, 0x5f, 0x6c,
  0x69, 0x67, 0x68, 0x74, 0x53, 0x70, 0x61, 0x63, 0x65, 0x50, 0x6f, 0x73,
  0x69, 0x74, 0x69, 0x6f, 0x6e, 0x20, 0x5b, 0x5b, 0x75, 0x73, 0x65, 0x72,
  0x28, 0x6c, 0x6f, 0x63, 0x6e, 0x31, 0x31, 0x29, 0x5d, 0x5d, 0x3b, 0x0a,
  0x00, 0x5b, 0x30, 0x5d, 0x20, 0x2a, 0x20, 0x00, 0x2e, 0x78, 0x29, 0x20,
  0x2b, 0x20, 0x28, 0x28, 0x00, 0x5b, 0x31, 0x5d, 0x20, 0x2a, 0x20, 0x00,
  0x2e, 0x79, 0x29, 0x20, 0x2b, 0x20, 0x28, 0x28, 0x00, 0x5b, 0x32, 0x5d,
  0x20, 0x2a, 0x20, 0x00, 0x20, 0x20, 0x20, 0x20, 0x20, 0x20, 0x20, 0x20,
  0x20, 0x20, 0x20, 0x20, 0x20, 0x20, 0x20, 0x20, 0x66, 0x6c, 0x6f, 0x61,
  0x74, 0x34, 0x78, 0x33, 0x20, 0x00, 0x20, 0x20, 0x20, 0x20, 0x20, 0x20,
  0x20, 0x20, 0x69, 0x6e, 0x74, 0x33, 0x20, 0x00, 0x20, 0x20, 0x20, 0x20,
  0x20, 0x20, 0x20, 0x20, 0x20, 0x20, 0x20, 0x20, 0x66, 0x6c, 0x6f, 0x61,
  0x74, 0x34, 0x78, 0x33, 0x20, 0x00, 0x5d, 0x2e, 0x74, 0x72, 0x61, 0x6e,
  0x73, 0x66, 0x6f, 0x72, 0x6d, 0x5b, 0x30, 0x5d, 0x2e, 0x78, 0x20, 0x2a,
  0x20, 0x28, 0x2a, 0x73, 0x70, 0x76, 0x44, 0x65, 0x73, 0x63, 0x72, 0x69,
  0x70, 0x74, 0x6f, 0x72, 0x53, 0x65, 0x74, 0x31, 0x2e, 0x62, 0x6f, 0x6e,
  0x65, 0x73, 0x55, 0x6e, 0x69, 0x66, 0x6f, 0x72, 0x6d, 0x73, 0x29, 0x2e,
  0x62, 0x6f, 0x6e, 0x65, 0x73, 0x5b, 0x00, 0x74, 0x65, 0x78, 0x74, 0x75,
  0x72, 0x65, 0x32, 0x64, 0x5f, 0x61, 0x72, 0x72, 0x61, 0x79, 0x3c, 0x66,
  0x6c, 0x6f, 0x61, 0x74, 0x3e, 0x20, 0x73, 0x61, 0x6d, 0x70, 0x6c, 0x65,
  0x72, 0x31, 0x5f, 0x70, 0x6f, 0x73, 0x69, 0x74, 0x69, 0x6f, 0x6e, 0x73,
  0x20, 0x5b, 0x5b, 0x69, 0x64, 0x28, 0x36, 0x29, 0x5d, 0x5d, 0x3b, 0x0a,
  0x00, 0x73, 0x61, 0x6d, 0x70, 0x6c, 0x65, 0x72, 0x20, 0x73, 0x61, 0x6d,
  0x70, 0x6c, 0x65, 0x72, 0x31, 0x5f, 0x70, 0x6f, 0x73, 0x69, 0x74, 0x69,
  0x6f, 0x6e, 0x73, 0x53, 0x6d, 0x70, 0x6c, 0x72, 0x20, 0x5b, 0x5b, 0x69,
  0x64, 0x28, 0x37, 0x29, 0x5d, 0x5d, 0x3b, 0x0a, 0x00, 0x74, 0x65, 0x78,
  0x74, 0x75, 0x72, 0x65, 0x32, 0x64, 0x5f, 0x61, 0x72, 0x72, 0x61, 0x79,
  0x3c, 0x69, 0x6e, 0x74, 0x3e, 0x20, 0x73, 0x61, 0x6d, 0x70, 0x6c, 0x65,
  0x72, 0x31, 0x5f, 0x74, 0x61, 0x6e, 0x67, 0x65, 0x6e, 0x74, 0x73, 0x20,
  0x5b, 0x5b, 0x69, 0x64, 0x28, 0x38, 0x29, 0x5d, 0x5d, 0x3b, 0x0a, 0x00,
  0x73, 0x61, 0x6d, 0x70, 0x6c, 0x65, 0x72, 0x20, 0x73, 0x61, 0x6d, 0x70,
  0x6c, 0x65, 0x72, 0x31, 0x5f, 0x74, 0x61, 0x6e, 0x67, 0x65, 0x6e, 0x74,
  0x73, 0x53, 0x6d, 0x70, 0x6c, 0x72, 0x20, 0x5b, 0x5b, 0x69, 0x64, 0x28,
  0x39, 0x29, 0x5d, 0x5d, 0x3b, 0x0a, 0x00, 0x74, 0x65, 0x78, 0x74, 0x75,
  0x72, 0x65, 0x32, 0x64, 0x3c, 0x66, 0x6c, 0x6f, 0x61, 0x74, 0x3e, 0x20,
  0x73, 0x61, 0x6d, 0x70, 0x6c, 0x65, 0x72, 0x31, 0x5f, 0x69, 0x6e, 0x64,
  0x69, 0x63, 0x65, 0x73, 0x41, 0x6e, 0x64, 0x57, 0x65, 0x69, 0x67, 0x68,
  0x74, 0x73, 0x20, 0x5b, 0x5b, 0x69, 0x64, 0x28, 0x31, 0x30, 0x29, 0x5d,
  0x5d, 0x3b, 0x0a, 0x00, 0x73, 0x61, 0x6d, 0x70, 0x6c, 0x65, 0x72, 0x20,
  0x73, 0x61, 0x6d, 0x70, 0x6c, 0x65, 0x72, 0x31, 0x5f, 0x69, 0x6e, 0x64,
  0x69, 0x63, 0x65, 0x73, 0x41, 0x6e, 0x64, 0x57, 0x65, 0x69, 0x67, 0x68,
  0x74, 0x73, 0x53, 0x6d, 0x70, 0x6c, 0x72, 0x20, 0x5b, 0x5b, 0x69, 0x64,
  0x28, 0x31, 0x31, 0x29, 0x5d, 0x5d, 0x3b, 0x0a, 0x00, 0x20, 0x20, 0x20,
  0x20, 0x66, 0x6c, 0x6f, 0x61, 0x74, 0x34, 0x20, 0x67, 0x6c, 0x5f, 0x50,
  0x6f, 0x73, 0x69, 0x74, 0x69, 0x6f, 0x6e, 0x20, 0x5b, 0x5b, 0x70, 0x6f,
  0x73, 0x69, 0x74, 0x69, 0x6f, 0x6e, 0x5d, 0x5d, 0x3b, 0x0a, 0x00, 0x20,
  0x20, 0x20, 0x20, 0x66, 0x6c, 0x6f, 0x61, 0x74, 0x34, 0x20, 0x6d, 0x65,
  0x73, 0x68, 0x5f, 0x70, 0x6f, 0x73, 0x69, 0x74, 0x69, 0x6f, 0x6e, 0x20,
  0x5b, 0x5b, 0x61, 0x74, 0x74, 0x72, 0x69, 0x62, 0x75, 0x74, 0x65, 0x28,
  0x30, 0x29, 0x5d, 0x5d, 0x3b, 0x0a, 0x00, 0x20, 0x20, 0x20, 0x20, 0x6f,
  0x75, 0x74, 0x2e, 0x69, 0x6e, 0x73, 0x74, 0x61, 0x6e, 0x63, 0x65, 0x5f,
  0x69, 0x6e, 0x64, 0x65, 0x78, 0x20, 0x3d, 0x20, 0x69, 0x6e, 0x74, 0x28,
  0x67, 0x6c, 0x5f, 0x49, 0x6e, 0x73, 0x74, 0x61, 0x6e, 0x63, 0x65, 0x49,
  0x6e, 0x64, 0x65, 0x78, 0x29, 0x3b, 0x0a, 0x00, 0x20, 0x20, 0x20, 0x20,
  0x6f, 0x75, 0x74, 0x2e, 0x76, 0x65, 0x72, 0x74, 0x65, 0x78, 0x5f, 0x70,
  0x6f, 0x73, 0x69, 0x74, 0x69, 0x6f, 0x6e, 0x20, 0x3d, 0x20, 0x00, 0x20,
  0x20, 0x20, 0x20, 0x6f, 0x75, 0x74, 0x2e, 0x67, 0x6c, 0x5f, 0x50, 0x6f,
  0x73, 0x69, 0x74, 0x69, 0x6f, 0x6e, 0x20, 0x3d, 0x20, 0x00, 0x20, 0x3d,
  0x20, 0x69, 0x6e, 0x2e, 0x6d, 0x65, 0x73, 0x68, 0x5f, 0x70, 0x6f, 0x73,
  0x69, 0x74, 0x69, 0x6f, 0x6e, 0x3b, 0x0a, 0x00, 0x20, 0x3d, 0x20, 0x74,
  0x72, 0x61, 0x6e, 0x73, 0x70, 0x6f, 0x73, 0x65, 0x28, 0x28, 0x2a, 0x73,
  0x70, 0x76, 0x44, 0x65, 0x73, 0x63, 0x72, 0x69, 0x70, 0x74, 0x6f, 0x72,
  0x53, 0x65, 0x74, 0x31, 0x2e, 0x62, 0x6f, 0x6e, 0x65, 0x73, 0x55, 0x6e,
  0x69, 0x66, 0x6f, 0x72, 0x6d, 0x73, 0x29, 0x2e, 0x62, 0x6f, 0x6e, 0x65,
  0x73, 0x5b, 0x69, 0x6e, 0x2e, 0x6d, 0x65, 0x73, 0x68, 0x5f, 0x62, 0x6f,
  0x6e, 0x65, 0x5f, 0x69, 0x6e, 0x64, 0x69, 0x63, 0x65, 0x73, 0x2e, 0x78,
  0x5d, 0x2e, 0x74, 0x72, 0x61, 0x6e, 0x73, 0x66, 0x6f, 0x72, 0x6d, 0x29,
  0x3b, 0x0a, 0x00, 0x20, 0x3d, 0x20, 0x74, 0x72, 0x61, 0x6e, 0x73, 0x70,
  0x6f, 0x73, 0x65, 0x28, 0x28, 0x2a, 0x73, 0x70, 0x76, 0x44, 0x65, 0x73,
  0x63, 0x72, 0x69, 0x70, 0x74, 0x6f, 0x72, 0x53, 0x65, 0x74, 0x31, 0x2e,
  0x62, 0x6f, 0x6e, 0x65, 0x73, 0x55, 0x6e, 0x69, 0x66, 0x6f, 0x72, 0x6d,
  0x73, 0x29, 0x2e, 0x62, 0x6f, 0x6e, 0x65, 0x73, 0x5b, 0x69, 0x6e, 0x2e,
  0x6d, 0x65, 0x73, 0x68, 0x5f, 0x62, 0x6f, 0x6e, 0x65, 0x5f, 0x69, 0x6e,
  0x64, 0x69, 0x63, 0x65, 0x73, 0x2e, 0x79, 0x5d, 0x2e, 0x74, 0x72, 0x61,
  0x6e, 0x73, 0x66, 0x6f, 0x72, 0x6d, 0x29, 0x3b, 0x0a, 0x00, 0x20, 0x3d,
  0x20, 0x74, 0x72, 0x61, 0x6e, 0x73, 0x70, 0x6f, 0x73, 0x65, 0x28, 0x28,
  0x2a, 0x73, 0x70, 0x76, 0x44, 0x65, 0x73, 0x63, 0x72, 0x69, 0x70, 0x74,
  0x6f, 0x72, 0x53, 0x65, 0x74, 0x31, 0x2e, 0x62, 0x6f, 0x6e, 0x65, 0x73,
  0x55, 0x6e, 0x69, 0x66, 0x6f, 0x72, 0x6d, 0x73, 0x29, 0x2e, 0x62, 0x6f,
  0x6e, 0x65, 0x73, 0x5b, 0x69, 0x6e, 0x2e, 0x6d, 0x65, 0x73, 0x68, 0x5f,
  0x62, 0x6f, 0x6e, 0x65, 0x5f, 0x69, 0x6e, 0x64, 0x69, 0x63, 0x65, 0x73,
  0x2e, 0x7a, 0x5d, 0x2e, 0x74, 0x72, 0x61, 0x6e, 0x73, 0x66, 0x6f, 0x72,
  0x6d, 0x29, 0x3b, 0x0a, 0x00, 0x5b, 0x33, 0x5d, 0x29, 0x29, 0x29, 0x20,
  0x2a, 0x20, 0x69, 0x6e, 0x2e, 0x6d, 0x65, 0x73, 0x68, 0x5f, 0x62, 0x6f,
  0x6e, 0x65, 0x5f, 0x77, 0x65, 0x69, 0x67, 0x68, 0x74, 0x73, 0x2e, 0x78,
  0x29, 0x20, 0x2b, 0x20, 0x28, 0x28, 0x28, 0x00, 0x5b, 0x33, 0x5d, 0x29,
  0x29, 0x29, 0x20, 0x2a, 0x20, 0x69, 0x6e, 0x2e, 0x6d, 0x65, 0x73, 0x68,
  0x5f, 0x62, 0x6f, 0x6e, 0x65, 0x5f, 0x77, 0x65, 0x69, 0x67, 0x68, 0x74,
  0x73, 0x2e, 0x79, 0x29, 0x29, 0x20, 0x2b, 0x20, 0x28, 0x28, 0x28, 0x00,
  0x20, 0x3d, 0x20, 0x69, 0x6e, 0x74, 0x28, 0x67, 0x6c, 0x5f, 0x56, 0x65,
  0x72, 0x74, 0x65, 0x78, 0x49, 0x6e, 0x64, 0x65, 0x78, 0x29, 0x20, 0x2b,
  0x20, 0x70, 0x75, 0x73, 0x68, 0x43, 0x6f, 0x6e, 0x73, 0x74, 0x61, 0x6e,
  0x74, 0x73, 0x2e, 0x6d, 0x6f, 0x72, 0x70, 0x68, 0x69, 0x6e, 0x67, 0x42,
  0x75, 0x66, 0x66, 0x65, 0x72, 0x4f, 0x66, 0x66, 0x73, 0x65, 0x74, 0x3b,
  0x0a, 0x00, 0x20, 0x3d, 0x20, 0x69, 0x6e, 0x74, 0x33, 0x28, 0x73, 0x70,
  0x76, 0x53, 0x4d, 0x6f, 0x64, 0x28, 0x00, 0x2c, 0x20, 0x32, 0x30, 0x34,
  0x38, 0x29, 0x2c, 0x20, 0x00, 0x20, 0x2f, 0x20, 0x32, 0x30, 0x34, 0x38,
  0x2c, 0x20, 0x30, 0x29, 0x3b, 0x0a, 0x00, 0x20, 0x20, 0x20, 0x20, 0x20,
  0x20, 0x20, 0x20, 0x20, 0x20, 0x20, 0x20, 0x69, 0x66, 0x20, 0x28, 0x6d,
  0x6f, 0x72, 0x70, 0x68, 0x69, 0x6e, 0x67, 0x55, 0x6e, 0x69, 0x66, 0x6f,
  0x72, 0x6d, 0x73, 0x2e, 0x77, 0x65, 0x69, 0x67, 0x68, 0x74, 0x73, 0x5b,
  0x00, 0x5d, 0x2e, 0x78, 0x20, 0x21, 0x3d, 0x20, 0x30, 0x2e, 0x30, 0x29,
  0x0a, 0x00, 0x20, 0x20, 0x20, 0x20, 0x20, 0x20, 0x20, 0x20, 0x20, 0x20,
  0x20, 0x20, 0x20, 0x20, 0x20, 0x20, 0x69, 0x6e, 0x74, 0x33, 0x20, 0x00,
  0x2e, 0x78, 0x79, 0x29, 0x2c, 0x20, 0x75, 0x69, 0x6e, 0x74, 0x28, 0x00,
  0x5d, 0x2e, 0x78, 0x29, 0x3b, 0x0a, 0x00, 0x20, 0x20, 0x20, 0x20, 0x20,
  0x20, 0x20, 0x20, 0x20, 0x20, 0x20, 0x20, 0x69, 0x66, 0x20, 0x28, 0x69,
  0x6e, 0x2e, 0x6d, 0x65, 0x73, 0x68, 0x5f, 0x62, 0x6f, 0x6e, 0x65, 0x5f,
  0x77, 0x65, 0x69, 0x67, 0x68, 0x74, 0x73, 0x2e, 0x77, 0x20, 0x3e, 0x3d,
  0x20, 0x30, 0x2e, 0x30, 0x29, 0x0a, 0x00, 0x20, 0x3d, 0x20, 0x75, 0x69,
  0x6e, 0x74, 0x28, 0x28, 0x2d, 0x31, 0x2e, 0x30, 0x29, 0x20, 0x2d, 0x20,
  0x69, 0x6e, 0x2e, 0x6d, 0x65, 0x73, 0x68, 0x5f, 0x62, 0x6f, 0x6e, 0x65,
  0x5f, 0x77, 0x65, 0x69, 0x67, 0x68, 0x74, 0x73, 0x2e, 0x77, 0x29, 0x3b,
  0x0a, 0x00, 0x20, 0x2b, 0x20, 0x28, 0x69, 0x6e, 0x2e, 0x6d, 0x65, 0x73,
  0x68, 0x5f, 0x62, 0x6f, 0x6e, 0x65, 0x5f, 0x69, 0x6e, 0x64, 0x69, 0x63,
  0x65, 0x73, 0x2e, 0x77, 0x20, 0x2d, 0x20, 0x33, 0x75, 0x29, 0x3b, 0x0a,
  0x00, 0x20, 0x20, 0x20, 0x20, 0x20, 0x20, 0x20, 0x20, 0x20, 0x20, 0x20,
  0x20, 0x66, 0x6f, 0x72, 0x20, 0x28, 0x75, 0x69, 0x6e, 0x74, 0x20, 0x00,
  0x3b, 0x20, 0x29, 0x0a, 0x00, 0x20, 0x3d, 0x20, 0x73, 0x70, 0x76, 0x44,
  0x65, 0x73, 0x63, 0x72, 0x69, 0x70, 0x74, 0x6f, 0x72, 0x53, 0x65, 0x74,
  0x31, 0x2e, 0x73, 0x61, 0x6d, 0x70, 0x6c, 0x65, 0x72, 0x31, 0x5f, 0x69,
  0x6e, 0x64, 0x69, 0x63, 0x65, 0x73, 0x41, 0x6e, 0x64, 0x57, 0x65, 0x69,
  0x67, 0x68, 0x74, 0x73, 0x2e, 0x72, 0x65, 0x61, 0x64, 0x28, 0x75, 0x69,
  0x6e, 0x74, 0x32, 0x28, 0x69, 0x6e, 0x74, 0x32, 0x28, 0x69, 0x6e, 0x74,
  0x28, 0x00, 0x20, 0x25, 0x20, 0x32, 0x30, 0x34, 0x38, 0x75, 0x29, 0x2c,
  0x20, 0x69, 0x6e, 0x74, 0x28, 0x00, 0x20, 0x2f, 0x20, 0x32, 0x30, 0x34,
  0x38, 0x75, 0x29, 0x29, 0x29, 0x2c, 0x20, 0x30, 0x29, 0x3b, 0x0a, 0x00,
  0x2f, 0x2f, 0x20, 0x49, 0x6d, 0x70, 0x6c, 0x65, 0x6d, 0x65, 0x6e, 0x74,
  0x61, 0x74, 0x69, 0x6f, 0x6e, 0x20, 0x6f, 0x66, 0x20, 0x73, 0x69, 0x67,
  0x6e, 0x65, 0x64, 0x20, 0x69, 0x6e, 0x74, 0x65, 0x67, 0x65, 0x72, 0x20,
  0x6d, 0x6f, 0x64, 0x20, 0x61, 0x63, 0x63, 0x75, 0x72, 0x61, 0x74, 0x65,
  0x20, 0x74, 0x6f, 0x20, 0x53, 0x50, 0x49, 0x52, 0x2d, 0x56, 0x20, 0x73,
  0x70, 0x65, 0x63, 0x69, 0x66, 0x69, 0x63, 0x61, 0x74, 0x69, 0x6f, 0x6e,
  0x0a, 0x00, 0x74, 0x65, 0x6d, 0x70, 0x6c, 0x61, 0x74, 0x65, 0x3c, 0x74,
  0x79, 0x70, 0x65, 0x6e, 0x61, 0x6d, 0x65, 0x20, 0x54, 0x78, 0x2c, 0x20,
  0x74, 0x79, 0x70, 0x65, 0x6e, 0x61, 0x6d, 0x65, 0x20, 0x54, 0x79, 0x3e,
  0x0a, 0x00, 0x69, 0x6e, 0x6c, 0x69, 0x6e, 0x65, 0x20, 0x54, 0x78, 0x20,
  0x73, 0x70, 0x76, 0x53, 0x4d, 0x6f, 0x64, 0x28, 0x54, 0x78, 0x20, 0x78,
  0x2c, 0x20, 0x54, 0x79, 0x20, 0x79, 0x29, 0x0a, 0x00, 0x20, 0x20, 0x20,
  0x20, 0x54, 0x78, 0x20, 0x72, 0x65, 0x6d, 0x61, 0x69, 0x6e, 0x64, 0x65,
  0x72, 0x20, 0x3d, 0x20, 0x78, 0x20, 0x2d, 0x20, 0x79, 0x20, 0x2a, 0x20,
  0x28, 0x78, 0x20, 0x2f, 0x20, 0x79, 0x29, 0x3b, 0x0a, 0x00, 0x20, 0x20,
  0x20, 0x20, 0x72, 0x65, 0x74, 0x75, 0x72, 0x6e, 0x20, 0x73, 0x65, 0x6c,
  0x65, 0x63, 0x74, 0x28, 0x54, 0x78, 0x28, 0x72, 0x65, 0x6d, 0x61, 0x69,
  0x6e, 0x64, 0x65, 0x72, 0x20, 0x2b, 0x20, 0x79, 0x29, 0x2c, 0x20, 0x72,
  0x65, 0x6d, 0x61, 0x69, 0x6e, 0x64, 0x65, 0x72, 0x2c, 0x20, 0x72, 0x65,
  0x6d, 0x61, 0x69, 0x6e, 0x64, 0x65, 0x72, 0x20, 0x3d, 0x3d, 0x20, 0x30,
  0x20, 0x7c, 0x7c, 0x20, 0x28, 0x78, 0x20, 0x3e, 0x3d, 0x20, 0x30, 0x29,
  0x20, 0x3d, 0x3d, 0x20, 0x28, 0x79, 0x20, 0x3e, 0x3d, 0x20, 0x30, 0x29,
  0x29, 0x3b, 0x0a, 0x00, 0x20, 0x20, 0x20, 0x20, 0x66, 0x6c, 0x6f, 0x61,
  0x74, 0x34, 0x20, 0x6d, 0x65, 0x73, 0x68, 0x5f, 0x74, 0x61, 0x6e, 0x67,
  0x65, 0x6e, 0x74, 0x73, 0x20, 0x5b, 0x5b, 0x61, 0x74, 0x74, 0x72, 0x69,
  0x62, 0x75, 0x74, 0x65, 0x28, 0x31, 0x29, 0x5d, 0x5d, 0x3b, 0x0a, 0x00,
  0x20, 0x20, 0x20, 0x20, 0x6f, 0x75, 0x74, 0x2e, 0x76, 0x65, 0x72, 0x74,
  0x65, 0x78, 0x5f, 0x77, 0x6f, 0x72, 0x6c, 0x64, 0x50, 0x6f, 0x73, 0x69,
  0x74, 0x69, 0x6f, 0x6e, 0x2e, 0x78, 0x20, 0x3d, 0x20, 0x00, 0x20, 0x20,
  0x20, 0x20, 0x6f, 0x75, 0x74, 0x2e, 0x76, 0x65, 0x72, 0x74, 0x65, 0x78,
  0x5f, 0x77, 0x6f, 0x72, 0x6c, 0x64, 0x50, 0x6f, 0x73, 0x69, 0x74, 0x69,
  0x6f, 0x6e, 0x2e, 0x79, 0x20, 0x3d, 0x20, 0x00, 0x20, 0x20, 0x20, 0x20,
  0x6f, 0x75, 0x74, 0x2e, 0x76, 0x65, 0x72, 0x74, 0x65, 0x78, 0x5f, 0x77,
  0x6f, 0x72, 0x6c, 0x64, 0x50, 0x6f, 0x73, 0x69, 0x74, 0x69, 0x6f, 0x6e,
  0x2e, 0x7a, 0x20, 0x3d, 0x20, 0x00, 0x20, 0x20, 0x20, 0x20, 0x69, 0x66,
  0x20, 0x28, 0x00, 0x20, 0x3d, 0x20, 0x28, 0x28, 0x66, 0x61, 0x73, 0x74,
  0x3a, 0x3a, 0x6e, 0x6f, 0x72, 0x6d, 0x61, 0x6c, 0x69, 0x7a, 0x65, 0x28,
  0x66, 0x6c, 0x6f, 0x61, 0x74, 0x33, 0x78, 0x33, 0x28, 0x66, 0x6c, 0x6f,
  0x61, 0x74, 0x33, 0x28, 0x28, 0x2a, 0x73, 0x70, 0x76, 0x44, 0x65, 0x73,
  0x63, 0x72, 0x69, 0x70, 0x74, 0x6f, 0x72, 0x53, 0x65, 0x74, 0x31, 0x2e,
  0x62, 0x6f, 0x6e, 0x65, 0x73, 0x55, 0x6e, 0x69, 0x66, 0x6f, 0x72, 0x6d,
  0x73, 0x29, 0x2e, 0x62, 0x6f, 0x6e, 0x65, 0x73, 0x5b, 0x69, 0x6e, 0x2e,
  0x6d, 0x65, 0x73, 0x68, 0x5f, 0x62, 0x6f, 0x6e, 0x65, 0x5f, 0x69, 0x6e,
  0x64, 0x69, 0x63, 0x65, 0x73, 0x2e, 0x78, 0x5d, 0x2e, 0x63, 0x6f, 0x66,
  0x30, 0x29, 0x2c, 0x20, 0x66, 0x6c, 0x6f, 0x61, 0x74, 0x33, 0x28, 0x28,
  0x2a, 0x73, 0x70, 0x76, 0x44, 0x65, 0x73, 0x63, 0x72, 0x69, 0x70, 0x74,
  0x6f, 0x72, 0x53, 0x65, 0x74, 0x31, 0x2e, 0x62, 0x6f, 0x6e, 0x65, 0x73,
  0x55, 0x6e, 0x69, 0x66, 0x6f, 0x72, 0x6d, 0x73, 0x29, 0x2e, 0x62, 0x6f,
  0x6e, 0x65, 0x73, 0x5b, 0x69, 0x6e, 0x2e, 0x6d, 0x65, 0x73, 0x68, 0x5f,
  0x62, 0x6f, 0x6e, 0x65, 0x5f, 0x69, 0x6e, 0x64, 0x69, 0x63, 0x65, 0x73,
  0x2e, 0x78, 0x5d, 0x2e, 0x63, 0x6f, 0x66, 0x31, 0x78, 0x2c, 0x20, 0x28,
  0x28, 0x2a, 0x73, 0x70, 0x76, 0x44, 0x65, 0x73, 0x63, 0x72, 0x69, 0x70,
  0x74, 0x6f, 0x72, 0x53, 0x65, 0x74, 0x31, 0x2e, 0x62, 0x6f, 0x6e, 0x65,
  0x73, 0x55, 0x6e, 0x69, 0x66, 0x6f, 0x72, 0x6d, 0x73, 0x29, 0x2e, 0x62,
  0x6f, 0x6e, 0x65, 0x73, 0x5b, 0x69, 0x6e, 0x2e, 0x6d, 0x65, 0x73, 0x68,
  0x5f, 0x62, 0x6f, 0x6e, 0x65, 0x5f, 0x69, 0x6e, 0x64, 0x69, 0x63, 0x65,
  0x73, 0x2e, 0x78, 0x5d, 0x2e, 0x74, 0x72, 0x61, 0x6e, 0x73, 0x66, 0x6f,
  0x72, 0x6d, 0x5b, 0x30, 0x5d, 0x2e, 0x78, 0x20, 0x2a, 0x20, 0x28, 0x2a,
  0x73, 0x70, 0x76, 0x44, 0x65, 0x73, 0x63, 0x72, 0x69, 0x70, 0x74, 0x6f,
  0x72, 0x53, 0x65, 0x74, 0x31, 0x2e, 0x62, 0x6f, 0x6e, 0x65, 0x73, 0x55,
  0x6e, 0x69, 0x66, 0x6f, 0x72, 0x6d, 0x73, 0x29, 0x2e, 0x62, 0x6f, 0x6e,
  0x65, 0x73, 0x5b, 0x69, 0x6e, 0x2e, 0x6d, 0x65, 0x73, 0x68, 0x5f, 0x62,
  0x6f, 0x6e, 0x65, 0x5f, 0x69, 0x6e, 0x64, 0x69, 0x63, 0x65, 0x73, 0x2e,
  0x78, 0x5d, 0x2e, 0x74, 0x72, 0x61, 0x6e, 0x73, 0x66, 0x6f, 0x72, 0x6d,
  0x5b, 0x32, 0x5d, 0x2e, 0x7a, 0x29, 0x20, 0x2d, 0x20, 0x28, 0x28, 0x2a,
  0x73, 0x70, 0x76, 0x44, 0x65, 0x73, 0x63, 0x72, 0x69, 0x70, 0x74, 0x6f,
  0x72, 0x53, 0x65, 0x74, 0x31, 0x2e, 0x62, 0x6f, 0x6e, 0x65, 0x73, 0x55,
  0x6e, 0x69, 0x66, 0x6f, 0x72, 0x6d, 0x73, 0x29, 0x2e, 0x62, 0x6f, 0x6e,
  0x65, 0x73, 0x5b, 0x69, 0x6e, 0x2e, 0x6d, 0x65, 0x73, 0x68, 0x5f, 0x62,
  0x6f, 0x6e, 0x65, 0x5f, 0x69, 0x6e, 0x64, 0x69, 0x63, 0x65, 0x73, 0x2e,
  0x78, 0x5d, 0x2e, 0x74, 0x72, 0x61, 0x6e, 0x73, 0x66, 0x6f, 0x72, 0x6d,
  0x5b, 0x30, 0x5d, 0x2e, 0x7a, 0x20, 0x2a, 0x20, 0x28, 0x2a, 0x73, 0x70,
  0x76, 0x44, 0x65, 0x73, 0x63, 0x72, 0x69, 0x70, 0x74, 0x6f, 0x72, 0x53,
  0x65, 0x74, 0x31, 0x2e, 0x62, 0x6f, 0x6e, 0x65, 0x73, 0x55, 0x6e, 0x69,
  0x66, 0x6f, 0x72, 0x6d, 0x73, 0x29, 0x2e, 0x62, 0x6f, 0x6e, 0x65, 0x73,
  0x5b, 0x69, 0x6e, 0x2e, 0x6d, 0x65, 0x73, 0x68, 0x5f, 0x62, 0x6f, 0x6e,
  0x65, 0x5f, 0x69, 0x6e, 0x64, 0x69, 0x63, 0x65, 0x73, 0x2e, 0x78, 0x5d,
  0x2e, 0x74, 0x72, 0x61, 0x6e, 0x73, 0x66, 0x6f, 0x72, 0x6d, 0x5b, 0x32,
  0x5d, 0x2e, 0x78, 0x29, 0x2c, 0x20, 0x28, 0x28, 0x2a, 0x73, 0x70, 0x76,
  0x44, 0x65, 0x73, 0x63, 0x72, 0x69, 0x70, 0x74, 0x6f, 0x72, 0x53, 0x65,
  0x74, 0x31, 0x2e, 0x62, 0x6f, 0x6e, 0x65, 0x73, 0x55, 0x6e, 0x69, 0x66,
  0x6f, 0x72, 0x6d, 0x73, 0x29, 0x2e, 0x62, 0x6f, 0x6e, 0x65, 0x73, 0x5b,
  0x69, 0x6e, 0x2e, 0x6d, 0x65, 0x73, 0x68, 0x5f, 0x62, 0x6f, 0x6e, 0x65,
  0x5f, 0x69, 0x6e, 0x64, 0x69, 0x63, 0x65, 0x73, 0x2e, 0x78, 0x5d, 0x2e,
  0x74, 0x72, 0x61, 0x6e, 0x73, 0x66, 0x6f, 0x72, 0x6d, 0x5b, 0x30, 0x5d,
  0x2e, 0x7a, 0x20, 0x2a, 0x20, 0x28, 0x2a, 0x73, 0x70, 0x76, 0x44, 0x65,
  0x73, 0x63, 0x72, 0x69, 0x70, 0x74, 0x6f, 0x72, 0x53, 0x65, 0x74, 0x31,
  0x2e, 0x62, 0x6f, 0x6e, 0x65, 0x73, 0x55, 0x6e, 0x69, 0x66, 0x6f, 0x72,
  0x6d, 0x73, 0x29, 0x2e, 0x62, 0x6f, 0x6e, 0x65, 0x73, 0x5b, 0x69, 0x6e,
  0x2e, 0x6d, 0x65, 0x73, 0x68, 0x5f, 0x62, 0x6f, 0x6e, 0x65, 0x5f, 0x69,
  0x6e, 0x64, 0x69, 0x63, 0x65, 0x73, 0x2e, 0x78, 0x5d, 0x2e, 0x74, 0x72,
  0x61, 0x6e, 0x73, 0x66, 0x6f, 0x72, 0x6d, 0x5b, 0x31, 0x5d, 0x2e, 0x78,
  0x29, 0x20, 0x2d, 0x20, 0x28, 0x28, 0x2a, 0x73, 0x70, 0x76, 0x44, 0x65,
  0x73, 0x63, 0x72, 0x69, 0x70, 0x74, 0x6f, 0x72, 0x53, 0x65, 0x74, 0x31,
  0x2e, 0x62, 0x6f, 0x6e, 0x65, 0x73, 0x55, 0x6e, 0x69, 0x66, 0x6f, 0x72,
  0x6d, 0x73, 0x29, 0x2e, 0x62, 0x6f, 0x6e, 0x65, 0x73, 0x5b, 0x69, 0x6e,
  0x2e, 0x6d, 0x65, 0x73, 0x68, 0x5f, 0x62, 0x6f, 0x6e, 0x65, 0x5f, 0x69,
  0x6e, 0x64, 0x69, 0x63, 0x65, 0x73, 0x2e, 0x78, 0x5d, 0x2e, 0x74, 0x72,
  0x61, 0x6e, 0x73, 0x66, 0x6f, 0x72, 0x6d, 0x5b, 0x30, 0x5d, 0x2e, 0x78,
  0x20, 0x2a, 0x20, 0x28, 0x2a, 0x73, 0x70, 0x76, 0x44, 0x65, 0x73, 0x63,
  0x72, 0x69, 0x70, 0x74, 0x6f, 0x72, 0x53, 0x65, 0x74, 0x31, 0x2e, 0x62,
  0x6f, 0x6e, 0x65, 0x73, 0x55, 0x6e, 0x69, 0x66, 0x6f, 0x72, 0x6d, 0x73,
  0x29, 0x2e, 0x62, 0x6f, 0x6e, 0x65, 0x73, 0x5b, 0x69, 0x6e, 0x2e, 0x6d,
  0x65, 0x73, 0x68, 0x5f, 0x62, 0x6f, 0x6e, 0x65, 0x5f, 0x69, 0x6e, 0x64,
  0x69, 0x63, 0x65, 0x73, 0x2e, 0x78, 0x5d, 0x2e, 0x74, 0x72, 0x61, 0x6e,
  0x73, 0x66, 0x6f, 0x72, 0x6d, 0x5b, 0x31, 0x5d, 0x2e, 0x7a, 0x29, 0x29,
  0x2c, 0x20, 0x66, 0x6c, 0x6f, 0x61, 0x74, 0x33, 0x28, 0x28, 0x28, 0x2a,
  0x73, 0x70, 0x76, 0x44, 0x65, 0x73, 0x63, 0x72, 0x69, 0x70, 0x74, 0x6f,
  0x72, 0x53, 0x65, 0x74, 0x31, 0x2e, 0x62, 0x6f, 0x6e, 0x65, 0x73, 0x55,
  0x6e, 0x69, 0x66, 0x6f, 0x72, 0x6d, 0x73, 0x29, 0x2e, 0x62, 0x6f, 0x6e,
  0x65, 0x73, 0x5b, 0x69, 0x6e, 0x2e, 0x6d, 0x65, 0x73, 0x68, 0x5f, 0x62,
  0x6f, 0x6e, 0x65, 0x5f, 0x69, 0x6e, 0x64, 0x69, 0x63, 0x65, 0x73, 0x2e,
  0x78, 0x5d, 0x2e, 0x74, 0x72, 0x61, 0x6e, 0x73, 0x66, 0x6f, 0x72, 0x6d,
  0x5b, 0x31, 0x5d, 0x2e, 0x78, 0x20, 0x2a, 0x20, 0x28, 0x2a, 0x73, 0x70,
  0x76, 0x44, 0x65, 0x73, 0x63, 0x72, 0x69, 0x70, 0x74, 0x6f, 0x72, 0x53,
  0x65, 0x74, 0x31, 0x2e, 0x62, 0x6f, 0x6e, 0x65, 0x73, 0x55, 0x6e, 0x69,
  0x66, 0x6f, 0x72, 0x6d, 0x73, 0x29, 0x2e, 0x62, 0x6f, 0x6e, 0x65, 0x73,
  0x5b, 0x69, 0x6e, 0x2e, 0x6d, 0x65, 0x73, 0x68, 0x5f, 0x62, 0x6f, 0x6e,
  0x65, 0x5f, 0x69, 0x6e, 0x64, 0x69, 0x63, 0x65, 0x73, 0x2e, 0x78, 0x5d,
  0x2e, 0x74, 0x72, 0x61, 0x6e, 0x73, 0x66, 0x6f, 0x72, 0x6d, 0x5b, 0x32,
  0x5d, 0x2e, 0x79, 0x29, 0x20, 0x2d, 0x20, 0x28, 0x28, 0x2a, 0x73, 0x70,
  0x76, 0x44, 0x65, 0x73, 0x63, 0x72, 0x69, 0x70, 0x74, 0x6f, 0x72, 0x53,
  0x65, 0x74, 0x31, 0x2e, 0x62, 0x6f, 0x6e, 0x65, 0x73, 0x55, 0x6e, 0x69,
  0x66, 0x6f, 0x72, 0x6d, 0x73, 0x29, 0x2e, 0x62, 0x6f, 0x6e, 0x65, 0x73,
  0x5b, 0x69, 0x6e, 0x2e, 0x6d, 0x65, 0x73, 0x68, 0x5f, 0x62, 0x6f, 0x6e,
  0x65, 0x5f, 0x69, 0x6e, 0x64, 0x69, 0x63, 0x65, 0x73, 0x2e, 0x78, 0x5d,
  0x2e, 0x74, 0x72, 0x61, 0x6e, 0x73, 0x66, 0x6f, 0x72, 0x6d, 0x5b, 0x31,
  0x5d, 0x2e, 0x79, 0x20, 0x2a, 0x20, 0x28, 0x2a, 0x73, 0x70, 0x76, 0x44,
  0x65, 0x73, 0x63, 0x72, 0x69, 0x70, 0x74, 0x6f, 0x72, 0x53, 0x65, 0x74,
  0x31, 0x2e, 0x62, 0x6f, 0x6e, 0x65, 0x73, 0x55, 0x6e, 0x69, 0x66, 0x6f,
  0x72, 0x6d, 0x73, 0x29, 0x2e, 0x62, 0x6f, 0x6e, 0x65, 0x73, 0x5b, 0x69,
  0x6e, 0x2e, 0x6d, 0x65, 0x73, 0x68, 0x5f, 0x62, 0x6f, 0x6e, 0x65, 0x5f,
  0x69, 0x6e, 0x64, 0x69, 0x63, 0x65, 0x73, 0x2e, 0x78, 0x5d, 0x2e, 0x74,
  0x72, 0x61, 0x6e, 0x73, 0x66, 0x6f, 0x72, 0x6d, 0x5b, 0x32, 0x5d, 0x2e,
  0x78, 0x29, 0x2c, 0x20, 0x28, 0x28, 0x2a, 0x73, 0x70, 0x76, 0x44, 0x65,
  0x73, 0x63, 0x72, 0x69, 0x70, 0x74, 0x6f, 0x72, 0x53, 0x65, 0x74, 0x31,
  0x2e, 0x62, 0x6f, 0x6e, 0x65, 0x73, 0x55, 0x6e, 0x69, 0x66, 0x6f, 0x72,
  0x6d, 0x73, 0x29, 0x2e, 0x62, 0x6f, 0x6e, 0x65, 0x73, 0x5b, 0x69, 0x6e,
  0x2e, 0x6d, 0x65, 0x73, 0x68, 0x5f, 0x62, 0x6f, 0x6e, 0x65, 0x5f, 0x69,
  0x6e, 0x64, 0x69, 0x63, 0x65, 0x73, 0x2e, 0x78, 0x5d, 0x2e, 0x74, 0x72,
  0x61, 0x6e, 0x73, 0x66, 0x6f, 0x72, 0x6d, 0x5b, 0x30, 0x5d, 0x2e, 0x79,
  0x20, 0x2a, 0x20, 0x28, 0x2a, 0x73, 0x70, 0x76, 0x44, 0x65, 0x73, 0x63,
  0x72, 0x69, 0x70, 0x74, 0x6f, 0x72, 0x53, 0x65, 0x74, 0x31, 0x2e, 0x62,
  0x6f, 0x6e, 0x65, 0x73, 0x55, 0x6e, 0x69, 0x66, 0x6f, 0x72, 0x6d, 0x73,
  0x29, 0x2e, 0x62, 0x6f, 0x6e, 0x65, 0x73, 0x5b, 0x69, 0x6e, 0x2e, 0x6d,
  0x65, 0x73, 0x68, 0x5f, 0x62, 0x6f, 0x6e, 0x65, 0x5f, 0x69, 0x6e, 0x64,
  0x69, 0x63, 0x65, 0x73, 0x2e, 0x78, 0x5d, 0x2e, 0x74, 0x72, 0x61, 0x6e,
  0x73, 0x66, 0x6f, 0x72, 0x6d, 0x5b, 0x32, 0x5d, 0x2e, 0x78, 0x29, 0x20,
  0x2d, 0x20, 0x28, 0x28, 0x2a, 0x73, 0x70, 0x76, 0x44, 0x65, 0x73, 0x63,
  0x72, 0x69, 0x70, 0x74, 0x6f, 0x72, 0x53, 0x65, 0x74, 0x31, 0x2e, 0x62,
  0x6f, 0x6e, 0x65, 0x73, 0x55, 0x6e, 0x69, 0x66, 0x6f, 0x72, 0x6d, 0x73,
  0x29, 0x2e, 0x62, 0x6f, 0x6e, 0x65, 0x73, 0x5b, 0x69, 0x6e, 0x2e, 0x6d,
  0x65, 0x73, 0x68, 0x5f, 0x62, 0x6f, 0x6e, 0x65, 0x5f, 0x69, 0x6e, 0x64,
  0x69, 0x63, 0x65, 0x73, 0x2e, 0x78, 0x5d, 0x2e, 0x74, 0x72, 0x61, 0x6e,
  0x73, 0x66, 0x6f, 0x72, 0x6d, 0x5b, 0x30, 0x5d, 0x2e, 0x78, 0x20, 0x2a,
  0x20, 0x28, 0x2a, 0x73, 0x70, 0x76, 0x44, 0x65, 0x73, 0x63, 0x72, 0x69,
  0x70, 0x74, 0x6f, 0x72, 0x53, 0x65, 0x74, 0x31, 0x2e, 0x62, 0x6f, 0x6e,
  0x65, 0x73, 0x55, 0x6e, 0x69, 0x66, 0x6f, 0x72, 0x6d, 0x73, 0x29, 0x2e,
  0x62, 0x6f, 0x6e, 0x65, 0x73, 0x5b, 0x69, 0x6e, 0x2e, 0x6d, 0x65, 0x73,
  0x68, 0x5f, 0x62, 0x6f, 0x6e, 0x65, 0x5f, 0x69, 0x6e, 0x64, 0x69, 0x63,
  0x65, 0x73, 0x2e, 0x78, 0x5d, 0x2e, 0x74, 0x72, 0x61, 0x6e, 0x73, 0x66,
  0x6f, 0x72, 0x6d, 0x5b, 0x32, 0x5d, 0x2e, 0x79, 0x29, 0x2c, 0x20, 0x28,
  0x28, 0x2a, 0x73, 0x70, 0x76, 0x44, 0x65, 0x73, 0x63, 0x72, 0x69, 0x70,
  0x74, 0x6f, 0x72, 0x53, 0x65, 0x74, 0x31, 0x2e, 0x62, 0x6f, 0x6e, 0x65,
  0x73, 0x55, 0x6e, 0x69, 0x66, 0x6f, 0x72, 0x6d, 0x73, 0x29, 0x2e, 0x62,
  0x6f, 0x6e, 0x65, 0x73, 0x5b, 0x69, 0x6e, 0x2e, 0x6d, 0x65, 0x73, 0x68,
  0x5f, 0x62, 0x6f, 0x6e, 0x65, 0x5f, 0x69, 0x6e, 0x64, 0x69, 0x63, 0x65,
  0x73, 0x2e, 0x78, 0x5d, 0x2e, 0x74, 0x72, 0x61, 0x6e, 0x73, 0x66, 0x6f,
  0x72, 0x6d, 0x5b, 0x30, 0x5d, 0x2e, 0x78, 0x20, 0x2a, 0x20, 0x28, 0x2a,
  0x73, 0x70, 0x76, 0x44, 0x65, 0x73, 0x63, 0x72, 0x69, 0x70, 0x74, 0x6f,
  0x72, 0x53, 0x65, 0x74, 0x31, 0x2e, 0x62, 0x6f, 0x6e, 0x65, 0x73, 0x55,
  0x6e, 0x69, 0x66, 0x6f, 0x72, 0x6d, 0x73, 0x29, 0x2e, 0x62, 0x6f, 0x6e,
  0x65, 0x73, 0x5b, 0x69, 0x6e, 0x2e, 0x6d, 0x65, 0x73, 0x68, 0x5f, 0x62,
  0x6f, 0x6e, 0x65, 0x5f, 0x69, 0x6e, 0x64, 0x69, 0x63, 0x65, 0x73, 0x2e,
  0x78, 0x5d, 0x2e, 0x74, 0x72, 0x61, 0x6e, 0x73, 0x66, 0x6f, 0x72, 0x6d,
  0x5b, 0x31, 0x5d, 0x2e, 0x79, 0x29, 0x20, 0x2d, 0x20, 0x28, 0x28, 0x2a,
  0x73, 0x70, 0x76, 0x44, 0x65, 0x73, 0x63, 0x72, 0x69, 0x70, 0x74, 0x6f,
  0x72, 0x53, 0x65, 0x74, 0x31, 0x2e, 0x62, 0x6f, 0x6e, 0x65, 0x73, 0x55,
  0x6e, 0x69, 0x66, 0x6f, 0x72, 0x6d, 0x73, 0x29, 0x2e, 0x62, 0x6f, 0x6e,
  0x65, 0x73, 0x5b, 0x69, 0x6e, 0x2e, 0x6d, 0x65, 0x73, 0x68, 0x5f, 0x62,
  0x6f, 0x6e, 0x65, 0x5f, 0x69, 0x6e, 0x64, 0x69, 0x63, 0x65, 0x73, 0x2e,
  0x78, 0x5d, 0x2e, 0x74, 0x72, 0x61, 0x6e, 0x73, 0x66, 0x6f, 0x72, 0x6d,
  0x5b, 0x30, 0x5d, 0x2e, 0x79, 0x20, 0x2a, 0x20, 0x28, 0x2a, 0x73, 0x70,
  0x76, 0x44, 0x65, 0x73, 0x63, 0x72, 0x69, 0x70, 0x74, 0x6f, 0x72, 0x53,
  0x65, 0x74, 0x31, 0x2e, 0x62, 0x6f, 0x6e, 0x65, 0x73, 0x55, 0x6e, 0x69,
  0x66, 0x6f, 0x72, 0x6d, 0x73, 0x29, 0x2e, 0x62, 0x6f, 0x6e, 0x65, 0x73,
  0x5b, 0x69, 0x6e, 0x2e, 0x6d, 0x65, 0x73, 0x68, 0x5f, 0x62, 0x6f, 0x6e,
  0x65, 0x5f, 0x69, 0x6e, 0x64, 0x69, 0x63, 0x65, 0x73, 0x2e, 0x78, 0x5d,
  0x2e, 0x74, 0x72, 0x61, 0x6e, 0x73, 0x66, 0x6f, 0x72, 0x6d, 0x5b, 0x31,
  0x5d, 0x2e, 0x78, 0x29, 0x29, 0x29, 0x20, 0x2a, 0x20, 0x00, 0x29, 0x20,
  0x2a, 0x20, 0x69, 0x6e, 0x2e, 0x6d, 0x65, 0x73, 0x68, 0x5f, 0x62, 0x6f,
  0x6e, 0x65, 0x5f, 0x77, 0x65, 0x69, 0x67, 0x68, 0x74, 0x73, 0x2e, 0x78,
  0x29, 0x20, 0x2b, 0x20, 0x28, 0x66, 0x61, 0x73, 0x74, 0x3a, 0x3a, 0x6e,
  0x6f, 0x72, 0x6d, 0x61, 0x6c, 0x69, 0x7a, 0x65, 0x28, 0x66, 0x6c, 0x6f,
  0x61, 0x74, 0x33, 0x78, 0x33, 0x28, 0x66, 0x6c, 0x6f, 0x61, 0x74, 0x33,
  0x28, 0x28, 0x2a, 0x73, 0x70, 0x76, 0x44, 0x65, 0x73, 0x63, 0x72, 0x69,
  0x70, 0x74, 0x6f, 0x72, 0x53, 0x65, 0x74, 0x31, 0x2e, 0x62, 0x6f, 0x6e,
  0x65, 0x73, 0x55, 0x6e, 0x69, 0x66, 0x6f, 0x72, 0x6d, 0x73, 0x29, 0x2e,
  0x62, 0x6f, 0x6e, 0x65, 0x73, 0x5b, 0x69, 0x6e, 0x2e, 0x6d, 0x65, 0x73,
  0x68, 0x5f, 0x62, 0x6f, 0x6e, 0x65, 0x5f, 0x69, 0x6e, 0x64, 0x69, 0x63,
  0x65, 0x73, 0x2e, 0x79, 0x5d, 0x2e, 0x63, 0x6f, 0x66, 0x30, 0x29, 0x2c,
  0x20, 0x66, 0x6c, 0x6f, 0x61, 0x74, 0x33, 0x28, 0x28, 0x2a, 0x73, 0x70,
  0x76, 0x44, 0x65, 0x73, 0x63, 0x72, 0x69, 0x70, 0x74, 0x6f, 0x72, 0x53,
  0x65, 0x74, 0x31, 0x2e, 0x62, 0x6f, 0x6e, 0x65, 0x73, 0x55, 0x6e, 0x69,
  0x66, 0x6f, 0x72, 0x6d, 0x73, 0x29, 0x2e, 0x62, 0x6f, 0x6e, 0x65, 0x73,
  0x5b, 0x69, 0x6e, 0x2e, 0x6d, 0x65, 0x73, 0x68, 0x5f, 0x62, 0x6f, 0x6e,
  0x65, 0x5f, 0x69, 0x6e, 0x64, 0x69, 0x63, 0x65, 0x73, 0x2e, 0x79, 0x5d,
  0x2e, 0x63, 0x6f, 0x66, 0x31, 0x78, 0x2c, 0x20, 0x28, 0x28, 0x2a, 0x73,
  0x70, 0x76, 0x44, 0x65, 0x73, 0x63, 0x72, 0x69, 0x70, 0x74, 0x6f, 0x72,
  0x53, 0x65, 0x74, 0x31, 0x2e, 0x62, 0x6f, 0x6e, 0x65, 0x73, 0x55, 0x6e,
  0x69, 0x66, 0x6f, 0x72, 0x6d, 0x73, 0x29, 0x2e, 0x62, 0x6f, 0x6e, 0x65,
  0x73, 0x5b, 0x69, 0x6e, 0x2e, 0x6d, 0x65, 0x73, 0x68, 0x5f, 0x62, 0x6f,
  0x6e, 0x65, 0x5f, 0x69, 0x6e, 0x64, 0x69, 0x63, 0x65, 0x73, 0x2e, 0x79,
  0x5d, 0x2e, 0x74, 0x72, 0x61, 0x6e, 0x73, 0x66, 0x6f, 0x72, 0x6d, 0x5b,
  0x30, 0x5d, 0x2e, 0x78, 0x20, 0x2a, 0x20, 0x28, 0x2a, 0x73, 0x70, 0x76,
  0x44, 0x65, 0x73, 0x63, 0x72, 0x69, 0x70, 0x74, 0x6f, 0x72, 0x53, 0x65,
  0x74, 0x31, 0x2e, 0x62, 0x6f, 0x6e, 0x65, 0x73, 0x55, 0x6e, 0x69, 0x66,
  0x6f, 0x72, 0x6d, 0x73, 0x29, 0x2e, 0x62, 0x6f, 0x6e, 0x65, 0x73, 0x5b,
  0x69, 0x6e, 0x2e, 0x6d, 0x65, 0x73, 0x68, 0x5f, 0x62, 0x6f, 0x6e, 0x65,
  0x5f, 0x69, 0x6e, 0x64, 0x69, 0x63, 0x65, 0x73, 0x2e, 0x79, 0x5d, 0x2e,
  0x74, 0x72, 0x61, 0x6e, 0x73, 0x66, 0x6f, 0x72, 0x6d, 0x5b, 0x32, 0x5d,
  0x2e, 0x7a, 0x29, 0x20, 0x2d, 0x20, 0x28, 0x28, 0x2a, 0x73, 0x70, 0x76,
  0x44, 0x65, 0x73, 0x63, 0x72, 0x69, 0x70, 0x74, 0x6f, 0x72, 0x53, 0x65,
  0x74, 0x31, 0x2e, 0x62, 0x6f, 0x6e, 0x65, 0x73, 0x55, 0x6e, 0x69, 0x66,
  0x6f, 0x72, 0x6d, 0x73, 0x29, 0x2e, 0x62, 0x6f, 0x6e, 0x65, 0x73, 0x5b,
  0x69, 0x6e, 0x2e, 0x6d, 0x65, 0x73, 0x68, 0x5f, 0x62, 0x6f, 0x6e, 0x65,
  0x5f, 0x69, 0x6e, 0x64, 0x69, 0x63, 0x65, 0x73, 0x2e, 0x79, 0x5d, 0x2e,
  0x74, 0x72, 0x61, 0x6e, 0x73, 0x66, 0x6f, 0x72, 0x6d, 0x5b, 0x30, 0x5d,
  0x2e, 0x7a, 0x20, 0x2a, 0x20, 0x28, 0x2a, 0x73, 0x70, 0x76, 0x44, 0x65,
  0x73, 0x63, 0x72, 0x69, 0x70, 0x74, 0x6f, 0x72, 0x53, 0x65, 0x74, 0x31,
  0x2e, 0x62, 0x6f, 0x6e, 0x65, 0x73, 0x55, 0x6e, 0x69, 0x66, 0x6f, 0x72,
  0x6d, 0x73, 0x29, 0x2e, 0x62, 0x6f, 0x6e, 0x65, 0x73, 0x5b, 0x69, 0x6e,
  0x2e, 0x6d, 0x65, 0x73, 0x68, 0x5f, 0x62, 0x6f, 0x6e, 0x65, 0x5f, 0x69,
  0x6e, 0x64, 0x69, 0x63, 0x65, 0x73, 0x2e, 0x79, 0x5d, 0x2e, 0x74, 0x72,
  0x61, 0x6e, 0x73, 0x66, 0x6f, 0x72, 0x6d, 0x5b, 0x32, 0x5d, 0x2e, 0x78,
  0x29, 0x2c, 0x20, 0x28, 0x28, 0x2a, 0x73, 0x70, 0x76, 0x44, 0x65, 0x73,
  0x63, 0x72, 0x69, 0x70, 0x74, 0x6f, 0x72, 0x53, 0x65, 0x74, 0x31, 0x2e,
  0x62, 0x6f, 0x6e, 0x65, 0x73, 0x55, 0x6e, 0x69, 0x66, 0x6f, 0x72, 0x6d,
  0x73, 0x29, 0x2e, 0x62, 0x6f, 0x6e, 0x65, 0x73, 0x5b, 0x69, 0x6e, 0x2e,
  0x6d, 0x65, 0x73, 0x68, 0x5f, 0x62, 0x6f, 0x6e, 0x65, 0x5f, 0x69, 0x6e,
  0x64, 0x69, 0x63, 0x65, 0x73, 0x2e, 0x79, 0x5d, 0x2e, 0x74, 0x72, 0x61,
  0x6e, 0x73, 0x66, 0x6f, 0x72, 0x6d, 0x5b, 0x30, 0x5d, 0x2e, 0x7a, 0x20,
  0x2a, 0x20, 0x28, 0x2a, 0x73, 0x70, 0x76, 0x44, 0x65, 0x73, 0x63, 0x72,
  0x69, 0x70, 0x74, 0x6f, 0x72, 0x53, 0x65, 0x74, 0x31, 0x2e, 0x62, 0x6f,
  0x6e, 0x65, 0x73, 0x55, 0x6e, 0x69, 0x66, 0x6f, 0x72, 0x6d, 0x73, 0x29,
  0x2e, 0x62, 0x6f, 0x6e, 0x65, 0x73, 0x5b, 0x69, 0x6e, 0x2e, 0x6d, 0x65,
  0x73, 0x68, 0x5f, 0x62, 0x6f, 0x6e, 0x65, 0x5f, 0x69, 0x6e, 0x64, 0x69,
  0x63, 0x65, 0x73, 0x2e, 0x79, 0x5d, 0x2e, 0x74, 0x72, 0x61, 0x6e, 0x73,
  0x66, 0x6f, 0x72, 0x6d, 0x5b, 0x31, 0x5d, 0x2e, 0x78, 0x29, 0x20, 0x2d,
  0x20, 0x28, 0x28, 0x2a, 0x73, 0x70, 0x76, 0x44, 0x65, 0x73, 0x63, 0x72,
  0x69, 0x70, 0x74, 0x6f, 0x72, 0x53, 0x65, 0x74, 0x31, 0x2e, 0x62, 0x6f,
  0x6e, 0x65, 0x73, 0x55, 0x6e, 0x69, 0x66, 0x6f, 0x72, 0x6d, 0x73, 0x29,
  0x2e, 0x62, 0x6f, 0x6e, 0x65, 0x73, 0x5b, 0x69, 0x6e, 0x2e, 0x6d, 0x65,
  0x73, 0x68, 0x5f, 0x62, 0x6f, 0x6e, 0x65, 0x5f, 0x69, 0x6e, 0x64, 0x69,
  0x63, 0x65, 0x73, 0x2e, 0x79, 0x5d, 0x2e, 0x74, 0x72, 0x61, 0x6e, 0x73,
  0x66, 0x6f, 0x72, 0x6d, 0x5b, 0x30, 0x5d, 0x2e, 0x78, 0x20, 0x2a, 0x20,
  0x28, 0x2a, 0x73, 0x70, 0x76, 0x44, 0x65, 0x73, 0x63, 0x72, 0x69, 0x70,
  0x74, 0x6f, 0x72, 0x53, 0x65, 0x74, 0x31, 0x2e, 0x62, 0x6f, 0x6e, 0x65,
  0x73, 0x55, 0x6e, 0x69, 0x66, 0x6f, 0x72, 0x6d, 0x73, 0x29, 0x2e, 0x62,
  0x6f, 0x6e, 0x65, 0x73, 0x5b, 0x69, 0x6e, 0x2e, 0x6d, 0x65, 0x73, 0x68,
  0x5f, 0x62, 0x6f, 0x6e, 0x65, 0x5f, 0x69, 0x6e, 0x64, 0x69, 0x63, 0x65,
  0x73, 0x2e, 0x79, 0x5d, 0x2e, 0x74, 0x72, 0x61, 0x6e, 0x73, 0x66, 0x6f,
  0x72, 0x6d, 0x5b, 0x31, 0x5d, 0x2e, 0x7a, 0x29, 0x29, 0x2c, 0x20, 0x66,
  0x6c, 0x6f, 0x61, 0x74, 0x33, 0x28, 0x28, 0x28, 0x2a, 0x73, 0x70, 0x76,
  0x44, 0x65, 0x73, 0x63, 0x72, 0x69, 0x70, 0x74, 0x6f, 0x72, 0x53, 0x65,
  0x74, 0x31, 0x2e, 0x62, 0x6f, 0x6e, 0x65, 0x73, 0x55, 0x6e, 0x69, 0x66,
  0x6f, 0x72, 0x6d, 0x73, 0x29, 0x2e, 0x62, 0x6f, 0x6e, 0x65, 0x73, 0x5b,
  0x69, 0x6e, 0x2e, 0x6d, 0x65, 0x73, 0x68, 0x5f, 0x62, 0x6f, 0x6e, 0x65,
  0x5f, 0x69, 0x6e, 0x64, 0x69, 0x63, 0x65, 0x73, 0x2e, 0x79, 0x5d, 0x2e,
  0x74, 0x72, 0x61, 0x6e, 0x73, 0x66, 0x6f, 0x72, 0x6d, 0x5b, 0x31, 0x5d,
  0x2e, 0x78, 0x20, 0x2a, 0x20, 0x28, 0x2a, 0x73, 0x70, 0x76, 0x44, 0x65,
  0x73, 0x63, 0x72, 0x69, 0x70, 0x74, 0x6f, 0x72, 0x53, 0x65, 0x74, 0x31,
  0x2e, 0x62, 0x6f, 0x6e, 0x65, 0x73, 0x55, 0x6e, 0x69, 0x66, 0x6f, 0x72,
  0x6d, 0x73, 0x29, 0x2e, 0x62, 0x6f, 0x6e, 0x65, 0x73, 0x5b, 0x69, 0x6e,
  0x2e, 0x6d, 0x65, 0x73, 0x68, 0x5f, 0x62, 0x6f, 0x6e, 0x65, 0x5f, 0x69,
  0x6e, 0x64, 0x69, 0x63, 0x65, 0x73, 0x2e, 0x79, 0x5d, 0x2e, 0x74, 0x72,
  0x61, 0x6e, 0x73, 0x66, 0x6f, 0x72, 0x6d, 0x5b, 0x32, 0x5d, 0x2e, 0x79,
  0x29, 0x20, 0x2d, 0x20, 0x28, 0x28, 0x2a, 0x73, 0x70, 0x76, 0x44, 0x65,
  0x73, 0x63, 0x72, 0x69, 0x70, 0x74, 0x6f, 0x72, 0x53, 0x65, 0x74, 0x31,
  0x2e, 0x62, 0x6f, 0x6e, 0x65, 0x73, 0x55, 0x6e, 0x69, 0x66, 0x6f, 0x72,
  0x6d, 0x73, 0x29, 0x2e, 0x62, 0x6f, 0x6e, 0x65, 0x73, 0x5b, 0x69, 0x6e,
  0x2e, 0x6d, 0x65, 0x73, 0x68, 0x5f, 0x62, 0x6f, 0x6e, 0x65, 0x5f, 0x69,
  0x6e, 0x64, 0x69, 0x63, 0x65, 0x73, 0x2e, 0x79, 0x5d, 0x2e, 0x74, 0x72,
  0x61, 0x6e, 0x73, 0x66, 0x6f, 0x72, 0x6d, 0x5b, 0x31, 0x5d, 0x2e, 0x79,
  0x20, 0x2a, 0x20, 0x28, 0x2a, 0x73, 0x70, 0x76, 0x44, 0x65, 0x73, 0x63,
  0x72, 0x69, 0x70, 0x74, 0x6f, 0x72, 0x53, 0x65, 0x74, 0x31, 0x2e, 0x62,
  0x6f, 0x6e, 0x65, 0x73, 0x55, 0x6e, 0x69, 0x66, 0x6f, 0x72, 0x6d, 0x73,
  0x29, 0x2e, 0x62, 0x6f, 0x6e, 0x65, 0x73, 0x5b, 0x69, 0x6e, 0x2e, 0x6d,
  0x65, 0x73, 0x68, 0x5f, 0x62, 0x6f, 0x6e, 0x65, 0x5f, 0x69, 0x6e, 0x64,
  0x69, 0x63, 0x65, 0x73, 0x2e, 0x79, 0x5d, 0x2e, 0x74, 0x72, 0x61, 0x6e,
  0x73, 0x66, 0x6f, 0x72, 0x6d, 0x5b, 0x32, 0x5d, 0x2e, 0x78, 0x29, 0x2c,
  0x20, 0x28, 0x28, 0x2a, 0x73, 0x70, 0x76, 0x44, 0x65, 0x73, 0x63, 0x72,
  0x69, 0x70, 0x74, 0x6f, 0x72, 0x53, 0x65, 0x74, 0x31, 0x2e, 0x62, 0x6f,
  0x6e, 0x65, 0x73, 0x55, 0x6e, 0x69, 0x66, 0x6f, 0x72, 0x6d, 0x73, 0x29,
  0x2e, 0x62, 0x6f, 0x6e, 0x65, 0x73, 0x5b, 0x69, 0x6e, 0x2e, 0x6d, 0x65,
  0x73, 0x68, 0x5f, 0x62, 0x6f, 0x6e, 0x65, 0x5f, 0x69, 0x6e, 0x64, 0x69,
  0x63, 0x65, 0x73, 0x2e, 0x79, 0x5d, 0x2e, 0x74, 0x72, 0x61, 0x6e, 0x73,
  0x66, 0x6f, 0x72, 0x6d, 0x5b, 0x30, 0x5d, 0x2e, 0x79, 0x20, 0x2a, 0x20,
  0x28, 0x2a, 0x73, 0x70, 0x76, 0x44, 0x65, 0x73, 0x63, 0x72, 0x69, 0x70,
  0x74, 0x6f, 0x72, 0x53, 0x65, 0x74, 0x31, 0x2e, 0x62, 0x6f, 0x6e, 0x65,
  0x73, 0x55, 0x6e, 0x69, 0x66, 0x6f, 0x72, 0x6d, 0x73, 0x29, 0x2e, 0x62,
  0x6f, 0x6e, 0x65, 0x73, 0x5b, 0x69, 0x6e, 0x2e, 0x6d, 0x65, 0x73, 0x68,
  0x5f, 0x62, 0x6f, 0x6e, 0x65, 0x5f, 0x69, 0x6e, 0x64, 0x69, 0x63, 0x65,
  0x73, 0x2e, 0x79, 0x5d, 0x2e, 0x74, 0x72, 0x61, 0x6e, 0x73, 0x66, 0x6f,
  0x72, 0x6d, 0x5b, 0x32, 0x5d, 0x2e, 0x78, 0x29, 0x20, 0x2d, 0x20, 0x28,
  0x28, 0x2a, 0x73, 0x70, 0x76, 0x44, 0x65, 0x73, 0x63, 0x72, 0x69, 0x70,
  0x74, 0x6f, 0x72, 0x53, 0x65, 0x74, 0x31, 0x2e, 0x62, 0x6f, 0x6e, 0x65,
  0x73, 0x55, 0x6e, 0x69, 0x66, 0x6f, 0x72, 0x6d, 0x73, 0x29, 0x2e, 0x62,
  0x6f, 0x6e, 0x65, 0x73, 0x5b, 0x69, 0x6e, 0x2e, 0x6d, 0x65, 0x73, 0x68,
  0x5f, 0x62, 0x6f, 0x6e, 0x65, 0x5f, 0x69, 0x6e, 0x64, 0x69, 0x63, 0x65,
  0x73, 0x2e, 0x79, 0x5d, 0x2e, 0x74, 0x72, 0x61, 0x6e, 0x73, 0x66, 0x6f,
  0x72, 0x6d, 0x5b, 0x30, 0x5d, 0x2e, 0x78, 0x20, 0x2a, 0x20, 0x28, 0x2a,
  0x73, 0x70, 0x76, 0x44, 0x65, 0x73, 0x63, 0x72, 0x69, 0x70, 0x74, 0x6f,
  0x72, 0x53, 0x65, 0x74, 0x31, 0x2e, 0x62, 0x6f, 0x6e, 0x65, 0x73, 0x55,
  0x6e, 0x69, 0x66, 0x6f, 0x72, 0x6d, 0x73, 0x29, 0x2e, 0x62, 0x6f, 0x6e,
  0x65, 0x73, 0x5b, 0x69, 0x6e, 0x2e, 0x6d, 0x65, 0x73, 0x68, 0x5f, 0x62,
  0x6f, 0x6e, 0x65, 0x5f, 0x69, 0x6e, 0x64, 0x69, 0x63, 0x65, 0x73, 0x2e,
  0x79, 0x5d, 0x2e, 0x74, 0x72, 0x61, 0x6e, 0x73, 0x66, 0x6f, 0x72, 0x6d,
  0x5b, 0x32, 0x5d, 0x2e, 0x79, 0x29, 0x2c, 0x20, 0x28, 0x28, 0x2a, 0x73,
  0x70, 0x76, 0x44, 0x65, 0x73, 0x63, 0x72, 0x69, 0x70, 0x74, 0x6f, 0x72,
  0x53, 0x65, 0x74, 0x31, 0x2e, 0x62, 0x6f, 0x6e, 0x65, 0x73, 0x55, 0x6e,
  0x69, 0x66, 0x6f, 0x72, 0x6d, 0x73, 0x29, 0x2e, 0x62, 0x6f, 0x6e, 0x65,
  0x73, 0x5b, 0x69, 0x6e, 0x2e, 0x6d, 0x65, 0x73, 0x68, 0x5f, 0x62, 0x6f,
  0x6e, 0x65, 0x5f, 0x69, 0x6e, 0x64, 0x69, 0x63, 0x65, 0x73, 0x2e, 0x79,
  0x5d, 0x2e, 0x74, 0x72, 0x61, 0x6e, 0x73, 0x66, 0x6f, 0x72, 0x6d, 0x5b,
  0x30, 0x5d, 0x2e, 0x78, 0x20, 0x2a, 0x20, 0x28, 0x2a, 0x73, 0x70, 0x76,
  0x44, 0x65, 0x73, 0x63, 0x72, 0x69, 0x70, 0x74, 0x6f, 0x72, 0x53, 0x65,
  0x74, 0x31, 0x2e, 0x62, 0x6f, 0x6e, 0x65, 0x73, 0x55, 0x6e, 0x69, 0x66,
  0x6f, 0x72, 0x6d, 0x73, 0x29, 0x2e, 0x62, 0x6f, 0x6e, 0x65, 0x73, 0x5b,
  0x69, 0x6e, 0x2e, 0x6d, 0x65, 0x73, 0x68, 0x5f, 0x62, 0x6f, 0x6e, 0x65,
  0x5f, 0x69, 0x6e, 0x64, 0x69, 0x63, 0x65, 0x73, 0x2e, 0x79, 0x5d, 0x2e,
  0x74, 0x72, 0x61, 0x6e, 0x73, 0x66, 0x6f, 0x72, 0x6d, 0x5b, 0x31, 0x5d,
  0x2e, 0x79, 0x29, 0x20, 0x2d, 0x20, 0x28, 0x28, 0x2a, 0x73, 0x70, 0x76,
  0x44, 0x65, 0x73, 0x63, 0x72, 0x69, 0x70, 0x74, 0x6f, 0x72, 0x53, 0x65,
  0x74, 0x31, 0x2e, 0x62, 0x6f, 0x6e, 0x65, 0x73, 0x55, 0x6e, 0x69, 0x66,
  0x6f, 0x72, 0x6d, 0x73, 0x29, 0x2e, 0x62, 0x6f, 0x6e, 0x65, 0x73, 0x5b,
  0x69, 0x6e, 0x2e, 0x6d, 0x65, 0x73, 0x68, 0x5f, 0x62, 0x6f, 0x6e, 0x65,
  0x5f, 0x69, 0x6e, 0x64, 0x69, 0x63, 0x65, 0x73, 0x2e, 0x79, 0x5d, 0x2e,
  0x74, 0x72, 0x61, 0x6e, 0x73, 0x66, 0x6f, 0x72, 0x6d, 0x5b, 0x30, 0x5d,
  0x2e, 0x79, 0x20, 0x2a, 0x20, 0x28, 0x2a, 0x73, 0x70, 0x76, 0x44, 0x65,
  0x73, 0x63, 0x72, 0x69, 0x70, 0x74, 0x6f, 0x72, 0x53, 0x65, 0x74, 0x31,
  0x2e, 0x62, 0x6f, 0x6e, 0x65, 0x73, 0x55, 0x6e, 0x69, 0x66, 0x6f, 0x72,
  0x6d, 0x73, 0x29, 0x2e, 0x62, 0x6f, 0x6e, 0x65, 0x73, 0x5b, 0x69, 0x6e,
  0x2e, 0x6d, 0x65, 0x73, 0x68, 0x5f, 0x62, 0x6f, 0x6e, 0x65, 0x5f, 0x69,
  0x6e, 0x64, 0x69, 0x63, 0x65, 0x73, 0x2e, 0x79, 0x5d, 0x2e, 0x74, 0x72,
  0x61, 0x6e, 0x73, 0x66, 0x6f, 0x72, 0x6d, 0x5b, 0x31, 0x5d, 0x2e, 0x78,
  0x29, 0x29, 0x29, 0x20, 0x2a, 0x20, 0x00, 0x29, 0x20, 0x2a, 0x20, 0x69,
  0x6e, 0x2e, 0x6d, 0x65, 0x73, 0x68, 0x5f, 0x62, 0x6f, 0x6e, 0x65, 0x5f,
  0x77, 0x65, 0x69, 0x67, 0x68, 0x74, 0x73, 0x2e, 0x79, 0x29, 0x29, 0x20,
  0x2b, 0x20, 0x28, 0x66, 0x61, 0x73, 0x74, 0x3a, 0x3a, 0x6e, 0x6f, 0x72,
  0x6d, 0x61, 0x6c, 0x69, 0x7a, 0x65, 0x28, 0x66, 0x6c, 0x6f, 0x61, 0x74,
  0x33, 0x78, 0x33, 0x28, 0x66, 0x6c, 0x6f, 0x61, 0x74, 0x33, 0x28, 0x28,
  0x2a, 0x73, 0x70, 0x76, 0x44, 0x65, 0x73, 0x63, 0x72, 0x69, 0x70, 0x74,
  0x6f, 0x72, 0x53, 0x65, 0x74, 0x31, 0x2e, 0x62, 0x6f, 0x6e, 0x65, 0x73,
  0x55, 0x6e, 0x69, 0x66, 0x6f, 0x72, 0x6d, 0x73, 0x29, 0x2e, 0x62, 0x6f,
  0x6e, 0x65, 0x73, 0x5b, 0x69, 0x6e, 0x2e, 0x6d, 0x65, 0x73, 0x68, 0x5f,
  0x62, 0x6f, 0x6e, 0x65, 0x5f, 0x69, 0x6e, 0x64, 0x69, 0x63, 0x65, 0x73,
  0x2e, 0x7a, 0x5d, 0x2e, 0x63, 0x6f, 0x66, 0x30, 0x29, 0x2c, 0x20, 0x66,
  0x6c, 0x6f, 0x61, 0x74, 0x33, 0x28, 0x28, 0x2a, 0x73, 0x70, 0x76, 0x44,
  0x65, 0x73, 0x63, 0x72, 0x69, 0x70, 0x74, 0x6f, 0x72, 0x53, 0x65, 0x74,
  0x31, 0x2e, 0x62, 0x6f, 0x6e, 0x65, 0x73, 0x55, 0x6e, 0x69, 0x66, 0x6f,
  0x72, 0x6d, 0x73, 0x29, 0x2e, 0x62, 0x6f, 0x6e, 0x65, 0x73, 0x5b, 0x69,
  0x6e, 0x2e, 0x6d, 0x65, 0x73, 0x68, 0x5f, 0x62, 0x6f, 0x6e, 0x65, 0x5f,
  0x69, 0x6e, 0x64, 0x69, 0x63, 0x65, 0x73, 0x2e, 0x7a, 0x5d, 0x2e, 0x63,
  0x6f, 0x66, 0x31, 0x78, 0x2c, 0x20, 0x28, 0x28, 0x2a, 0x73, 0x70, 0x76,
  0x44, 0x65, 0x73, 0x63, 0x72, 0x69, 0x70, 0x74, 0x6f, 0x72, 0x53, 0x65,
  0x74, 0x31, 0x2e, 0x62, 0x6f, 0x6e, 0x65, 0x73, 0x55, 0x6e, 0x69, 0x66,
  0x6f, 0x72, 0x6d, 0x73, 0x29, 0x2e, 0x62, 0x6f, 0x6e, 0x65, 0x73, 0x5b,
  0x69, 0x6e, 0x2e, 0x6d, 0x65, 0x73, 0x68, 0x5f, 0x62, 0x6f, 0x6e, 0x65,
  0x5f, 0x69, 0x6e, 0x64, 0x69, 0x63, 0x65, 0x73, 0x2e, 0x7a, 0x5d, 0x2e,
  0x74, 0x72, 0x61, 0x6e, 0x73, 0x66, 0x6f, 0x72, 0x6d, 0x5b, 0x30, 0x5d,
  0x2e, 0x78, 0x20, 0x2a, 0x20, 0x28, 0x2a, 0x73, 0x70, 0x76, 0x44, 0x65,
  0x73, 0x63, 0x72, 0x69, 0x70, 0x74, 0x6f, 0x72, 0x53, 0x65, 0x74, 0x31,
  0x2e, 0x62, 0x6f, 0x6e, 0x65, 0x73, 0x55, 0x6e, 0x69, 0x66, 0x6f, 0x72,
  0x6d, 0x73, 0x29, 0x2e, 0x62, 0x6f, 0x6e, 0x65, 0x73, 0x5b, 0x69, 0x6e,
  0x2e, 0x6d, 0x65, 0x73, 0x68, 0x5f, 0x62, 0x6f, 0x6e, 0x65, 0x5f, 0x69,
  0x6e, 0x64, 0x69, 0x63, 0x65, 0x73, 0x2e, 0x7a, 0x5d, 0x2e, 0x74, 0x72,
  0x61, 0x6e, 0x73, 0x66, 0x6f, 0x72, 0x6d, 0x5b, 0x32, 0x5d, 0x2e, 0x7a,
  0x29, 0x20, 0x2d, 0x20, 0x28, 0x28, 0x2a, 0x73, 0x70, 0x76, 0x44, 0x65,
  0x73, 0x63, 0x72, 0x69, 0x70, 0x74, 0x6f, 0x72, 0x53, 0x65, 0x74, 0x31,
  0x2e, 0x62, 0x6f, 0x6e, 0x65, 0x73, 0x55, 0x6e, 0x69, 0x66, 0x6f, 0x72,
  0x6d, 0x73, 0x29, 0x2e, 0x62, 0x6f, 0x6e, 0x65, 0x73, 0x5b, 0x69, 0x6e,
  0x2e, 0x6d, 0x65, 0x73, 0x68, 0x5f, 0x62, 0x6f, 0x6e, 0x65, 0x5f, 0x69,
  0x6e, 0x64, 0x69, 0x63, 0x65, 0x73, 0x2e, 0x7a, 0x5d, 0x2e, 0x74, 0x72,
  0x61, 0x6e, 0x73, 0x66, 0x6f, 0x72, 0x6d, 0x5b, 0x30, 0x5d, 0x2e, 0x7a,
  0x20, 0x2a, 0x20, 0x28, 0x2a, 0x73, 0x70, 0x76, 0x44, 0x65, 0x73, 0x63,
  0x72, 0x69, 0x70, 0x74, 0x6f, 0x72, 0x53, 0x65, 0x74, 0x31, 0x2e, 0x62,
  0x6f, 0x6e, 0x65, 0x73, 0x55, 0x6e, 0x69, 0x66, 0x6f, 0x72, 0x6d, 0x73,
  0x29, 0x2e, 0x62, 0x6f, 0x6e, 0x65, 0x73, 0x5b, 0x69, 0x6e, 0x2e, 0x6d,
  0x65, 0x73, 0x68, 0x5f, 0x62, 0x6f, 0x6e, 0x65, 0x5f, 0x69, 0x6e, 0x64,
  0x69, 0x63, 0x65, 0x73, 0x2e, 0x7a, 0x5d, 0x2e, 0x74, 0x72, 0x61, 0x6e,
  0x73, 0x66, 0x6f, 0x72, 0x6d, 0x5b, 0x32, 0x5d, 0x2e, 0x78, 0x29, 0x2c,
  0x20, 0x28, 0x28, 0x2a, 0x73, 0x70, 0x76, 0x44, 0x65, 0x73, 0x63, 0x72,
  0x69, 0x70, 0x74, 0x6f, 0x72, 0x53, 0x65, 0x74, 0x31, 0x2e, 0x62, 0x6f,
  0x6e, 0x65, 0x73, 0x55, 0x6e, 0x69, 0x66, 0x6f, 0x72, 0x6d, 0x73, 0x29,
  0x2e, 0x62, 0x6f, 0x6e, 0x65, 0x73, 0x5b, 0x69, 0x6e, 0x2e, 0x6d, 0x65,
  0x73, 0x68, 0x5f, 0x62, 0x6f, 0x6e, 0x65, 0x5f, 0x69, 0x6e, 0x64, 0x69,
  0x63, 0x65, 0x73, 0x2e, 0x7a, 0x5d, 0x2e, 0x74, 0x72, 0x61, 0x6e, 0x73,
  0x66, 0x6f, 0x72, 0x6d, 0x5b, 0x30, 0x5d, 0x2e, 0x7a, 0x20, 0x2a, 0x20,
  0x28, 0x2a, 0x73, 0x70, 0x76, 0x44, 0x65, 0x73, 0x63, 0x72, 0x69, 0x70,
  0x74, 0x6f, 0x72, 0x53, 0x65, 0x74, 0x31, 0x2e, 0x62, 0x6f, 0x6e, 0x65,
  0x73, 0x55, 0x6e, 0x69, 0x66, 0x6f, 0x72, 0x6d, 0x73, 0x29, 0x2e, 0x62,
  0x6f, 0x6e, 0x65, 0x73, 0x5b, 0x69, 0x6e, 0x2e, 0x6d, 0x65, 0x73, 0x68,
  0x5f, 0x62, 0x6f, 0x6e, 0x65, 0x5f, 0x69, 0x6e, 0x64, 0x69, 0x63, 0x65,
  0x73, 0x2e, 0x7a, 0x5d, 0x2e, 0x74, 0x72, 0x61, 0x6e, 0x73, 0x66, 0x6f,
  0x72, 0x6d, 0x5b, 0x31, 0x5d, 0x2e, 0x78, 0x29, 0x20, 0x2d, 0x20, 0x28,
  0x28, 0x2a, 0x73, 0x70, 0x76, 0x44, 0x65, 0x73, 0x63, 0x72, 0x69, 0x70,
  0x74, 0x6f, 0x72, 0x53, 0x65, 0x74, 0x31, 0x2e, 0x62, 0x6f, 0x6e, 0x65,
  0x73, 0x55, 0x6e, 0x69, 0x66, 0x6f, 0x72, 0x6d, 0x73, 0x29, 0x2e, 0x62,
  0x6f, 0x6e, 0x65, 0x73, 0x5b, 0x69, 0x6e, 0x2e, 0x6d, 0x65, 0x73, 0x68,
  0x5f, 0x62, 0x6f, 0x6e, 0x65, 0x5f, 0x69, 0x6e, 0x64, 0x69, 0x63, 0x65,
  0x73, 0x2e, 0x7a, 0x5d, 0x2e, 0x74, 0x72, 0x61, 0x6e, 0x73, 0x66, 0x6f,
  0x72, 0x6d, 0x5b, 0x30, 0x5d, 0x2e, 0x78, 0x20, 0x2a, 0x20, 0x28, 0x2a,
  0x73, 0x70, 0x76, 0x44, 0x65, 0x73, 0x63, 0x72, 0x69, 0x70, 0x74, 0x6f,
  0x72, 0x53, 0x65, 0x74, 0x31, 0x2e, 0x62, 0x6f, 0x6e, 0x65, 0x73, 0x55,
  0x6e, 0x69, 0x66, 0x6f, 0x72, 0x6d, 0x73, 0x29, 0x2e, 0x62, 0x6f, 0x6e,
  0x65, 0x73, 0x5b, 0x69, 0x6e, 0x2e, 0x6d, 0x65, 0x73, 0x68, 0x5f, 0x62,
  0x6f, 0x6e, 0x65, 0x5f, 0x69, 0x6e, 0x64, 0x69, 0x63, 0x65, 0x73, 0x2e,
  0x7a, 0x5d, 0x2e, 0x74, 0x72, 0x61, 0x6e, 0x73, 0x66, 0x6f, 0x72, 0x6d,
  0x5b, 0x31, 0x5d, 0x2e, 0x7a, 0x29, 0x29, 0x2c, 0x20, 0x66, 0x6c, 0x6f,
  0x61, 0x74, 0x33, 0x28, 0x28, 0x28, 0x2a, 0x73, 0x70, 0x76, 0x44, 0x65,
  0x73, 0x63, 0x72, 0x69, 0x70, 0x74, 0x6f, 0x72, 0x53, 0x65, 0x74, 0x31,
  0x2e, 0x62, 0x6f, 0x6e, 0x65, 0x73, 0x55, 0x6e, 0x69, 0x66, 0x6f, 0x72,
  0x6d, 0x73, 0x29, 0x2e, 0x62, 0x6f, 0x6e, 0x65, 0x73, 0x5b, 0x69, 0x6e,
  0x2e, 0x6d, 0x65, 0x73, 0x68, 0x5f, 0x62, 0x6f, 0x6e, 0x65, 0x5f, 0x69,
  0x6e, 0x64, 0x69, 0x63, 0x65, 0x73, 0x2e, 0x7a, 0x5d, 0x2e, 0x74, 0x72,
  0x61, 0x6e, 0x73, 0x66, 0x6f, 0x72, 0x6d, 0x5b, 0x31, 0x5d, 0x2e, 0x78,
  0x20, 0x2a, 0x20, 0x28, 0x2a, 0x73, 0x70, 0x76, 0x44, 0x65, 0x73, 0x63,
  0x72, 0x69, 0x70, 0x74, 0x6f, 0x72, 0x53, 0x65, 0x74, 0x31, 0x2e, 0x62,
  0x6f, 0x6e, 0x65, 0x73, 0x55, 0x6e, 0x69, 0x66, 0x6f, 0x72, 0x6d, 0x73,
  0x29, 0x2e, 0x62, 0x6f, 0x6e, 0x65, 0x73, 0x5b, 0x69, 0x6e, 0x2e, 0x6d,
  0x65, 0x73, 0x68, 0x5f, 0x62, 0x6f, 0x6e, 0x65, 0x5f, 0x69, 0x6e, 0x64,
  0x69, 0x63, 0x65, 0x73, 0x2e, 0x7a, 0x5d, 0x2e, 0x74, 0x72, 0x61, 0x6e,
  0x73, 0x66, 0x6f, 0x72, 0x6d, 0x5b, 0x32, 0x5d, 0x2e, 0x79, 0x29, 0x20,
  0x2d, 0x20, 0x28, 0x28, 0x2a, 0x73, 0x70, 0x76, 0x44, 0x65, 0x73, 0x63,
  0x72, 0x69, 0x70, 0x74, 0x6f, 0x72, 0x53, 0x65, 0x74, 0x31, 0x2e, 0x62,
  0x6f, 0x6e, 0x65, 0x73, 0x55, 0x6e, 0x69, 0x66, 0x6f, 0x72, 0x6d, 0x73,
  0x29, 0x2e, 0x62, 0x6f, 0x6e, 0x65, 0x73, 0x5b, 0x69, 0x6e, 0x2e, 0x6d,
  0x65, 0x73, 0x68, 0x5f, 0x62, 0x6f, 0x6e, 0x65, 0x5f, 0x69, 0x6e, 0x64,
  0x69, 0x63, 0x65, 0x73, 0x2e, 0x7a, 0x5d, 0x2e, 0x74, 0x72, 0x61, 0x6e,
  0x73, 0x66, 0x6f, 0x72, 0x6d, 0x5b, 0x31, 0x5d, 0x2e, 0x79, 0x20, 0x2a,
  0x20, 0x28, 0x2a, 0x73, 0x70, 0x76, 0x44, 0x65, 0x73, 0x63, 0x72, 0x69,
  0x70, 0x74, 0x6f, 0x72, 0x53, 0x65, 0x74, 0x31, 0x2e, 0x62, 0x6f, 0x6e,
  0x65, 0x73, 0x55, 0x6e, 0x69, 0x66, 0x6f, 0x72, 0x6d, 0x73, 0x29, 0x2e,
  0x62, 0x6f, 0x6e, 0x65, 0x73, 0x5b, 0x69, 0x6e, 0x2e, 0x6d, 0x65, 0x73,
  0x68, 0x5f, 0x62, 0x6f, 0x6e, 0x65, 0x5f, 0x69, 0x6e, 0x64, 0x69, 0x63,
  0x65, 0x73, 0x2e, 0x7a, 0x5d, 0x2e, 0x74, 0x72, 0x61, 0x6e, 0x73, 0x66,
  0x6f, 0x72, 0x6d, 0x5b, 0x32, 0x5d, 0x2e, 0x78, 0x29, 0x2c, 0x20, 0x28,
  0x28, 0x2a, 0x73, 0x70, 0x76, 0x44, 0x65, 0x73, 0x63, 0x72, 0x69, 0x70,
  0x74, 0x6f, 0x72, 0x53, 0x65, 0x74, 0x31, 0x2e, 0x62, 0x6f, 0x6e, 0x65,
  0x73, 0x55, 0x6e, 0x69, 0x66, 0x6f, 0x72, 0x6d, 0x73, 0x29, 0x2e, 0x62,
  0x6f, 0x6e, 0x65, 0x73, 0x5b, 0x69, 0x6e, 0x2e, 0x6d, 0x65, 0x73, 0x68,
  0x5f, 0x62, 0x6f, 0x6e, 0x65, 0x5f, 0x69, 0x6e, 0x64, 0x69, 0x63, 0x65,
  0x73, 0x2e, 0x7a, 0x5d, 0x2e, 0x74, 0x72, 0x61, 0x6e, 0x73, 0x66, 0x6f,
  0x72, 0x6d, 0x5b, 0x30, 0x5d, 0x2e, 0x79, 0x20, 0x2a, 0x20, 0x28, 0x2a,
  0x73, 0x70, 0x76, 0x44, 0x65, 0x73, 0x63, 0x72, 0x69, 0x70, 0x74, 0x6f,
  0x72, 0x53, 0x65, 0x74, 0x31, 0x2e, 0x62, 0x6f, 0x6e, 0x65, 0x73, 0x55,
  0x6e, 0x69, 0x66, 0x6f, 0x72, 0x6d, 0x73, 0x29, 0x2e, 0x62, 0x6f, 0x6e,
  0x65, 0x73, 0x5b, 0x69, 0x6e, 0x2e, 0x6d, 0x65, 0x73, 0x68, 0x5f, 0x62,
  0x6f, 0x6e, 0x65, 0x5f, 0x69, 0x6e, 0x64, 0x69, 0x63, 0x65, 0x73, 0x2e,
  0x7a, 0x5d, 0x2e, 0x74, 0x72, 0x61, 0x6e, 0x73, 0x66, 0x6f, 0x72, 0x6d,
  0x5b, 0x32, 0x5d, 0x2e, 0x78, 0x29, 0x20, 0x2d, 0x20, 0x28, 0x28, 0x2a,
  0x73, 0x70, 0x76, 0x44, 0x65, 0x73, 0x63, 0x72, 0x69, 0x70, 0x74, 0x6f,
  0x72, 0x53, 0x65, 0x74, 0x31, 0x2e, 0x62, 0x6f, 0x6e, 0x65, 0x73, 0x55,
  0x6e, 0x69, 0x66, 0x6f, 0x72, 0x6d, 0x73, 0x29, 0x2e, 0x62, 0x6f, 0x6e,
  0x65, 0x73, 0x5b, 0x69, 0x6e, 0x2e, 0x6d, 0x65, 0x73, 0x68, 0x5f, 0x62,
  0x6f, 0x6e, 0x65, 0x5f, 0x69, 0x6e, 0x64, 0x69, 0x63, 0x65, 0x73, 0x2e,
  0x7a, 0x5d, 0x2e, 0x74, 0x72, 0x61, 0x6e, 0x73, 0x66, 0x6f, 0x72, 0x6d,
  0x5b, 0x30, 0x5d, 0x2e, 0x78, 0x20, 0x2a, 0x20, 0x28, 0x2a, 0x73, 0x70,
  0x76, 0x44, 0x65, 0x73, 0x63, 0x72, 0x69, 0x70, 0x74, 0x6f, 0x72, 0x53,
  0x65, 0x74, 0x31, 0x2e, 0x62, 0x6f, 0x6e, 0x65, 0x73, 0x55, 0x6e, 0x69,
  0x66, 0x6f, 0x72, 0x6d, 0x73, 0x29, 0x2e, 0x62, 0x6f, 0x6e, 0x65, 0x73,
  0x5b, 0x69, 0x6e, 0x2e, 0x6d, 0x65, 0x73, 0x68, 0x5f, 0x62, 0x6f, 0x6e,
  0x65, 0x5f, 0x69, 0x6e, 0x64, 0x69, 0x63, 0x65, 0x73, 0x2e, 0x7a, 0x5d,
  0x2e, 0x74, 0x72, 0x61, 0x6e, 0x73, 0x66, 0x6f, 0x72, 0x6d, 0x5b, 0x32,
  0x5d, 0x2e, 0x79, 0x29, 0x2c, 0x20, 0x28, 0x28, 0x2a, 0x73, 0x70, 0x76,
  0x44, 0x65, 0x73, 0x63, 0x72, 0x69, 0x70, 0x74, 0x6f, 0x72, 0x53, 0x65,
  0x74, 0x31, 0x2e, 0x62, 0x6f, 0x6e, 0x65, 0x73, 0x55, 0x6e, 0x69, 0x66,
  0x6f, 0x72, 0x6d, 0x73, 0x29, 0x2e, 0x62, 0x6f, 0x6e, 0x65, 0x73, 0x5b,
  0x69, 0x6e, 0x2e, 0x6d, 0x65, 0x73, 0x68, 0x5f, 0x62, 0x6f, 0x6e, 0x65,
  0x5f, 0x69, 0x6e, 0x64, 0x69, 0x63, 0x65, 0x73, 0x2e, 0x7a, 0x5d, 0x2e,
  0x74, 0x72, 0x61, 0x6e, 0x73, 0x66, 0x6f, 0x72, 0x6d, 0x5b, 0x30, 0x5d,
  0x2e, 0x78, 0x20, 0x2a, 0x20, 0x28, 0x2a, 0x73, 0x70, 0x76, 0x44, 0x65,
  0x73, 0x63, 0x72, 0x69, 0x70, 0x74, 0x6f, 0x72, 0x53, 0x65, 0x74, 0x31,
  0x2e, 0x62, 0x6f, 0x6e, 0x65, 0x73, 0x55, 0x6e, 0x69, 0x66, 0x6f, 0x72,
  0x6d, 0x73, 0x29, 0x2e, 0x62, 0x6f, 0x6e, 0x65, 0x73, 0x5b, 0x69, 0x6e,
  0x2e, 0x6d, 0x65, 0x73, 0x68, 0x5f, 0x62, 0x6f, 0x6e, 0x65, 0x5f, 0x69,
  0x6e, 0x64, 0x69, 0x63, 0x65, 0x73, 0x2e, 0x7a, 0x5d, 0x2e, 0x74, 0x72,
  0x61, 0x6e, 0x73, 0x66, 0x6f, 0x72, 0x6d, 0x5b, 0x31, 0x5d, 0x2e, 0x79,
  0x29, 0x20, 0x2d, 0x20, 0x28, 0x28, 0x2a, 0x73, 0x70, 0x76, 0x44, 0x65,
  0x73, 0x63, 0x72, 0x69, 0x70, 0x74, 0x6f, 0x72, 0x53, 0x65, 0x74, 0x31,
  0x2e, 0x62, 0x6f, 0x6e, 0x65, 0x73, 0x55, 0x6e, 0x69, 0x66, 0x6f, 0x72,
  0x6d, 0x73, 0x29, 0x2e, 0x62, 0x6f, 0x6e, 0x65, 0x73, 0x5b, 0x69, 0x6e,
  0x2e, 0x6d, 0x65, 0x73, 0x68, 0x5f, 0x62, 0x6f, 0x6e, 0x65, 0x5f, 0x69,
  0x6e, 0x64, 0x69, 0x63, 0x65, 0x73, 0x2e, 0x7a, 0x5d, 0x2e, 0x74, 0x72,
  0x61, 0x6e, 0x73, 0x66, 0x6f, 0x72, 0x6d, 0x5b, 0x30, 0x5d, 0x2e, 0x79,
  0x20, 0x2a, 0x20, 0x28, 0x2a, 0x73, 0x70, 0x76, 0x44, 0x65, 0x73, 0x63,
  0x72, 0x69, 0x70, 0x74, 0x6f, 0x72, 0x53, 0x65, 0x74, 0x31, 0x2e, 0x62,
  0x6f, 0x6e, 0x65, 0x73, 0x55, 0x6e, 0x69, 0x66, 0x6f, 0x72, 0x6d, 0x73,
  0x29, 0x2e, 0x62, 0x6f, 0x6e, 0x65, 0x73, 0x5b, 0x69, 0x6e, 0x2e, 0x6d,
  0x65, 0x73, 0x68, 0x5f, 0x62, 0x6f, 0x6e, 0x65, 0x5f, 0x69, 0x6e, 0x64,
  0x69, 0x63, 0x65, 0x73, 0x2e, 0x7a, 0x5d, 0x2e, 0x74, 0x72, 0x61, 0x6e,
  0x73, 0x66, 0x6f, 0x72, 0x6d, 0x5b, 0x31, 0x5d, 0x2e, 0x78, 0x29, 0x29,
  0x29, 0x20, 0x2a, 0x20, 0x00, 0x29, 0x20, 0x2a, 0x20, 0x69, 0x6e, 0x2e,
  0x6d, 0x65, 0x73, 0x68, 0x5f, 0x62, 0x6f, 0x6e, 0x65, 0x5f, 0x77, 0x65,
  0x69, 0x67, 0x68, 0x74, 0x73, 0x2e, 0x7a, 0x29, 0x3b, 0x0a, 0x00, 0x5d,
  0x2e, 0x74, 0x72, 0x61, 0x6e, 0x73, 0x66, 0x6f, 0x72, 0x6d, 0x5b, 0x30,
  0x5d, 0x2e, 0x7a, 0x20, 0x2a, 0x20, 0x28, 0x2a, 0x73, 0x70, 0x76, 0x44,
  0x65, 0x73, 0x63, 0x72, 0x69, 0x70, 0x74, 0x6f, 0x72, 0x53, 0x65, 0x74,
  0x31, 0x2e, 0x62, 0x6f, 0x6e, 0x65, 0x73, 0x55, 0x6e, 0x69, 0x66, 0x6f,
  0x72, 0x6d, 0x73, 0x29, 0x2e, 0x62, 0x6f, 0x6e, 0x65, 0x73, 0x5b, 0x00,
  0x5d, 0x2e, 0x74, 0x72, 0x61, 0x6e, 0x73, 0x66, 0x6f, 0x72, 0x6d, 0x5b,
  0x32, 0x5d, 0x2e, 0x78, 0x29, 0x2c, 0x20, 0x28, 0x28, 0x2a, 0x73, 0x70,
  0x76, 0x44, 0x65, 0x73, 0x63, 0x72, 0x69, 0x70, 0x74, 0x6f, 0x72, 0x53,
  0x65, 0x74, 0x31, 0x2e, 0x62, 0x6f, 0x6e, 0x65, 0x73, 0x55, 0x6e, 0x69,
  0x66, 0x6f, 0x72, 0x6d, 0x73, 0x29, 0x2e, 0x62, 0x6f, 0x6e, 0x65, 0x73,
  0x5b, 0x00, 0x5d, 0x2e, 0x74, 0x72, 0x61, 0x6e, 0x73, 0x66, 0x6f, 0x72,
  0x6d, 0x5b, 0x30, 0x5d, 0x2e, 0x79, 0x20, 0x2a, 0x20, 0x28, 0x2a, 0x73,
  0x70, 0x76, 0x44, 0x65, 0x73, 0x63, 0x72, 0x69, 0x70, 0x74, 0x6f, 0x72,
  0x53, 0x65, 0x74, 0x31, 0x2e, 0x62, 0x6f, 0x6e, 0x65, 0x73, 0x55, 0x6e,
  0x69, 0x66, 0x6f, 0x72, 0x6d, 0x73, 0x29, 0x2e, 0x62, 0x6f, 0x6e, 0x65,
  0x73, 0x5b, 0x00, 0x20, 0x3d, 0x20, 0x28, 0x6f, 0x62, 0x6a, 0x65, 0x63,
  0x74, 0x55, 0x6e, 0x69, 0x66, 0x6f, 0x72, 0x6d, 0x73, 0x2e, 0x64, 0x61,
  0x74, 0x61, 0x5b, 0x00, 0x76, 0x65, 0x72, 0x74, 0x65, 0x78, 0x20, 0x6d,
  0x61, 0x69, 0x6e, 0x30, 0x5f, 0x6f, 0x75, 0x74, 0x20, 0x6d, 0x61, 0x69,
  0x6e, 0x30, 0x28, 0x6d, 0x61, 0x69, 0x6e, 0x30, 0x5f, 0x69, 0x6e, 0x20,
  0x69, 0x6e, 0x20, 0x5b, 0x5b, 0x73, 0x74, 0x61, 0x67, 0x65, 0x5f, 0x69,
  0x6e, 0x5d, 0x5d, 0x2c, 0x20, 0x63, 0x6f, 0x6e, 0x73, 0x74, 0x61, 0x6e,
  0x74, 0x20, 0x73, 0x70, 0x76, 0x44, 0x65, 0x73, 0x63, 0x72, 0x69, 0x70,
  0x74, 0x6f, 0x72, 0x53, 0x65, 0x74, 0x42, 0x75, 0x66, 0x66, 0x65, 0x72,
  0x30, 0x26, 0x20, 0x73, 0x70, 0x76, 0x44, 0x65, 0x73, 0x63, 0x72, 0x69,
  0x70, 0x74, 0x6f, 0x72, 0x53, 0x65, 0x74, 0x30, 0x20, 0x5b, 0x5b, 0x62,
  0x75, 0x66, 0x66, 0x65, 0x72, 0x28, 0x32, 0x31, 0x29, 0x5d, 0x5d, 0x2c,
  0x20, 0x63, 0x6f, 0x6e, 0x73, 0x74, 0x61, 0x6e, 0x74, 0x20, 0x73, 0x70,
  0x76, 0x44, 0x65, 0x73, 0x63, 0x72, 0x69, 0x70, 0x74, 0x6f, 0x72, 0x53,
  0x65, 0x74, 0x42, 0x75, 0x66, 0x66, 0x65, 0x72, 0x31, 0x26, 0x20, 0x73,
  0x70, 0x76, 0x44, 0x65, 0x73, 0x63, 0x72, 0x69, 0x70, 0x74, 0x6f, 0x72,
  0x53, 0x65, 0x74, 0x31, 0x20, 0x5b, 0x5b, 0x62, 0x75, 0x66, 0x66, 0x65,
  0x72, 0x28, 0x32, 0x32, 0x29, 0x5d, 0x5d, 0x2c, 0x20, 0x63, 0x6f, 0x6e,
  0x73, 0x74, 0x61, 0x6e, 0x74, 0x20, 0x75, 0x69, 0x6e, 0x74, 0x2a, 0x20,
  0x73, 0x70, 0x76, 0x44, 0x79, 0x6e, 0x61, 0x6d, 0x69, 0x63, 0x4f, 0x66,
  0x66, 0x73, 0x65, 0x74, 0x73, 0x20, 0x5b, 0x5b, 0x62, 0x75, 0x66, 0x66,
  0x65, 0x72, 0x28, 0x32, 0x35, 0x29, 0x5d, 0x5d, 0x2c, 0x20, 0x75, 0x69,
  0x6e, 0x74, 0x20, 0x67, 0x6c, 0x5f, 0x49, 0x6e, 0x73, 0x74, 0x61, 0x6e,
  0x63, 0x65, 0x49, 0x6e, 0x64, 0x65, 0x78, 0x20, 0x5b, 0x5b, 0x69, 0x6e,
  0x73, 0x74, 0x61, 0x6e, 0x63, 0x65, 0x5f, 0x69, 0x64, 0x5d, 0x5d, 0x29,
  0x0a, 0x00, 0x63, 0x6f, 0x6e, 0x73, 0x74, 0x61, 0x6e, 0x74, 0x20, 0x69,
  0x6e, 0x74, 0x20, 0x43, 0x4f, 0x4e, 0x46, 0x49, 0x47, 0x5f, 0x53, 0x54,
  0x45, 0x52, 0x45, 0x4f, 0x5f, 0x45, 0x59, 0x45, 0x5f, 0x43, 0x4f, 0x55,
  0x4e, 0x54, 0x5f, 0x74, 0x6d, 0x70, 0x20, 0x5b, 0x5b, 0x66, 0x75, 0x6e,
  0x63, 0x74, 0x69, 0x6f, 0x6e, 0x5f, 0x63, 0x6f, 0x6e, 0x73, 0x74, 0x61,
  0x6e, 0x74, 0x28, 0x38, 0x29, 0x5d, 0x5d, 0x3b, 0x0a, 0x00, 0x63, 0x6f,
  0x6e, 0x73, 0x74, 0x61, 0x6e, 0x74, 0x20, 0x69, 0x6e, 0x74, 0x20, 0x43,
  0x4f, 0x4e, 0x46, 0x49, 0x47, 0x5f, 0x53, 0x54, 0x45, 0x52, 0x45, 0x4f,
  0x5f, 0x45, 0x59, 0x45, 0x5f, 0x43, 0x4f, 0x55, 0x4e, 0x54, 0x20, 0x3d,
  0x20, 0x69, 0x73, 0x5f, 0x66, 0x75, 0x6e, 0x63, 0x74, 0x69, 0x6f, 0x6e,
  0x5f, 0x63, 0x6f, 0x6e, 0x73, 0x74, 0x61, 0x6e, 0x74, 0x5f, 0x64, 0x65,
  0x66, 0x69, 0x6e, 0x65, 0x64, 0x28, 0x43, 0x4f, 0x4e, 0x46, 0x49, 0x47,
  0x5f, 0x53, 0x54, 0x45, 0x52, 0x45, 0x4f, 0x5f, 0x45, 0x59, 0x45, 0x5f,
  0x43, 0x4f, 0x55, 0x4e, 0x54, 0x5f, 0x74, 0x6d, 0x70, 0x29, 0x20, 0x3f,
  0x20, 0x43, 0x4f, 0x4e, 0x46, 0x49, 0x47, 0x5f, 0x53, 0x54, 0x45, 0x52,
  0x45, 0x4f, 0x5f, 0x45, 0x59, 0x45, 0x5f, 0x43, 0x4f, 0x55, 0x4e, 0x54,
  0x5f, 0x74, 0x6d, 0x70, 0x20, 0x3a, 0x20, 0x32, 0x3b, 0x0a, 0x00, 0x20,
  0x20, 0x20, 0x20, 0x66, 0x6c, 0x6f, 0x61, 0x74, 0x20, 0x67, 0x6c, 0x5f,
  0x43, 0x6c, 0x69, 0x70, 0x44, 0x69, 0x73, 0x74, 0x61, 0x6e, 0x63, 0x65,
  0x20, 0x5b, 0x5b, 0x63, 0x6c, 0x69, 0x70, 0x5f, 0x64, 0x69, 0x73, 0x74,
  0x61, 0x6e, 0x63, 0x65, 0x5d, 0x5d, 0x20, 0x5b, 0x32, 0x5d, 0x3b, 0x0a,
  0x00, 0x20, 0x20, 0x20, 0x20, 0x66, 0x6c, 0x6f, 0x61, 0x74, 0x20, 0x67,
  0x6c, 0x5f, 0x43, 0x6c, 0x69, 0x70, 0x44, 0x69, 0x73, 0x74, 0x61, 0x6e,
  0x63, 0x65, 0x5f, 0x30, 0x20, 0x5b, 0x5b, 0x75, 0x73, 0x65, 0x72, 0x28,
  0x63, 0x6c, 0x69, 0x70, 0x30, 0x29, 0x5d, 0x5d, 0x3b, 0x0a, 0x00, 0x20,
  0x20, 0x20, 0x20, 0x66, 0x6c, 0x6f, 0x61, 0x74, 0x20, 0x67, 0x6c, 0x5f,
  0x43, 0x6c, 0x69, 0x70, 0x44, 0x69, 0x73, 0x74, 0x61, 0x6e, 0x63, 0x65,
  0x5f, 0x31, 0x20, 0x5b, 0x5b, 0x75, 0x73, 0x65, 0x72, 0x28, 0x63, 0x6c,
  0x69, 0x70, 0x31, 0x29, 0x5d, 0x5d, 0x3b, 0x0a, 0x00, 0x20, 0x3d, 0x20,
  0x6f, 0x75, 0x74, 0x2e, 0x69, 0x6e, 0x73, 0x74, 0x61, 0x6e, 0x63, 0x65,
  0x5f, 0x69, 0x6e, 0x64, 0x65, 0x78, 0x20, 0x2f, 0x20, 0x43, 0x4f, 0x4e,
  0x46, 0x49, 0x47, 0x5f, 0x53, 0x54, 0x45, 0x52, 0x45, 0x4f, 0x5f, 0x45,
  0x59, 0x45, 0x5f, 0x43, 0x4f, 0x55, 0x4e, 0x54, 0x3b, 0x0a, 0x00, 0x20,
  0x3d, 0x20, 0x73, 0x70, 0x76, 0x53, 0x4d, 0x6f, 0x64, 0x28, 0x6f, 0x75,
  0x74, 0x2e, 0x69, 0x6e, 0x73, 0x74, 0x61, 0x6e, 0x63, 0x65, 0x5f, 0x69,
  0x6e, 0x64, 0x65, 0x78, 0x2c, 0x20, 0x43, 0x4f, 0x4e, 0x46, 0x49, 0x47,
  0x5f, 0x53, 0x54, 0x45, 0x52, 0x45, 0x4f, 0x5f, 0x45, 0x59, 0x45, 0x5f,
  0x43, 0x4f, 0x55, 0x4e, 0x54, 0x29, 0x3b, 0x0a, 0x00, 0x20, 0x3d, 0x20,
  0x66, 0x6c, 0x6f, 0x61, 0x74, 0x28, 0x43, 0x4f, 0x4e, 0x46, 0x49, 0x47,
  0x5f, 0x53, 0x54, 0x45, 0x52, 0x45, 0x4f, 0x5f, 0x45, 0x59, 0x45, 0x5f,
  0x43, 0x4f, 0x55, 0x4e, 0x54, 0x29, 0x3b, 0x0a, 0x00, 0x20, 0x3d, 0x20,
  0x32, 0x2e, 0x30, 0x20, 0x2f, 0x20, 0x00, 0x20, 0x3d, 0x20, 0x31, 0x2e,
  0x30, 0x20, 0x2f, 0x20, 0x00, 0x2e, 0x77, 0x3b, 0x0a, 0x00, 0x29, 0x20,
  0x2b, 0x20, 0x28, 0x28, 0x28, 0x28, 0x2d, 0x31, 0x2e, 0x30, 0x29, 0x20,
  0x2b, 0x20, 0x00, 0x20, 0x20, 0x20, 0x20, 0x6f, 0x75, 0x74, 0x2e, 0x67,
  0x6c, 0x5f, 0x43, 0x6c, 0x69, 0x70, 0x44, 0x69, 0x73, 0x74, 0x61, 0x6e,
  0x63, 0x65, 0x5b, 0x30, 0x5d, 0x20, 0x3d, 0x20, 0x00, 0x20, 0x2b, 0x20,
  0x28, 0x28, 0x31, 0x2e, 0x30, 0x20, 0x2d, 0x20, 0x00, 0x20, 0x20, 0x20,
  0x20, 0x6f, 0x75, 0x74, 0x2e, 0x67, 0x6c, 0x5f, 0x43, 0x6c, 0x69, 0x70,
  0x44, 0x69, 0x73, 0x74, 0x61, 0x6e, 0x63, 0x65, 0x5b, 0x31, 0x5d, 0x20,
  0x3d, 0x20, 0x2d, 0x28, 0x00, 0x20, 0x2b, 0x20, 0x28, 0x28, 0x31, 0x2e,
  0x30, 0x20, 0x2d, 0x20, 0x28, 0x00, 0x20, 0x2b, 0x20, 0x31, 0x29, 0x29,
  0x29, 0x20, 0x2a, 0x20, 0x00, 0x20, 0x20, 0x20, 0x20, 0x6f, 0x75, 0x74,
  0x2e, 0x69, 0x6e, 0x73, 0x74, 0x61, 0x6e, 0x63, 0x65, 0x5f, 0x69, 0x6e,
  0x64, 0x65, 0x78, 0x20, 0x3d, 0x20, 0x00, 0x20, 0x20, 0x20, 0x20, 0x6f,
  0x75, 0x74, 0x2e, 0x67, 0x6c, 0x5f, 0x43, 0x6c, 0x69, 0x70, 0x44, 0x69,
  0x73, 0x74, 0x61, 0x6e, 0x63, 0x65, 0x5f, 0x30, 0x20, 0x3d, 0x20, 0x6f,
  0x75, 0x74, 0x2e, 0x67, 0x6c, 0x5f, 0x43, 0x6c, 0x69, 0x70, 0x44, 0x69,
  0x73, 0x74, 0x61, 0x6e, 0x63, 0x65, 0x5b, 0x30, 0x5d, 0x3b, 0x0a, 0x00,
  0x20, 0x20, 0x20, 0x20, 0x6f, 0x75, 0x74, 0x2e, 0x67, 0x6c, 0x5f, 0x43,
  0x6c, 0x69, 0x70, 0x44, 0x69, 0x73, 0x74, 0x61, 0x6e, 0x63, 0x65, 0x5f,
  0x31, 0x20, 0x3d, 0x20, 0x6f, 0x75, 0x74, 0x2e, 0x67, 0x6c, 0x5f, 0x43,
  0x6c, 0x69, 0x70, 0x44, 0x69, 0x73, 0x74, 0x61, 0x6e, 0x63, 0x65, 0x5b,
  0x31, 0x5d, 0x3b, 0x0a, 0x00, 0x73, 0x74, 0x72, 0x75, 0x63, 0x74, 0x20,
  0x42, 0x6f, 0x6e, 0x65, 0x44, 0x61, 0x74, 0x61, 0x0a, 0x00, 0x20, 0x20,
  0x20, 0x20, 0x66, 0x6c, 0x6f, 0x61, 0x74, 0x33, 0x78, 0x34, 0x20, 0x74,
  0x72, 0x61, 0x6e, 0x73, 0x66, 0x6f, 0x72, 0x6d, 0x3b, 0x0a, 0x00, 0x20,
  0x20, 0x20, 0x20, 0x70, 0x61, 0x63, 0x6b, 0x65, 0x64, 0x5f, 0x66, 0x6c,
  0x6f, 0x61, 0x74, 0x33, 0x20, 0x63, 0x6f, 0x66, 0x30, 0x3b, 0x0a, 0x00,
  0x20, 0x20, 0x20, 0x20, 0x66, 0x6c, 0x6f, 0x61, 0x74, 0x20, 0x63, 0x6f,
  0x66, 0x31, 0x78, 0x3b, 0x0a, 0x00, 0x73, 0x74, 0x72, 0x75, 0x63, 0x74,
  0x20, 0x42, 0x6f, 0x6e, 0x65, 0x73, 0x55, 0x6e, 0x69, 0x66, 0x6f, 0x72,
  0x6d, 0x73, 0x0a, 0x00, 0x20, 0x20, 0x20, 0x20, 0x42, 0x6f, 0x6e, 0x65,
  0x44, 0x61, 0x74, 0x61, 0x20, 0x62, 0x6f, 0x6e, 0x65, 0x73, 0x5b, 0x32,
  0x35, 0x36, 0x5d, 0x3b, 0x0a, 0x00, 0x73, 0x74, 0x72, 0x75, 0x63, 0x74,
  0x20, 0x43, 0x6f, 0x6e, 0x73, 0x74, 0x61, 0x6e, 0x74, 0x73, 0x0a, 0x00,
  0x20, 0x20, 0x20, 0x20, 0x69, 0x6e, 0x74, 0x20, 0x6d, 0x6f, 0x72, 0x70,
  0x68, 0x69, 0x6e, 0x67, 0x42, 0x75, 0x66, 0x66, 0x65, 0x72, 0x4f, 0x66,
  0x66, 0x73, 0x65, 0x74, 0x3b, 0x0a, 0x00, 0x73, 0x74, 0x72, 0x75, 0x63,
  0x74, 0x20, 0x4d, 0x6f, 0x72, 0x70, 0x68, 0x69, 0x6e, 0x67, 0x55, 0x6e,
  0x69, 0x66, 0x6f, 0x72, 0x6d, 0x73, 0x0a, 0x00, 0x20, 0x20, 0x20, 0x20,
  0x66, 0x6c, 0x6f, 0x61, 0x74, 0x34, 0x20, 0x77, 0x65, 0x69, 0x67, 0x68,
  0x74, 0x73, 0x5b, 0x32, 0x35, 0x36, 0x5d, 0x3b, 0x0a, 0x00, 0x20, 0x20,
  0x20, 0x20, 0x75, 0x69, 0x6e, 0x74, 0x34, 0x20, 0x6d, 0x65, 0x73, 0x68,
  0x5f, 0x62, 0x6f, 0x6e, 0x65, 0x5f, 0x69, 0x6e, 0x64, 0x69, 0x63, 0x65,
  0x73, 0x20, 0x5b, 0x5b, 0x61, 0x74, 0x74, 0x72, 0x69, 0x62, 0x75, 0x74,
  0x65, 0x28, 0x35, 0x29, 0x5d, 0x5d, 0x3b, 0x0a, 0x00, 0x20, 0x20, 0x20,
  0x20, 0x66, 0x6c, 0x6f, 0x61, 0x74, 0x34, 0x20, 0x6d, 0x65, 0x73, 0x68,
  0x5f, 0x62, 0x6f, 0x6e, 0x65, 0x5f, 0x77, 0x65, 0x69, 0x67, 0x68, 0x74,
  0x73, 0x20, 0x5b, 0x5b, 0x61, 0x74, 0x74, 0x72, 0x69, 0x62, 0x75, 0x74,
  0x65, 0x28, 0x36, 0x29, 0x5d, 0x5d, 0x3b, 0x0a, 0x00, 0x76, 0x65, 0x72,
  0x74, 0x65, 0x78, 0x20, 0x6d, 0x61, 0x69, 0x6e, 0x30, 0x5f, 0x6f, 0x75,
  0x74, 0x20, 0x6d, 0x61, 0x69, 0x6e, 0x30, 0x28, 0x6d, 0x61, 0x69, 0x6e,
  0x30, 0x5f, 0x69, 0x6e, 0x20, 0x69, 0x6e, 0x20, 0x5b, 0x5b, 0x73, 0x74,
  0x61, 0x67, 0x65, 0x5f, 0x69, 0x6e, 0x5d, 0x5d, 0x2c, 0x20, 0x63, 0x6f,
  0x6e, 0x73, 0x74, 0x61, 0x6e, 0x74, 0x20, 0x73, 0x70, 0x76, 0x44, 0x65,
  0x73, 0x63, 0x72, 0x69, 0x70, 0x74, 0x6f, 0x72, 0x53, 0x65, 0x74, 0x42,
  0x75, 0x66, 0x66, 0x65, 0x72, 0x30, 0x26, 0x20, 0x73, 0x70, 0x76, 0x44,
  0x65, 0x73, 0x63, 0x72, 0x69, 0x70, 0x74, 0x6f, 0x72, 0x53, 0x65, 0x74,
  0x30, 0x20, 0x5b, 0x5b, 0x62, 0x75, 0x66, 0x66, 0x65, 0x72, 0x28, 0x32,
  0x31, 0x29, 0x5d, 0x5d, 0x2c, 0x20, 0x63, 0x6f, 0x6e, 0x73, 0x74, 0x61,
  0x6e, 0x74, 0x20, 0x73, 0x70, 0x76, 0x44, 0x65, 0x73, 0x63, 0x72, 0x69,
  0x70, 0x74, 0x6f, 0x72, 0x53, 0x65, 0x74, 0x42, 0x75, 0x66, 0x66, 0x65,
  0x72, 0x31, 0x26, 0x20, 0x73, 0x70, 0x76, 0x44, 0x65, 0x73, 0x63, 0x72,
  0x69, 0x70, 0x74, 0x6f, 0x72, 0x53, 0x65, 0x74, 0x31, 0x20, 0x5b, 0x5b,
  0x62, 0x75, 0x66, 0x66, 0x65, 0x72, 0x28, 0x32, 0x32, 0x29, 0x5d, 0x5d,
  0x2c, 0x20, 0x63, 0x6f, 0x6e, 0x73, 0x74, 0x61, 0x6e, 0x74, 0x20, 0x75,
  0x69, 0x6e, 0x74, 0x2a, 0x20, 0x73, 0x70, 0x76, 0x44, 0x79, 0x6e, 0x61,
  0x6d, 0x69, 0x63, 0x4f, 0x66, 0x66, 0x73, 0x65, 0x74, 0x73, 0x20, 0x5b,
  0x5b, 0x62, 0x75, 0x66, 0x66, 0x65, 0x72, 0x28, 0x32, 0x35, 0x29, 0x5d,
  0x5d, 0x2c, 0x20, 0x63, 0x6f, 0x6e, 0x73, 0x74, 0x61, 0x6e, 0x74, 0x20,
  0x43, 0x6f, 0x6e, 0x73, 0x74, 0x61, 0x6e, 0x74, 0x73, 0x26, 0x20, 0x70,
  0x75, 0x73, 0x68, 0x43, 0x6f, 0x6e, 0x73, 0x74, 0x61, 0x6e, 0x74, 0x73,
  0x20, 0x5b, 0x5b, 0x62, 0x75, 0x66, 0x66, 0x65, 0x72, 0x28, 0x32, 0x30,
  0x29, 0x5d, 0x5d, 0x2c, 0x20, 0x75, 0x69, 0x6e, 0x74, 0x20, 0x67, 0x6c,
  0x5f, 0x56, 0x65, 0x72, 0x74, 0x65, 0x78, 0x49, 0x6e, 0x64, 0x65, 0x78,
  0x20, 0x5b, 0x5b, 0x76, 0x65, 0x72, 0x74, 0x65, 0x78, 0x5f, 0x69, 0x64,
  0x5d, 0x5d, 0x2c, 0x20, 0x75, 0x69, 0x6e, 0x74, 0x20, 0x67, 0x6c, 0x5f,
  0x49, 0x6e, 0x73, 0x74, 0x61, 0x6e, 0x63, 0x65, 0x49, 0x6e, 0x64, 0x65,
  0x78, 0x20, 0x5b, 0x5b, 0x69, 0x6e, 0x73, 0x74, 0x61, 0x6e, 0x63, 0x65,
  0x5f, 0x69, 0x64, 0x5d, 0x5d, 0x29, 0x0a, 0x00, 0x20, 0x20, 0x20, 0x20,
  0x63, 0x6f, 0x6e, 0x73, 0x74, 0x61, 0x6e, 0x74, 0x20, 0x61, 0x75, 0x74,
  0x6f, 0x26, 0x20, 0x6d, 0x6f, 0x72, 0x70, 0x68, 0x69, 0x6e, 0x67, 0x55,
  0x6e, 0x69, 0x66, 0x6f, 0x72, 0x6d, 0x73, 0x20, 0x3d, 0x20, 0x2a, 0x28,
  0x63, 0x6f, 0x6e, 0x73, 0x74, 0x61, 0x6e, 0x74, 0x20, 0x4d, 0x6f, 0x72,
  0x70, 0x68, 0x69, 0x6e, 0x67, 0x55, 0x6e, 0x69, 0x66, 0x6f, 0x72, 0x6d,
  0x73, 0x2a, 0x20, 0x29, 0x28, 0x28, 0x63, 0x6f, 0x6e, 0x73, 0x74, 0x61,
  0x6e, 0x74, 0x20, 0x63, 0x68, 0x61, 0x72, 0x2a, 0x20, 0x29, 0x73, 0x70,
  0x76, 0x44, 0x65, 0x73, 0x63, 0x72, 0x69, 0x70, 0x74, 0x6f, 0x72, 0x53,
  0x65, 0x74, 0x31, 0x2e, 0x6d, 0x6f, 0x72, 0x70, 0x68, 0x69, 0x6e, 0x67,
  0x55, 0x6e, 0x69, 0x66, 0x6f, 0x72, 0x6d, 0x73, 0x20, 0x2b, 0x20, 0x73,
  0x70, 0x76, 0x44, 0x79, 0x6e, 0x61, 0x6d, 0x69, 0x63, 0x4f, 0x66, 0x66,
  0x73, 0x65, 0x74, 0x73, 0x5b, 0x31, 0x5d, 0x29, 0x3b, 0x0a, 0x00, 0x20,
  0x2b, 0x20, 0x28, 0x73, 0x70, 0x76, 0x44, 0x65, 0x73, 0x63, 0x72, 0x69,
  0x70, 0x74, 0x6f, 0x72, 0x53, 0x65, 0x74, 0x31, 0x2e, 0x73, 0x61, 0x6d,
  0x70, 0x6c, 0x65, 0x72, 0x31, 0x5f, 0x70, 0x6f, 0x73, 0x69, 0x74, 0x69,
  0x6f, 0x6e, 0x73, 0x2e, 0x72, 0x65, 0x61, 0x64, 0x28, 0x75, 0x69, 0x6e,
  0x74, 0x32, 0x28, 0x00, 0x2e, 0x7a, 0x29, 0x2c, 0x20, 0x30, 0x29, 0x20,
  0x2a, 0x20, 0x6d, 0x6f, 0x72, 0x70, 0x68, 0x69, 0x6e, 0x67, 0x55, 0x6e,
  0x69, 0x66, 0x6f, 0x72, 0x6d, 0x73, 0x2e, 0x77, 0x65, 0x69, 0x67, 0x68,
  0x74, 0x73, 0x5b, 0x00, 0x20, 0x3d, 0x20, 0x74, 0x72, 0x61, 0x6e, 0x73,
  0x70, 0x6f, 0x73, 0x65, 0x28, 0x28, 0x2a, 0x73, 0x70, 0x76, 0x44, 0x65,
  0x73, 0x63, 0x72, 0x69, 0x70, 0x74, 0x6f, 0x72, 0x53, 0x65, 0x74, 0x31,
  0x2e, 0x62, 0x6f, 0x6e, 0x65, 0x73, 0x55, 0x6e, 0x69, 0x66, 0x6f, 0x72,
  0x6d, 0x73, 0x29, 0x2e, 0x62, 0x6f, 0x6e, 0x65, 0x73, 0x5b, 0x69, 0x6e,
  0x2e, 0x6d, 0x65, 0x73, 0x68, 0x5f, 0x62, 0x6f, 0x6e, 0x65, 0x5f, 0x69,
  0x6e, 0x64, 0x69, 0x63, 0x65, 0x73, 0x2e, 0x77, 0x5d, 0x2e, 0x74, 0x72,
  0x61, 0x6e, 0x73, 0x66, 0x6f, 0x72, 0x6d, 0x29, 0x3b, 0x0a, 0x00, 0x5b,
  0x33, 0x5d, 0x29, 0x29, 0x29, 0x20, 0x2a, 0x20, 0x69, 0x6e, 0x2e, 0x6d,
  0x65, 0x73, 0x68, 0x5f, 0x62, 0x6f, 0x6e, 0x65, 0x5f, 0x77, 0x65, 0x69,
  0x67, 0x68, 0x74, 0x73, 0x2e, 0x7a, 0x29, 0x29, 0x20, 0x2b, 0x20, 0x28,
  0x28, 0x28, 0x00, 0x5b, 0x33, 0x5d, 0x29, 0x29, 0x29, 0x20, 0x2a, 0x20,
  0x69, 0x6e, 0x2e, 0x6d, 0x65, 0x73, 0x68, 0x5f, 0x62, 0x6f, 0x6e, 0x65,
  0x5f, 0x77, 0x65, 0x69, 0x67, 0x68, 0x74, 0x73, 0x2e, 0x77, 0x29, 0x3b,
  0x0a, 0x00, 0x20, 0x3d, 0x20, 0x28, 0x28, 0x28, 0x28, 0x00, 0x5b, 0x33,
  0x5d, 0x29, 0x29, 0x29, 0x20, 0x2a, 0x20, 0x69, 0x6e, 0x2e, 0x6d, 0x65,
  0x73, 0x68, 0x5f, 0x62, 0x6f, 0x6e, 0x65, 0x5f, 0x77, 0x65, 0x69, 0x67,
  0x68, 0x74, 0x73, 0x2e, 0x7a, 0x29, 0x3b, 0x0a, 0x00, 0x20, 0x3d, 0x20,
  0x74, 0x72, 0x61, 0x6e, 0x73, 0x70, 0x6f, 0x73, 0x65, 0x28, 0x28, 0x2a,
  0x73, 0x70, 0x76, 0x44, 0x65, 0x73, 0x63, 0x72, 0x69, 0x70, 0x74, 0x6f,
  0x72, 0x53, 0x65, 0x74, 0x31, 0x2e, 0x62, 0x6f, 0x6e, 0x65, 0x73, 0x55,
  0x6e, 0x69, 0x66, 0x6f, 0x72, 0x6d, 0x73, 0x29, 0x2e, 0x62, 0x6f, 0x6e,
  0x65, 0x73, 0x5b, 0x75, 0x69, 0x6e, 0x74, 0x28, 0x00, 0x2e, 0x78, 0x29,
  0x5d, 0x2e, 0x74, 0x72, 0x61, 0x6e, 0x73, 0x66, 0x6f, 0x72, 0x6d, 0x29,
  0x3b, 0x0a, 0x00, 0x20, 0x2b, 0x3d, 0x20, 0x28, 0x28, 0x28, 0x00, 0x5b,
  0x33, 0x5d, 0x29, 0x29, 0x29, 0x20, 0x2a, 0x20, 0x00, 0x20, 0x20, 0x20,
  0x20, 0x69, 0x66, 0x20, 0x28, 0x28, 0x6f, 0x62, 0x6a, 0x65, 0x63, 0x74,
  0x55, 0x6e, 0x69, 0x66, 0x6f, 0x72, 0x6d, 0x73, 0x2e, 0x64, 0x61, 0x74,
  0x61, 0x5b, 0x00, 0x20, 0x3d, 0x20, 0x28, 0x2a, 0x73, 0x70, 0x76, 0x44,
  0x65, 0x73, 0x63, 0x72, 0x69, 0x70, 0x74, 0x6f, 0x72, 0x53, 0x65, 0x74,
  0x30, 0x2e, 0x66, 0x72, 0x61, 0x6d, 0x65, 0x55, 0x6e, 0x69, 0x66, 0x6f,
  0x72, 0x6d, 0x73, 0x29, 0x2e, 0x63, 0x6c, 0x69, 0x70, 0x46, 0x72, 0x6f,
  0x6d, 0x57, 0x6f, 0x72, 0x6c, 0x64, 0x4d, 0x61, 0x74, 0x72, 0x69, 0x78,
  0x5b, 0x30, 0x5d, 0x20, 0x2a, 0x20, 0x00, 0x5d, 0x2e, 0x77, 0x6f, 0x72,
  0x6c, 0x64, 0x46, 0x72, 0x6f, 0x6d, 0x4d, 0x6f, 0x64, 0x65, 0x6c, 0x4d,
  0x61, 0x74, 0x72, 0x69, 0x78, 0x5b, 0x33, 0x5d, 0x29, 0x29, 0x3b, 0x0a,
  0x00, 0x20, 0x3d, 0x20, 0x28, 0x2a, 0x73, 0x70, 0x76, 0x44, 0x65, 0x73,
  0x63, 0x72, 0x69, 0x70, 0x74, 0x6f, 0x72, 0x53, 0x65, 0x74, 0x30, 0x2e,
  0x66, 0x72, 0x61, 0x6d, 0x65, 0x55, 0x6e, 0x69, 0x66, 0x6f, 0x72, 0x6d,
  0x73, 0x29, 0x2e, 0x63, 0x6c, 0x69, 0x70, 0x46, 0x72, 0x6f, 0x6d, 0x57,
  0x6f, 0x72, 0x6c, 0x64, 0x4d, 0x61, 0x74, 0x72, 0x69, 0x78, 0x5b, 0x73,
  0x70, 0x76, 0x53, 0x4d, 0x6f, 0x64, 0x28, 0x6f, 0x75, 0x74, 0x2e, 0x69,
  0x6e, 0x73, 0x74, 0x61, 0x6e, 0x63, 0x65, 0x5f, 0x69, 0x6e, 0x64, 0x65,
  0x78, 0x2c, 0x20, 0x43, 0x4f, 0x4e, 0x46, 0x49, 0x47, 0x5f, 0x53, 0x54,
  0x45, 0x52, 0x45, 0x4f, 0x5f, 0x45, 0x59, 0x45, 0x5f, 0x43, 0x4f, 0x55,
  0x4e, 0x54, 0x29, 0x5d, 0x20, 0x2a, 0x20, 0x00, 0x20, 0x3c, 0x20, 0x6f,
  0x62, 0x6a, 0x65, 0x63, 0x74, 0x55, 0x6e, 0x69, 0x66, 0x6f, 0x72, 0x6d,
  0x73, 0x2e, 0x64, 0x61, 0x74, 0x61, 0x5b, 0x6f, 0x75, 0x74, 0x2e, 0x69,
  0x6e, 0x73, 0x74, 0x61, 0x6e, 0x63, 0x65, 0x5f, 0x69, 0x6e, 0x64, 0x65,
  0x78, 0x5d, 0x2e, 0x6d, 0x6f, 0x72, 0x70, 0x68, 0x54, 0x61, 0x72, 0x67,
  0x65, 0x74, 0x43, 0x6f, 0x75, 0x6e, 0x74, 0x3b, 0x20, 0x00, 0x20, 0x3c,
  0x20, 0x6f, 0x62, 0x6a, 0x65, 0x63, 0x74, 0x55, 0x6e, 0x69, 0x66, 0x6f,
  0x72, 0x6d, 0x73, 0x2e, 0x64, 0x61, 0x74, 0x61, 0x5b, 0x00, 0x5d, 0x2e,
  0x6d, 0x6f, 0x72, 0x70, 0x68, 0x54, 0x61, 0x72, 0x67, 0x65, 0x74, 0x43,
  0x6f, 0x75, 0x6e, 0x74, 0x3b, 0x20, 0x00, 0x20, 0x20, 0x20, 0x20, 0x6f,
  0x75, 0x74, 0x2e, 0x76, 0x65, 0x72, 0x74, 0x65, 0x78, 0x5f, 0x77, 0x6f,
  0x72, 0x6c, 0x64, 0x4e, 0x6f, 0x72, 0x6d, 0x61, 0x6c, 0x20, 0x3d, 0x20,
  0x6f, 0x62, 0x6a, 0x65, 0x63, 0x74, 0x55, 0x6e, 0x69, 0x66, 0x6f, 0x72,
  0x6d, 0x73, 0x2e, 0x64, 0x61, 0x74, 0x61, 0x5b, 0x00, 0x20, 0x20, 0x20,
  0x20, 0x62, 0x6f, 0x6f, 0x6c, 0x20, 0x00, 0x20, 0x3d, 0x20, 0x28, 0x66,
  0x6c, 0x6f, 0x61, 0x74, 0x33, 0x28, 0x30, 0x2e, 0x30, 0x2c, 0x20, 0x30,
  0x2e, 0x30, 0x2c, 0x20, 0x31, 0x2e, 0x30, 0x29, 0x20, 0x2b, 0x20, 0x28,
  0x28, 0x66, 0x6c, 0x6f, 0x61, 0x74, 0x33, 0x28, 0x32, 0x2e, 0x30, 0x2c,
  0x20, 0x2d, 0x32, 0x2e, 0x30, 0x2c, 0x20, 0x2d, 0x32, 0x2e, 0x30, 0x29,
  0x20, 0x2a, 0x20, 0x69, 0x6e, 0x2e, 0x6d, 0x65, 0x73, 0x68, 0x5f, 0x74,
  0x61, 0x6e, 0x67, 0x65, 0x6e, 0x74, 0x73, 0x2e, 0x78, 0x29, 0x20, 0x2a,
  0x20, 0x69, 0x6e, 0x2e, 0x6d, 0x65, 0x73, 0x68, 0x5f, 0x74, 0x61, 0x6e,
  0x67, 0x65, 0x6e, 0x74, 0x73, 0x2e, 0x7a, 0x77, 0x78, 0x29, 0x29, 0x20,
  0x2b, 0x20, 0x28, 0x28, 0x66, 0x6c, 0x6f, 0x61, 0x74, 0x33, 0x28, 0x32,
  0x2e, 0x30, 0x2c, 0x20, 0x32, 0x2e, 0x30, 0x2c, 0x20, 0x2d, 0x32, 0x2e,
  0x30, 0x29, 0x20, 0x2a, 0x20, 0x69, 0x6e, 0x2e, 0x6d, 0x65, 0x73, 0x68,
  0x5f, 0x74, 0x61, 0x6e, 0x67, 0x65, 0x6e, 0x74, 0x73, 0x2e, 0x79, 0x29,
  0x20, 0x2a, 0x20, 0x69, 0x6e, 0x2e, 0x6d, 0x65, 0x73, 0x68, 0x5f, 0x74,
  0x61, 0x6e, 0x67, 0x65, 0x6e, 0x74, 0x73, 0x2e, 0x77, 0x7a, 0x79, 0x29,
  0x3b, 0x0a, 0x00, 0x20, 0x3d, 0x20, 0x66, 0x6c, 0x6f, 0x61, 0x74, 0x34,
  0x28, 0x73, 0x70, 0x76, 0x44, 0x65, 0x73, 0x63, 0x72, 0x69, 0x70, 0x74,
  0x6f, 0x72, 0x53, 0x65, 0x74, 0x31, 0x2e, 0x73, 0x61, 0x6d, 0x70, 0x6c,
  0x65, 0x72, 0x31, 0x5f, 0x74, 0x61, 0x6e, 0x67, 0x65, 0x6e, 0x74, 0x73,
  0x2e, 0x72, 0x65, 0x61, 0x64, 0x28, 0x75, 0x69, 0x6e, 0x74, 0x32, 0x28,
  0x00, 0x2e, 0x7a, 0x29, 0x2c, 0x20, 0x30, 0x29, 0x29, 0x20, 0x2a, 0x20,
  0x33, 0x2e, 0x30, 0x35, 0x31, 0x38, 0x35, 0x31, 0x65, 0x2d, 0x30, 0x35,
  0x3b, 0x0a, 0x00, 0x20, 0x2b, 0x20, 0x28, 0x28, 0x28, 0x28, 0x66, 0x6c,
  0x6f, 0x61, 0x74, 0x33, 0x28, 0x30, 0x2e, 0x30, 0x2c, 0x20, 0x30, 0x2e,
  0x30, 0x2c, 0x20, 0x31, 0x2e, 0x30, 0x29, 0x20, 0x2b, 0x20, 0x28, 0x28,
  0x66, 0x6c, 0x6f, 0x61, 0x74, 0x33, 0x28, 0x32, 0x2e, 0x30, 0x2c, 0x20,
  0x2d, 0x32, 0x2e, 0x30, 0x2c, 0x20, 0x2d, 0x32, 0x2e, 0x30, 0x29, 0x20,
  0x2a, 0x20, 0x00, 0x2e, 0x78, 0x29, 0x20, 0x2a, 0x20, 0x00, 0x2e, 0x7a,
  0x77, 0x78, 0x29, 0x29, 0x20, 0x2b, 0x20, 0x28, 0x28, 0x66, 0x6c, 0x6f,
  0x61, 0x74, 0x33, 0x28, 0x32, 0x2e, 0x30, 0x2c, 0x20, 0x32, 0x2e, 0x30,
  0x2c, 0x20, 0x2d, 0x32, 0x2e, 0x30, 0x29, 0x20, 0x2a, 0x20, 0x00, 0x2e,
  0x79, 0x29, 0x20, 0x2a, 0x20, 0x00, 0x2e, 0x77, 0x7a, 0x79, 0x29, 0x29,
  0x20, 0x2d, 0x20, 0x00, 0x29, 0x20, 0x2a, 0x20, 0x6d, 0x6f, 0x72, 0x70,
  0x68, 0x69, 0x6e, 0x67, 0x55, 0x6e, 0x69, 0x66, 0x6f, 0x72, 0x6d, 0x73,
  0x2e, 0x77, 0x65, 0x69, 0x67, 0x68, 0x74, 0x73, 0x5b, 0x00, 0x20, 0x2b,
  0x20, 0x28, 0x66, 0x61, 0x73, 0x74, 0x3a, 0x3a, 0x6e, 0x6f, 0x72, 0x6d,
  0x61, 0x6c, 0x69, 0x7a, 0x65, 0x28, 0x66, 0x6c, 0x6f, 0x61, 0x74, 0x33,
  0x78, 0x33, 0x28, 0x66, 0x6c, 0x6f, 0x61, 0x74, 0x33, 0x28, 0x28, 0x2a,
  0x73, 0x70, 0x76, 0x44, 0x65, 0x73, 0x63, 0x72, 0x69, 0x70, 0x74, 0x6f,
  0x72, 0x53, 0x65, 0x74, 0x31, 0x2e, 0x62, 0x6f, 0x6e, 0x65, 0x73, 0x55,
  0x6e, 0x69, 0x66, 0x6f, 0x72, 0x6d, 0x73, 0x29, 0x2e, 0x62, 0x6f, 0x6e,
  0x65, 0x73, 0x5b, 0x69, 0x6e, 0x2e, 0x6d, 0x65, 0x73, 0x68, 0x5f, 0x62,
  0x6f, 0x6e, 0x65, 0x5f, 0x69, 0x6e, 0x64, 0x69, 0x63, 0x65, 0x73, 0x2e,
  0x77, 0x5d, 0x2e, 0x63, 0x6f, 0x66, 0x30, 0x29, 0x2c, 0x20, 0x66, 0x6c,
  0x6f, 0x61, 0x74, 0x33, 0x28, 0x28, 0x2a, 0x73, 0x70, 0x76, 0x44, 0x65,
  0x73, 0x63, 0x72, 0x69, 0x70, 0x74, 0x6f, 0x72, 0x53, 0x65, 0x74, 0x31,
  0x2e, 0x62, 0x6f, 0x6e, 0x65, 0x73, 0x55, 0x6e, 0x69, 0x66, 0x6f, 0x72,
  0x6d, 0x73, 0x29, 0x2e, 0x62, 0x6f, 0x6e, 0x65, 0x73, 0x5b, 0x69, 0x6e,
  0x2e, 0x6d, 0x65, 0x73, 0x68, 0x5f, 0x62, 0x6f, 0x6e, 0x65, 0x5f, 0x69,
  0x6e, 0x64, 0x69, 0x63, 0x65, 0x73, 0x2e, 0x77, 0x5d, 0x2e, 0x63, 0x6f,
  0x66, 0x31, 0x78, 0x2c, 0x20, 0x28, 0x28, 0x2a, 0x73, 0x70, 0x76, 0x44,
  0x65, 0x73, 0x63, 0x72, 0x69, 0x70, 0x74, 0x6f, 0x72, 0x53, 0x65, 0x74,
  0x31, 0x2e, 0x62, 0x6f, 0x6e, 0x65, 0x73, 0x55, 0x6e, 0x69, 0x66, 0x6f,
  0x72, 0x6d, 0x73, 0x29, 0x2e, 0x62, 0x6f, 0x6e, 0x65, 0x73, 0x5b, 0x69,
  0x6e, 0x2e, 0x6d, 0x65, 0x73, 0x68, 0x5f, 0x62, 0x6f, 0x6e, 0x65, 0x5f,
  0x69, 0x6e, 0x64, 0x69, 0x63, 0x65, 0x73, 0x2e, 0x77, 0x5d, 0x2e, 0x74,
  0x72, 0x61, 0x6e, 0x73, 0x66, 0x6f, 0x72, 0x6d, 0x5b, 0x30, 0x5d, 0x2e,
  0x78, 0x20, 0x2a, 0x20, 0x28, 0x2a, 0x73, 0x70, 0x76, 0x44, 0x65, 0x73,
  0x63, 0x72, 0x69, 0x70, 0x74, 0x6f, 0x72, 0x53, 0x65, 0x74, 0x31, 0x2e,
  0x62, 0x6f, 0x6e, 0x65, 0x73, 0x55, 0x6e, 0x69, 0x66, 0x6f, 0x72, 0x6d,
  0x73, 0x29, 0x2e, 0x62, 0x6f, 0x6e, 0x65, 0x73, 0x5b, 0x69, 0x6e, 0x2e,
  0x6d, 0x65, 0x73, 0x68, 0x5f, 0x62, 0x6f, 0x6e, 0x65, 0x5f, 0x69, 0x6e,
  0x64, 0x69, 0x63, 0x65, 0x73, 0x2e, 0x77, 0x5d, 0x2e, 0x74, 0x72, 0x61,
  0x6e, 0x73, 0x66, 0x6f, 0x72, 0x6d, 0x5b, 0x32, 0x5d, 0x2e, 0x7a, 0x29,
  0x20, 0x2d, 0x20, 0x28, 0x28, 0x2a, 0x73, 0x70, 0x76, 0x44, 0x65, 0x73,
  0x63, 0x72, 0x69, 0x70, 0x74, 0x6f, 0x72, 0x53, 0x65, 0x74, 0x31, 0x2e,
  0x62, 0x6f, 0x6e, 0x65, 0x73, 0x55, 0x6e, 0x69, 0x66, 0x6f, 0x72, 0x6d,
  0x73, 0x29, 0x2e, 0x62, 0x6f, 0x6e, 0x65, 0x73, 0x5b, 0x69, 0x6e, 0x2e,
  0x6d, 0x65, 0x73, 0x68, 0x5f, 0x62, 0x6f, 0x6e, 0x65, 0x5f, 0x69, 0x6e,
  0x64, 0x69, 0x63, 0x65, 0x73, 0x2e, 0x77, 0x5d, 0x2e, 0x74, 0x72, 0x61,
  0x6e, 0x73, 0x66, 0x6f, 0x72, 0x6d, 0x5b, 0x30, 0x5d, 0x2e, 0x7a, 0x20,
  0x2a, 0x20, 0x28, 0x2a, 0x73, 0x70, 0x76, 0x44, 0x65, 0x73, 0x63, 0x72,
  0x69, 0x70, 0x74, 0x6f, 0x72, 0x53, 0x65, 0x74, 0x31, 0x2e, 0x62, 0x6f,
  0x6e, 0x65, 0x73, 0x55, 0x6e, 0x69, 0x66, 0x6f, 0x72, 0x6d, 0x73, 0x29,
  0x2e, 0x62, 0x6f, 0x6e, 0x65, 0x73, 0x5b, 0x69, 0x6e, 0x2e, 0x6d, 0x65,
  0x73, 0x68, 0x5f, 0x62, 0x6f, 0x6e, 0x65, 0x5f, 0x69, 0x6e, 0x64, 0x69,
  0x63, 0x65, 0x73, 0x2e, 0x77, 0x5d, 0x2e, 0x74, 0x72, 0x61, 0x6e, 0x73,
  0x66, 0x6f, 0x72, 0x6d, 0x5b, 0x32, 0x5d, 0x2e, 0x78, 0x29, 0x2c, 0x20,
  0x28, 0x28, 0x2a, 0x73, 0x70, 0x76, 0x44, 0x65, 0x73, 0x63, 0x72, 0x69,
  0x70, 0x74, 0x6f, 0x72, 0x53, 0x65, 0x74, 0x31, 0x2e, 0x62, 0x6f, 0x6e,
  0x65, 0x73, 0x55, 0x6e, 0x69, 0x66, 0x6f, 0x72, 0x6d, 0x73, 0x29, 0x2e,
  0x62, 0x6f, 0x6e, 0x65, 0x73, 0x5b, 0x69, 0x6e, 0x2e, 0x6d, 0x65, 0x73,
  0x68, 0x5f, 0x62, 0x6f, 0x6e, 0x65, 0x5f, 0x69, 0x6e, 0x64, 0x69, 0x63,
  0x65, 0x73, 0x2e, 0x77, 0x5d, 0x2e, 0x74, 0x72, 0x61, 0x6e, 0x73, 0x66,
  0x6f, 0x72, 0x6d, 0x5b, 0x30, 0x5d, 0x2e, 0x7a, 0x20, 0x2a, 0x20, 0x28,
  0x2a, 0x73, 0x70, 0x76, 0x44, 0x65, 0x73, 0x63, 0x72, 0x69, 0x70, 0x74,
  0x6f, 0x72, 0x53, 0x65, 0x74, 0x31, 0x2e, 0x62, 0x6f, 0x6e, 0x65, 0x73,
  0x55, 0x6e, 0x69, 0x66, 0x6f, 0x72, 0x6d, 0x73, 0x29, 0x2e, 0x62, 0x6f,
  0x6e, 0x65, 0x73, 0x5b, 0x69, 0x6e, 0x2e, 0x6d, 0x65, 0x73, 0x68, 0x5f,
  0x62, 0x6f, 0x6e, 0x65, 0x5f, 0x69, 0x6e, 0x64, 0x69, 0x63, 0x65, 0x73,
  0x2e, 0x77, 0x5d, 0x2e, 0x74, 0x72, 0x61, 0x6e, 0x73, 0x66, 0x6f, 0x72,
  0x6d, 0x5b, 0x31, 0x5d, 0x2e, 0x78, 0x29, 0x20, 0x2d, 0x20, 0x28, 0x28,
  0x2a, 0x73, 0x70, 0x76, 0x44, 0x65, 0x73, 0x63, 0x72, 0x69, 0x70, 0x74,
  0x6f, 0x72, 0x53, 0x65, 0x74, 0x31, 0x2e, 0x62, 0x6f, 0x6e, 0x65, 0x73,
  0x55, 0x6e, 0x69, 0x66, 0x6f, 0x72, 0x6d, 0x73, 0x29, 0x2e, 0x62, 0x6f,
  0x6e, 0x65, 0x73, 0x5b, 0x69, 0x6e, 0x2e, 0x6d, 0x65, 0x73, 0x68, 0x5f,
  0x62, 0x6f, 0x6e, 0x65, 0x5f, 0x69, 0x6e, 0x64, 0x69, 0x63, 0x65, 0x73,
  0x2e, 0x77, 0x5d, 0x2e, 0x74, 0x72, 0x61, 0x6e, 0x73, 0x66, 0x6f, 0x72,
  0x6d, 0x5b, 0x30, 0x5d, 0x2e, 0x78, 0x20, 0x2a, 0x20, 0x28, 0x2a, 0x73,
  0x70, 0x76, 0x44, 0x65, 0x73, 0x63, 0x72, 0x69, 0x70, 0x74, 0x6f, 0x72,
  0x53, 0x65, 0x74, 0x31, 0x2e, 0x62, 0x6f, 0x6e, 0x65, 0x73, 0x55, 0x6e,
  0x69, 0x66, 0x6f, 0x72, 0x6d, 0x73, 0x29, 0x2e, 0x62, 0x6f, 0x6e, 0x65,
  0x73, 0x5b, 0x69, 0x6e, 0x2e, 0x6d, 0x65, 0x73, 0x68, 0x5f, 0x62, 0x6f,
  0x6e, 0x65, 0x5f, 0x69, 0x6e, 0x64, 0x69, 0x63, 0x65, 0x73, 0x2e, 0x77,
  0x5d, 0x2e, 0x74, 0x72, 0x61, 0x6e, 0x73, 0x66, 0x6f, 0x72, 0x6d, 0x5b,
  0x31, 0x5d, 0x2e, 0x7a, 0x29, 0x29, 0x2c, 0x20, 0x66, 0x6c, 0x6f, 0x61,
  0x74, 0x33, 0x28, 0x28, 0x28, 0x2a, 0x73, 0x70, 0x76, 0x44, 0x65, 0x73,
  0x63, 0x72, 0x69, 0x70, 0x74, 0x6f, 0x72, 0x53, 0x65, 0x74, 0x31, 0x2e,
  0x62, 0x6f, 0x6e, 0x65, 0x73, 0x55, 0x6e, 0x69, 0x66, 0x6f, 0x72, 0x6d,
  0x73, 0x29, 0x2e, 0x62, 0x6f, 0x6e, 0x65, 0x73, 0x5b, 0x69, 0x6e, 0x2e,
  0x6d, 0x65, 0x73, 0x68, 0x5f, 0x62, 0x6f, 0x6e, 0x65, 0x5f, 0x69, 0x6e,
  0x64, 0x69, 0x63, 0x65, 0x73, 0x2e, 0x77, 0x5d, 0x2e, 0x74, 0x72, 0x61,
  0x6e, 0x73, 0x66, 0x6f, 0x72, 0x6d, 0x5b, 0x31, 0x5d, 0x2e, 0x78, 0x20,
  0x2a, 0x20, 0x28, 0x2a, 0x73, 0x70, 0x76, 0x44, 0x65, 0x73, 0x63, 0x72,
  0x69, 0x70, 0x74, 0x6f, 0x72, 0x53, 0x65, 0x74, 0x31, 0x2e, 0x62, 0x6f,
  0x6e, 0x65, 0x73, 0x55, 0x6e, 0x69, 0x66, 0x6f, 0x72, 0x6d, 0x73, 0x29,
  0x2e, 0x62, 0x6f, 0x6e, 0x65, 0x73, 0x5b, 0x69, 0x6e, 0x2e, 0x6d, 0x65,
  0x73, 0x68, 0x5f, 0x62, 0x6f, 0x6e, 0x65, 0x5f, 0x69, 0x6e, 0x64, 0x69,
  0x63, 0x65, 0x73, 0x2e, 0x77, 0x5d, 0x2e, 0x74, 0x72, 0x61, 0x6e, 0x73,
  0x66, 0x6f, 0x72, 0x6d, 0x5b, 0x32, 0x5d, 0x2e, 0x79, 0x29, 0x20, 0x2d,
  0x20, 0x28, 0x28, 0x2a, 0x73, 0x70, 0x76, 0x44, 0x65, 0x73, 0x63, 0x72,
  0x69, 0x70, 0x74, 0x6f, 0x72, 0x53, 0x65, 0x74, 0x31, 0x2e, 0x62, 0x6f,
  0x6e, 0x65, 0x73, 0x55, 0x6e, 0x69, 0x66, 0x6f, 0x72, 0x6d, 0x73, 0x29,
  0x2e, 0x62, 0x6f, 0x6e, 0x65, 0x73, 0x5b, 0x69, 0x6e, 0x2e, 0x6d, 0x65,
  0x73, 0x68, 0x5f, 0x62, 0x6f, 0x6e, 0x65, 0x5f, 0x69, 0x6e, 0x64, 0x69,
  0x63, 0x65, 0x73, 0x2e, 0x77, 0x5d, 0x2e, 0x74, 0x72, 0x61, 0x6e, 0x73,
  0x66, 0x6f, 0x72, 0x6d, 0x5b, 0x31, 0x5d, 0x2e, 0x79, 0x20, 0x2a, 0x20,
  0x28, 0x2a, 0x73, 0x70, 0x76, 0x44, 0x65, 0x73, 0x63, 0x72, 0x69, 0x70,
  0x74, 0x6f, 0x72, 0x53, 0x65, 0x74, 0x31, 0x2e, 0x62, 0x6f, 0x6e, 0x65,
  0x73, 0x55, 0x6e, 0x69, 0x66, 0x6f, 0x72, 0x6d, 0x73, 0x29, 0x2e, 0x62,
  0x6f, 0x6e, 0x65, 0x73, 0x5b, 0x69, 0x6e, 0x2e, 0x6d, 0x65, 0x73, 0x68,
  0x5f, 0x62, 0x6f, 0x6e, 0x65, 0x5f, 0x69, 0x6e, 0x64, 0x69, 0x63, 0x65,
  0x73, 0x2e, 0x77, 0x5d, 0x2e, 0x74, 0x72, 0x61, 0x6e, 0x73, 0x66, 0x6f,
  0x72, 0x6d, 0x5b, 0x32, 0x5d, 0x2e, 0x78, 0x29, 0x2c, 0x20, 0x28, 0x28,
  0x2a, 0x73, 0x70, 0x76, 0x44, 0x65, 0x73, 0x63, 0x72, 0x69, 0x70, 0x74,
  0x6f, 0x72, 0x53, 0x65, 0x74, 0x31, 0x2e, 0x62, 0x6f, 0x6e, 0x65, 0x73,
  0x55, 0x6e, 0x69, 0x66, 0x6f, 0x72, 0x6d, 0x73, 0x29, 0x2e, 0x62, 0x6f,
  0x6e, 0x65, 0x73, 0x5b, 0x69, 0x6e, 0x2e, 0x6d, 0x65, 0x73, 0x68, 0x5f,
  0x62, 0x6f, 0x6e, 0x65, 0x5f, 0x69, 0x6e, 0x64, 0x69, 0x63, 0x65, 0x73,
  0x2e, 0x77, 0x5d, 0x2e, 0x74, 0x72, 0x61, 0x6e, 0x73, 0x66, 0x6f, 0x72,
  0x6d, 0x5b, 0x30, 0x5d, 0x2e, 0x79, 0x20, 0x2a, 0x20, 0x28, 0x2a, 0x73,
  0x70, 0x76, 0x44, 0x65, 0x73, 0x63, 0x72, 0x69, 0x70, 0x74, 0x6f, 0x72,
  0x53, 0x65, 0x74, 0x31, 0x2e, 0x62, 0x6f, 0x6e, 0x65, 0x73, 0x55, 0x6e,
  0x69, 0x66, 0x6f, 0x72, 0x6d, 0x73, 0x29, 0x2e, 0x62, 0x6f, 0x6e, 0x65,
  0x73, 0x5b, 0x69, 0x6e, 0x2e, 0x6d, 0x65, 0x73, 0x68, 0x5f, 0x62, 0x6f,
  0x6e, 0x65, 0x5f, 0x69, 0x6e, 0x64, 0x69, 0x63, 0x65, 0x73, 0x2e, 0x77,
  0x5d, 0x2e, 0x74, 0x72, 0x61, 0x6e, 0x73, 0x66, 0x6f, 0x72, 0x6d, 0x5b,
  0x32, 0x5d, 0x2e, 0x78, 0x29, 0x20, 0x2d, 0x20, 0x28, 0x28, 0x2a, 0x73,
  0x70, 0x76, 0x44, 0x65, 0x73, 0x63, 0x72, 0x69, 0x70, 0x74, 0x6f, 0x72,
  0x53, 0x65, 0x74, 0x31, 0x2e, 0x62, 0x6f, 0x6e, 0x65, 0x73, 0x55, 0x6e,
  0x69, 0x66, 0x6f, 0x72, 0x6d, 0x73, 0x29, 0x2e, 0x62, 0x6f, 0x6e, 0x65,
  0x73, 0x5b, 0x69, 0x6e, 0x2e, 0x6d, 0x65, 0x73, 0x68, 0x5f, 0x62, 0x6f,
  0x6e, 0x65, 0x5f, 0x69, 0x6e, 0x64, 0x69, 0x63, 0x65, 0x73, 0x2e, 0x77,
  0x5d, 0x2e, 0x74, 0x72, 0x61, 0x6e, 0x73, 0x66, 0x6f, 0x72, 0x6d, 0x5b,
  0x30, 0x5d, 0x2e, 0x78, 0x20, 0x2a, 0x20, 0x28, 0x2a, 0x73, 0x70, 0x76,
  0x44, 0x65, 0x73, 0x63, 0x72, 0x69, 0x70, 0x74, 0x6f, 0x72, 0x53, 0x65,
  0x74, 0x31, 0x2e, 0x62, 0x6f, 0x6e, 0x65, 0x73, 0x55, 0x6e, 0x69, 0x66,
  0x6f, 0x72, 0x6d, 0x73, 0x29, 0x2e, 0x62, 0x6f, 0x6e, 0x65, 0x73, 0x5b,
  0x69, 0x6e, 0x2e, 0x6d, 0x65, 0x73, 0x68, 0x5f, 0x62, 0x6f, 0x6e, 0x65,
  0x5f, 0x69, 0x6e, 0x64, 0x69, 0x63, 0x65, 0x73, 0x2e, 0x77, 0x5d, 0x2e,
  0x74, 0x72, 0x61, 0x6e, 0x73, 0x66, 0x6f, 0x72, 0x6d, 0x5b, 0x32, 0x5d,
  0x2e, 0x79, 0x29, 0x2c, 0x20, 0x28, 0x28, 0x2a, 0x73, 0x70, 0x76, 0x44,
  0x65, 0x73, 0x63, 0x72, 0x69, 0x70, 0x74, 0x6f, 0x72, 0x53, 0x65, 0x74,
  0x31, 0x2e, 0x62, 0x6f, 0x6e, 0x65, 0x73, 0x55, 0x6e, 0x69, 0x66, 0x6f,
  0x72, 0x6d, 0x73, 0x29, 0x2e, 0x62, 0x6f, 0x6e, 0x65, 0x73, 0x5b, 0x69,
  0x6e, 0x2e, 0x6d, 0x65, 0x73, 0x68, 0x5f, 0x62, 0x6f, 0x6e, 0x65, 0x5f,
  0x69, 0x6e, 0x64, 0x69, 0x63, 0x65, 0x73, 0x2e, 0x77, 0x5d, 0x2e, 0x74,
  0x72, 0x61, 0x6e, 0x73, 0x66, 0x6f, 0x72, 0x6d, 0x5b, 0x30, 0x5d, 0x2e,
  0x78, 0x20, 0x2a, 0x20, 0x28, 0x2a, 0x73, 0x70, 0x76, 0x44, 0x65, 0x73,
  0x63, 0x72, 0x69, 0x70, 0x74, 0x6f, 0x72, 0x53, 0x65, 0x74, 0x31, 0x2e,
  0x62, 0x6f, 0x6e, 0x65, 0x73, 0x55, 0x6e, 0x69, 0x66, 0x6f, 0x72, 0x6d,
  0x73, 0x29, 0x2e, 0x62, 0x6f, 0x6e, 0x65, 0x73, 0x5b, 0x69, 0x6e, 0x2e,
  0x6d, 0x65, 0x73, 0x68, 0x5f, 0x62, 0x6f, 0x6e, 0x65, 0x5f, 0x69, 0x6e,
  0x64, 0x69, 0x63, 0x65, 0x73, 0x2e, 0x77, 0x5d, 0x2e, 0x74, 0x72, 0x61,
  0x6e, 0x73, 0x66, 0x6f, 0x72, 0x6d, 0x5b, 0x31, 0x5d, 0x2e, 0x79, 0x29,
  0x20, 0x2d, 0x20, 0x28, 0x28, 0x2a, 0x73, 0x70, 0x76, 0x44, 0x65, 0x73,
  0x63, 0x72, 0x69, 0x70, 0x74, 0x6f, 0x72, 0x53, 0x65, 0x74, 0x31, 0x2e,
  0x62, 0x6f, 0x6e, 0x65, 0x73, 0x55, 0x6e, 0x69, 0x66, 0x6f, 0x72, 0x6d,
  0x73, 0x29, 0x2e, 0x62, 0x6f, 0x6e, 0x65, 0x73, 0x5b, 0x69, 0x6e, 0x2e,
  0x6d, 0x65, 0x73, 0x68, 0x5f, 0x62, 0x6f, 0x6e, 0x65, 0x5f, 0x69, 0x6e,
  0x64, 0x69, 0x63, 0x65, 0x73, 0x2e, 0x77, 0x5d, 0x2e, 0x74, 0x72, 0x61,
  0x6e, 0x73, 0x66, 0x6f, 0x72, 0x6d, 0x5b, 0x30, 0x5d, 0x2e, 0x79, 0x20,
  0x2a, 0x20, 0x28, 0x2a, 0x73, 0x70, 0x76, 0x44, 0x65, 0x73, 0x63, 0x72,
  0x69, 0x70, 0x74, 0x6f, 0x72, 0x53, 0x65, 0x74, 0x31, 0x2e, 0x62, 0x6f,
  0x6e, 0x65, 0x73, 0x55, 0x6e, 0x69, 0x66, 0x6f, 0x72, 0x6d, 0x73, 0x29,
  0x2e, 0x62, 0x6f, 0x6e, 0x65, 0x73, 0x5b, 0x69, 0x6e, 0x2e, 0x6d, 0x65,
  0x73, 0x68, 0x5f, 0x62, 0x6f, 0x6e, 0x65, 0x5f, 0x69, 0x6e, 0x64, 0x69,
  0x63, 0x65, 0x73, 0x2e, 0x77, 0x5d, 0x2e, 0x74, 0x72, 0x61, 0x6e, 0x73,
  0x66, 0x6f, 0x72, 0x6d, 0x5b, 0x31, 0x5d, 0x2e, 0x78, 0x29, 0x29, 0x29,
  0x20, 0x2a, 0x20, 0x00, 0x29, 0x20, 0x2a, 0x20, 0x69, 0x6e, 0x2e, 0x6d,
  0x65, 0x73, 0x68, 0x5f, 0x62, 0x6f, 0x6e, 0x65, 0x5f, 0x77, 0x65, 0x69,
  0x67, 0x68, 0x74, 0x73, 0x2e, 0x77, 0x29, 0x3b, 0x0a, 0x00, 0x20, 0x3d,
  0x20, 0x75, 0x69, 0x6e, 0x74, 0x28, 0x00, 0x20, 0x2b, 0x3d, 0x20, 0x28,
  0x66, 0x61, 0x73, 0x74, 0x3a, 0x3a, 0x6e, 0x6f, 0x72, 0x6d, 0x61, 0x6c,
  0x69, 0x7a, 0x65, 0x28, 0x66, 0x6c, 0x6f, 0x61, 0x74, 0x33, 0x78, 0x33,
  0x28, 0x66, 0x6c, 0x6f, 0x61, 0x74, 0x33, 0x28, 0x28, 0x2a, 0x73, 0x70,
  0x76, 0x44, 0x65, 0x73, 0x63, 0x72, 0x69, 0x70, 0x74, 0x6f, 0x72, 0x53,
  0x65, 0x74, 0x31, 0x2e, 0x62, 0x6f, 0x6e, 0x65, 0x73, 0x55, 0x6e, 0x69,
  0x66, 0x6f, 0x72, 0x6d, 0x73, 0x29, 0x2e, 0x62, 0x6f, 0x6e, 0x65, 0x73,
  0x5b, 0x00, 0x5d, 0x2e, 0x63, 0x6f, 0x66, 0x30, 0x29, 0x2c, 0x20, 0x66,
  0x6c, 0x6f, 0x61, 0x74, 0x33, 0x28, 0x28, 0x2a, 0x73, 0x70, 0x76, 0x44,
  0x65, 0x73, 0x63, 0x72, 0x69, 0x70, 0x74, 0x6f, 0x72, 0x53, 0x65, 0x74,
  0x31, 0x2e, 0x62, 0x6f, 0x6e, 0x65, 0x73, 0x55, 0x6e, 0x69, 0x66, 0x6f,
  0x72, 0x6d, 0x73, 0x29, 0x2e, 0x62, 0x6f, 0x6e, 0x65, 0x73, 0x5b, 0x00,
  0x5d, 0x2e, 0x63, 0x6f, 0x66, 0x31, 0x78, 0x2c, 0x20, 0x28, 0x28, 0x2a,
  0x73, 0x70, 0x76, 0x44, 0x65, 0x73, 0x63, 0x72, 0x69, 0x70, 0x74, 0x6f,
  0x72, 0x53, 0x65, 0x74, 0x31, 0x2e, 0x62, 0x6f, 0x6e, 0x65, 0x73, 0x55,
  0x6e, 0x69, 0x66, 0x6f, 0x72, 0x6d, 0x73, 0x29, 0x2e, 0x62, 0x6f, 0x6e,
  0x65, 0x73, 0x5b, 0x00, 0x5d, 0x2e, 0x74, 0x72, 0x61, 0x6e, 0x73, 0x66,
  0x6f, 0x72, 0x6d, 0x5b, 0x32, 0x5d, 0x2e, 0x7a, 0x29, 0x20, 0x2d, 0x20,
  0x28, 0x28, 0x2a, 0x73, 0x70, 0x76, 0x44, 0x65, 0x73, 0x63, 0x72, 0x69,
  0x70, 0x74, 0x6f, 0x72, 0x53, 0x65, 0x74, 0x31, 0x2e, 0x62, 0x6f, 0x6e,
  0x65, 0x73, 0x55, 0x6e, 0x69, 0x66, 0x6f, 0x72, 0x6d, 0x73, 0x29, 0x2e,
  0x62, 0x6f, 0x6e, 0x65, 0x73, 0x5b, 0x00, 0x5d, 0x2e, 0x74, 0x72, 0x61,
  0x6e, 0x73, 0x66, 0x6f, 0x72, 0x6d, 0x5b, 0x31, 0x5d, 0x2e, 0x78, 0x29,
  0x20, 0x2d, 0x20, 0x28, 0x28, 0x2a, 0x73, 0x70, 0x76, 0x44, 0x65, 0x73,
  0x63, 0x72, 0x69, 0x70, 0x74, 0x6f, 0x72, 0x53, 0x65, 0x74, 0x31, 0x2e,
  0x62, 0x6f, 0x6e, 0x65, 0x73, 0x55, 0x6e, 0x69, 0x66, 0x6f, 0x72, 0x6d,
  0x73, 0x29, 0x2e, 0x62, 0x6f, 0x6e, 0x65, 0x73, 0x5b, 0x00, 0x5d, 0x2e,
  0x74, 0x72, 0x61, 0x6e, 0x73, 0x66, 0x6f, 0x72, 0x6d, 0x5b, 0x31, 0x5d,
  0x2e, 0x7a, 0x29, 0x29, 0x2c, 0x20, 0x66, 0x6c, 0x6f, 0x61, 0x74, 0x33,
  0x28, 0x28, 0x28, 0x2a, 0x73, 0x70, 0x76, 0x44, 0x65, 0x73, 0x63, 0x72,
  0x69, 0x70, 0x74, 0x6f, 0x72, 0x53, 0x65, 0x74, 0x31, 0x2e, 0x62, 0x6f,
  0x6e, 0x65, 0x73, 0x55, 0x6e, 0x69, 0x66, 0x6f, 0x72, 0x6d, 0x73, 0x29,
  0x2e, 0x62, 0x6f, 0x6e, 0x65, 0x73, 0x5b, 0x00, 0x5d, 0x2e, 0x74, 0x72,
  0x61, 0x6e, 0x73, 0x66, 0x6f, 0x72, 0x6d, 0x5b, 0x31, 0x5d, 0x2e, 0x78,
  0x20, 0x2a, 0x20, 0x28, 0x2a, 0x73, 0x70, 0x76, 0x44, 0x65, 0x73, 0x63,
  0x72, 0x69, 0x70, 0x74, 0x6f, 0x72, 0x53, 0x65, 0x74, 0x31, 0x2e, 0x62,
  0x6f, 0x6e, 0x65, 0x73, 0x55, 0x6e, 0x69, 0x66, 0x6f, 0x72, 0x6d, 0x73,
  0x29, 0x2e, 0x62, 0x6f, 0x6e, 0x65, 0x73, 0x5b, 0x00, 0x5d, 0x2e, 0x74,
  0x72, 0x61, 0x6e, 0x73, 0x66, 0x6f, 0x72, 0x6d, 0x5b, 0x32, 0x5d, 0x2e,
  0x79, 0x29, 0x20, 0x2d, 0x20, 0x28, 0x28, 0x2a, 0x73, 0x70, 0x76, 0x44,
  0x65, 0x73, 0x63, 0x72, 0x69, 0x70, 0x74, 0x6f, 0x72, 0x53, 0x65, 0x74,
  0x31, 0x2e, 0x62, 0x6f, 0x6e, 0x65, 0x73, 0x55, 0x6e, 0x69, 0x66, 0x6f,
  0x72, 0x6d, 0x73, 0x29, 0x2e, 0x62, 0x6f, 0x6e, 0x65, 0x73, 0x5b, 0x00,
  0x5d, 0x2e, 0x74, 0x72, 0x61, 0x6e, 0x73, 0x66, 0x6f, 0x72, 0x6d, 0x5b,
  0x31, 0x5d, 0x2e, 0x79, 0x20, 0x2a, 0x20, 0x28, 0x2a, 0x73, 0x70, 0x76,
  0x44, 0x65, 0x73, 0x63, 0x72, 0x69, 0x70, 0x74, 0x6f, 0x72, 0x53, 0x65,
  0x74, 0x31, 0x2e, 0x62, 0x6f, 0x6e, 0x65, 0x73, 0x55, 0x6e, 0x69, 0x66,
  0x6f, 0x72, 0x6d, 0x73, 0x29, 0x2e, 0x62, 0x6f, 0x6e, 0x65, 0x73, 0x5b,
  0x00, 0x5d, 0x2e, 0x74, 0x72, 0x61, 0x6e, 0x73, 0x66, 0x6f, 0x72, 0x6d,
  0x5b, 0x32, 0x5d, 0x2e, 0x78, 0x29, 0x20, 0x2d, 0x20, 0x28, 0x28, 0x2a,
  0x73, 0x70, 0x76, 0x44, 0x65, 0x73, 0x63, 0x72, 0x69, 0x70, 0x74, 0x6f,
  0x72, 0x53, 0x65, 0x74, 0x31, 0x2e, 0x62, 0x6f, 0x6e, 0x65, 0x73, 0x55,
  0x6e, 0x69, 0x66, 0x6f, 0x72, 0x6d, 0x73, 0x29, 0x2e, 0x62, 0x6f, 0x6e,
  0x65, 0x73, 0x5b, 0x00, 0x5d, 0x2e, 0x74, 0x72, 0x61, 0x6e, 0x73, 0x66,
  0x6f, 0x72, 0x6d, 0x5b, 0x32, 0x5d, 0x2e, 0x79, 0x29, 0x2c, 0x20, 0x28,
  0x28, 0x2a, 0x73, 0x70, 0x76, 0x44, 0x65, 0x73, 0x63, 0x72, 0x69, 0x70,
  0x74, 0x6f, 0x72, 0x53, 0x65, 0x74, 0x31, 0x2e, 0x62, 0x6f, 0x6e, 0x65,
  0x73, 0x55, 0x6e, 0x69, 0x66, 0x6f, 0x72, 0x6d, 0x73, 0x29, 0x2e, 0x62,
  0x6f, 0x6e, 0x65, 0x73, 0x5b, 0x00, 0x5d, 0x2e, 0x74, 0x72, 0x61, 0x6e,
  0x73, 0x66, 0x6f, 0x72, 0x6d, 0x5b, 0x31, 0x5d, 0x2e, 0x79, 0x29, 0x20,
  0x2d, 0x20, 0x28, 0x28, 0x2a, 0x73, 0x70, 0x76, 0x44, 0x65, 0x73, 0x63,
  0x72, 0x69, 0x70, 0x74, 0x6f, 0x72, 0x53, 0x65, 0x74, 0x31, 0x2e, 0x62,
  0x6f, 0x6e, 0x65, 0x73, 0x55, 0x6e, 0x69, 0x66, 0x6f, 0x72, 0x6d, 0x73,
  0x29, 0x2e, 0x62, 0x6f, 0x6e, 0x65, 0x73, 0x5b, 0x00, 0x5d, 0x2e, 0x74,
  0x72, 0x61, 0x6e, 0x73, 0x66, 0x6f, 0x72, 0x6d, 0x5b, 0x31, 0x5d, 0x2e,
  0x78, 0x29, 0x29, 0x29, 0x20, 0x2a, 0x20, 0x00, 0x5d, 0x2e, 0x77, 0x6f,
  0x72, 0x6c, 0x64, 0x46, 0x72, 0x6f, 0x6d, 0x4d, 0x6f, 0x64, 0x65, 0x6c,
  0x4d, 0x61, 0x74, 0x72, 0x69, 0x78, 0x5b, 0x30, 0x5d, 0x20, 0x2a, 0x20,
  0x69, 0x6e, 0x2e, 0x6d, 0x65, 0x73, 0x68, 0x5f, 0x70, 0x6f, 0x73, 0x69,
  0x74, 0x69, 0x6f, 0x6e, 0x2e, 0x78, 0x29, 0x20, 0x2b, 0x20, 0x28, 0x28,
  0x6f, 0x62, 0x6a, 0x65, 0x63, 0x74, 0x55, 0x6e, 0x69, 0x66, 0x6f, 0x72,
  0x6d, 0x73, 0x2e, 0x64, 0x61, 0x74, 0x61, 0x5b, 0x00, 0x5d, 0x2e, 0x77,
  0x6f, 0x72, 0x6c, 0x64, 0x46, 0x72, 0x6f, 0x6d, 0x4d, 0x6f, 0x64, 0x65,
  0x6c, 0x4d, 0x61, 0x74, 0x72, 0x69, 0x78, 0x5b, 0x31, 0x5d, 0x20, 0x2a,
  0x20, 0x69, 0x6e, 0x2e, 0x6d, 0x65, 0x73, 0x68, 0x5f, 0x70, 0x6f, 0x73,
  0x69, 0x74, 0x69, 0x6f, 0x6e, 0x2e, 0x79, 0x29, 0x20, 0x2b, 0x20, 0x28,
  0x28, 0x6f, 0x62, 0x6a, 0x65, 0x63, 0x74, 0x55, 0x6e, 0x69, 0x66, 0x6f,
  0x72, 0x6d, 0x73, 0x2e, 0x64, 0x61, 0x74, 0x61, 0x5b, 0x00, 0x5d, 0x2e,
  0x77, 0x6f, 0x72, 0x6c, 0x64, 0x46, 0x72, 0x6f, 0x6d, 0x4d, 0x6f, 0x64,
  0x65, 0x6c, 0x4d, 0x61, 0x74, 0x72, 0x69, 0x78, 0x5b, 0x32, 0x5d, 0x20,
  0x2a, 0x20, 0x69, 0x6e, 0x2e, 0x6d, 0x65, 0x73, 0x68, 0x5f, 0x70, 0x6f,
  0x73, 0x69, 0x74, 0x69, 0x6f, 0x6e, 0x2e, 0x7a, 0x29, 0x20, 0x2b, 0x20,
  0x6f, 0x62, 0x6a, 0x65, 0x63, 0x74, 0x55, 0x6e, 0x69, 0x66, 0x6f, 0x72,
  0x6d, 0x73, 0x2e, 0x64, 0x61, 0x74, 0x61, 0x5b, 0x00, 0x20, 0x20, 0x20,
  0x20, 0x69, 0x66, 0x20, 0x28, 0x28, 0x6f, 0x62, 0x6a, 0x65, 0x63, 0x74,
  0x55, 0x6e, 0x69, 0x66, 0x6f, 0x72, 0x6d, 0x73, 0x2e, 0x64, 0x61, 0x74,
  0x61, 0x5b, 0x6f, 0x75, 0x74, 0x2e, 0x69, 0x6e, 0x73, 0x74, 0x61, 0x6e,
  0x63, 0x65, 0x5f, 0x69, 0x6e, 0x64, 0x65, 0x78, 0x5d, 0x2e, 0x66, 0x6c,
  0x61, 0x67, 0x73, 0x43, 0x68, 0x61, 0x6e, 0x6e, 0x65, 0x6c, 0x73, 0x20,
  0x26, 0x20, 0x35, 0x31, 0x32, 0x29, 0x20, 0x21, 0x3d, 0x20, 0x30, 0x29,
  0x0a, 0x00, 0x2e, 0x78, 0x29, 0x20, 0x2b, 0x20, 0x28, 0x28, 0x6f, 0x62,
  0x6a, 0x65, 0x63, 0x74, 0x55, 0x6e, 0x69, 0x66, 0x6f, 0x72, 0x6d, 0x73,
  0x2e, 0x64, 0x61, 0x74, 0x61, 0x5b, 0x6f, 0x75, 0x74, 0x2e, 0x69, 0x6e,
  0x73, 0x74, 0x61, 0x6e, 0x63, 0x65, 0x5f, 0x69, 0x6e, 0x64, 0x65, 0x78,
  0x5d, 0x2e, 0x77, 0x6f, 0x72, 0x6c, 0x64, 0x46, 0x72, 0x6f, 0x6d, 0x4d,
  0x6f, 0x64, 0x65, 0x6c, 0x4d, 0x61, 0x74, 0x72, 0x69, 0x78, 0x5b, 0x31,
  0x5d, 0x20, 0x2a, 0x20, 0x00, 0x2e, 0x79, 0x29, 0x20, 0x2b, 0x20, 0x28,
  0x28, 0x6f, 0x62, 0x6a, 0x65, 0x63, 0x74, 0x55, 0x6e, 0x69, 0x66, 0x6f,
  0x72, 0x6d, 0x73, 0x2e, 0x64, 0x61, 0x74, 0x61, 0x5b, 0x6f, 0x75, 0x74,
  0x2e, 0x69, 0x6e, 0x73, 0x74, 0x61, 0x6e, 0x63, 0x65, 0x5f, 0x69, 0x6e,
  0x64, 0x65, 0x78, 0x5d, 0x2e, 0x77, 0x6f, 0x72, 0x6c, 0x64, 0x46, 0x72,
  0x6f, 0x6d, 0x4d, 0x6f, 0x64, 0x65, 0x6c, 0x4d, 0x61, 0x74, 0x72, 0x69,
  0x78, 0x5b, 0x32, 0x5d, 0x20, 0x2a, 0x20, 0x00, 0x5d, 0x2e, 0x66, 0x6c,
  0x61, 0x67, 0x73, 0x43, 0x68, 0x61, 0x6e, 0x6e, 0x65, 0x6c, 0x73, 0x20,
  0x26, 0x20, 0x35, 0x31, 0x32, 0x29, 0x20, 0x21, 0x3d, 0x20, 0x30, 0x29,
  0x0a, 0x00, 0x5d, 0x2e, 0x77, 0x6f, 0x72, 0x6c, 0x64, 0x46, 0x72, 0x6f,
  0x6d, 0x4d, 0x6f, 0x64, 0x65, 0x6c, 0x4d, 0x61, 0x74, 0x72, 0x69, 0x78,
  0x5b, 0x30, 0x5d, 0x20, 0x2a, 0x20, 0x00, 0x2e, 0x78, 0x29, 0x20, 0x2b,
  0x20, 0x28, 0x28, 0x6f, 0x62, 0x6a, 0x65, 0x63, 0x74, 0x55, 0x6e, 0x69,
  0x66, 0x6f, 0x72, 0x6d, 0x73, 0x2e, 0x64, 0x61, 0x74, 0x61, 0x5b, 0x00,
  0x5d, 0x2e, 0x77, 0x6f, 0x72, 0x6c, 0x64, 0x46, 0x72, 0x6f, 0x6d, 0x4d,
  0x6f, 0x64, 0x65, 0x6c, 0x4d, 0x61, 0x74, 0x72, 0x69, 0x78, 0x5b, 0x31,
  0x5d, 0x20, 0x2a, 0x20, 0x00, 0x2e, 0x79, 0x29, 0x20, 0x2b, 0x20, 0x28,
  0x28, 0x6f, 0x62, 0x6a, 0x65, 0x63, 0x74, 0x55, 0x6e, 0x69, 0x66, 0x6f,
  0x72, 0x6d, 0x73, 0x2e, 0x64, 0x61, 0x74, 0x61, 0x5b, 0x00, 0x5d, 0x2e,
  0x77, 0x6f, 0x72, 0x6c, 0x64, 0x46, 0x72, 0x6f, 0x6d, 0x4d, 0x6f, 0x64,
  0x65, 0x6c, 0x4d, 0x61, 0x74, 0x72, 0x69, 0x78, 0x5b, 0x32, 0x5d, 0x20,
  0x2a, 0x20, 0x00, 0x2e, 0x7a, 0x29, 0x20, 0x2b, 0x20, 0x6f, 0x62, 0x6a,
  0x65, 0x63, 0x74, 0x55, 0x6e, 0x69, 0x66, 0x6f, 0x72, 0x6d, 0x73, 0x2e,
  0x64, 0x61, 0x74, 0x61, 0x5b, 0x00, 0x20, 0x3d, 0x20, 0x28, 0x6f, 0x62,
  0x6a, 0x65, 0x63, 0x74, 0x55, 0x6e, 0x69, 0x66, 0x6f, 0x72, 0x6d, 0x73,
  0x2e, 0x64, 0x61, 0x74, 0x61, 0x5b, 0x6f, 0x75, 0x74, 0x2e, 0x69, 0x6e,
  0x73, 0x74, 0x61, 0x6e, 0x63, 0x65, 0x5f, 0x69, 0x6e, 0x64, 0x65, 0x78,
  0x5d, 0x2e, 0x77, 0x6f, 0x72, 0x6c, 0x64, 0x46, 0x72, 0x6f, 0x6d, 0x4d,
  0x6f, 0x64, 0x65, 0x6c, 0x4d, 0x61, 0x74, 0x72, 0x69, 0x78, 0x5b, 0x30,
  0x5d, 0x20, 0x2a, 0x20, 0x69, 0x6e, 0x2e, 0x6d, 0x65, 0x73, 0x68, 0x5f,
  0x70, 0x6f, 0x73, 0x69, 0x74, 0x69, 0x6f, 0x6e, 0x2e, 0x78, 0x29, 0x20,
  0x2b, 0x20, 0x28, 0x28, 0x6f, 0x62, 0x6a, 0x65, 0x63, 0x74, 0x55, 0x6e,
  0x69, 0x66, 0x6f, 0x72, 0x6d, 0x73, 0x2e, 0x64, 0x61, 0x74, 0x61, 0x5b,
  0x6f, 0x75, 0x74, 0x2e, 0x69, 0x6e, 0x73, 0x74, 0x61, 0x6e, 0x63, 0x65,
  0x5f, 0x69, 0x6e, 0x64, 0x65, 0x78, 0x5d, 0x2e, 0x77, 0x6f, 0x72, 0x6c,
  0x64, 0x46, 0x72, 0x6f, 0x6d, 0x4d, 0x6f, 0x64, 0x65, 0x6c, 0x4d, 0x61,
  0x74, 0x72, 0x69, 0x78, 0x5b, 0x31, 0x5d, 0x20, 0x2a, 0x20, 0x69, 0x6e,
  0x2e, 0x6d, 0x65, 0x73, 0x68, 0x5f, 0x70, 0x6f, 0x73, 0x69, 0x74, 0x69,
  0x6f, 0x6e, 0x2e, 0x79, 0x29, 0x20, 0x2b, 0x20, 0x28, 0x28, 0x6f, 0x62,
  0x6a, 0x65, 0x63, 0x74, 0x55, 0x6e, 0x69, 0x66, 0x6f, 0x72, 0x6d, 0x73,
  0x2e, 0x64, 0x61, 0x74, 0x61, 0x5b, 0x6f, 0x75, 0x74, 0x2e, 0x69, 0x6e,
  0x73, 0x74, 0x61, 0x6e, 0x63, 0x65, 0x5f, 0x69, 0x6e, 0x64, 0x65, 0x78,
  0x5d, 0x2e, 0x77, 0x6f, 0x72, 0x6c, 0x64, 0x46, 0x72, 0x6f, 0x6d, 0x4d,
  0x6f, 0x64, 0x65, 0x6c, 0x4d, 0x61, 0x74, 0x72, 0x69, 0x78, 0x5b, 0x32,
  0x5d, 0x20, 0x2a, 0x20, 0x69, 0x6e, 0x2e, 0x6d, 0x65, 0x73, 0x68, 0x5f,
  0x70, 0x6f, 0x73, 0x69, 0x74, 0x69, 0x6f, 0x6e, 0x2e, 0x7a, 0x29, 0x20,
  0x2b, 0x20, 0x6f, 0x62, 0x6a, 0x65, 0x63, 0x74, 0x55, 0x6e, 0x69, 0x66,
  0x6f, 0x72, 0x6d, 0x73, 0x2e, 0x64, 0x61, 0x74, 0x61, 0x5b, 0x6f, 0x75,
  0x74, 0x2e, 0x69, 0x6e, 0x73, 0x74, 0x61, 0x6e, 0x63, 0x65, 0x5f, 0x69,
  0x6e, 0x64, 0x65, 0x78, 0x5d, 0x2e, 0x77, 0x6f, 0x72, 0x6c, 0x64, 0x46,
  0x72, 0x6f, 0x6d, 0x4d, 0x6f, 0x64, 0x65, 0x6c, 0x4d, 0x61, 0x74, 0x72,
  0x69, 0x78, 0x5b, 0x33, 0x5d, 0x29, 0x29, 0x3b, 0x0a, 0x00, 0x20, 0x3d,
  0x20, 0x28, 0x6f, 0x62, 0x6a, 0x65, 0x63, 0x74, 0x55, 0x6e, 0x69, 0x66,
  0x6f, 0x72, 0x6d, 0x73, 0x2e, 0x64, 0x61, 0x74, 0x61, 0x5b, 0x6f, 0x75,
  0x74, 0x2e, 0x69, 0x6e, 0x73, 0x74, 0x61, 0x6e, 0x63, 0x65, 0x5f, 0x69,
  0x6e, 0x64, 0x65, 0x78, 0x5d, 0x2e, 0x77, 0x6f, 0x72, 0x6c, 0x64, 0x46,
  0x72, 0x6f, 0x6d, 0x4d, 0x6f, 0x64, 0x65, 0x6c, 0x4d, 0x61, 0x74, 0x72,
  0x69, 0x78, 0x5b, 0x30, 0x5d, 0x20, 0x2a, 0x20, 0x00, 0x2e, 0x7a, 0x29,
  0x20, 0x2b, 0x20, 0x6f, 0x62, 0x6a, 0x65, 0x63, 0x74, 0x55, 0x6e, 0x69,
  0x66, 0x6f, 0x72, 0x6d, 0x73, 0x2e, 0x64, 0x61, 0x74, 0x61, 0x5b, 0x6f,
  0x75, 0x74, 0x2e, 0x69, 0x6e, 0x73, 0x74, 0x61, 0x6e, 0x63, 0x65, 0x5f,
  0x69, 0x6e, 0x64, 0x65, 0x78, 0x5d, 0x2e, 0x77, 0x6f, 0x72, 0x6c, 0x64,
  0x46, 0x72, 0x6f, 0x6d, 0x4d, 0x6f, 0x64, 0x65, 0x6c, 0x4d, 0x61, 0x74,
  0x72, 0x69, 0x78, 0x5b, 0x33, 0x5d, 0x29, 0x29, 0x3b, 0x0a, 0x00, 0x20,
  0x20, 0x20, 0x20, 0x6f, 0x75, 0x74, 0x2e, 0x76, 0x65, 0x72, 0x74, 0x65,
  0x78, 0x5f, 0x77, 0x6f, 0x72, 0x6c, 0x64, 0x4e, 0x6f, 0x72, 0x6d, 0x61,
  0x6c, 0x20, 0x3d, 0x20, 0x6f, 0x62, 0x6a, 0x65, 0x63, 0x74, 0x55, 0x6e,
  0x69, 0x66, 0x6f, 0x72, 0x6d, 0x73, 0x2e, 0x64, 0x61, 0x74, 0x61, 0x5b,
  0x6f, 0x75, 0x74, 0x2e, 0x69, 0x6e, 0x73, 0x74, 0x61, 0x6e, 0x63, 0x65,
  0x5f, 0x69, 0x6e, 0x64, 0x65, 0x78, 0x5d, 0x2e, 0x77, 0x6f, 0x72, 0x6c,
  0x64, 0x46, 0x72, 0x6f, 0x6d, 0x4d, 0x6f, 0x64, 0x65, 0x6c, 0x4e, 0x6f,
  0x72, 0x6d, 0x61, 0x6c, 0x4d, 0x61, 0x74, 0x72, 0x69, 0x78, 0x20, 0x2a,
  0x20, 0x28, 0x28, 0x66, 0x6c, 0x6f, 0x61, 0x74, 0x33, 0x28, 0x30, 0x2e,
  0x30, 0x2c, 0x20, 0x30, 0x2e, 0x30, 0x2c, 0x20, 0x31, 0x2e, 0x30, 0x29,
  0x20, 0x2b, 0x20, 0x28, 0x28, 0x66, 0x6c, 0x6f, 0x61, 0x74, 0x33, 0x28,
  0x32, 0x2e, 0x30, 0x2c, 0x20, 0x2d, 0x32, 0x2e, 0x30, 0x2c, 0x20, 0x2d,
  0x32, 0x2e, 0x30, 0x29, 0x20, 0x2a, 0x20, 0x69, 0x6e, 0x2e, 0x6d, 0x65,
  0x73, 0x68, 0x5f, 0x74, 0x61, 0x6e, 0x67, 0x65, 0x6e, 0x74, 0x73, 0x2e,
  0x78, 0x29, 0x20, 0x2a, 0x20, 0x69, 0x6e, 0x2e, 0x6d, 0x65, 0x73, 0x68,
  0x5f, 0x74, 0x61, 0x6e, 0x67, 0x65, 0x6e, 0x74, 0x73, 0x2e, 0x7a, 0x77,
  0x78, 0x29, 0x29, 0x20, 0x2b, 0x20, 0x28, 0x28, 0x66, 0x6c, 0x6f, 0x61,
  0x74, 0x33, 0x28, 0x32, 0x2e, 0x30, 0x2c, 0x20, 0x32, 0x2e, 0x30, 0x2c,
  0x20, 0x2d, 0x32, 0x2e, 0x30, 0x29, 0x20, 0x2a, 0x20, 0x69, 0x6e, 0x2e,
  0x6d, 0x65, 0x73, 0x68, 0x5f, 0x74, 0x61, 0x6e, 0x67, 0x65, 0x6e, 0x74,
  0x73, 0x2e, 0x79, 0x29, 0x20, 0x2a, 0x20, 0x69, 0x6e, 0x2e, 0x6d, 0x65,
  0x73, 0x68, 0x5f, 0x74, 0x61, 0x6e, 0x67, 0x65, 0x6e, 0x74, 0x73, 0x2e,
  0x77, 0x7a, 0x79, 0x29, 0x29, 0x3b, 0x0a, 0x00, 0x5d, 0x2e, 0x77, 0x6f,
  0x72, 0x6c, 0x64, 0x46, 0x72, 0x6f, 0x6d, 0x4d, 0x6f, 0x64, 0x65, 0x6c,
  0x4e, 0x6f, 0x72, 0x6d, 0x61, 0x6c, 0x4d, 0x61, 0x74, 0x72, 0x69, 0x78,
  0x20, 0x2a, 0x20, 0x28, 0x28, 0x66, 0x6c, 0x6f, 0x61, 0x74, 0x33, 0x28,
  0x30, 0x2e, 0x30, 0x2c, 0x20, 0x30, 0x2e, 0x30, 0x2c, 0x20, 0x31, 0x2e,
  0x30, 0x29, 0x20, 0x2b, 0x20, 0x28, 0x28, 0x66, 0x6c, 0x6f, 0x61, 0x74,
  0x33, 0x28, 0x32, 0x2e, 0x30, 0x2c, 0x20, 0x2d, 0x32, 0x2e, 0x30, 0x2c,
  0x20, 0x2d, 0x32, 0x2e, 0x30, 0x29, 0x20, 0x2a, 0x20, 0x69, 0x6e, 0x2e,
  0x6d, 0x65, 0x73, 0x68, 0x5f, 0x74, 0x61, 0x6e, 0x67, 0x65, 0x6e, 0x74,
  0x73, 0x2e, 0x78, 0x29, 0x20, 0x2a, 0x20, 0x69, 0x6e, 0x2e, 0x6d, 0x65,
  0x73, 0x68, 0x5f, 0x74, 0x61, 0x6e, 0x67, 0x65, 0x6e, 0x74, 0x73, 0x2e,
  0x7a, 0x77, 0x78, 0x29, 0x29, 0x20, 0x2b, 0x20, 0x28, 0x28, 0x66, 0x6c,
  0x6f, 0x61, 0x74, 0x33, 0x28, 0x32, 0x2e, 0x30, 0x2c, 0x20, 0x32, 0x2e,
  0x30, 0x2c, 0x20, 0x2d, 0x32, 0x2e, 0x30, 0x29, 0x20, 0x2a, 0x20, 0x69,
  0x6e, 0x2e, 0x6d, 0x65, 0x73, 0x68, 0x5f, 0x74, 0x61, 0x6e, 0x67, 0x65,
  0x6e, 0x74, 0x73, 0x2e, 0x79, 0x29, 0x20, 0x2a, 0x20, 0x69, 0x6e, 0x2e,
  0x6d, 0x65, 0x73, 0x68, 0x5f, 0x74, 0x61, 0x6e, 0x67, 0x65, 0x6e, 0x74,
  0x73, 0x2e, 0x77, 0x7a, 0x79, 0x29, 0x29, 0x3b, 0x0a, 0x00, 0x20, 0x3d,
  0x20, 0x66, 0x6c, 0x6f, 0x61, 0x74, 0x33, 0x78, 0x32, 0x28, 0x28, 0x2a,
  0x73, 0x70, 0x76, 0x44, 0x65, 0x73, 0x63, 0x72, 0x69, 0x70, 0x74, 0x6f,
  0x72, 0x53, 0x65, 0x74, 0x30, 0x2e, 0x73, 0x68, 0x61, 0x64, 0x6f, 0x77,
  0x55, 0x6e, 0x69, 0x66, 0x6f, 0x72, 0x6d, 0x73, 0x29, 0x2e, 0x73, 0x68,
  0x61, 0x64, 0x6f, 0x77, 0x73, 0x5b, 0x30, 0x5d, 0x2e, 0x6c, 0x69, 0x67,
  0x68, 0x74, 0x46, 0x72, 0x6f, 0x6d, 0x57, 0x6f, 0x72, 0x6c, 0x64, 0x4d,
  0x61, 0x74, 0x72, 0x69, 0x78, 0x5b, 0x30, 0x5d, 0x2e, 0x78, 0x79, 0x2c,
  0x20, 0x28, 0x2a, 0x73, 0x70, 0x76, 0x44, 0x65, 0x73, 0x63, 0x72, 0x69,
  0x70, 0x74, 0x6f, 0x72, 0x53, 0x65, 0x74, 0x30, 0x2e, 0x73, 0x68, 0x61,
  0x64, 0x6f, 0x77, 0x55, 0x6e, 0x69, 0x66, 0x6f, 0x72, 0x6d, 0x73, 0x29,
  0x2e, 0x73, 0x68, 0x61, 0x64, 0x6f, 0x77, 0x73, 0x5b, 0x30, 0x5d, 0x2e,
  0x6c, 0x69, 0x67, 0x68, 0x74, 0x46, 0x72, 0x6f, 0x6d, 0x57, 0x6f, 0x72,
  0x6c, 0x64, 0x4d, 0x61, 0x74, 0x72, 0x69, 0x78, 0x5b, 0x31, 0x5d, 0x2e,
  0x78, 0x79, 0x2c, 0x20, 0x28, 0x2a, 0x73, 0x70, 0x76, 0x44, 0x65, 0x73,
  0x63, 0x72, 0x69, 0x70, 0x74, 0x6f, 0x72, 0x53, 0x65, 0x74, 0x30, 0x2e,
  0x73, 0x68, 0x61, 0x64, 0x6f, 0x77, 0x55, 0x6e, 0x69, 0x66, 0x6f, 0x72,
  0x6d, 0x73, 0x29, 0x2e, 0x73, 0x68, 0x61, 0x64, 0x6f, 0x77, 0x73, 0x5b,
  0x30, 0x5d, 0x2e, 0x6c, 0x69, 0x67, 0x68, 0x74, 0x46, 0x72, 0x6f, 0x6d,
  0x57, 0x6f, 0x72, 0x6c, 0x64, 0x4d, 0x61, 0x74, 0x72, 0x69, 0x78, 0x5b,
  0x32, 0x5d, 0x2e, 0x78, 0x79, 0x29, 0x20, 0x2a, 0x20, 0x6f, 0x75, 0x74,
  0x2e, 0x76, 0x65, 0x72, 0x74, 0x65, 0x78, 0x5f, 0x77, 0x6f, 0x72, 0x6c,
  0x64, 0x4e, 0x6f, 0x72, 0x6d, 0x61, 0x6c, 0x3b, 0x0a, 0x00, 0x20, 0x3d,
  0x20, 0x6f, 0x75, 0x74, 0x2e, 0x76, 0x65, 0x72, 0x74, 0x65, 0x78, 0x5f,
  0x77, 0x6f, 0x72, 0x6c, 0x64, 0x50, 0x6f, 0x73, 0x69, 0x74, 0x69, 0x6f,
  0x6e, 0x2e, 0x78, 0x79, 0x7a, 0x20, 0x2b, 0x20, 0x28, 0x6f, 0x75, 0x74,
  0x2e, 0x76, 0x65, 0x72, 0x74, 0x65, 0x78, 0x5f, 0x77, 0x6f, 0x72, 0x6c,
  0x64, 0x4e, 0x6f, 0x72, 0x6d, 0x61, 0x6c, 0x20, 0x2a, 0x20, 0x28, 0x61,
  0x62, 0x73, 0x28, 0x00, 0x2e, 0x78, 0x20, 0x2a, 0x20, 0x28, 0x2a, 0x73,
  0x70, 0x76, 0x44, 0x65, 0x73, 0x63, 0x72, 0x69, 0x70, 0x74, 0x6f, 0x72,
  0x53, 0x65, 0x74, 0x30, 0x2e, 0x73, 0x68, 0x61, 0x64, 0x6f, 0x77, 0x55,
  0x6e, 0x69, 0x66, 0x6f, 0x72, 0x6d, 0x73, 0x29, 0x2e, 0x73, 0x68, 0x61,
  0x64, 0x6f, 0x77, 0x73, 0x5b, 0x30, 0x5d, 0x2e, 0x6e, 0x6f, 0x72, 0x6d,
  0x61, 0x6c, 0x42, 0x69, 0x61, 0x73, 0x2e, 0x78, 0x29, 0x20, 0x2b, 0x20,
  0x61, 0x62, 0x73, 0x28, 0x00, 0x2e, 0x79, 0x20, 0x2a, 0x20, 0x28, 0x2a,
  0x73, 0x70, 0x76, 0x44, 0x65, 0x73, 0x63, 0x72, 0x69, 0x70, 0x74, 0x6f,
  0x72, 0x53, 0x65, 0x74, 0x30, 0x2e, 0x73, 0x68, 0x61, 0x64, 0x6f, 0x77,
  0x55, 0x6e, 0x69, 0x66, 0x6f, 0x72, 0x6d, 0x73, 0x29, 0x2e, 0x73, 0x68,
  0x61, 0x64, 0x6f, 0x77, 0x73, 0x5b, 0x30, 0x5d, 0x2e, 0x6e, 0x6f, 0x72,
  0x6d, 0x61, 0x6c, 0x42, 0x69, 0x61, 0x73, 0x2e, 0x79, 0x29, 0x29, 0x29,
  0x3b, 0x0a, 0x00, 0x20, 0x20, 0x20, 0x20, 0x6f, 0x75, 0x74, 0x2e, 0x76,
  0x65, 0x72, 0x74, 0x65, 0x78, 0x5f, 0x6c, 0x69, 0x67, 0x68, 0x74, 0x53,
  0x70, 0x61, 0x63, 0x65, 0x50, 0x6f, 0x73, 0x69, 0x74, 0x69, 0x6f, 0x6e,
  0x20, 0x3d, 0x20, 0x28, 0x28, 0x2a, 0x73, 0x70, 0x76, 0x44, 0x65, 0x73,
  0x63, 0x72, 0x69, 0x70, 0x74, 0x6f, 0x72, 0x53, 0x65, 0x74, 0x30, 0x2e,
  0x73, 0x68, 0x61, 0x64, 0x6f, 0x77, 0x55, 0x6e, 0x69, 0x66, 0x6f, 0x72,
  0x6d, 0x73, 0x29, 0x2e, 0x73, 0x68, 0x61, 0x64, 0x6f, 0x77, 0x73, 0x5b,
  0x30, 0x5d, 0x2e, 0x6c, 0x69, 0x67, 0x68, 0x74, 0x46, 0x72, 0x6f, 0x6d,
  0x57, 0x6f, 0x72, 0x6c, 0x64, 0x4d, 0x61, 0x74, 0x72, 0x69, 0x78, 0x5b,
  0x30, 0x5d, 0x20, 0x2a, 0x20, 0x00, 0x2e, 0x78, 0x29, 0x20, 0x2b, 0x20,
  0x28, 0x28, 0x28, 0x2a, 0x73, 0x70, 0x76, 0x44, 0x65, 0x73, 0x63, 0x72,
  0x69, 0x70, 0x74, 0x6f, 0x72, 0x53, 0x65, 0x74, 0x30, 0x2e, 0x73, 0x68,
  0x61, 0x64, 0x6f, 0x77, 0x55, 0x6e, 0x69, 0x66, 0x6f, 0x72, 0x6d, 0x73,
  0x29, 0x2e, 0x73, 0x68, 0x61, 0x64, 0x6f, 0x77, 0x73, 0x5b, 0x30, 0x5d,
  0x2e, 0x6c, 0x69, 0x67, 0x68, 0x74, 0x46, 0x72, 0x6f, 0x6d, 0x57, 0x6f,
  0x72, 0x6c, 0x64, 0x4d, 0x61, 0x74, 0x72, 0x69, 0x78, 0x5b, 0x31, 0x5d,
  0x20, 0x2a, 0x20, 0x00, 0x2e, 0x79, 0x29, 0x20, 0x2b, 0x20, 0x28, 0x28,
  0x28, 0x2a, 0x73, 0x70, 0x76, 0x44, 0x65, 0x73, 0x63, 0x72, 0x69, 0x70,
  0x74, 0x6f, 0x72, 0x53, 0x65, 0x74, 0x30, 0x2e, 0x73, 0x68, 0x61, 0x64,
  0x6f, 0x77, 0x55, 0x6e, 0x69, 0x66, 0x6f, 0x72, 0x6d, 0x73, 0x29, 0x2e,
  0x73, 0x68, 0x61, 0x64, 0x6f, 0x77, 0x73, 0x5b, 0x30, 0x5d, 0x2e, 0x6c,
  0x69, 0x67, 0x68, 0x74, 0x46, 0x72, 0x6f, 0x6d, 0x57, 0x6f, 0x72, 0x6c,
  0x64, 0x4d, 0x61, 0x74, 0x72, 0x69, 0x78, 0x5b, 0x32, 0x5d, 0x20, 0x2a,
  0x20, 0x00, 0x2e, 0x7a, 0x29, 0x20, 0x2b, 0x20, 0x28, 0x2a, 0x73, 0x70,
  0x76, 0x44, 0x65, 0x73, 0x63, 0x72, 0x69, 0x70, 0x74, 0x6f, 0x72, 0x53,
  0x65, 0x74, 0x30, 0x2e, 0x73, 0x68, 0x61, 0x64, 0x6f, 0x77, 0x55, 0x6e,
  0x69, 0x66, 0x6f, 0x72, 0x6d, 0x73, 0x29, 0x2e, 0x73, 0x68, 0x61, 0x64,
  0x6f, 0x77, 0x73, 0x5b, 0x30, 0x5d, 0x2e, 0x6c, 0x69, 0x67, 0x68, 0x74,
  0x46, 0x72, 0x6f, 0x6d, 0x57, 0x6f, 0x72, 0x6c, 0x64, 0x4d, 0x61, 0x74,
  0x72, 0x69, 0x78, 0x5b, 0x33, 0x5d, 0x29, 0x29, 0x3b, 0x0a, 0x00, 0x20,
  0x3d, 0x20, 0x28, 0x6f, 0x62, 0x6a, 0x65, 0x63, 0x74, 0x55, 0x6e, 0x69,
  0x66, 0x6f, 0x72, 0x6d, 0x73, 0x2e, 0x64, 0x61, 0x74, 0x61, 0x5b, 0x6f,
  0x75, 0x74, 0x2e, 0x69, 0x6e, 0x73, 0x74, 0x61, 0x6e, 0x63, 0x65, 0x5f,
  0x69, 0x6e, 0x64, 0x65, 0x78, 0x5d, 0x2e, 0x66, 0x6c, 0x61, 0x67, 0x73,
  0x43, 0x68, 0x61, 0x6e, 0x6e, 0x65, 0x6c, 0x73, 0x20, 0x26, 0x20, 0x32,
  0x35, 0x36, 0x29, 0x20, 0x21, 0x3d, 0x20, 0x30, 0x3b, 0x0a, 0x00, 0x20,
  0x20, 0x20, 0x20, 0x69, 0x66, 0x20, 0x28, 0x28, 0x6f, 0x62, 0x6a, 0x65,
  0x63, 0x74, 0x55, 0x6e, 0x69, 0x66, 0x6f, 0x72, 0x6d, 0x73, 0x2e, 0x64,
  0x61, 0x74, 0x61, 0x5b, 0x6f, 0x75, 0x74, 0x2e, 0x69, 0x6e, 0x73, 0x74,
  0x61, 0x6e, 0x63, 0x65, 0x5f, 0x69, 0x6e, 0x64, 0x65, 0x78, 0x5d, 0x2e,
  0x66, 0x6c, 0x61, 0x67, 0x73, 0x43, 0x68, 0x61, 0x6e, 0x6e, 0x65, 0x6c,
  0x73, 0x20, 0x26, 0x20, 0x31, 0x30, 0x32, 0x34, 0x29, 0x20, 0x21, 0x3d,
  0x20, 0x30, 0x29, 0x0a, 0x00, 0x20, 0x20, 0x20, 0x20, 0x6f, 0x75, 0x74,
  0x2e, 0x76, 0x65, 0x72, 0x74, 0x65, 0x78, 0x5f, 0x77, 0x6f, 0x72, 0x6c,
  0x64, 0x4e, 0x6f, 0x72, 0x6d, 0x61, 0x6c, 0x20, 0x3d, 0x20, 0x6f, 0x62,
  0x6a, 0x65, 0x63, 0x74, 0x55, 0x6e, 0x69, 0x66, 0x6f, 0x72, 0x6d, 0x73,
  0x2e, 0x64, 0x61, 0x74, 0x61, 0x5b, 0x6f, 0x75, 0x74, 0x2e, 0x69, 0x6e,
  0x73, 0x74, 0x61, 0x6e, 0x63, 0x65, 0x5f, 0x69, 0x6e, 0x64, 0x65, 0x78,
  0x5d, 0x2e, 0x77, 0x6f, 0x72, 0x6c, 0x64, 0x46, 0x72, 0x6f, 0x6d, 0x4d,
  0x6f, 0x64, 0x65, 0x6c, 0x4e, 0x6f, 0x72, 0x6d, 0x61, 0x6c, 0x4d, 0x61,
  0x74, 0x72, 0x69, 0x78, 0x20, 0x2a, 0x20, 0x00, 0x5d, 0x2e, 0x66, 0x6c,
  0x61, 0x67, 0x73, 0x43, 0x68, 0x61, 0x6e, 0x6e, 0x65, 0x6c, 0x73, 0x20,
  0x26, 0x20, 0x32, 0x35, 0x36, 0x29, 0x20, 0x21, 0x3d, 0x20, 0x30, 0x3b,
  0x0a, 0x00, 0x5d, 0x2e, 0x66, 0x6c, 0x61, 0x67, 0x73, 0x43, 0x68, 0x61,
  0x6e, 0x6e, 0x65, 0x6c, 0x73, 0x20, 0x26, 0x20, 0x31, 0x30, 0x32, 0x34,
  0x29, 0x20, 0x21, 0x3d, 0x20, 0x30, 0x29, 0x0a, 0x00, 0x5d, 0x2e, 0x77,
  0x6f, 0x72, 0x6c, 0x64, 0x46, 0x72, 0x6f, 0x6d, 0x4d, 0x6f, 0x64, 0x65,
  0x6c, 0x4e, 0x6f, 0x72, 0x6d, 0x61, 0x6c, 0x4d, 0x61, 0x74, 0x72, 0x69,
  0x78, 0x20, 0x2a, 0x20, 0x00, 0x20, 0x20, 0x20, 0x20, 0x6f, 0x75, 0x74,
  0x2e, 0x76, 0x65, 0x72, 0x74, 0x65, 0x78, 0x5f, 0x77, 0x6f, 0x72, 0x6c,
  0x64, 0x50, 0x6f, 0x73, 0x69, 0x74, 0x69, 0x6f, 0x6e, 0x2e, 0x77, 0x20,
  0x3d, 0x20, 0x28, 0x28, 0x28, 0x28, 0x2d, 0x28, 0x28, 0x2a, 0x73, 0x70,
  0x76, 0x44, 0x65, 0x73, 0x63, 0x72, 0x69, 0x70, 0x74, 0x6f, 0x72, 0x53,
  0x65, 0x74, 0x30, 0x2e, 0x66, 0x72, 0x61, 0x6d, 0x65, 0x55, 0x6e, 0x69,
  0x66, 0x6f, 0x72, 0x6d, 0x73, 0x29, 0x2e, 0x76, 0x69, 0x65, 0x77, 0x46,
  0x72, 0x6f, 0x6d, 0x57, 0x6f, 0x72, 0x6c, 0x64, 0x4d, 0x61, 0x74, 0x72,
  0x69, 0x78, 0x20, 0x2a, 0x20, 0x00, 0x29, 0x2e, 0x7a, 0x29, 0x20, 0x2a,
  0x20, 0x28, 0x2a, 0x73, 0x70, 0x76, 0x44, 0x65, 0x73, 0x63, 0x72, 0x69,
  0x70, 0x74, 0x6f, 0x72, 0x53, 0x65, 0x74, 0x30, 0x2e, 0x66, 0x72, 0x61,
  0x6d, 0x65, 0x55, 0x6e, 0x69, 0x66, 0x6f, 0x72, 0x6d, 0x73, 0x29, 0x2e,
  0x6f, 0x6e, 0x65, 0x4f, 0x76, 0x65, 0x72, 0x46, 0x61, 0x72, 0x4d, 0x69,
  0x6e, 0x75, 0x73, 0x4e, 0x65, 0x61, 0x72, 0x29, 0x20, 0x2d, 0x20, 0x28,
  0x2a, 0x73, 0x70, 0x76, 0x44, 0x65, 0x73, 0x63, 0x72, 0x69, 0x70, 0x74,
  0x6f, 0x72, 0x53, 0x65, 0x74, 0x30, 0x2e, 0x66, 0x72, 0x61, 0x6d, 0x65,
  0x55, 0x6e, 0x69, 0x66, 0x6f, 0x72, 0x6d, 0x73, 0x29, 0x2e, 0x6e, 0x65,
  0x61, 0x72, 0x4f, 0x76, 0x65, 0x72, 0x46, 0x61, 0x72, 0x4d, 0x69, 0x6e,
  0x75, 0x73, 0x4e, 0x65, 0x61, 0x72, 0x29, 0x20, 0x2a, 0x20, 0x32, 0x2e,
  0x30, 0x29, 0x20, 0x2d, 0x20, 0x31, 0x2e, 0x30, 0x3b, 0x0a, 0x00, 0x20,
  0x3d, 0x20, 0x28, 0x2a, 0x73, 0x70, 0x76, 0x44, 0x65, 0x73, 0x63, 0x72,
  0x69, 0x70, 0x74, 0x6f, 0x72, 0x53, 0x65, 0x74, 0x30, 0x2e, 0x66, 0x72,
  0x61, 0x6d, 0x65, 0x55, 0x6e, 0x69, 0x66, 0x6f, 0x72, 0x6d, 0x73, 0x29,
  0x2e, 0x63, 0x6c, 0x69, 0x70, 0x46, 0x72, 0x6f, 0x6d, 0x57, 0x6f, 0x72,
  0x6c, 0x64, 0x4d, 0x61, 0x74, 0x72, 0x69, 0x78, 0x5b, 0x73, 0x70, 0x76,
  0x53, 0x4d, 0x6f, 0x64, 0x28, 0x6f, 0x75, 0x74, 0x2e, 0x69, 0x6e, 0x73,
  0x74, 0x61, 0x6e, 0x63, 0x65, 0x5f, 0x69, 0x6e, 0x64, 0x65, 0x78, 0x2c,
  0x20, 0x43, 0x4f, 0x4e, 0x46, 0x49, 0x47, 0x5f, 0x53, 0x54, 0x45, 0x52,
  0x45, 0x4f, 0x5f, 0x45, 0x59, 0x45, 0x5f, 0x43, 0x4f, 0x55, 0x4e, 0x54,
  0x29, 0x5d, 0x20, 0x2a, 0x20, 0x28, 0x28, 0x6f, 0x62, 0x6a, 0x65, 0x63,
  0x74, 0x55, 0x6e, 0x69, 0x66, 0x6f, 0x72, 0x6d, 0x73, 0x2e, 0x64, 0x61,
  0x74, 0x61, 0x5b, 0x00, 0x5d, 0x2e, 0x77, 0x6f, 0x72, 0x6c, 0x64, 0x46,
  0x72, 0x6f, 0x6d, 0x4d, 0x6f, 0x64, 0x65, 0x6c, 0x4d, 0x61, 0x74, 0x72,
  0x69, 0x78, 0x5b, 0x33, 0x5d, 0x29, 0x29, 0x29, 0x3b, 0x0a, 0x00, 0x20,
  0x20, 0x20, 0x20, 0x69, 0x66, 0x20, 0x28, 0x28, 0x6f, 0x62, 0x6a, 0x65,
  0x63, 0x74, 0x55, 0x6e, 0x69, 0x66, 0x6f, 0x72, 0x6d, 0x73, 0x2e, 0x64,
  0x61, 0x74, 0x61, 0x5b, 0x6f, 0x75, 0x74, 0x2e, 0x69, 0x6e, 0x73, 0x74,
  0x61, 0x6e, 0x63, 0x65, 0x5f, 0x69, 0x6e, 0x64, 0x65, 0x78, 0x5d, 0x2e,
  0x66, 0x6c, 0x61, 0x67, 0x73, 0x43, 0x68, 0x61, 0x6e, 0x6e, 0x65, 0x6c,
  0x73, 0x20, 0x26, 0x20, 0x32, 0x35, 0x36, 0x29, 0x20, 0x21, 0x3d, 0x20,
  0x30, 0x29, 0x0a, 0x00, 0x5d, 0x2e, 0x66, 0x6c, 0x61, 0x67, 0x73, 0x43,
  0x68, 0x61, 0x6e, 0x6e, 0x65, 0x6c, 0x73, 0x20, 0x26, 0x20, 0x32, 0x35,
  0x36, 0x29, 0x20, 0x21, 0x3d, 0x20, 0x30, 0x29, 0x0a, 0x00, 0x20, 0x3d,
  0x20, 0x28, 0x2a, 0x73, 0x70, 0x76, 0x44, 0x65, 0x73, 0x63, 0x72, 0x69,
  0x70, 0x74, 0x6f, 0x72, 0x53, 0x65, 0x74, 0x30, 0x2e, 0x66, 0x72, 0x61,
  0x6d, 0x65, 0x55, 0x6e, 0x69, 0x66, 0x6f, 0x72, 0x6d, 0x73, 0x29, 0x2e,
  0x63, 0x6c, 0x69, 0x70, 0x46, 0x72, 0x6f, 0x6d, 0x57, 0x6f, 0x72, 0x6c,
  0x64, 0x4d, 0x61, 0x74, 0x72, 0x69, 0x78, 0x5b, 0x30, 0x5d, 0x20, 0x2a,
  0x20, 0x28, 0x28, 0x6f, 0x62, 0x6a, 0x65, 0x63, 0x74, 0x55, 0x6e, 0x69,
  0x66, 0x6f, 0x72, 0x6d, 0x73, 0x2e, 0x64, 0x61, 0x74, 0x61, 0x5b, 0x6f,
  0x75, 0x74, 0x2e, 0x69, 0x6e, 0x73, 0x74, 0x61, 0x6e, 0x63, 0x65, 0x5f,
  0x69, 0x6e, 0x64, 0x65, 0x78, 0x5d, 0x2e, 0x77, 0x6f, 0x72, 0x6c, 0x64,
  0x46, 0x72, 0x6f, 0x6d, 0x4d, 0x6f, 0x64, 0x65, 0x6c, 0x4d, 0x61, 0x74,
  0x72, 0x69, 0x78, 0x5b, 0x30, 0x5d, 0x20, 0x2a, 0x20, 0x69, 0x6e, 0x2e,
  0x6d, 0x65, 0x73, 0x68, 0x5f, 0x70, 0x6f, 0x73, 0x69, 0x74, 0x69, 0x6f,
  0x6e, 0x2e, 0x78, 0x29, 0x20, 0x2b, 0x20, 0x28, 0x28, 0x6f, 0x62, 0x6a,
  0x65, 0x63, 0x74, 0x55, 0x6e, 0x69, 0x66, 0x6f, 0x72, 0x6d, 0x73, 0x2e,
  0x64, 0x61, 0x74, 0x61, 0x5b, 0x6f, 0x75, 0x74, 0x2e, 0x69, 0x6e, 0x73,
  0x74, 0x61, 0x6e, 0x63, 0x65, 0x5f, 0x69, 0x6e, 0x64, 0x65, 0x78, 0x5d,
  0x2e, 0x77, 0x6f, 0x72, 0x6c, 0x64, 0x46, 0x72, 0x6f, 0x6d, 0x4d, 0x6f,
  0x64, 0x65, 0x6c, 0x4d, 0x61, 0x74, 0x72, 0x69, 0x78, 0x5b, 0x31, 0x5d,
  0x20, 0x2a, 0x20, 0x69, 0x6e, 0x2e, 0x6d, 0x65, 0x73, 0x68, 0x5f, 0x70,
  0x6f, 0x73, 0x69, 0x74, 0x69, 0x6f, 0x6e, 0x2e, 0x79, 0x29, 0x20, 0x2b,
  0x20, 0x28, 0x28, 0x6f, 0x62, 0x6a, 0x65, 0x63, 0x74, 0x55, 0x6e, 0x69,
  0x66, 0x6f, 0x72, 0x6d, 0x73, 0x2e, 0x64, 0x61, 0x74, 0x61, 0x5b, 0x6f,
  0x75, 0x74, 0x2e, 0x69, 0x6e, 0x73, 0x74, 0x61, 0x6e, 0x63, 0x65, 0x5f,
  0x69, 0x6e, 0x64, 0x65, 0x78, 0x5d, 0x2e, 0x77, 0x6f, 0x72, 0x6c, 0x64,
  0x46, 0x72, 0x6f, 0x6d, 0x4d, 0x6f, 0x64, 0x65, 0x6c, 0x4d, 0x61, 0x74,
  0x72, 0x69, 0x78, 0x5b, 0x32, 0x5d, 0x20, 0x2a, 0x20, 0x69, 0x6e, 0x2e,
  0x6d, 0x65, 0x73, 0x68, 0x5f, 0x70, 0x6f, 0x73, 0x69, 0x74, 0x69, 0x6f,
  0x6e, 0x2e, 0x7a, 0x29, 0x20, 0x2b, 0x20, 0x6f, 0x62, 0x6a, 0x65, 0x63,
  0x74, 0x55, 0x6e, 0x69, 0x66, 0x6f, 0x72, 0x6d, 0x73, 0x2e, 0x64, 0x61,
  0x74, 0x61, 0x5b, 0x6f, 0x75, 0x74, 0x2e, 0x69, 0x6e, 0x73, 0x74, 0x61,
  0x6e, 0x63, 0x65, 0x5f, 0x69, 0x6e, 0x64, 0x65, 0x78, 0x5d, 0x2e, 0x77,
  0x6f, 0x72, 0x6c, 0x64, 0x46, 0x72, 0x6f, 0x6d, 0x4d, 0x6f, 0x64, 0x65,
  0x6c, 0x4d, 0x61, 0x74, 0x72, 0x69, 0x78, 0x5b, 0x33, 0x5d, 0x29, 0x29,
  0x29, 0x3b, 0x0a, 0x00, 0x20, 0x3d, 0x20, 0x28, 0x2a, 0x73, 0x70, 0x76,
  0x44, 0x65, 0x73, 0x63, 0x72, 0x69, 0x70, 0x74, 0x6f, 0x72, 0x53, 0x65,
  0x74, 0x30, 0x2e, 0x66, 0x72, 0x61, 0x6d, 0x65, 0x55, 0x6e, 0x69, 0x66,
  0x6f, 0x72, 0x6d, 0x73, 0x29, 0x2e, 0x63, 0x6c, 0x69, 0x70, 0x46, 0x72,
  0x6f, 0x6d, 0x57, 0x6f, 0x72, 0x6c, 0x64, 0x4d, 0x61, 0x74, 0x72, 0x69,
  0x78, 0x5b, 0x30, 0x5d, 0x20, 0x2a, 0x20, 0x28, 0x28, 0x6f, 0x62, 0x6a,
  0x65, 0x63, 0x74, 0x55, 0x6e, 0x69, 0x66, 0x6f, 0x72, 0x6d, 0x73, 0x2e,
  0x64, 0x61, 0x74, 0x61, 0x5b, 0x6f, 0x75, 0x74, 0x2e, 0x69, 0x6e, 0x73,
  0x74, 0x61, 0x6e, 0x63, 0x65, 0x5f, 0x69, 0x6e, 0x64, 0x65, 0x78, 0x5d,
  0x2e, 0x77, 0x6f, 0x72, 0x6c, 0x64, 0x46, 0x72, 0x6f, 0x6d, 0x4d, 0x6f,
  0x64, 0x65, 0x6c, 0x4d, 0x61, 0x74, 0x72, 0x69, 0x78, 0x5b, 0x30, 0x5d,
  0x20, 0x2a, 0x20, 0x00, 0x2e, 0x7a, 0x29, 0x20, 0x2b, 0x20, 0x6f, 0x62,
  0x6a, 0x65, 0x63, 0x74, 0x55, 0x6e, 0x69, 0x66, 0x6f, 0x72, 0x6d, 0x73,
  0x2e, 0x64, 0x61, 0x74, 0x61, 0x5b, 0x6f, 0x75, 0x74, 0x2e, 0x69, 0x6e,
  0x73, 0x74, 0x61, 0x6e, 0x63, 0x65, 0x5f, 0x69, 0x6e, 0x64, 0x65, 0x78,
  0x5d, 0x2e, 0x77, 0x6f, 0x72, 0x6c, 0x64, 0x46, 0x72, 0x6f, 0x6d, 0x4d,
  0x6f, 0x64, 0x65, 0x6c, 0x4d, 0x61, 0x74, 0x72, 0x69, 0x78, 0x5b, 0x33,
  0x5d, 0x29, 0x29, 0x29, 0x3b, 0x0a, 0x00, 0x20, 0x2a, 0x20, 0x00, 0x20,
  0x20, 0x20, 0x20, 0x20, 0x20, 0x20, 0x20, 0x20, 0x20, 0x20, 0x20, 0x66,
  0x6c, 0x6f, 0x61, 0x74, 0x20, 0x00, 0x2e, 0x78, 0x79, 0x2c, 0x20, 0x75,
  0x69, 0x6e, 0x74, 0x28, 0x72, 0x69, 0x6e, 0x74, 0x28, 0x00, 0x20, 0x20,
  0x20, 0x20, 0x20, 0x20, 0x20, 0x20, 0x20, 0x20, 0x20, 0x20, 0x20, 0x20,
  0x20, 0x20, 0x20, 0x20, 0x20, 0x20, 0x20, 0x20, 0x20, 0x20, 0x20, 0x20,
  0x20, 0x20, 0x66, 0x6c, 0x6f, 0x61, 0x74, 0x20, 0x00, 0x20, 0x20, 0x20,
  0x20, 0x20, 0x20, 0x20, 0x20, 0x20, 0x20, 0x20, 0x20, 0x20, 0x20, 0x20,
  0x20, 0x20, 0x20, 0x20, 0x20, 0x00, 0x20, 0x20, 0x20, 0x20, 0x20, 0x20,
  0x20, 0x20, 0x66, 0x6c, 0x6f, 0x61, 0x74, 0x20, 0x00, 0x20, 0x20, 0x20,
  0x20, 0x20, 0x20, 0x20, 0x20, 0x20, 0x20, 0x20, 0x20, 0x20, 0x20, 0x20,
  0x20, 0x7b, 0x0a, 0x00, 0x20, 0x20, 0x20, 0x20, 0x20, 0x20, 0x20, 0x20,
  0x20, 0x20, 0x20, 0x20, 0x20, 0x20, 0x20, 0x20, 0x7d, 0x0a, 0x00, 0x20,
  0x2d, 0x20, 0x00, 0x20, 0x2b, 0x20, 0x00, 0x20, 0x20, 0x20, 0x20, 0x20,
  0x20, 0x20, 0x20, 0x20, 0x20, 0x20, 0x20, 0x20, 0x20, 0x20, 0x20, 0x20,
  0x20, 0x20, 0x20, 0x20, 0x20, 0x20, 0x20, 0x20, 0x20, 0x20, 0x20, 0x20,
  0x20, 0x20, 0x20, 0x00, 0x20, 0x20, 0x20, 0x20, 0x20, 0x20, 0x20, 0x20,
  0x20, 0x20, 0x20, 0x20, 0x20, 0x20, 0x20, 0x20, 0x20, 0x20, 0x20, 0x20,
  0x20, 0x20, 0x20, 0x20, 0x20, 0x20, 0x20, 0x20, 0x20, 0x20, 0x20, 0x20,
  0x66, 0x6c, 0x6f, 0x61, 0x74, 0x20, 0x00, 0x20, 0x20, 0x20, 0x20, 0x20,
  0x20, 0x20, 0x20, 0x20, 0x20, 0x20, 0x20, 0x20, 0x20, 0x20, 0x20, 0x20,
  0x20, 0x20, 0x20, 0x66, 0x6c, 0x6f, 0x61, 0x74, 0x20, 0x00, 0x20, 0x20,
  0x20, 0x20, 0x20, 0x20, 0x20, 0x20, 0x20, 0x20, 0x20, 0x20, 0x20, 0x20,
  0x20, 0x20, 0x20, 0x20, 0x20, 0x20, 0x20, 0x20, 0x20, 0x20, 0x66, 0x6c,
  0x6f, 0x61, 0x74, 0x33, 0x20, 0x00, 0x20, 0x20, 0x20, 0x20, 0x20, 0x20,
  0x20, 0x20, 0x20, 0x20, 0x20, 0x20, 0x20, 0x20, 0x20, 0x20, 0x20, 0x20,
  0x20, 0x20, 0x20, 0x20, 0x20, 0x20, 0x00, 0x20, 0x20, 0x20, 0x20, 0x20,
  0x20, 0x20, 0x20, 0x20, 0x20, 0x20, 0x20, 0x20, 0x20, 0x20, 0x20, 0x66,
  0x6c, 0x6f, 0x61, 0x74, 0x20, 0x00, 0x20, 0x20, 0x20, 0x20, 0x20, 0x20,
  0x20, 0x20, 0x20, 0x20, 0x20, 0x20, 0x69, 0x66, 0x20, 0x28, 0x00, 0x20,
  0x20, 0x20, 0x20, 0x20, 0x20, 0x20, 0x20, 0x72, 0x65, 0x74, 0x75, 0x72,
  0x6e, 0x20, 0x65, 0x6c, 0x65, 0x6d, 0x65, 0x6e, 0x74, 0x73, 0x5b, 0x70,
  0x6f, 0x73, 0x5d, 0x3b, 0x0a, 0x00, 0x29, 0x2c, 0x20, 0x30, 0x2e, 0x30,
  0x2c, 0x20, 0x31, 0x2e, 0x30, 0x29, 0x3b, 0x0a, 0x00, 0x20, 0x20, 0x20,
  0x20, 0x20, 0x20, 0x20, 0x20, 0x20, 0x20, 0x20, 0x20, 0x20, 0x20, 0x20,
  0x20, 0x20, 0x20, 0x20, 0x20, 0x20, 0x20, 0x20, 0x20, 0x66, 0x6c, 0x6f,
  0x61, 0x74, 0x20, 0x00, 0x5d, 0x2e, 0x73, 0x63, 0x69, 0x73, 0x73, 0x6f,
  0x72, 0x4e, 0x6f, 0x72, 0x6d, 0x61, 0x6c, 0x69, 0x7a, 0x65, 0x64, 0x2e,
  0x78, 0x79, 0x2c, 0x20, 0x28, 0x2a, 0x73, 0x70, 0x76, 0x44, 0x65, 0x73,
  0x63, 0x72, 0x69, 0x70, 0x74, 0x6f, 0x72, 0x53, 0x65, 0x74, 0x30, 0x2e,
  0x73, 0x68, 0x61, 0x64, 0x6f, 0x77, 0x55, 0x6e, 0x69, 0x66, 0x6f, 0x72,
  0x6d, 0x73, 0x29, 0x2e, 0x73, 0x68, 0x61, 0x64, 0x6f, 0x77, 0x73, 0x5b,
  0x00, 0x20, 0x20, 0x20, 0x20, 0x20, 0x20, 0x20, 0x20, 0x75, 0x69, 0x6e,
  0x74, 0x20, 0x00, 0x20, 0x20, 0x20, 0x20, 0x20, 0x20, 0x20, 0x20, 0x20,
  0x20, 0x20, 0x20, 0x20, 0x20, 0x20, 0x20, 0x20, 0x20, 0x20, 0x20, 0x20,
  0x20, 0x20, 0x20, 0x20, 0x20, 0x20, 0x20, 0x7b, 0x0a, 0x00, 0x20, 0x20,
  0x20, 0x20, 0x20, 0x20, 0x20, 0x20, 0x65, 0x6c, 0x73, 0x65, 0x0a, 0x00,
  0x20, 0x3d, 0x20, 0x31, 0x2e, 0x30, 0x3b, 0x0a, 0x00, 0x20, 0x20, 0x20,
  0x20, 0x20, 0x20, 0x20, 0x20, 0x69, 0x66, 0x20, 0x28, 0x00, 0x20, 0x20,
  0x20, 0x20, 0x20, 0x20, 0x20, 0x20, 0x20, 0x20, 0x20, 0x20, 0x20, 0x20,
  0x20, 0x20, 0x20, 0x20, 0x20, 0x20, 0x20, 0x20, 0x20, 0x20, 0x20, 0x20,
  0x20, 0x20, 0x00, 0x20, 0x3d, 0x20, 0x66, 0x6c, 0x6f, 0x61, 0x74, 0x33,
  0x28, 0x00, 0x20, 0x20, 0x20, 0x20, 0x20, 0x20, 0x20, 0x20, 0x20, 0x20,
  0x20, 0x20, 0x20, 0x20, 0x20, 0x20, 0x20, 0x20, 0x20, 0x20, 0x20, 0x20,
  0x20, 0x20, 0x20, 0x20, 0x20, 0x20, 0x7d, 0x0a, 0x00, 0x20, 0x3d, 0x20,
  0x66, 0x61, 0x73, 0x74, 0x3a, 0x3a, 0x6d, 0x69, 0x6e, 0x28, 0x00, 0x20,
  0x20, 0x20, 0x20, 0x20, 0x20, 0x20, 0x20, 0x20, 0x20, 0x20, 0x20, 0x20,
  0x20, 0x20, 0x20, 0x20, 0x20, 0x20, 0x20, 0x20, 0x20, 0x20, 0x20, 0x7b,
  0x0a, 0x00, 0x2e, 0x77, 0x29, 0x3b, 0x0a, 0x00, 0x20, 0x20, 0x20, 0x20,
  0x20, 0x20, 0x20, 0x20, 0x20, 0x20, 0x20, 0x20, 0x20, 0x20, 0x20, 0x20,
  0x20, 0x20, 0x20, 0x20, 0x7b, 0x0a, 0x00, 0x20, 0x20, 0x20, 0x20, 0x20,
  0x20, 0x20, 0x20, 0x20, 0x20, 0x20, 0x20, 0x20, 0x20, 0x20, 0x20, 0x69,
  0x66, 0x20, 0x28, 0x00, 0x29, 0x29, 0x20, 0x2a, 0x20, 0x00, 0x20, 0x20,
  0x20, 0x20, 0x20, 0x20, 0x20, 0x20, 0x20, 0x20, 0x20, 0x20, 0x20, 0x20,
  0x20, 0x20, 0x20, 0x20, 0x20, 0x20, 0x66, 0x6c, 0x6f, 0x61, 0x74, 0x33,
  0x20, 0x00, 0x2e, 0x78, 0x79, 0x7a, 0x20, 0x2a, 0x20, 0x28, 0x31, 0x2e,
  0x30, 0x20, 0x2f, 0x20, 0x00, 0x20, 0x20, 0x20, 0x20, 0x20, 0x20, 0x20,
  0x20, 0x20, 0x20, 0x20, 0x20, 0x20, 0x20, 0x20, 0x20, 0x65, 0x6c, 0x73,
  0x65, 0x0a, 0x00, 0x20, 0x3d, 0x20, 0x66, 0x61, 0x73, 0x74, 0x3a, 0x3a,
  0x63, 0x6c, 0x61, 0x6d, 0x70, 0x28, 0x00, 0x20, 0x2d, 0x20, 0x28, 0x00,
  0x20, 0x20, 0x20, 0x20, 0x20, 0x20, 0x20, 0x20, 0x20, 0x20, 0x20, 0x20,
  0x20, 0x20, 0x20, 0x20, 0x20, 0x20, 0x20, 0x20, 0x20, 0x20, 0x20, 0x20,
  0x20, 0x20, 0x20, 0x20, 0x20, 0x20, 0x20, 0x20, 0x20, 0x20, 0x20, 0x20,
  0x00, 0x20, 0x20, 0x20, 0x20, 0x20, 0x20, 0x20, 0x20, 0x20, 0x20, 0x20,
  0x20, 0x20, 0x20, 0x20, 0x20, 0x20, 0x20, 0x20, 0x20, 0x7d, 0x0a, 0x00,
  0x20, 0x20, 0x20, 0x20, 0x0a, 0x00, 0x20, 0x3d, 0x20, 0x31, 0x2e, 0x30,
  0x20, 0x2d, 0x20, 0x00, 0x20, 0x3d, 0x20, 0x28, 0x28, 0x00, 0x29, 0x20,
  0x2b, 0x20, 0x28, 0x28, 0x00, 0x20, 0x3d, 0x20, 0x66, 0x61, 0x73, 0x74,
  0x3a, 0x3a, 0x63, 0x6c, 0x61, 0x6d, 0x70, 0x28, 0x64, 0x6f, 0x74, 0x28,
  0x00, 0x20, 0x20, 0x20, 0x20, 0x20, 0x20, 0x20, 0x20, 0x20, 0x20, 0x20,
  0x20, 0x62, 0x6f, 0x6f, 0x6c, 0x20, 0x00, 0x29, 0x29, 0x20, 0x2b, 0x20,
  0x28, 0x00, 0x20, 0x2a, 0x20, 0x73, 0x71, 0x72, 0x74, 0x28, 0x28, 0x28,
  0x00, 0x29, 0x2c, 0x20, 0x28, 0x2a, 0x73, 0x70, 0x76, 0x44, 0x65, 0x73,
  0x63, 0x72, 0x69, 0x70, 0x74, 0x6f, 0x72, 0x53, 0x65, 0x74, 0x30, 0x2e,
  0x73, 0x68, 0x61, 0x64, 0x6f, 0x77, 0x55, 0x6e, 0x69, 0x66, 0x6f, 0x72,
  0x6d, 0x73, 0x29, 0x2e, 0x73, 0x68, 0x61, 0x64, 0x6f, 0x77, 0x73, 0x5b,
  0x00, 0x63, 0x6f, 0x6e, 0x73, 0x74, 0x61, 0x6e, 0x74, 0x20, 0x62, 0x6f,
  0x6f, 0x6c, 0x20, 0x00, 0x20, 0x20, 0x20, 0x20, 0x20, 0x20, 0x20, 0x20,
  0x20, 0x20, 0x20, 0x20, 0x20, 0x20, 0x20, 0x20, 0x20, 0x20, 0x20, 0x20,
  0x20, 0x20, 0x20, 0x20, 0x20, 0x20, 0x20, 0x20, 0x66, 0x6c, 0x6f, 0x61,
  0x74, 0x33, 0x20, 0x00, 0x20, 0x20, 0x20, 0x20, 0x20, 0x20, 0x20, 0x20,
  0x20, 0x20, 0x20, 0x20, 0x20, 0x20, 0x20, 0x20, 0x20, 0x20, 0x20, 0x20,
  0x20, 0x20, 0x20, 0x20, 0x7d, 0x0a, 0x00, 0x20, 0x3d, 0x20, 0x30, 0x2e,
  0x30, 0x3b, 0x0a, 0x00, 0x20, 0x3d, 0x20, 0x66, 0x61, 0x73, 0x74, 0x3a,
  0x3a, 0x6d, 0x61, 0x78, 0x28, 0x00, 0x20, 0x20, 0x20, 0x20, 0x20, 0x20,
  0x20, 0x20, 0x20, 0x20, 0x20, 0x20, 0x20, 0x20, 0x20, 0x20, 0x20, 0x20,
  0x20, 0x20, 0x20, 0x20, 0x20, 0x20, 0x20, 0x20, 0x20, 0x20, 0x20, 0x20,
  0x20, 0x20, 0x62, 0x72, 0x65, 0x61, 0x6b, 0x3b, 0x0a, 0x00, 0x20, 0x20,
  0x20, 0x20, 0x64, 0x6f, 0x0a, 0x00, 0x20, 0x3e, 0x20, 0x30, 0x2e, 0x30,
  0x29, 0x0a, 0x00, 0x20, 0x20, 0x20, 0x20, 0x7d, 0x20, 0x77, 0x68, 0x69,
  0x6c, 0x65, 0x28, 0x66, 0x61, 0x6c, 0x73, 0x65, 0x29, 0x3b, 0x0a, 0x00,
  0x20, 0x20, 0x20, 0x20, 0x20, 0x20, 0x20, 0x20, 0x20, 0x20, 0x20, 0x20,
  0x20, 0x20, 0x20, 0x20, 0x20, 0x20, 0x20, 0x20, 0x20, 0x20, 0x20, 0x20,
  0x20, 0x20, 0x20, 0x20, 0x20, 0x20, 0x20, 0x20, 0x7b, 0x0a, 0x00, 0x20,
  0x20, 0x20, 0x20, 0x20, 0x20, 0x20, 0x20, 0x20, 0x20, 0x20, 0x20, 0x20,
  0x20, 0x20, 0x20, 0x20, 0x20, 0x20, 0x20, 0x20, 0x20, 0x20, 0x20, 0x20,
  0x20, 0x20, 0x20, 0x20, 0x20, 0x20, 0x20, 0x20, 0x20, 0x20, 0x20, 0x62,
  0x72, 0x65, 0x61, 0x6b, 0x3b, 0x0a, 0x00, 0x20, 0x3d, 0x20, 0x61, 0x62,
  0x73, 0x28, 0x00, 0x20, 0x2a, 0x20, 0x28, 0x00, 0x20, 0x20, 0x20, 0x20,
  0x20, 0x20, 0x20, 0x20, 0x20, 0x20, 0x20, 0x20, 0x20, 0x20, 0x20, 0x20,
  0x20, 0x20, 0x20, 0x20, 0x20, 0x20, 0x20, 0x20, 0x20, 0x20, 0x20, 0x20,
  0x20, 0x20, 0x20, 0x20, 0x7d, 0x0a, 0x00, 0x5d, 0x2e, 0x73, 0x63, 0x69,
  0x73, 0x73, 0x6f, 0x72, 0x4e, 0x6f, 0x72, 0x6d, 0x61, 0x6c, 0x69, 0x7a,
  0x65, 0x64, 0x2e, 0x7a, 0x77, 0x29, 0x2c, 0x20, 0x00, 0x20, 0x2b, 0x20,
  0x28, 0x00, 0x20, 0x20, 0x20, 0x20, 0x20, 0x20, 0x20, 0x20, 0x20, 0x20,
  0x20, 0x20, 0x20, 0x20, 0x20, 0x20, 0x20, 0x20, 0x20, 0x20, 0x20, 0x20,
  0x20, 0x20, 0x20, 0x20, 0x20, 0x20, 0x66, 0x6c, 0x6f, 0x61, 0x74, 0x32,
  0x20, 0x00, 0x20, 0x20, 0x20, 0x20, 0x20, 0x20, 0x20, 0x20, 0x20, 0x20,
  0x20, 0x20, 0x66, 0x6c, 0x6f, 0x61, 0x74, 0x34, 0x20, 0x00, 0x2c, 0x20,
  0x30, 0x2e, 0x30, 0x2c, 0x20, 0x31, 0x2e, 0x30, 0x29, 0x3b, 0x0a, 0x00,
  0x2c, 0x20, 0x31, 0x2e, 0x30, 0x29, 0x3b, 0x0a, 0x00, 0x20, 0x3d, 0x20,
  0x28, 0x28, 0x28, 0x2d, 0x30, 0x2e, 0x31, 0x35, 0x36, 0x35, 0x38, 0x32,
  0x37, 0x29, 0x20, 0x2a, 0x20, 0x00, 0x20, 0x3c, 0x3d, 0x20, 0x00, 0x29,
  0x29, 0x29, 0x3b, 0x0a, 0x00, 0x20, 0x20, 0x20, 0x20, 0x20, 0x20, 0x20,
  0x20, 0x20, 0x20, 0x20, 0x20, 0x20, 0x20, 0x20, 0x20, 0x20, 0x20, 0x20,
  0x20, 0x20, 0x20, 0x20, 0x20, 0x69, 0x6e, 0x74, 0x20, 0x00, 0x20, 0x20,
  0x20, 0x20, 0x20, 0x20, 0x20, 0x20, 0x20, 0x20, 0x20, 0x20, 0x20, 0x20,
  0x20, 0x20, 0x20, 0x20, 0x20, 0x20, 0x20, 0x20, 0x20, 0x20, 0x66, 0x6c,
  0x6f, 0x61, 0x74, 0x32, 0x20, 0x00, 0x29, 0x20, 0x2a, 0x20, 0x28, 0x28,
  0x00, 0x20, 0x20, 0x20, 0x20, 0x20, 0x20, 0x20, 0x20, 0x20, 0x20, 0x20,
  0x20, 0x20, 0x20, 0x20, 0x20, 0x20, 0x20, 0x20, 0x20, 0x20, 0x20, 0x20,
  0x20, 0x20, 0x20, 0x20, 0x20, 0x69, 0x66, 0x20, 0x28, 0x00, 0x2e, 0x7a,
  0x29, 0x29, 0x2c, 0x20, 0x00, 0x20, 0x20, 0x20, 0x20, 0x20, 0x20, 0x20,
  0x20, 0x20, 0x20, 0x20, 0x20, 0x20, 0x20, 0x20, 0x20, 0x20, 0x20, 0x20,
  0x20, 0x20, 0x20, 0x20, 0x20, 0x66, 0x6c, 0x6f, 0x61, 0x74, 0x34, 0x20,
  0x00, 0x2e, 0x7a, 0x29, 0x29, 0x2c, 0x20, 0x6c, 0x65, 0x76, 0x65, 0x6c,
  0x28, 0x00, 0x20, 0x20, 0x20, 0x20, 0x20, 0x20, 0x20, 0x20, 0x20, 0x20,
  0x20, 0x20, 0x20, 0x20, 0x20, 0x20, 0x20, 0x20, 0x20, 0x20, 0x20, 0x20,
  0x20, 0x20, 0x20, 0x20, 0x20, 0x20, 0x62, 0x72, 0x65, 0x61, 0x6b, 0x3b,
  0x0a, 0x00, 0x20, 0x3d, 0x20, 0x66, 0x6c, 0x6f, 0x61, 0x74, 0x33, 0x28,
  0x66, 0x61, 0x73, 0x74, 0x3a, 0x3a, 0x63, 0x6c, 0x61, 0x6d, 0x70, 0x28,
  0x00, 0x20, 0x3d, 0x20, 0x66, 0x6c, 0x6f, 0x61, 0x74, 0x34, 0x28, 0x00,
  0x20, 0x3d, 0x20, 0x6d, 0x69, 0x78, 0x28, 0x00, 0x2c, 0x20, 0x30, 0x2e,
  0x30, 0x29, 0x3b, 0x0a, 0x00, 0x20, 0x20, 0x20, 0x20, 0x20, 0x20, 0x20,
  0x20, 0x20, 0x20, 0x20, 0x20, 0x68, 0x61, 0x6c, 0x66, 0x34, 0x20, 0x00,
  0x20, 0x3d, 0x20, 0x68, 0x61, 0x6c, 0x66, 0x34, 0x28, 0x73, 0x70, 0x76,
  0x44, 0x65, 0x73, 0x63, 0x72, 0x69, 0x70, 0x74, 0x6f, 0x72, 0x53, 0x65,
  0x74, 0x30, 0x2e, 0x73, 0x61, 0x6d, 0x70, 0x6c, 0x65, 0x72, 0x30, 0x5f,
  0x73, 0x73, 0x61, 0x6f, 0x2e, 0x67, 0x61, 0x74, 0x68, 0x65, 0x72, 0x28,
  0x73, 0x70, 0x76, 0x44, 0x65, 0x73, 0x63, 0x72, 0x69, 0x70, 0x74, 0x6f,
  0x72, 0x53, 0x65, 0x74, 0x30, 0x2e, 0x73, 0x61, 0x6d, 0x70, 0x6c, 0x65,
  0x72, 0x30, 0x5f, 0x73, 0x73, 0x61, 0x6f, 0x53, 0x6d, 0x70, 0x6c, 0x72,
  0x2c, 0x20, 0x00, 0x2e, 0x7a, 0x29, 0x29, 0x2c, 0x20, 0x69, 0x6e, 0x74,
  0x32, 0x28, 0x30, 0x29, 0x2c, 0x20, 0x63, 0x6f, 0x6d, 0x70, 0x6f, 0x6e,
  0x65, 0x6e, 0x74, 0x3a, 0x3a, 0x78, 0x29, 0x2c, 0x20, 0x00, 0x20, 0x20,
  0x20, 0x20, 0x20, 0x20, 0x20, 0x20, 0x62, 0x72, 0x65, 0x61, 0x6b, 0x3b,
  0x20, 0x2f, 0x2f, 0x20, 0x75, 0x6e, 0x72, 0x65, 0x61, 0x63, 0x68, 0x61,
  0x62, 0x6c, 0x65, 0x20, 0x77, 0x6f, 0x72, 0x6b, 0x61, 0x72, 0x6f, 0x75,
  0x6e, 0x64, 0x0a, 0x00, 0x29, 0x2c, 0x20, 0x64, 0x6f, 0x74, 0x28, 0x73,
  0x70, 0x76, 0x44, 0x65, 0x73, 0x63, 0x72, 0x69, 0x70, 0x74, 0x6f, 0x72,
  0x53, 0x65, 0x74, 0x30, 0x2e, 0x73, 0x61, 0x6d, 0x70, 0x6c, 0x65, 0x72,
  0x30, 0x5f, 0x73, 0x73, 0x61, 0x6f, 0x2e, 0x67, 0x61, 0x74, 0x68, 0x65,
  0x72, 0x28, 0x73, 0x70, 0x76, 0x44, 0x65, 0x73, 0x63, 0x72, 0x69, 0x70,
  0x74, 0x6f, 0x72, 0x53, 0x65, 0x74, 0x30, 0x2e, 0x73, 0x61, 0x6d, 0x70,
  0x6c, 0x65, 0x72, 0x30, 0x5f, 0x73, 0x73, 0x61, 0x6f, 0x53, 0x6d, 0x70,
  0x6c, 0x72, 0x2c, 0x20, 0x00, 0x29, 0x20, 0x2b, 0x20, 0x31, 0x2e, 0x35,
  0x37, 0x30, 0x37, 0x39, 0x36, 0x29, 0x20, 0x2a, 0x20, 0x73, 0x71, 0x72,
  0x74, 0x28, 0x31, 0x2e, 0x30, 0x20, 0x2d, 0x20, 0x00, 0x20, 0x2f, 0x20,
  0x00, 0x2e, 0x78, 0x29, 0x29, 0x3b, 0x0a, 0x00, 0x29, 0x2c, 0x20, 0x6c,
  0x65, 0x76, 0x65, 0x6c, 0x28, 0x28, 0x2a, 0x73, 0x70, 0x76, 0x44, 0x65,
  0x73, 0x63, 0x72, 0x69, 0x70, 0x74, 0x6f, 0x72, 0x53, 0x65, 0x74, 0x30,
  0x2e, 0x66, 0x72, 0x61, 0x6d, 0x65, 0x55, 0x6e, 0x69, 0x66, 0x6f, 0x72,
  0x6d, 0x73, 0x29, 0x2e, 0x69, 0x62, 0x6c, 0x52, 0x6f, 0x75, 0x67, 0x68,
  0x6e, 0x65, 0x73, 0x73, 0x4f, 0x6e, 0x65, 0x4c, 0x65, 0x76, 0x65, 0x6c,
  0x29, 0x29, 0x29, 0x2e, 0x78, 0x79, 0x7a, 0x29, 0x29, 0x20, 0x2b, 0x20,
  0x66, 0x6c, 0x6f, 0x61, 0x74, 0x33, 0x28, 0x68, 0x61, 0x6c, 0x66, 0x34,
  0x28, 0x73, 0x70, 0x76, 0x44, 0x65, 0x73, 0x63, 0x72, 0x69, 0x70, 0x74,
  0x6f, 0x72, 0x53, 0x65, 0x74, 0x30, 0x2e, 0x73, 0x61, 0x6d, 0x70, 0x6c,
  0x65, 0x72, 0x30, 0x5f, 0x69, 0x62, 0x6c, 0x53, 0x70, 0x65, 0x63, 0x75,
  0x6c, 0x61, 0x72, 0x2e, 0x73, 0x61, 0x6d, 0x70, 0x6c, 0x65, 0x28, 0x73,
  0x70, 0x76, 0x44, 0x65, 0x73, 0x63, 0x72, 0x69, 0x70, 0x74, 0x6f, 0x72,
  0x53, 0x65, 0x74, 0x30, 0x2e, 0x73, 0x61, 0x6d, 0x70, 0x6c, 0x65, 0x72,
  0x30, 0x5f, 0x69, 0x62, 0x6c, 0x53, 0x70, 0x65, 0x63, 0x75, 0x6c, 0x61,
  0x72, 0x53, 0x6d, 0x70, 0x6c, 0x72, 0x2c, 0x20, 0x28, 0x00, 0x29, 0x2c,
  0x20, 0x28, 0x28, 0x28, 0x28, 0x28, 0x28, 0x00, 0x20, 0x2a, 0x20, 0x32,
  0x2e, 0x30, 0x34, 0x30, 0x34, 0x29, 0x20, 0x2d, 0x20, 0x66, 0x6c, 0x6f,
  0x61, 0x74, 0x33, 0x28, 0x30, 0x2e, 0x33, 0x33, 0x32, 0x34, 0x29, 0x29,
  0x20, 0x2a, 0x20, 0x00, 0x20, 0x2a, 0x20, 0x28, 0x2d, 0x34, 0x2e, 0x37,
  0x39, 0x35, 0x31, 0x29, 0x29, 0x20, 0x2b, 0x20, 0x66, 0x6c, 0x6f, 0x61,
  0x74, 0x33, 0x28, 0x30, 0x2e, 0x36, 0x34, 0x31, 0x37, 0x29, 0x29, 0x29,
  0x20, 0x2a, 0x20, 0x00, 0x20, 0x2a, 0x20, 0x32, 0x2e, 0x37, 0x35, 0x35,
  0x32, 0x29, 0x20, 0x2b, 0x20, 0x66, 0x6c, 0x6f, 0x61, 0x74, 0x33, 0x28,
  0x30, 0x2e, 0x36, 0x39, 0x30, 0x33, 0x29, 0x29, 0x29, 0x20, 0x2a, 0x20,
  0x00, 0x5b, 0x00, 0x20, 0x3d, 0x20, 0x28, 0x2a, 0x73, 0x70, 0x76, 0x44,
  0x65, 0x73, 0x63, 0x72, 0x69, 0x70, 0x74, 0x6f, 0x72, 0x53, 0x65, 0x74,
  0x30, 0x2e, 0x6c, 0x69, 0x67, 0x68, 0x74, 0x73, 0x55, 0x6e, 0x69, 0x66,
  0x6f, 0x72, 0x6d, 0x73, 0x29, 0x2e, 0x6c, 0x69, 0x67, 0x68, 0x74, 0x73,
  0x5b, 0x00, 0x20, 0x3c, 0x3d, 0x20, 0x30, 0x2e, 0x30, 0x3b, 0x0a, 0x00,
  0x20, 0x2f, 0x20, 0x28, 0x28, 0x31, 0x2e, 0x30, 0x20, 0x2d, 0x20, 0x28,
  0x00, 0x29, 0x29, 0x2c, 0x20, 0x34, 0x35, 0x33, 0x2e, 0x35, 0x29, 0x3b,
  0x0a, 0x00, 0x20, 0x2b, 0x20, 0x28, 0x28, 0x28, 0x28, 0x00, 0x20, 0x2a,
  0x20, 0x30, 0x2e, 0x33, 0x31, 0x38, 0x33, 0x30, 0x39, 0x38, 0x37, 0x29,
  0x20, 0x2b, 0x20, 0x28, 0x28, 0x28, 0x00, 0x20, 0x2b, 0x20, 0x28, 0x28,
  0x66, 0x6c, 0x6f, 0x61, 0x74, 0x33, 0x28, 0x66, 0x61, 0x73, 0x74, 0x3a,
  0x3a, 0x63, 0x6c, 0x61, 0x6d, 0x70, 0x28, 0x64, 0x6f, 0x74, 0x28, 0x00,
  0x2c, 0x20, 0x66, 0x6c, 0x6f, 0x61, 0x74, 0x33, 0x28, 0x31, 0x36, 0x2e,
  0x35, 0x29, 0x29, 0x2c, 0x20, 0x30, 0x2e, 0x30, 0x2c, 0x20, 0x31, 0x2e,
  0x30, 0x29, 0x29, 0x20, 0x2d, 0x20, 0x00, 0x29, 0x29, 0x29, 0x20, 0x2a,
  0x20, 0x28, 0x28, 0x00, 0x20, 0x2a, 0x20, 0x30, 0x2e, 0x33, 0x31, 0x38,
  0x33, 0x30, 0x39, 0x38, 0x37, 0x29, 0x29, 0x20, 0x2a, 0x20, 0x28, 0x30,
  0x2e, 0x35, 0x20, 0x2f, 0x20, 0x28, 0x28, 0x00, 0x29, 0x29, 0x29, 0x29,
  0x29, 0x29, 0x20, 0x2a, 0x20, 0x00, 0x20, 0x20, 0x20, 0x20, 0x20, 0x20,
  0x20, 0x20, 0x20, 0x20, 0x20, 0x20, 0x20, 0x20, 0x20, 0x20, 0x20, 0x20,
  0x20, 0x20, 0x20, 0x20, 0x20, 0x20, 0x20, 0x20, 0x20, 0x20, 0x65, 0x6c,
  0x73, 0x65, 0x0a, 0x00, 0x20, 0x20, 0x20, 0x20, 0x20, 0x20, 0x20, 0x20,
  0x20, 0x20, 0x20, 0x20, 0x20, 0x20, 0x20, 0x20, 0x20, 0x20, 0x20, 0x20,
  0x66, 0x6c, 0x6f, 0x61, 0x74, 0x32, 0x20, 0x00, 0x20, 0x3d, 0x20, 0x66,
  0x6c, 0x6f, 0x61, 0x74, 0x28, 0x00, 0x20, 0x2b, 0x20, 0x66, 0x6c, 0x6f,
  0x61, 0x74, 0x32, 0x28, 0x00, 0x29, 0x20, 0x2a, 0x20, 0x73, 0x70, 0x76,
  0x44, 0x65, 0x73, 0x63, 0x72, 0x69, 0x70, 0x74, 0x6f, 0x72, 0x53, 0x65,
  0x74, 0x30, 0x2e, 0x73, 0x61, 0x6d, 0x70, 0x6c, 0x65, 0x72, 0x30, 0x5f,
  0x73, 0x68, 0x61, 0x64, 0x6f, 0x77, 0x4d, 0x61, 0x70, 0x2e, 0x73, 0x61,
  0x6d, 0x70, 0x6c, 0x65, 0x5f, 0x63, 0x6f, 0x6d, 0x70, 0x61, 0x72, 0x65,
  0x28, 0x73, 0x70, 0x76, 0x44, 0x65, 0x73, 0x63, 0x72, 0x69, 0x70, 0x74,
  0x6f, 0x72, 0x53, 0x65, 0x74, 0x30, 0x2e, 0x73, 0x61, 0x6d, 0x70, 0x6c,
  0x65, 0x72, 0x30, 0x5f, 0x73, 0x68, 0x61, 0x64, 0x6f, 0x77, 0x4d, 0x61,
  0x70, 0x53, 0x6d, 0x70, 0x6c, 0x72, 0x2c, 0x20, 0x00, 0x20, 0x3d, 0x20,
  0x66, 0x6c, 0x6f, 0x61, 0x74, 0x33, 0x28, 0x28, 0x00, 0x2e, 0x78, 0x79,
  0x20, 0x2a, 0x20, 0x30, 0x2e, 0x35, 0x29, 0x20, 0x2b, 0x20, 0x66, 0x6c,
  0x6f, 0x61, 0x74, 0x32, 0x28, 0x30, 0x2e, 0x35, 0x29, 0x2c, 0x20, 0x00,
  0x20, 0x3d, 0x20, 0x66, 0x61, 0x73, 0x74, 0x3a, 0x3a, 0x63, 0x6c, 0x61,
  0x6d, 0x70, 0x28, 0x28, 0x28, 0x00, 0x20, 0x2f, 0x20, 0x28, 0x00, 0x29,
  0x29, 0x29, 0x20, 0x2d, 0x20, 0x28, 0x2a, 0x73, 0x70, 0x76, 0x44, 0x65,
  0x73, 0x63, 0x72, 0x69, 0x70, 0x74, 0x6f, 0x72, 0x53, 0x65, 0x74, 0x30,
  0x2e, 0x66, 0x72, 0x61, 0x6d, 0x65, 0x55, 0x6e, 0x69, 0x66, 0x6f, 0x72,
  0x6d, 0x73, 0x29, 0x2e, 0x76, 0x73, 0x6d, 0x4c, 0x69, 0x67, 0x68, 0x74,
  0x42, 0x6c, 0x65, 0x65, 0x64, 0x52, 0x65, 0x64, 0x75, 0x63, 0x74, 0x69,
  0x6f, 0x6e, 0x29, 0x20, 0x2f, 0x20, 0x28, 0x31, 0x2e, 0x30, 0x20, 0x2d,
  0x20, 0x28, 0x2a, 0x73, 0x70, 0x76, 0x44, 0x65, 0x73, 0x63, 0x72, 0x69,
  0x70, 0x74, 0x6f, 0x72, 0x53, 0x65, 0x74, 0x30, 0x2e, 0x66, 0x72, 0x61,
  0x6d, 0x65, 0x55, 0x6e, 0x69, 0x66, 0x6f, 0x72, 0x6d, 0x73, 0x29, 0x2e,
  0x76, 0x73, 0x6d, 0x4c, 0x69, 0x67, 0x68, 0x74, 0x42, 0x6c, 0x65, 0x65,
  0x64, 0x52, 0x65, 0x64, 0x75, 0x63, 0x74, 0x69, 0x6f, 0x6e, 0x29, 0x2c,
  0x20, 0x30, 0x2e, 0x30, 0x2c, 0x20, 0x31, 0x2e, 0x30, 0x29, 0x3b, 0x0a,
  0x00, 0x20, 0x20, 0x20, 0x20, 0x20, 0x20, 0x20, 0x20, 0x20, 0x20, 0x20,
  0x20, 0x20, 0x20, 0x20, 0x20, 0x20, 0x20, 0x20, 0x20, 0x20, 0x20, 0x20,
  0x20, 0x20, 0x20, 0x20, 0x20, 0x20, 0x20, 0x20, 0x20, 0x69, 0x66, 0x20,
  0x28, 0x00, 0x20, 0x3d, 0x20, 0x66, 0x6c, 0x6f, 0x61, 0x74, 0x34, 0x28,
  0x66, 0x61, 0x73, 0x74, 0x3a, 0x3a, 0x63, 0x6c, 0x61, 0x6d, 0x70, 0x28,
  0x00, 0x5d, 0x2e, 0x73, 0x63, 0x69, 0x73, 0x73, 0x6f, 0x72, 0x4e, 0x6f,
  0x72, 0x6d, 0x61, 0x6c, 0x69, 0x7a, 0x65, 0x64, 0x2e, 0x7a, 0x77, 0x29,
  0x3b, 0x0a, 0x00, 0x2e, 0x78, 0x20, 0x2b, 0x20, 0x00, 0x2e, 0x79, 0x29,
  0x20, 0x2b, 0x20, 0x00, 0x20, 0x20, 0x20, 0x20, 0x20, 0x20, 0x20, 0x20,
  0x20, 0x20, 0x20, 0x20, 0x20, 0x20, 0x20, 0x20, 0x20, 0x20, 0x20, 0x20,
  0x62, 0x72, 0x65, 0x61, 0x6b, 0x3b, 0x0a, 0x00, 0x20, 0x3d, 0x20, 0x28,
  0x2a, 0x73, 0x70, 0x76, 0x44, 0x65, 0x73, 0x63, 0x72, 0x69, 0x70, 0x74,
  0x6f, 0x72, 0x53, 0x65, 0x74, 0x30, 0x2e, 0x73, 0x68, 0x61, 0x64, 0x6f,
  0x77, 0x55, 0x6e, 0x69, 0x66, 0x6f, 0x72, 0x6d, 0x73, 0x29, 0x2e, 0x73,
  0x68, 0x61, 0x64, 0x6f, 0x77, 0x73, 0x5b, 0x00, 0x20, 0x20, 0x20, 0x20,
  0x20, 0x20, 0x20, 0x20, 0x20, 0x20, 0x20, 0x20, 0x20, 0x20, 0x20, 0x20,
  0x20, 0x20, 0x20, 0x20, 0x66, 0x6c, 0x6f, 0x61, 0x74, 0x34, 0x20, 0x00,
  0x20, 0x20, 0x20, 0x20, 0x20, 0x20, 0x20, 0x20, 0x20, 0x20, 0x20, 0x20,
  0x20, 0x20, 0x20, 0x20, 0x20, 0x20, 0x20, 0x20, 0x20, 0x20, 0x20, 0x20,
  0x20, 0x20, 0x20, 0x20, 0x66, 0x6c, 0x6f, 0x61, 0x74, 0x34, 0x20, 0x00,
  0x20, 0x20, 0x20, 0x20, 0x20, 0x20, 0x20, 0x20, 0x20, 0x20, 0x20, 0x20,
  0x20, 0x20, 0x20, 0x20, 0x20, 0x20, 0x20, 0x20, 0x20, 0x20, 0x20, 0x20,
  0x20, 0x20, 0x20, 0x20, 0x20, 0x20, 0x20, 0x20, 0x66, 0x6c, 0x6f, 0x61,
  0x74, 0x32, 0x20, 0x00, 0x20, 0x20, 0x20, 0x20, 0x20, 0x20, 0x20, 0x20,
  0x20, 0x20, 0x20, 0x20, 0x20, 0x20, 0x20, 0x20, 0x20, 0x20, 0x20, 0x20,
  0x20, 0x20, 0x20, 0x20, 0x62, 0x72, 0x65, 0x61, 0x6b, 0x3b, 0x0a, 0x00,
  0x20, 0x20, 0x20, 0x20, 0x20, 0x20, 0x20, 0x20, 0x20, 0x20, 0x20, 0x20,
  0x20, 0x20, 0x20, 0x20, 0x20, 0x20, 0x20, 0x20, 0x20, 0x20, 0x20, 0x20,
  0x20, 0x20, 0x20, 0x20, 0x68, 0x61, 0x6c, 0x66, 0x20, 0x00, 0x29, 0x20,
  0x2d, 0x20, 0x00, 0x29, 0x20, 0x3d, 0x3d, 0x20, 0x30, 0x29, 0x0a, 0x00,
  0x20, 0x3d, 0x20, 0x31, 0x2e, 0x30, 0x20, 0x2d, 0x20, 0x66, 0x61, 0x73,
  0x74, 0x3a, 0x3a, 0x63, 0x6c, 0x61, 0x6d, 0x70, 0x28, 0x64, 0x6f, 0x74,
  0x28, 0x00, 0x20, 0x3c, 0x3d, 0x20, 0x30, 0x2e, 0x30, 0x29, 0x0a, 0x00,
  0x20, 0x20, 0x20, 0x20, 0x20, 0x20, 0x20, 0x20, 0x62, 0x72, 0x65, 0x61,
  0x6b, 0x3b, 0x0a, 0x00, 0x20, 0x20, 0x20, 0x20, 0x20, 0x20, 0x20, 0x20,
  0x20, 0x20, 0x20, 0x20, 0x20, 0x20, 0x20, 0x20, 0x20, 0x20, 0x20, 0x20,
  0x65, 0x6c, 0x73, 0x65, 0x0a, 0x00, 0x2e, 0x78, 0x79, 0x2c, 0x20, 0x28,
  0x2a, 0x73, 0x70, 0x76, 0x44, 0x65, 0x73, 0x63, 0x72, 0x69, 0x70, 0x74,
  0x6f, 0x72, 0x53, 0x65, 0x74, 0x30, 0x2e, 0x73, 0x68, 0x61, 0x64, 0x6f,
  0x77, 0x55, 0x6e, 0x69, 0x66, 0x6f, 0x72, 0x6d, 0x73, 0x29, 0x2e, 0x73,
  0x68, 0x61, 0x64, 0x6f, 0x77, 0x73, 0x5b, 0x00, 0x5d, 0x2e, 0x73, 0x63,
  0x69, 0x73, 0x73, 0x6f, 0x72, 0x4e, 0x6f, 0x72, 0x6d, 0x61, 0x6c, 0x69,
  0x7a, 0x65, 0x64, 0x2e, 0x7a, 0x77, 0x29, 0x2c, 0x20, 0x66, 0x6c, 0x6f,
  0x61, 0x74, 0x28, 0x00, 0x20, 0x3d, 0x20, 0x68, 0x61, 0x6c, 0x66, 0x32,
  0x28, 0x66, 0x6c, 0x6f, 0x61, 0x74, 0x32, 0x28, 0x61, 0x73, 0x5f, 0x74,
  0x79, 0x70, 0x65, 0x3c, 0x68, 0x61, 0x6c, 0x66, 0x32, 0x3e, 0x28, 0x28,
  0x2a, 0x73, 0x70, 0x76, 0x44, 0x65, 0x73, 0x63, 0x72, 0x69, 0x70, 0x74,
  0x6f, 0x72, 0x53, 0x65, 0x74, 0x30, 0x2e, 0x73, 0x68, 0x61, 0x64, 0x6f,
  0x77, 0x55, 0x6e, 0x69, 0x66, 0x6f, 0x72, 0x6d, 0x73, 0x29, 0x2e, 0x73,
  0x68, 0x61, 0x64, 0x6f, 0x77, 0x73, 0x5b, 0x00, 0x2e, 0x78, 0x79, 0x20,
  0x2b, 0x20, 0x28, 0x00, 0x20, 0x20, 0x20, 0x20, 0x20, 0x20, 0x20, 0x20,
  0x20, 0x20, 0x20, 0x20, 0x66, 0x6c, 0x6f, 0x61, 0x74, 0x32, 0x20, 0x00,
  0x20, 0x3d, 0x20, 0x63, 0x72, 0x6f, 0x73, 0x73, 0x28, 0x00, 0x20, 0x20,
  0x20, 0x20, 0x20, 0x20, 0x20, 0x20, 0x62, 0x6f, 0x6f, 0x6c, 0x20, 0x00,
  0x20, 0x3d, 0x20, 0x64, 0x6f, 0x74, 0x28, 0x28, 0x2a, 0x73, 0x70, 0x76,
  0x44, 0x65, 0x73, 0x63, 0x72, 0x69, 0x70, 0x74, 0x6f, 0x72, 0x53, 0x65,
  0x74, 0x30, 0x2e, 0x73, 0x68, 0x61, 0x64, 0x6f, 0x77, 0x55, 0x6e, 0x69,
  0x66, 0x6f, 0x72, 0x6d, 0x73, 0x29, 0x2e, 0x73, 0x68, 0x61, 0x64, 0x6f,
  0x77, 0x73, 0x5b, 0x00, 0x5d, 0x2e, 0x6c, 0x69, 0x67, 0x68, 0x74, 0x46,
  0x72, 0x6f, 0x6d, 0x57, 0x6f, 0x72, 0x6c, 0x64, 0x5a, 0x2c, 0x20, 0x66,
  0x6c, 0x6f, 0x61, 0x74, 0x34, 0x28, 0x69, 0x6e, 0x2e, 0x76, 0x65, 0x72,
  0x74, 0x65, 0x78, 0x5f, 0x77, 0x6f, 0x72, 0x6c, 0x64, 0x50, 0x6f, 0x73,
  0x69, 0x74, 0x69, 0x6f, 0x6e, 0x2e, 0x78, 0x79, 0x7a, 0x2c, 0x20, 0x31,
  0x2e, 0x30, 0x29, 0x29, 0x3b, 0x0a, 0x00, 0x20, 0x20, 0x20, 0x20, 0x20,
  0x20, 0x20, 0x20, 0x20, 0x20, 0x20, 0x20, 0x20, 0x20, 0x20, 0x20, 0x20,
  0x20, 0x20, 0x20, 0x69, 0x6e, 0x74, 0x20, 0x00, 0x20, 0x3d, 0x3d, 0x20,
  0x00, 0x20, 0x3d, 0x20, 0x66, 0x6c, 0x6f, 0x61, 0x74, 0x33, 0x78, 0x32,
  0x28, 0x28, 0x2a, 0x73, 0x70, 0x76, 0x44, 0x65, 0x73, 0x63, 0x72, 0x69,
  0x70, 0x74, 0x6f, 0x72, 0x53, 0x65, 0x74, 0x30, 0x2e, 0x73, 0x68, 0x61,
  0x64, 0x6f, 0x77, 0x55, 0x6e, 0x69, 0x66, 0x6f, 0x72, 0x6d, 0x73, 0x29,
  0x2e, 0x73, 0x68, 0x61, 0x64, 0x6f, 0x77, 0x73, 0x5b, 0x00, 0x5d, 0x2e,
  0x6c, 0x69, 0x67, 0x68, 0x74, 0x46, 0x72, 0x6f, 0x6d, 0x57, 0x6f, 0x72,
  0x6c, 0x64, 0x4d, 0x61, 0x74, 0x72, 0x69, 0x78, 0x5b, 0x30, 0x5d, 0x2e,
  0x78, 0x79, 0x2c, 0x20, 0x28, 0x2a, 0x73, 0x70, 0x76, 0x44, 0x65, 0x73,
  0x63, 0x72, 0x69, 0x70, 0x74, 0x6f, 0x72, 0x53, 0x65, 0x74, 0x30, 0x2e,
  0x73, 0x68, 0x61, 0x64, 0x6f, 0x77, 0x55, 0x6e, 0x69, 0x66, 0x6f, 0x72,
  0x6d, 0x73, 0x29, 0x2e, 0x73, 0x68, 0x61, 0x64, 0x6f, 0x77, 0x73, 0x5b,
  0x00, 0x5d, 0x2e, 0x6c, 0x69, 0x67, 0x68, 0x74, 0x46, 0x72, 0x6f, 0x6d,
  0x57, 0x6f, 0x72, 0x6c, 0x64, 0x4d, 0x61, 0x74, 0x72, 0x69, 0x78, 0x5b,
  0x31, 0x5d, 0x2e, 0x78, 0x79, 0x2c, 0x20, 0x28, 0x2a, 0x73, 0x70, 0x76,
  0x44, 0x65, 0x73, 0x63, 0x72, 0x69, 0x70, 0x74, 0x6f, 0x72, 0x53, 0x65,
  0x74, 0x30, 0x2e, 0x73, 0x68, 0x61, 0x64, 0x6f, 0x77, 0x55, 0x6e, 0x69,
  0x66, 0x6f, 0x72, 0x6d, 0x73, 0x29, 0x2e, 0x73, 0x68, 0x61, 0x64, 0x6f,
  0x77, 0x73, 0x5b, 0x00, 0x5d, 0x2e, 0x6c, 0x69, 0x67, 0x68, 0x74, 0x46,
  0x72, 0x6f, 0x6d, 0x57, 0x6f, 0x72, 0x6c, 0x64, 0x4d, 0x61, 0x74, 0x72,
  0x69, 0x78, 0x5b, 0x32, 0x5d, 0x2e, 0x78, 0x79, 0x29, 0x20, 0x2a, 0x20,
  0x00, 0x20, 0x3d, 0x20, 0x69, 0x6e, 0x2e, 0x76, 0x65, 0x72, 0x74, 0x65,
  0x78, 0x5f, 0x77, 0x6f, 0x72, 0x6c, 0x64, 0x50, 0x6f, 0x73, 0x69, 0x74,
  0x69, 0x6f, 0x6e, 0x2e, 0x78, 0x79, 0x7a, 0x20, 0x2b, 0x20, 0x28, 0x00,
  0x20, 0x2a, 0x20, 0x28, 0x61, 0x62, 0x73, 0x28, 0x00, 0x20, 0x3d, 0x20,
  0x28, 0x28, 0x2a, 0x73, 0x70, 0x76, 0x44, 0x65, 0x73, 0x63, 0x72, 0x69,
  0x70, 0x74, 0x6f, 0x72, 0x53, 0x65, 0x74, 0x30, 0x2e, 0x73, 0x68, 0x61,
  0x64, 0x6f, 0x77, 0x55, 0x6e, 0x69, 0x66, 0x6f, 0x72, 0x6d, 0x73, 0x29,
  0x2e, 0x73, 0x68, 0x61, 0x64, 0x6f, 0x77, 0x73, 0x5b, 0x00, 0x5d, 0x2e,
  0x6c, 0x69, 0x67, 0x68, 0x74, 0x46, 0x72, 0x6f, 0x6d, 0x57, 0x6f, 0x72,
  0x6c, 0x64, 0x4d, 0x61, 0x74, 0x72, 0x69, 0x78, 0x5b, 0x30, 0x5d, 0x20,
  0x2a, 0x20, 0x00, 0x2e, 0x78, 0x29, 0x20, 0x2b, 0x20, 0x28, 0x28, 0x28,
  0x2a, 0x73, 0x70, 0x76, 0x44, 0x65, 0x73, 0x63, 0x72, 0x69, 0x70, 0x74,
  0x6f, 0x72, 0x53, 0x65, 0x74, 0x30, 0x2e, 0x73, 0x68, 0x61, 0x64, 0x6f,
  0x77, 0x55, 0x6e, 0x69, 0x66, 0x6f, 0x72, 0x6d, 0x73, 0x29, 0x2e, 0x73,
  0x68, 0x61, 0x64, 0x6f, 0x77, 0x73, 0x5b, 0x00, 0x5d, 0x2e, 0x6c, 0x69,
  0x67, 0x68, 0x74, 0x46, 0x72, 0x6f, 0x6d, 0x57, 0x6f, 0x72, 0x6c, 0x64,
  0x4d, 0x61, 0x74, 0x72, 0x69, 0x78, 0x5b, 0x31, 0x5d, 0x20, 0x2a, 0x20,
  0x00, 0x2e, 0x79, 0x29, 0x20, 0x2b, 0x20, 0x28, 0x28, 0x28, 0x2a, 0x73,
  0x70, 0x76, 0x44, 0x65, 0x73, 0x63, 0x72, 0x69, 0x70, 0x74, 0x6f, 0x72,
  0x53, 0x65, 0x74, 0x30, 0x2e, 0x73, 0x68, 0x61, 0x64, 0x6f, 0x77, 0x55,
  0x6e, 0x69, 0x66, 0x6f, 0x72, 0x6d, 0x73, 0x29, 0x2e, 0x73, 0x68, 0x61,
  0x64, 0x6f, 0x77, 0x73, 0x5b, 0x00, 0x5d, 0x2e, 0x6c, 0x69, 0x67, 0x68,
  0x74, 0x46, 0x72, 0x6f, 0x6d, 0x57, 0x6f, 0x72, 0x6c, 0x64, 0x4d, 0x61,
  0x74, 0x72, 0x69, 0x78, 0x5b, 0x32, 0x5d, 0x20, 0x2a, 0x20, 0x00, 0x2e,
  0x7a, 0x29, 0x20, 0x2b, 0x20, 0x28, 0x2a, 0x73, 0x70, 0x76, 0x44, 0x65,
  0x73, 0x63, 0x72, 0x69, 0x70, 0x74, 0x6f, 0x72, 0x53, 0x65, 0x74, 0x30,
  0x2e, 0x73, 0x68, 0x61, 0x64, 0x6f, 0x77, 0x55, 0x6e, 0x69, 0x66, 0x6f,
  0x72, 0x6d, 0x73, 0x29, 0x2e, 0x73, 0x68, 0x61, 0x64, 0x6f, 0x77, 0x73,
  0x5b, 0x00, 0x5d, 0x2e, 0x6c, 0x69, 0x67, 0x68, 0x74, 0x46, 0x72, 0x6f,
  0x6d, 0x57, 0x6f, 0x72, 0x6c, 0x64, 0x4d, 0x61, 0x74, 0x72, 0x69, 0x78,
  0x5b, 0x33, 0x5d, 0x29, 0x29, 0x3b, 0x0a, 0x00, 0x20, 0x20, 0x20, 0x20,
  0x20, 0x20, 0x20, 0x20, 0x20, 0x20, 0x20, 0x20, 0x20, 0x20, 0x20, 0x20,
  0x20, 0x20, 0x20, 0x20, 0x20, 0x20, 0x20, 0x20, 0x20, 0x20, 0x20, 0x20,
  0x20, 0x20, 0x20, 0x20, 0x66, 0x6c, 0x6f, 0x61, 0x74, 0x34, 0x20, 0x00,
  0x2e, 0x78, 0x79, 0x20, 0x2a, 0x20, 0x28, 0x31, 0x2e, 0x30, 0x20, 0x2f,
  0x20, 0x00, 0x29, 0x2c, 0x20, 0x30, 0x2e, 0x30, 0x30, 0x32, 0x20, 0x2a,
  0x20, 0x28, 0x00, 0x20, 0x3d, 0x20, 0x64, 0x6f, 0x74, 0x28, 0x00, 0x20,
  0x20, 0x20, 0x20, 0x66, 0x6c, 0x6f, 0x61, 0x74, 0x34, 0x20, 0x66, 0x72,
  0x61, 0x67, 0x43, 0x6f, 0x6c, 0x6f, 0x72, 0x20, 0x5b, 0x5b, 0x63, 0x6f,
  0x6c, 0x6f, 0x72, 0x28, 0x30, 0x29, 0x5d, 0x5d, 0x3b, 0x0a, 0x00, 0x29,
  0x20, 0x2d, 0x20, 0x28, 0x00, 0x20, 0x20, 0x20, 0x20, 0x20, 0x20, 0x20,
  0x20, 0x20, 0x20, 0x20, 0x20, 0x20, 0x20, 0x20, 0x20, 0x20, 0x20, 0x20,
  0x20, 0x69, 0x66, 0x20, 0x28, 0x00, 0x20, 0x20, 0x20, 0x20, 0x20, 0x20,
  0x20, 0x20, 0x20, 0x20, 0x20, 0x20, 0x20, 0x20, 0x20, 0x20, 0x20, 0x20,
  0x20, 0x20, 0x20, 0x20, 0x20, 0x20, 0x64, 0x6f, 0x0a, 0x00, 0x20, 0x20,
  0x20, 0x20, 0x20, 0x20, 0x20, 0x20, 0x20, 0x20, 0x20, 0x20, 0x20, 0x20,
  0x20, 0x20, 0x20, 0x20, 0x20, 0x20, 0x20, 0x20, 0x20, 0x20, 0x7d, 0x20,
  0x77, 0x68, 0x69, 0x6c, 0x65, 0x28, 0x66, 0x61, 0x6c, 0x73, 0x65, 0x29,
  0x3b, 0x0a, 0x00, 0x20, 0x20, 0x20, 0x20, 0x20, 0x20, 0x20, 0x20, 0x20,
  0x20, 0x20, 0x20, 0x20, 0x20, 0x20, 0x20, 0x20, 0x20, 0x20, 0x20, 0x20,
  0x20, 0x20, 0x20, 0x20, 0x20, 0x20, 0x20, 0x64, 0x6f, 0x0a, 0x00, 0x20,
  0x20, 0x20, 0x20, 0x20, 0x20, 0x20, 0x20, 0x20, 0x20, 0x20, 0x20, 0x20,
  0x20, 0x20, 0x20, 0x20, 0x20, 0x20, 0x20, 0x20, 0x20, 0x20, 0x20, 0x20,
  0x20, 0x20, 0x20, 0x7d, 0x20, 0x77, 0x68, 0x69, 0x6c, 0x65, 0x28, 0x66,
  0x61, 0x6c, 0x73, 0x65, 0x29, 0x3b, 0x0a, 0x00, 0x20, 0x3d, 0x20, 0x28,
  0x2d, 0x31, 0x2e, 0x30, 0x29, 0x20, 0x2f, 0x20, 0x00, 0x23, 0x70, 0x72,
  0x61, 0x67, 0x6d, 0x61, 0x20, 0x63, 0x6c, 0x61, 0x6e, 0x67, 0x20, 0x64,
  0x69, 0x61, 0x67, 0x6e, 0x6f, 0x73, 0x74, 0x69, 0x63, 0x20, 0x69, 0x67,
  0x6e, 0x6f, 0x72, 0x65, 0x64, 0x20, 0x22, 0x2d, 0x57, 0x6d, 0x69, 0x73,
  0x73, 0x69, 0x6e, 0x67, 0x2d, 0x62, 0x72, 0x61, 0x63, 0x65, 0x73, 0x22,
  0x0a, 0x00, 0x74, 0x65, 0x6d, 0x70, 0x6c, 0x61, 0x74, 0x65, 0x3c, 0x74,
  0x79, 0x70, 0x65, 0x6e, 0x61, 0x6d, 0x65, 0x20, 0x54, 0x2c, 0x20, 0x73,
  0x69, 0x7a, 0x65, 0x5f, 0x74, 0x20, 0x4e, 0x75, 0x6d, 0x3e, 0x0a, 0x00,
  0x73, 0x74, 0x72, 0x75, 0x63, 0x74, 0x20, 0x73, 0x70, 0x76, 0x55, 0x6e,
  0x73, 0x61, 0x66, 0x65, 0x41, 0x72, 0x72, 0x61, 0x79, 0x0a, 0x00, 0x20,
  0x20, 0x20, 0x20, 0x54, 0x20, 0x65, 0x6c, 0x65, 0x6d, 0x65, 0x6e, 0x74,
  0x73, 0x5b, 0x4e, 0x75, 0x6d, 0x20, 0x3f, 0x20, 0x4e, 0x75, 0x6d, 0x20,
  0x3a, 0x20, 0x31, 0x5d, 0x3b, 0x0a, 0x00, 0x20, 0x20, 0x20, 0x20, 0x74,
  0x68, 0x72, 0x65, 0x61, 0x64, 0x20, 0x54, 0x26, 0x20, 0x6f, 0x70, 0x65,
  0x72, 0x61, 0x74, 0x6f, 0x72, 0x20, 0x5b, 0x5d, 0x20, 0x28, 0x73, 0x69,
  0x7a, 0x65, 0x5f, 0x74, 0x20, 0x70, 0x6f, 0x73, 0x29, 0x20, 0x74, 0x68,
  0x72, 0x65, 0x61, 0x64, 0x0a, 0x00, 0x20, 0x20, 0x20, 0x20, 0x63, 0x6f,
  0x6e, 0x73, 0x74, 0x65, 0x78, 0x70, 0x72, 0x20, 0x63, 0x6f, 0x6e, 0x73,
  0x74, 0x20, 0x74, 0x68, 0x72, 0x65, 0x61, 0x64, 0x20, 0x54, 0x26, 0x20,
  0x6f, 0x70, 0x65, 0x72, 0x61, 0x74, 0x6f, 0x72, 0x20, 0x5b, 0x5d, 0x20,
  0x28, 0x73, 0x69, 0x7a, 0x65, 0x5f, 0x74, 0x20, 0x70, 0x6f, 0x73, 0x29,
  0x20, 0x63, 0x6f, 0x6e, 0x73, 0x74, 0x20, 0x74, 0x68, 0x72, 0x65, 0x61,
  0x64, 0x0a, 0x00, 0x20, 0x20, 0x20, 0x20, 0x64, 0x65, 0x76, 0x69, 0x63,
  0x65, 0x20, 0x54, 0x26, 0x20, 0x6f, 0x70, 0x65, 0x72, 0x61, 0x74, 0x6f,
  0x72, 0x20, 0x5b, 0x5d, 0x20, 0x28, 0x73, 0x69, 0x7a, 0x65, 0x5f, 0x74,
  0x20, 0x70, 0x6f, 0x73, 0x29, 0x20, 0x64, 0x65, 0x76, 0x69, 0x63, 0x65,
  0x0a, 0x00, 0x20, 0x20, 0x20, 0x20, 0x63, 0x6f, 0x6e, 0x73, 0x74, 0x65,
  0x78, 0x70, 0x72, 0x20, 0x63, 0x6f, 0x6e, 0x73, 0x74, 0x20, 0x64, 0x65,
  0x76, 0x69, 0x63, 0x65, 0x20, 0x54, 0x26, 0x20, 0x6f, 0x70, 0x65, 0x72,
  0x61, 0x74, 0x6f, 0x72, 0x20, 0x5b, 0x5d, 0x20, 0x28, 0x73, 0x69, 0x7a,
  0x65, 0x5f, 0x74, 0x20, 0x70, 0x6f, 0x73, 0x29, 0x20, 0x63, 0x6f, 0x6e,
  0x73, 0x74, 0x20, 0x64, 0x65, 0x76, 0x69, 0x63, 0x65, 0x0a, 0x00, 0x20,
  0x20, 0x20, 0x20, 0x63, 0x6f, 0x6e, 0x73, 0x74, 0x65, 0x78, 0x70, 0x72,
  0x20, 0x63, 0x6f, 0x6e, 0x73, 0x74, 0x20, 0x63, 0x6f, 0x6e, 0x73, 0x74,
  0x61, 0x6e, 0x74, 0x20, 0x54, 0x26, 0x20, 0x6f, 0x70, 0x65, 0x72, 0x61,
  0x74, 0x6f, 0x72, 0x20, 0x5b, 0x5d, 0x20, 0x28, 0x73, 0x69, 0x7a, 0x65,
  0x5f, 0x74, 0x20, 0x70, 0x6f, 0x73, 0x29, 0x20, 0x63, 0x6f, 0x6e, 0x73,
  0x74, 0x20, 0x63, 0x6f, 0x6e, 0x73, 0x74, 0x61, 0x6e, 0x74, 0x0a, 0x00,
  0x20, 0x20, 0x20, 0x20, 0x74, 0x68, 0x72, 0x65, 0x61, 0x64, 0x67, 0x72,
  0x6f, 0x75, 0x70, 0x20, 0x54, 0x26, 0x20, 0x6f, 0x70, 0x65, 0x72, 0x61,
  0x74, 0x6f, 0x72, 0x20, 0x5b, 0x5d, 0x20, 0x28, 0x73, 0x69, 0x7a, 0x65,
  0x5f, 0x74, 0x20, 0x70, 0x6f, 0x73, 0x29, 0x20, 0x74, 0x68, 0x72, 0x65,
  0x61, 0x64, 0x67, 0x72, 0x6f, 0x75, 0x70, 0x0a, 0x00, 0x20, 0x20, 0x20,
  0x20, 0x63, 0x6f, 0x6e, 0x73, 0x74, 0x65, 0x78, 0x70, 0x72, 0x20, 0x63,
  0x6f, 0x6e, 0x73, 0x74, 0x20, 0x74, 0x68, 0x72, 0x65, 0x61, 0x64, 0x67,
  0x72, 0x6f, 0x75, 0x70, 0x20, 0x54, 0x26, 0x20, 0x6f, 0x70, 0x65, 0x72,
  0x61, 0x74, 0x6f, 0x72, 0x20, 0x5b, 0x5d, 0x20, 0x28, 0x73, 0x69, 0x7a,
  0x65, 0x5f, 0x74, 0x20, 0x70, 0x6f, 0x73, 0x29, 0x20, 0x63, 0x6f, 0x6e,
  0x73, 0x74, 0x20, 0x74, 0x68, 0x72, 0x65, 0x61, 0x64, 0x67, 0x72, 0x6f,
  0x75, 0x70, 0x0a, 0x00, 0x73, 0x74, 0x72, 0x75, 0x63, 0x74, 0x20, 0x4d,
  0x61, 0x74, 0x65, 0x72, 0x69, 0x61, 0x6c, 0x50, 0x61, 0x72, 0x61, 0x6d,
  0x73, 0x0a, 0x00, 0x20, 0x20, 0x20, 0x20, 0x70, 0x61, 0x63, 0x6b, 0x65,
  0x64, 0x5f, 0x66, 0x6c, 0x6f, 0x61, 0x74, 0x33, 0x20, 0x62, 0x61, 0x73,
  0x65, 0x43, 0x6f, 0x6c, 0x6f, 0x72, 0x3b, 0x0a, 0x00, 0x20, 0x20, 0x20,
  0x20, 0x66, 0x6c, 0x6f, 0x61, 0x74, 0x20, 0x72, 0x6f, 0x75, 0x67, 0x68,
  0x6e, 0x65, 0x73, 0x73, 0x3b, 0x0a, 0x00, 0x20, 0x20, 0x20, 0x20, 0x66,
  0x6c, 0x6f, 0x61, 0x74, 0x20, 0x6d, 0x65, 0x74, 0x61, 0x6c, 0x6c, 0x69,
  0x63, 0x3b, 0x0a, 0x00, 0x63, 0x6f, 0x6e, 0x73, 0x74, 0x61, 0x6e, 0x74,
  0x20, 0x69, 0x6e, 0x74, 0x20, 0x43, 0x4f, 0x4e, 0x46, 0x49, 0x47, 0x5f,
  0x53, 0x48, 0x5f, 0x42, 0x41, 0x4e, 0x44, 0x53, 0x5f, 0x43, 0x4f, 0x55,
  0x4e, 0x54, 0x5f, 0x74, 0x6d, 0x70, 0x20, 0x5b, 0x5b, 0x66, 0x75, 0x6e,
  0x63, 0x74, 0x69, 0x6f, 0x6e, 0x5f, 0x63, 0x6f, 0x6e, 0x73, 0x74, 0x61,
  0x6e, 0x74, 0x28, 0x39, 0x29, 0x5d, 0x5d, 0x3b, 0x0a, 0x00, 0x63, 0x6f,
  0x6e, 0x73, 0x74, 0x61, 0x6e, 0x74, 0x20, 0x69, 0x6e, 0x74, 0x20, 0x43,
  0x4f, 0x4e, 0x46, 0x49, 0x47, 0x5f, 0x53, 0x48, 0x5f, 0x42, 0x41, 0x4e,
  0x44, 0x53, 0x5f, 0x43, 0x4f, 0x55, 0x4e, 0x54, 0x20, 0x3d, 0x20, 0x69,
  0x73, 0x5f, 0x66, 0x75, 0x6e, 0x63, 0x74, 0x69, 0x6f, 0x6e, 0x5f, 0x63,
  0x6f, 0x6e, 0x73, 0x74, 0x61, 0x6e, 0x74, 0x5f, 0x64, 0x65, 0x66, 0x69,
  0x6e, 0x65, 0x64, 0x28, 0x43, 0x4f, 0x4e, 0x46, 0x49, 0x47, 0x5f, 0x53,
  0x48, 0x5f, 0x42, 0x41, 0x4e, 0x44, 0x53, 0x5f, 0x43, 0x4f, 0x55, 0x4e,
  0x54, 0x5f, 0x74, 0x6d, 0x70, 0x29, 0x20, 0x3f, 0x20, 0x43, 0x4f, 0x4e,
  0x46, 0x49, 0x47, 0x5f, 0x53, 0x48, 0x5f, 0x42, 0x41, 0x4e, 0x44, 0x53,
  0x5f, 0x43, 0x4f, 0x55, 0x4e, 0x54, 0x5f, 0x74, 0x6d, 0x70, 0x20, 0x3a,
  0x20, 0x33, 0x3b, 0x0a, 0x00, 0x20, 0x3d, 0x20, 0x28, 0x43, 0x4f, 0x4e,
  0x46, 0x49, 0x47, 0x5f, 0x53, 0x48, 0x5f, 0x42, 0x41, 0x4e, 0x44, 0x53,
  0x5f, 0x43, 0x4f, 0x55, 0x4e, 0x54, 0x20, 0x3e, 0x3d, 0x20, 0x32, 0x29,
  0x3b, 0x0a, 0x00, 0x20, 0x3d, 0x20, 0x28, 0x43, 0x4f, 0x4e, 0x46, 0x49,
  0x47, 0x5f, 0x53, 0x48, 0x5f, 0x42, 0x41, 0x4e, 0x44, 0x53, 0x5f, 0x43,
  0x4f, 0x55, 0x4e, 0x54, 0x20, 0x3e, 0x3d, 0x20, 0x33, 0x29, 0x3b, 0x0a,
  0x00, 0x23, 0x69, 0x66, 0x6e, 0x64, 0x65, 0x66, 0x20, 0x53, 0x50, 0x49,
  0x52, 0x56, 0x5f, 0x43, 0x52, 0x4f, 0x53, 0x53, 0x5f, 0x43, 0x4f, 0x4e,
  0x53, 0x54, 0x41, 0x4e, 0x54, 0x5f, 0x49, 0x44, 0x5f, 0x34, 0x0a, 0x00,
  0x23, 0x64, 0x65, 0x66, 0x69, 0x6e, 0x65, 0x20, 0x53, 0x50, 0x49, 0x52,
  0x56, 0x5f, 0x43, 0x52, 0x4f, 0x53, 0x53, 0x5f, 0x43, 0x4f, 0x4e, 0x53,
  0x54, 0x41, 0x4e, 0x54, 0x5f, 0x49, 0x44, 0x5f, 0x34, 0x20, 0x31, 0x30,
  0x32, 0x34, 0x0a, 0x00, 0x63, 0x6f, 0x6e, 0x73, 0x74, 0x61, 0x6e, 0x74,
  0x20, 0x69, 0x6e, 0x74, 0x20, 0x43, 0x4f, 0x4e, 0x46, 0x49, 0x47, 0x5f,
  0x46, 0x52, 0x4f, 0x58, 0x45, 0x4c, 0x5f, 0x42, 0x55, 0x46, 0x46, 0x45,
  0x52, 0x5f, 0x48, 0x45, 0x49, 0x47, 0x48, 0x54, 0x20, 0x3d, 0x20, 0x53,
  0x50, 0x49, 0x52, 0x56, 0x5f, 0x43, 0x52, 0x4f, 0x53, 0x53, 0x5f, 0x43,
  0x4f, 0x4e, 0x53, 0x54, 0x41, 0x4e, 0x54, 0x5f, 0x49, 0x44, 0x5f, 0x34,
  0x3b, 0x0a, 0x00, 0x73, 0x74, 0x72, 0x75, 0x63, 0x74, 0x20, 0x46, 0x72,
  0x6f, 0x78, 0x65, 0x6c, 0x73, 0x55, 0x6e, 0x69, 0x66, 0x6f, 0x72, 0x6d,
  0x73, 0x0a, 0x00, 0x20, 0x20, 0x20, 0x20, 0x75, 0x69, 0x6e, 0x74, 0x34,
  0x20, 0x72, 0x65, 0x63, 0x6f, 0x72, 0x64, 0x73, 0x5b, 0x43, 0x4f, 0x4e,
  0x46, 0x49, 0x47, 0x5f, 0x46, 0x52, 0x4f, 0x58, 0x45, 0x4c, 0x5f, 0x42,
  0x55, 0x46, 0x46, 0x45, 0x52, 0x5f, 0x48, 0x45, 0x49, 0x47, 0x48, 0x54,
  0x5d, 0x3b, 0x0a, 0x00, 0x23, 0x69, 0x66, 0x6e, 0x64, 0x65, 0x66, 0x20,
  0x53, 0x50, 0x49, 0x52, 0x56, 0x5f, 0x43, 0x52, 0x4f, 0x53, 0x53, 0x5f,
  0x43, 0x4f, 0x4e, 0x53, 0x54, 0x41, 0x4e, 0x54, 0x5f, 0x49, 0x44, 0x5f,
  0x31, 0x31, 0x0a, 0x00, 0x23, 0x64, 0x65, 0x66, 0x69, 0x6e, 0x65, 0x20,
  0x53, 0x50, 0x49, 0x52, 0x56, 0x5f, 0x43, 0x52, 0x4f, 0x53, 0x53, 0x5f,
  0x43, 0x4f, 0x4e, 0x53, 0x54, 0x41, 0x4e, 0x54, 0x5f, 0x49, 0x44, 0x5f,
  0x31, 0x31, 0x20, 0x31, 0x30, 0x32, 0x34, 0x0a, 0x00, 0x63, 0x6f, 0x6e,
  0x73, 0x74, 0x61, 0x6e, 0x74, 0x20, 0x69, 0x6e, 0x74, 0x20, 0x43, 0x4f,
  0x4e, 0x46, 0x49, 0x47, 0x5f, 0x46, 0x52, 0x4f, 0x58, 0x45, 0x4c, 0x5f,
  0x52, 0x45, 0x43, 0x4f, 0x52, 0x44, 0x5f, 0x42, 0x55, 0x46, 0x46, 0x45,
  0x52, 0x5f, 0x48, 0x45, 0x49, 0x47, 0x48, 0x54, 0x20, 0x3d, 0x20, 0x53,
  0x50, 0x49, 0x52, 0x56, 0x5f, 0x43, 0x52, 0x4f, 0x53, 0x53, 0x5f, 0x43,
  0x4f, 0x4e, 0x53, 0x54, 0x41, 0x4e, 0x54, 0x5f, 0x49, 0x44, 0x5f, 0x31,
  0x31, 0x3b, 0x0a, 0x00, 0x73, 0x74, 0x72, 0x75, 0x63, 0x74, 0x20, 0x46,
  0x72, 0x6f, 0x78, 0x65, 0x6c, 0x52, 0x65, 0x63, 0x6f, 0x72, 0x64, 0x55,
  0x6e, 0x69, 0x66, 0x6f, 0x72, 0x6d, 0x73, 0x0a, 0x00, 0x20, 0x20, 0x20,
  0x20, 0x75, 0x69, 0x6e, 0x74, 0x34, 0x20, 0x72, 0x65, 0x63, 0x6f, 0x72,
  0x64, 0x73, 0x5b, 0x43, 0x4f, 0x4e, 0x46, 0x49, 0x47, 0x5f, 0x46, 0x52,
  0x4f, 0x58, 0x45, 0x4c, 0x5f, 0x52, 0x45, 0x43, 0x4f, 0x52, 0x44, 0x5f,
  0x42, 0x55, 0x46, 0x46, 0x45, 0x52, 0x5f, 0x48, 0x45, 0x49, 0x47, 0x48,
  0x54, 0x5d, 0x3b, 0x0a, 0x00, 0x73, 0x74, 0x72, 0x75, 0x63, 0x74, 0x20,
  0x4c, 0x69, 0x67, 0x68, 0x74, 0x73, 0x55, 0x6e, 0x69, 0x66, 0x6f, 0x72,
  0x6d, 0x73, 0x0a, 0x00, 0x20, 0x20, 0x20, 0x20, 0x66, 0x6c, 0x6f, 0x61,
  0x74, 0x34, 0x78, 0x34, 0x20, 0x6c, 0x69, 0x67, 0x68, 0x74, 0x73, 0x5b,
  0x32, 0x35, 0x35, 0x5d, 0x3b, 0x0a, 0x00, 0x63, 0x6f, 0x6e, 0x73, 0x74,
  0x61, 0x6e, 0x74, 0x20, 0x62, 0x6f, 0x6f, 0x6c, 0x20, 0x52, 0x55, 0x4e,
  0x54, 0x49, 0x4d, 0x45, 0x5f, 0x43, 0x4f, 0x4e, 0x46, 0x49, 0x47, 0x5f,
  0x48, 0x41, 0x53, 0x5f, 0x44, 0x59, 0x4e, 0x41, 0x4d, 0x49, 0x43, 0x5f,
  0x4c, 0x49, 0x47, 0x48, 0x54, 0x49, 0x4e, 0x47, 0x5f, 0x74, 0x6d, 0x70,
  0x20, 0x5b, 0x5b, 0x66, 0x75, 0x6e, 0x63, 0x74, 0x69, 0x6f, 0x6e, 0x5f,
  0x63, 0x6f, 0x6e, 0x73, 0x74, 0x61, 0x6e, 0x74, 0x28, 0x31, 0x36, 0x29,
  0x5d, 0x5d, 0x3b, 0x0a, 0x00, 0x63, 0x6f, 0x6e, 0x73, 0x74, 0x61, 0x6e,
  0x74, 0x20, 0x62, 0x6f, 0x6f, 0x6c, 0x20, 0x52, 0x55, 0x4e, 0x54, 0x49,
  0x4d, 0x45, 0x5f, 0x43, 0x4f, 0x4e, 0x46, 0x49, 0x47, 0x5f, 0x48, 0x41,
  0x53, 0x5f, 0x44, 0x59, 0x4e, 0x41, 0x4d, 0x49, 0x43, 0x5f, 0x4c, 0x49,
  0x47, 0x48, 0x54, 0x49, 0x4e, 0x47, 0x20, 0x3d, 0x20, 0x69, 0x73, 0x5f,
  0x66, 0x75, 0x6e, 0x63, 0x74, 0x69, 0x6f, 0x6e, 0x5f, 0x63, 0x6f, 0x6e,
  0x73, 0x74, 0x61, 0x6e, 0x74, 0x5f, 0x64, 0x65, 0x66, 0x69, 0x6e, 0x65,
  0x64, 0x28, 0x52, 0x55, 0x4e, 0x54, 0x49, 0x4d, 0x45, 0x5f, 0x43, 0x4f,
  0x4e, 0x46, 0x49, 0x47, 0x5f, 0x48, 0x41, 0x53, 0x5f, 0x44, 0x59, 0x4e,
  0x41, 0x4d, 0x49, 0x43, 0x5f, 0x4c, 0x49, 0x47, 0x48, 0x54, 0x49, 0x4e,
  0x47, 0x5f, 0x74, 0x6d, 0x70, 0x29, 0x20, 0x3f, 0x20, 0x52, 0x55, 0x4e,
  0x54, 0x49, 0x4d, 0x45, 0x5f, 0x43, 0x4f, 0x4e, 0x46, 0x49, 0x47, 0x5f,
  0x48, 0x41, 0x53, 0x5f, 0x44, 0x59, 0x4e, 0x41, 0x4d, 0x49, 0x43, 0x5f,
  0x4c, 0x49, 0x47, 0x48, 0x54, 0x49, 0x4e, 0x47, 0x5f, 0x74, 0x6d, 0x70,
  0x20, 0x3a, 0x20, 0x74, 0x72, 0x75, 0x65, 0x3b, 0x0a, 0x00, 0x63, 0x6f,
  0x6e, 0x73, 0x74, 0x61, 0x6e, 0x74, 0x20, 0x62, 0x6f, 0x6f, 0x6c, 0x20,
  0x43, 0x4f, 0x4e, 0x46, 0x49, 0x47, 0x5f, 0x44, 0x45, 0x42, 0x55, 0x47,
  0x5f, 0x46, 0x52, 0x4f, 0x58, 0x45, 0x4c, 0x5f, 0x56, 0x49, 0x53, 0x55,
  0x41, 0x4c, 0x49, 0x5a, 0x41, 0x54, 0x49, 0x4f, 0x4e, 0x5f, 0x74, 0x6d,
  0x70, 0x20, 0x5b, 0x5b, 0x66, 0x75, 0x6e, 0x63, 0x74, 0x69, 0x6f, 0x6e,
  0x5f, 0x63, 0x6f, 0x6e, 0x73, 0x74, 0x61, 0x6e, 0x74, 0x28, 0x37, 0x29,
  0x5d, 0x5d, 0x3b, 0x0a, 0x00, 0x63, 0x6f, 0x6e, 0x73, 0x74, 0x61, 0x6e,
  0x74, 0x20, 0x62, 0x6f, 0x6f, 0x6c, 0x20, 0x43, 0x4f, 0x4e, 0x46, 0x49,
  0x47, 0x5f, 0x44, 0x45, 0x42, 0x55, 0x47, 0x5f, 0x46, 0x52, 0x4f, 0x58,
  0x45, 0x4c, 0x5f, 0x56, 0x49, 0x53, 0x55, 0x41, 0x4c, 0x49, 0x5a, 0x41,
  0x54, 0x49, 0x4f, 0x4e, 0x20, 0x3d, 0x20, 0x69, 0x73, 0x5f, 0x66, 0x75,
  0x6e, 0x63, 0x74, 0x69, 0x6f, 0x6e, 0x5f, 0x63, 0x6f, 0x6e, 0x73, 0x74,
  0x61, 0x6e, 0x74, 0x5f, 0x64, 0x65, 0x66, 0x69, 0x6e, 0x65, 0x64, 0x28,
  0x43, 0x4f, 0x4e, 0x46, 0x49, 0x47, 0x5f, 0x44, 0x45, 0x42, 0x55, 0x47,
  0x5f, 0x46, 0x52, 0x4f, 0x58, 0x45, 0x4c, 0x5f, 0x56, 0x49, 0x53, 0x55,
  0x41, 0x4c, 0x49, 0x5a, 0x41, 0x54, 0x49, 0x4f, 0x4e, 0x5f, 0x74, 0x6d,
  0x70, 0x29, 0x20, 0x3f, 0x20, 0x43, 0x4f, 0x4e, 0x46, 0x49, 0x47, 0x5f,
  0x44, 0x45, 0x42, 0x55, 0x47, 0x5f, 0x46, 0x52, 0x4f, 0x58, 0x45, 0x4c,
  0x5f, 0x56, 0x49, 0x53, 0x55, 0x41, 0x4c, 0x49, 0x5a, 0x41, 0x54, 0x49,
  0x4f, 0x4e, 0x5f, 0x74, 0x6d, 0x70, 0x20, 0x3a, 0x20, 0x66, 0x61, 0x6c,
  0x73, 0x65, 0x3b, 0x0a, 0x00, 0x73, 0x74, 0x72, 0x75, 0x63, 0x74, 0x20,
  0x4c, 0x69, 0x67, 0x68, 0x74, 0x73, 0x55, 0x6e, 0x69, 0x66, 0x6f, 0x72,
  0x6d, 0x73, 0x3b, 0x0a, 0x00, 0x73, 0x74, 0x72, 0x75, 0x63, 0x74, 0x20,
  0x46, 0x72, 0x6f, 0x78, 0x65, 0x6c, 0x52, 0x65, 0x63, 0x6f, 0x72, 0x64,
  0x55, 0x6e, 0x69, 0x66, 0x6f, 0x72, 0x6d, 0x73, 0x3b, 0x0a, 0x00, 0x73,
  0x74, 0x72, 0x75, 0x63, 0x74, 0x20, 0x46, 0x72, 0x6f, 0x78, 0x65, 0x6c,
  0x73, 0x55, 0x6e, 0x69, 0x66, 0x6f, 0x72, 0x6d, 0x73, 0x3b, 0x0a, 0x00,
  0x63, 0x6f, 0x6e, 0x73, 0x74, 0x61, 0x6e, 0x74, 0x20, 0x4c, 0x69, 0x67,
  0x68, 0x74, 0x73, 0x55, 0x6e, 0x69, 0x66, 0x6f, 0x72, 0x6d, 0x73, 0x2a,
  0x20, 0x6c, 0x69, 0x67, 0x68, 0x74, 0x73, 0x55, 0x6e, 0x69, 0x66, 0x6f,
  0x72, 0x6d, 0x73, 0x20, 0x5b, 0x5b, 0x69, 0x64, 0x28, 0x34, 0x29, 0x5d,
  0x5d, 0x3b, 0x0a, 0x00, 0x63, 0x6f, 0x6e, 0x73, 0x74, 0x61, 0x6e, 0x74,
  0x20, 0x46, 0x72, 0x6f, 0x78, 0x65, 0x6c, 0x52, 0x65, 0x63, 0x6f, 0x72,
  0x64, 0x55, 0x6e, 0x69, 0x66, 0x6f, 0x72, 0x6d, 0x73, 0x2a, 0x20, 0x66,
  0x72, 0x6f, 0x78, 0x65, 0x6c, 0x52, 0x65, 0x63, 0x6f, 0x72, 0x64, 0x55,
  0x6e, 0x69, 0x66, 0x6f, 0x72, 0x6d, 0x73, 0x20, 0x5b, 0x5b, 0x69, 0x64,
  0x28, 0x36, 0x29, 0x5d, 0x5d, 0x3b, 0x0a, 0x00, 0x63, 0x6f, 0x6e, 0x73,
  0x74, 0x61, 0x6e, 0x74, 0x20, 0x46, 0x72, 0x6f, 0x78, 0x65, 0x6c, 0x73,
  0x55, 0x6e, 0x69, 0x66, 0x6f, 0x72, 0x6d, 0x73, 0x2a, 0x20, 0x66, 0x72,
  0x6f, 0x78, 0x65, 0x6c, 0x73, 0x55, 0x6e, 0x69, 0x66, 0x6f, 0x72, 0x6d,
  0x73, 0x20, 0x5b, 0x5b, 0x69, 0x64, 0x28, 0x38, 0x29, 0x5d, 0x5d, 0x3b,
  0x0a, 0x00, 0x74, 0x65, 0x78, 0x74, 0x75, 0x72, 0x65, 0x32, 0x64, 0x3c,
  0x66, 0x6c, 0x6f, 0x61, 0x74, 0x3e, 0x20, 0x73, 0x61, 0x6d, 0x70, 0x6c,
  0x65, 0x72, 0x30, 0x5f, 0x73, 0x74, 0x72, 0x75, 0x63, 0x74, 0x75, 0x72,
  0x65, 0x20, 0x5b, 0x5b, 0x69, 0x64, 0x28, 0x31, 0x30, 0x29, 0x5d, 0x5d,
  0x3b, 0x0a, 0x00, 0x73, 0x61, 0x6d, 0x70, 0x6c, 0x65, 0x72, 0x20, 0x73,
  0x61, 0x6d, 0x70, 0x6c, 0x65, 0x72, 0x30, 0x5f, 0x73, 0x74, 0x72, 0x75,
  0x63, 0x74, 0x75, 0x72, 0x65, 0x53, 0x6d, 0x70, 0x6c, 0x72, 0x20, 0x5b,
  0x5b, 0x69, 0x64, 0x28, 0x31, 0x31, 0x29, 0x5d, 0x5d, 0x3b, 0x0a, 0x00,
  0x73, 0x61, 0x6d, 0x70, 0x6c, 0x65, 0x72, 0x20, 0x73, 0x61, 0x6d, 0x70,
  0x6c, 0x65, 0x72, 0x30, 0x5f, 0x73, 0x68, 0x61, 0x64, 0x6f, 0x77, 0x4d,
  0x61, 0x70, 0x53, 0x6d, 0x70, 0x6c, 0x72, 0x20, 0x5b, 0x5b, 0x69, 0x64,
  0x28, 0x31, 0x33, 0x29, 0x5d, 0x5d, 0x3b, 0x0a, 0x00, 0x74, 0x65, 0x78,
  0x74, 0x75, 0x72, 0x65, 0x32, 0x64, 0x3c, 0x66, 0x6c, 0x6f, 0x61, 0x74,
  0x3e, 0x20, 0x73, 0x61, 0x6d, 0x70, 0x6c, 0x65, 0x72, 0x30, 0x5f, 0x69,
  0x62, 0x6c, 0x44, 0x46, 0x47, 0x20, 0x5b, 0x5b, 0x69, 0x64, 0x28, 0x31,
  0x34, 0x29, 0x5d, 0x5d, 0x3b, 0x0a, 0x00, 0x73, 0x61, 0x6d, 0x70, 0x6c,
  0x65, 0x72, 0x20, 0x73, 0x61, 0x6d, 0x70, 0x6c, 0x65, 0x72, 0x30, 0x5f,
  0x69, 0x62, 0x6c, 0x44, 0x46, 0x47, 0x53, 0x6d, 0x70, 0x6c, 0x72, 0x20,
  0x5b, 0x5b, 0x69, 0x64, 0x28, 0x31, 0x35, 0x29, 0x5d, 0x5d, 0x3b, 0x0a,
  0x00, 0x74, 0x65, 0x78, 0x74, 0x75, 0x72, 0x65, 0x63, 0x75, 0x62, 0x65,
  0x3c, 0x66, 0x6c, 0x6f, 0x61, 0x74, 0x3e, 0x20, 0x73, 0x61, 0x6d, 0x70,
  0x6c, 0x65, 0x72, 0x30, 0x5f, 0x69, 0x62, 0x6c, 0x53, 0x70, 0x65, 0x63,
  0x75, 0x6c, 0x61, 0x72, 0x20, 0x5b, 0x5b, 0x69, 0x64, 0x28, 0x31, 0x36,
  0x29, 0x5d, 0x5d, 0x3b, 0x0a, 0x00, 0x73, 0x61, 0x6d, 0x70, 0x6c, 0x65,
  0x72, 0x20, 0x73, 0x61, 0x6d, 0x70, 0x6c, 0x65, 0x72, 0x30, 0x5f, 0x69,
  0x62, 0x6c, 0x53, 0x70, 0x65, 0x63, 0x75, 0x6c, 0x61, 0x72, 0x53, 0x6d,
  0x70, 0x6c, 0x72, 0x20, 0x5b, 0x5b, 0x69, 0x64, 0x28, 0x31, 0x37, 0x29,
  0x5d, 0x5d, 0x3b, 0x0a, 0x00, 0x74, 0x65, 0x78, 0x74, 0x75, 0x72, 0x65,
  0x32, 0x64, 0x5f, 0x61, 0x72, 0x72, 0x61, 0x79, 0x3c, 0x66, 0x6c, 0x6f,
  0x61, 0x74, 0x3e, 0x20, 0x73, 0x61, 0x6d, 0x70, 0x6c, 0x65, 0x72, 0x30,
  0x5f, 0x73, 0x73, 0x61, 0x6f, 0x20, 0x5b, 0x5b, 0x69, 0x64, 0x28, 0x31,
  0x38, 0x29, 0x5d, 0x5d, 0x3b, 0x0a, 0x00, 0x73, 0x61, 0x6d, 0x70, 0x6c,
  0x65, 0x72, 0x20, 0x73, 0x61, 0x6d, 0x70, 0x6c, 0x65, 0x72, 0x30, 0x5f,
  0x73, 0x73, 0x61, 0x6f, 0x53, 0x6d, 0x70, 0x6c, 0x72, 0x20, 0x5b, 0x5b,
  0x69, 0x64, 0x28, 0x31, 0x39, 0x29, 0x5d, 0x5d, 0x3b, 0x0a, 0x00, 0x74,
  0x65, 0x78, 0x74, 0x75, 0x72, 0x65, 0x63, 0x75, 0x62, 0x65, 0x3c, 0x66,
  0x6c, 0x6f, 0x61, 0x74, 0x3e, 0x20, 0x73, 0x61, 0x6d, 0x70, 0x6c, 0x65,
  0x72, 0x30, 0x5f, 0x66, 0x6f, 0x67, 0x20, 0x5b, 0x5b, 0x69, 0x64, 0x28,
  0x32, 0x32, 0x29, 0x5d, 0x5d, 0x3b, 0x0a, 0x00, 0x73, 0x61, 0x6d, 0x70,
  0x6c, 0x65, 0x72, 0x20, 0x73, 0x61, 0x6d, 0x70, 0x6c, 0x65, 0x72, 0x30,
  0x5f, 0x66, 0x6f, 0x67, 0x53, 0x6d, 0x70, 0x6c, 0x72, 0x20, 0x5b, 0x5b,
  0x69, 0x64, 0x28, 0x32, 0x33, 0x29, 0x5d, 0x5d, 0x3b, 0x0a, 0x00, 0x73,
  0x74, 0x72, 0x75, 0x63, 0x74, 0x20, 0x4d, 0x61, 0x74, 0x65, 0x72, 0x69,
  0x61, 0x6c, 0x50, 0x61, 0x72, 0x61, 0x6d, 0x73, 0x3b, 0x0a, 0x00, 0x73,
  0x74, 0x72, 0x75, 0x63, 0x74, 0x20, 0x73, 0x70, 0x76, 0x44, 0x65, 0x73,
  0x63, 0x72, 0x69, 0x70, 0x74, 0x6f, 0x72, 0x53, 0x65, 0x74, 0x42, 0x75,
  0x66, 0x66, 0x65, 0x72, 0x32, 0x20, 0x7b, 0x0a, 0x00, 0x63, 0x6f, 0x6e,
  0x73, 0x74, 0x61, 0x6e, 0x74, 0x20, 0x4d, 0x61, 0x74, 0x65, 0x72, 0x69,
  0x61, 0x6c, 0x50, 0x61, 0x72, 0x61, 0x6d, 0x73, 0x2a, 0x20, 0x6d, 0x61,
  0x74, 0x65, 0x72, 0x69, 0x61, 0x6c, 0x50, 0x61, 0x72, 0x61, 0x6d, 0x73,
  0x20, 0x5b, 0x5b, 0x69, 0x64, 0x28, 0x30, 0x29, 0x5d, 0x5d, 0x3b, 0x0a,
  0x00, 0x63, 0x6f, 0x6e, 0x73, 0x74, 0x61, 0x6e, 0x74, 0x20, 0x73, 0x70,
  0x76, 0x55, 0x6e, 0x73, 0x61, 0x66, 0x65, 0x41, 0x72, 0x72, 0x61, 0x79,
  0x3c, 0x66, 0x6c, 0x6f, 0x61, 0x74, 0x33, 0x2c, 0x20, 0x31, 0x37, 0x3e,
  0x20, 0x00, 0x20, 0x3d, 0x20, 0x73, 0x70, 0x76, 0x55, 0x6e, 0x73, 0x61,
  0x66, 0x65, 0x41, 0x72, 0x72, 0x61, 0x79, 0x3c, 0x66, 0x6c, 0x6f, 0x61,
  0x74, 0x33, 0x2c, 0x20, 0x31, 0x37, 0x3e, 0x28, 0x7b, 0x20, 0x66, 0x6c,
  0x6f, 0x61, 0x74, 0x33, 0x28, 0x30, 0x2e, 0x30, 0x29, 0x2c, 0x20, 0x66,
  0x6c, 0x6f, 0x61, 0x74, 0x33, 0x28, 0x30, 0x2e, 0x30, 0x2c, 0x20, 0x30,
  0x2e, 0x30, 0x2c, 0x20, 0x30, 0x2e, 0x31, 0x36, 0x34, 0x37, 0x29, 0x2c,
  0x20, 0x66, 0x6c, 0x6f, 0x61, 0x74, 0x33, 0x28, 0x30, 0x2e, 0x30, 0x2c,
  0x20, 0x30, 0x2e, 0x30, 0x2c, 0x20, 0x30, 0x2e, 0x33, 0x36, 0x34, 0x37,
  0x29, 0x2c, 0x20, 0x66, 0x6c, 0x6f, 0x61, 0x74, 0x33, 0x28, 0x30, 0x2e,
  0x30, 0x2c, 0x20, 0x30, 0x2e, 0x30, 0x2c, 0x20, 0x30, 0x2e, 0x36, 0x36,
  0x34, 0x37, 0x29, 0x2c, 0x20, 0x66, 0x6c, 0x6f, 0x61, 0x74, 0x33, 0x28,
  0x30, 0x2e, 0x30, 0x2c, 0x20, 0x30, 0x2e, 0x30, 0x2c, 0x20, 0x30, 0x2e,
  0x39, 0x36, 0x34, 0x37, 0x29, 0x2c, 0x20, 0x66, 0x6c, 0x6f, 0x61, 0x74,
  0x33, 0x28, 0x30, 0x2e, 0x30, 0x2c, 0x20, 0x30, 0x2e, 0x39, 0x32, 0x35,
  0x35, 0x2c, 0x20, 0x30, 0x2e, 0x39, 0x32, 0x35, 0x35, 0x29, 0x2c, 0x20,
  0x66, 0x6c, 0x6f, 0x61, 0x74, 0x33, 0x28, 0x30, 0x2e, 0x30, 0x2c, 0x20,
  0x30, 0x2e, 0x35, 0x36, 0x34, 0x37, 0x2c, 0x20, 0x30, 0x2e, 0x30, 0x29,
  0x2c, 0x20, 0x66, 0x6c, 0x6f, 0x61, 0x74, 0x33, 0x28, 0x30, 0x2e, 0x30,
  0x2c, 0x20, 0x30, 0x2e, 0x37, 0x38, 0x34, 0x33, 0x2c, 0x20, 0x30, 0x2e,
  0x30, 0x29, 0x2c, 0x20, 0x66, 0x6c, 0x6f, 0x61, 0x74, 0x33, 0x28, 0x31,
  0x2e, 0x30, 0x2c, 0x20, 0x31, 0x2e, 0x30, 0x2c, 0x20, 0x30, 0x2e, 0x30,
  0x29, 0x2c, 0x20, 0x66, 0x6c, 0x6f, 0x61, 0x74, 0x33, 0x28, 0x30, 0x2e,
  0x39, 0x30, 0x35, 0x38, 0x38, 0x2c, 0x20, 0x30, 0x2e, 0x37, 0x35, 0x32,
  0x39, 0x34, 0x2c, 0x20, 0x30, 0x2e, 0x30, 0x29, 0x2c, 0x20, 0x66, 0x6c,
  0x6f, 0x61, 0x74, 0x33, 0x28, 0x31, 0x2e, 0x30, 0x2c, 0x20, 0x30, 0x2e,
  0x35, 0x36, 0x34, 0x37, 0x2c, 0x20, 0x30, 0x2e, 0x30, 0x29, 0x2c, 0x20,
  0x66, 0x6c, 0x6f, 0x61, 0x74, 0x33, 0x28, 0x31, 0x2e, 0x30, 0x2c, 0x20,
  0x30, 0x2e, 0x30, 0x2c, 0x20, 0x30, 0x2e, 0x30, 0x29, 0x2c, 0x20, 0x66,
  0x6c, 0x6f, 0x61, 0x74, 0x33, 0x28, 0x30, 0x2e, 0x38, 0x33, 0x39, 0x32,
  0x2c, 0x20, 0x30, 0x2e, 0x30, 0x2c, 0x20, 0x30, 0x2e, 0x30, 0x29, 0x2c,
  0x20, 0x66, 0x6c, 0x6f, 0x61, 0x74, 0x33, 0x28, 0x31, 0x2e, 0x30, 0x2c,
  0x20, 0x30, 0x2e, 0x30, 0x2c, 0x20, 0x31, 0x2e, 0x30, 0x29, 0x2c, 0x20,
  0x66, 0x6c, 0x6f, 0x61, 0x74, 0x33, 0x28, 0x30, 0x2e, 0x36, 0x2c, 0x20,
  0x30, 0x2e, 0x33, 0x33, 0x33, 0x33, 0x2c, 0x20, 0x30, 0x2e, 0x37, 0x38,
  0x38, 0x32, 0x29, 0x2c, 0x20, 0x66, 0x6c, 0x6f, 0x61, 0x74, 0x33, 0x28,
  0x31, 0x2e, 0x30, 0x29, 0x2c, 0x20, 0x66, 0x6c, 0x6f, 0x61, 0x74, 0x33,
  0x28, 0x31, 0x2e, 0x30, 0x29, 0x20, 0x7d, 0x29, 0x3b, 0x0a, 0x00, 0x66,
  0x72, 0x61, 0x67, 0x6d, 0x65, 0x6e, 0x74, 0x20, 0x6d, 0x61, 0x69, 0x6e,
  0x30, 0x5f, 0x6f, 0x75, 0x74, 0x20, 0x6d, 0x61, 0x69, 0x6e, 0x30, 0x28,
  0x6d, 0x61, 0x69, 0x6e, 0x30, 0x5f, 0x69, 0x6e, 0x20, 0x69, 0x6e, 0x20,
  0x5b, 0x5b, 0x73, 0x74, 0x61, 0x67, 0x65, 0x5f, 0x69, 0x6e, 0x5d, 0x5d,
  0x2c, 0x20, 0x63, 0x6f, 0x6e, 0x73, 0x74, 0x61, 0x6e, 0x74, 0x20, 0x73,
  0x70, 0x76, 0x44, 0x65, 0x73, 0x63, 0x72, 0x69, 0x70, 0x74, 0x6f, 0x72,
  0x53, 0x65, 0x74, 0x42, 0x75, 0x66, 0x66, 0x65, 0x72, 0x30, 0x26, 0x20,
  0x73, 0x70, 0x76, 0x44, 0x65, 0x73, 0x63, 0x72, 0x69, 0x70, 0x74, 0x6f,
  0x72, 0x53, 0x65, 0x74, 0x30, 0x20, 0x5b, 0x5b, 0x62, 0x75, 0x66, 0x66,
  0x65, 0x72, 0x28, 0x32, 0x31, 0x29, 0x5d, 0x5d, 0x2c, 0x20, 0x63, 0x6f,
  0x6e, 0x73, 0x74, 0x61, 0x6e, 0x74, 0x20, 0x73, 0x70, 0x76, 0x44, 0x65,
  0x73, 0x63, 0x72, 0x69, 0x70, 0x74, 0x6f, 0x72, 0x53, 0x65, 0x74, 0x42,
  0x75, 0x66, 0x66, 0x65, 0x72, 0x31, 0x26, 0x20, 0x73, 0x70, 0x76, 0x44,
  0x65, 0x73, 0x63, 0x72, 0x69, 0x70, 0x74, 0x6f, 0x72, 0x53, 0x65, 0x74,
  0x31, 0x20, 0x5b, 0x5b, 0x62, 0x75, 0x66, 0x66, 0x65, 0x72, 0x28, 0x32,
  0x32, 0x29, 0x5d, 0x5d, 0x2c, 0x20, 0x63, 0x6f, 0x6e, 0x73, 0x74, 0x61,
  0x6e, 0x74, 0x20, 0x73, 0x70, 0x76, 0x44, 0x65, 0x73, 0x63, 0x72, 0x69,
  0x70, 0x74, 0x6f, 0x72, 0x53, 0x65, 0x74, 0x42, 0x75, 0x66, 0x66, 0x65,
  0x72, 0x32, 0x26, 0x20, 0x73, 0x70, 0x76, 0x44, 0x65, 0x73, 0x63, 0x72,
  0x69, 0x70, 0x74, 0x6f, 0x72, 0x53, 0x65, 0x74, 0x32, 0x20, 0x5b, 0x5b,
  0x62, 0x75, 0x66, 0x66, 0x65, 0x72, 0x28, 0x32, 0x33, 0x29, 0x5d, 0x5d,
  0x2c, 0x20, 0x63, 0x6f, 0x6e, 0x73, 0x74, 0x61, 0x6e, 0x74, 0x20, 0x75,
  0x69, 0x6e, 0x74, 0x2a, 0x20, 0x73, 0x70, 0x76, 0x44, 0x79, 0x6e, 0x61,
  0x6d, 0x69, 0x63, 0x4f, 0x66, 0x66, 0x73, 0x65, 0x74, 0x73, 0x20, 0x5b,
  0x5b, 0x62, 0x75, 0x66, 0x66, 0x65, 0x72, 0x28, 0x32, 0x35, 0x29, 0x5d,
  0x5d, 0x2c, 0x20, 0x66, 0x6c, 0x6f, 0x61, 0x74, 0x34, 0x20, 0x67, 0x6c,
  0x5f, 0x46, 0x72, 0x61, 0x67, 0x43, 0x6f, 0x6f, 0x72, 0x64, 0x20, 0x5b,
  0x5b, 0x70, 0x6f, 0x73, 0x69, 0x74, 0x69, 0x6f, 0x6e, 0x5d, 0x5d, 0x29,
  0x0a, 0x00, 0x20, 0x20, 0x20, 0x20, 0x63, 0x6f, 0x6e, 0x73, 0x74, 0x61,
  0x6e, 0x74, 0x20, 0x61, 0x75, 0x74, 0x6f, 0x26, 0x20, 0x6d, 0x61, 0x74,
  0x65, 0x72, 0x69, 0x61, 0x6c, 0x50, 0x61, 0x72, 0x61, 0x6d, 0x73, 0x20,
  0x3d, 0x20, 0x2a, 0x28, 0x63, 0x6f, 0x6e, 0x73, 0x74, 0x61, 0x6e, 0x74,
  0x20, 0x4d, 0x61, 0x74, 0x65, 0x72, 0x69, 0x61, 0x6c, 0x50, 0x61, 0x72,
  0x61, 0x6d, 0x73, 0x2a, 0x20, 0x29, 0x28, 0x28, 0x63, 0x6f, 0x6e, 0x73,
  0x74, 0x61, 0x6e, 0x74, 0x20, 0x63, 0x68, 0x61, 0x72, 0x2a, 0x20, 0x29,
  0x73, 0x70, 0x76, 0x44, 0x65, 0x73, 0x63, 0x72, 0x69, 0x70, 0x74, 0x6f,
  0x72, 0x53, 0x65, 0x74, 0x32, 0x2e, 0x6d, 0x61, 0x74, 0x65, 0x72, 0x69,
  0x61, 0x6c, 0x50, 0x61, 0x72, 0x61, 0x6d, 0x73, 0x20, 0x2b, 0x20, 0x73,
  0x70, 0x76, 0x44, 0x79, 0x6e, 0x61, 0x6d, 0x69, 0x63, 0x4f, 0x66, 0x66,
  0x73, 0x65, 0x74, 0x73, 0x5b, 0x32, 0x5d, 0x29, 0x3b, 0x0a, 0x00, 0x20,
  0x3d, 0x20, 0x66, 0x61, 0x73, 0x74, 0x3a, 0x3a, 0x6e, 0x6f, 0x72, 0x6d,
  0x61, 0x6c, 0x69, 0x7a, 0x65, 0x28, 0x69, 0x6e, 0x2e, 0x76, 0x65, 0x72,
  0x74, 0x65, 0x78, 0x5f, 0x77, 0x6f, 0x72, 0x6c, 0x64, 0x4e, 0x6f, 0x72,
  0x6d, 0x61, 0x6c, 0x29, 0x3b, 0x0a, 0x00, 0x20, 0x20, 0x20, 0x20, 0x69,
  0x66, 0x20, 0x28, 0x28, 0x2a, 0x73, 0x70, 0x76, 0x44, 0x65, 0x73, 0x63,
  0x72, 0x69, 0x70, 0x74, 0x6f, 0x72, 0x53, 0x65, 0x74, 0x30, 0x2e, 0x66,
  0x72, 0x61, 0x6d, 0x65, 0x55, 0x6e, 0x69, 0x66, 0x6f, 0x72, 0x6d, 0x73,
  0x29, 0x2e, 0x63, 0x6c, 0x69, 0x70, 0x46, 0x72, 0x6f, 0x6d, 0x56, 0x69,
  0x65, 0x77, 0x4d, 0x61, 0x74, 0x72, 0x69, 0x78, 0x5b, 0x32, 0x5d, 0x2e,
  0x77, 0x20, 0x21, 0x3d, 0x20, 0x30, 0x2e, 0x30, 0x29, 0x0a, 0x00, 0x20,
  0x3d, 0x20, 0x28, 0x2a, 0x73, 0x70, 0x76, 0x44, 0x65, 0x73, 0x63, 0x72,
  0x69, 0x70, 0x74, 0x6f, 0x72, 0x53, 0x65, 0x74, 0x30, 0x2e, 0x66, 0x72,
  0x61, 0x6d, 0x65, 0x55, 0x6e, 0x69, 0x66, 0x6f, 0x72, 0x6d, 0x73, 0x29,
  0x2e, 0x77, 0x6f, 0x72, 0x6c, 0x64, 0x46, 0x72, 0x6f, 0x6d, 0x56, 0x69,
  0x65, 0x77, 0x4d, 0x61, 0x74, 0x72, 0x69, 0x78, 0x5b, 0x33, 0x5d, 0x2e,
  0x78, 0x79, 0x7a, 0x20, 0x2d, 0x20, 0x69, 0x6e, 0x2e, 0x76, 0x65, 0x72,
  0x74, 0x65, 0x78, 0x5f, 0x77, 0x6f, 0x72, 0x6c, 0x64, 0x50, 0x6f, 0x73,
  0x69, 0x74, 0x69, 0x6f, 0x6e, 0x2e, 0x78, 0x79, 0x7a, 0x3b, 0x0a, 0x00,
  0x20, 0x3d, 0x20, 0x28, 0x2a, 0x73, 0x70, 0x76, 0x44, 0x65, 0x73, 0x63,
  0x72, 0x69, 0x70, 0x74, 0x6f, 0x72, 0x53, 0x65, 0x74, 0x30, 0x2e, 0x66,
  0x72, 0x61, 0x6d, 0x65, 0x55, 0x6e, 0x69, 0x66, 0x6f, 0x72, 0x6d, 0x73,
  0x29, 0x2e, 0x77, 0x6f, 0x72, 0x6c, 0x64, 0x46, 0x72, 0x6f, 0x6d, 0x56,
  0x69, 0x65, 0x77, 0x4d, 0x61, 0x74, 0x72, 0x69, 0x78, 0x5b, 0x32, 0x5d,
  0x2e, 0x78, 0x79, 0x7a, 0x3b, 0x0a, 0x00, 0x20, 0x3d, 0x20, 0x28, 0x69,
  0x6e, 0x2e, 0x76, 0x65, 0x72, 0x74, 0x65, 0x78, 0x5f, 0x70, 0x6f, 0x73,
  0x69, 0x74, 0x69, 0x6f, 0x6e, 0x2e, 0x78, 0x79, 0x20, 0x2a, 0x20, 0x28,
  0x30, 0x2e, 0x35, 0x20, 0x2f, 0x20, 0x69, 0x6e, 0x2e, 0x76, 0x65, 0x72,
  0x74, 0x65, 0x78, 0x5f, 0x70, 0x6f, 0x73, 0x69, 0x74, 0x69, 0x6f, 0x6e,
  0x2e, 0x77, 0x29, 0x29, 0x20, 0x2b, 0x20, 0x66, 0x6c, 0x6f, 0x61, 0x74,
  0x32, 0x28, 0x30, 0x2e, 0x35, 0x29, 0x3b, 0x0a, 0x00, 0x20, 0x3d, 0x20,
  0x66, 0x61, 0x73, 0x74, 0x3a, 0x3a, 0x6d, 0x61, 0x78, 0x28, 0x64, 0x6f,
  0x74, 0x28, 0x00, 0x29, 0x2c, 0x20, 0x30, 0x2e, 0x30, 0x30, 0x30, 0x31,
  0x29, 0x3b, 0x0a, 0x00, 0x20, 0x3d, 0x20, 0x72, 0x65, 0x66, 0x6c, 0x65,
  0x63, 0x74, 0x28, 0x2d, 0x00, 0x20, 0x3d, 0x20, 0x66, 0x6c, 0x6f, 0x61,
  0x74, 0x34, 0x28, 0x31, 0x2e, 0x30, 0x29, 0x3b, 0x0a, 0x00, 0x2e, 0x78,
  0x20, 0x3d, 0x20, 0x6d, 0x61, 0x74, 0x65, 0x72, 0x69, 0x61, 0x6c, 0x50,
  0x61, 0x72, 0x61, 0x6d, 0x73, 0x2e, 0x62, 0x61, 0x73, 0x65, 0x43, 0x6f,
  0x6c, 0x6f, 0x72, 0x5b, 0x30, 0x5d, 0x3b, 0x0a, 0x00, 0x2e, 0x79, 0x20,
  0x3d, 0x20, 0x6d, 0x61, 0x74, 0x65, 0x72, 0x69, 0x61, 0x6c, 0x50, 0x61,
  0x72, 0x61, 0x6d, 0x73, 0x2e, 0x62, 0x61, 0x73, 0x65, 0x43, 0x6f, 0x6c,
  0x6f, 0x72, 0x5b, 0x31, 0x5d, 0x3b, 0x0a, 0x00, 0x2e, 0x7a, 0x20, 0x3d,
  0x20, 0x6d, 0x61, 0x74, 0x65, 0x72, 0x69, 0x61, 0x6c, 0x50, 0x61, 0x72,
  0x61, 0x6d, 0x73, 0x2e, 0x62, 0x61, 0x73, 0x65, 0x43, 0x6f, 0x6c, 0x6f,
  0x72, 0x5b, 0x32, 0x5d, 0x3b, 0x0a, 0x00, 0x20, 0x3d, 0x20, 0x31, 0x2e,
  0x30, 0x20, 0x2d, 0x20, 0x6d, 0x61, 0x74, 0x65, 0x72, 0x69, 0x61, 0x6c,
  0x50, 0x61, 0x72, 0x61, 0x6d, 0x73, 0x2e, 0x6d, 0x65, 0x74, 0x61, 0x6c,
  0x6c, 0x69, 0x63, 0x3b, 0x0a, 0x00, 0x2e, 0x78, 0x79, 0x7a, 0x20, 0x2a,
  0x20, 0x00, 0x2e, 0x78, 0x79, 0x7a, 0x20, 0x2a, 0x20, 0x6d, 0x61, 0x74,
  0x65, 0x72, 0x69, 0x61, 0x6c, 0x50, 0x61, 0x72, 0x61, 0x6d, 0x73, 0x2e,
  0x6d, 0x65, 0x74, 0x61, 0x6c, 0x6c, 0x69, 0x63, 0x29, 0x20, 0x2b, 0x20,
  0x66, 0x6c, 0x6f, 0x61, 0x74, 0x33, 0x28, 0x30, 0x2e, 0x30, 0x34, 0x20,
  0x2a, 0x20, 0x00, 0x20, 0x3d, 0x20, 0x66, 0x61, 0x73, 0x74, 0x3a, 0x3a,
  0x63, 0x6c, 0x61, 0x6d, 0x70, 0x28, 0x6d, 0x61, 0x74, 0x65, 0x72, 0x69,
  0x61, 0x6c, 0x50, 0x61, 0x72, 0x61, 0x6d, 0x73, 0x2e, 0x72, 0x6f, 0x75,
  0x67, 0x68, 0x6e, 0x65, 0x73, 0x73, 0x2c, 0x20, 0x30, 0x2e, 0x30, 0x34,
  0x35, 0x2c, 0x20, 0x31, 0x2e, 0x30, 0x29, 0x3b, 0x0a, 0x00, 0x20, 0x3d,
  0x20, 0x73, 0x70, 0x76, 0x44, 0x65, 0x73, 0x63, 0x72, 0x69, 0x70, 0x74,
  0x6f, 0x72, 0x53, 0x65, 0x74, 0x30, 0x2e, 0x73, 0x61, 0x6d, 0x70, 0x6c,
  0x65, 0x72, 0x30, 0x5f, 0x69, 0x62, 0x6c, 0x44, 0x46, 0x47, 0x2e, 0x73,
  0x61, 0x6d, 0x70, 0x6c, 0x65, 0x28, 0x73, 0x70, 0x76, 0x44, 0x65, 0x73,
  0x63, 0x72, 0x69, 0x70, 0x74, 0x6f, 0x72, 0x53, 0x65, 0x74, 0x30, 0x2e,
  0x73, 0x61, 0x6d, 0x70, 0x6c, 0x65, 0x72, 0x30, 0x5f, 0x69, 0x62, 0x6c,
  0x44, 0x46, 0x47, 0x53, 0x6d, 0x70, 0x6c, 0x72, 0x2c, 0x20, 0x66, 0x6c,
  0x6f, 0x61, 0x74, 0x32, 0x28, 0x00, 0x29, 0x2c, 0x20, 0x6c, 0x65, 0x76,
  0x65, 0x6c, 0x28, 0x30, 0x2e, 0x30, 0x29, 0x29, 0x3b, 0x0a, 0x00, 0x20,
  0x3d, 0x20, 0x66, 0x6c, 0x6f, 0x61, 0x74, 0x33, 0x28, 0x31, 0x2e, 0x30,
  0x29, 0x20, 0x2b, 0x20, 0x28, 0x00, 0x20, 0x2a, 0x20, 0x28, 0x28, 0x31,
  0x2e, 0x30, 0x20, 0x2f, 0x20, 0x66, 0x6c, 0x6f, 0x61, 0x74, 0x28, 0x68,
  0x61, 0x6c, 0x66, 0x34, 0x28, 0x00, 0x29, 0x2e, 0x79, 0x29, 0x29, 0x20,
  0x2d, 0x20, 0x31, 0x2e, 0x30, 0x29, 0x29, 0x3b, 0x0a, 0x00, 0x2e, 0x78,
  0x78, 0x78, 0x2c, 0x20, 0x00, 0x2e, 0x79, 0x79, 0x79, 0x2c, 0x20, 0x00,
  0x20, 0x3d, 0x20, 0x28, 0x2a, 0x73, 0x70, 0x76, 0x44, 0x65, 0x73, 0x63,
  0x72, 0x69, 0x70, 0x74, 0x6f, 0x72, 0x53, 0x65, 0x74, 0x30, 0x2e, 0x66,
  0x72, 0x61, 0x6d, 0x65, 0x55, 0x6e, 0x69, 0x66, 0x6f, 0x72, 0x6d, 0x73,
  0x29, 0x2e, 0x61, 0x6f, 0x53, 0x61, 0x6d, 0x70, 0x6c, 0x69, 0x6e, 0x67,
  0x51, 0x75, 0x61, 0x6c, 0x69, 0x74, 0x79, 0x41, 0x6e, 0x64, 0x45, 0x64,
  0x67, 0x65, 0x44, 0x69, 0x73, 0x74, 0x61, 0x6e, 0x63, 0x65, 0x3b, 0x0a,
  0x00, 0x20, 0x3c, 0x20, 0x30, 0x2e, 0x30, 0x29, 0x0a, 0x00, 0x2e, 0x7a,
  0x29, 0x29, 0x2c, 0x20, 0x69, 0x6e, 0x74, 0x32, 0x28, 0x30, 0x29, 0x2c,
  0x20, 0x63, 0x6f, 0x6d, 0x70, 0x6f, 0x6e, 0x65, 0x6e, 0x74, 0x3a, 0x3a,
  0x79, 0x29, 0x29, 0x3b, 0x0a, 0x00, 0x2e, 0x7a, 0x29, 0x29, 0x2c, 0x20,
  0x69, 0x6e, 0x74, 0x32, 0x28, 0x30, 0x29, 0x2c, 0x20, 0x63, 0x6f, 0x6d,
  0x70, 0x6f, 0x6e, 0x65, 0x6e, 0x74, 0x3a, 0x3a, 0x7a, 0x29, 0x29, 0x3b,
  0x0a, 0x00, 0x20, 0x3d, 0x20, 0x66, 0x72, 0x61, 0x63, 0x74, 0x28, 0x28,
  0x66, 0x6c, 0x6f, 0x61, 0x74, 0x32, 0x28, 0x00, 0x29, 0x20, 0x2a, 0x20,
  0x66, 0x6c, 0x6f, 0x61, 0x74, 0x32, 0x28, 0x68, 0x61, 0x6c, 0x66, 0x32,
  0x28, 0x68, 0x61, 0x6c, 0x66, 0x33, 0x28, 0x69, 0x6e, 0x74, 0x33, 0x28,
  0x73, 0x70, 0x76, 0x44, 0x65, 0x73, 0x63, 0x72, 0x69, 0x70, 0x74, 0x6f,
  0x72, 0x53, 0x65, 0x74, 0x30, 0x2e, 0x73, 0x61, 0x6d, 0x70, 0x6c, 0x65,
  0x72, 0x30, 0x5f, 0x73, 0x73, 0x61, 0x6f, 0x2e, 0x67, 0x65, 0x74, 0x5f,
  0x77, 0x69, 0x64, 0x74, 0x68, 0x28, 0x29, 0x2c, 0x20, 0x73, 0x70, 0x76,
  0x44, 0x65, 0x73, 0x63, 0x72, 0x69, 0x70, 0x74, 0x6f, 0x72, 0x53, 0x65,
  0x74, 0x30, 0x2e, 0x73, 0x61, 0x6d, 0x70, 0x6c, 0x65, 0x72, 0x30, 0x5f,
  0x73, 0x73, 0x61, 0x6f, 0x2e, 0x67, 0x65, 0x74, 0x5f, 0x68, 0x65, 0x69,
  0x67, 0x68, 0x74, 0x28, 0x29, 0x2c, 0x20, 0x73, 0x70, 0x76, 0x44, 0x65,
  0x73, 0x63, 0x72, 0x69, 0x70, 0x74, 0x6f, 0x72, 0x53, 0x65, 0x74, 0x30,
  0x2e, 0x73, 0x61, 0x6d, 0x70, 0x6c, 0x65, 0x72, 0x30, 0x5f, 0x73, 0x73,
  0x61, 0x6f, 0x2e, 0x67, 0x65, 0x74, 0x5f, 0x61, 0x72, 0x72, 0x61, 0x79,
  0x5f, 0x73, 0x69, 0x7a, 0x65, 0x28, 0x29, 0x29, 0x29, 0x2e, 0x78, 0x79,
  0x29, 0x29, 0x29, 0x20, 0x2d, 0x20, 0x66, 0x6c, 0x6f, 0x61, 0x74, 0x32,
  0x28, 0x30, 0x2e, 0x35, 0x29, 0x29, 0x3b, 0x0a, 0x00, 0x20, 0x3d, 0x20,
  0x28, 0x66, 0x6c, 0x6f, 0x61, 0x74, 0x34, 0x28, 0x64, 0x6f, 0x74, 0x28,
  0x66, 0x6c, 0x6f, 0x61, 0x74, 0x33, 0x28, 0x28, 0x2a, 0x73, 0x70, 0x76,
  0x44, 0x65, 0x73, 0x63, 0x72, 0x69, 0x70, 0x74, 0x6f, 0x72, 0x53, 0x65,
  0x74, 0x30, 0x2e, 0x66, 0x72, 0x61, 0x6d, 0x65, 0x55, 0x6e, 0x69, 0x66,
  0x6f, 0x72, 0x6d, 0x73, 0x29, 0x2e, 0x76, 0x69, 0x65, 0x77, 0x46, 0x72,
  0x6f, 0x6d, 0x57, 0x6f, 0x72, 0x6c, 0x64, 0x4d, 0x61, 0x74, 0x72, 0x69,
  0x78, 0x5b, 0x30, 0x5d, 0x2e, 0x7a, 0x2c, 0x20, 0x28, 0x2a, 0x73, 0x70,
  0x76, 0x44, 0x65, 0x73, 0x63, 0x72, 0x69, 0x70, 0x74, 0x6f, 0x72, 0x53,
  0x65, 0x74, 0x30, 0x2e, 0x66, 0x72, 0x61, 0x6d, 0x65, 0x55, 0x6e, 0x69,
  0x66, 0x6f, 0x72, 0x6d, 0x73, 0x29, 0x2e, 0x76, 0x69, 0x65, 0x77, 0x46,
  0x72, 0x6f, 0x6d, 0x57, 0x6f, 0x72, 0x6c, 0x64, 0x4d, 0x61, 0x74, 0x72,
  0x69, 0x78, 0x5b, 0x31, 0x5d, 0x2e, 0x7a, 0x2c, 0x20, 0x28, 0x2a, 0x73,
  0x70, 0x76, 0x44, 0x65, 0x73, 0x63, 0x72, 0x69, 0x70, 0x74, 0x6f, 0x72,
  0x53, 0x65, 0x74, 0x30, 0x2e, 0x66, 0x72, 0x61, 0x6d, 0x65, 0x55, 0x6e,
  0x69, 0x66, 0x6f, 0x72, 0x6d, 0x73, 0x29, 0x2e, 0x76, 0x69, 0x65, 0x77,
  0x46, 0x72, 0x6f, 0x6d, 0x57, 0x6f, 0x72, 0x6c, 0x64, 0x4d, 0x61, 0x74,
  0x72, 0x69, 0x78, 0x5b, 0x32, 0x5d, 0x2e, 0x7a, 0x29, 0x2c, 0x20, 0x69,
  0x6e, 0x2e, 0x76, 0x65, 0x72, 0x74, 0x65, 0x78, 0x5f, 0x77, 0x6f, 0x72,
  0x6c, 0x64, 0x50, 0x6f, 0x73, 0x69, 0x74, 0x69, 0x6f, 0x6e, 0x2e, 0x78,
  0x79, 0x7a, 0x29, 0x20, 0x2b, 0x20, 0x28, 0x2a, 0x73, 0x70, 0x76, 0x44,
  0x65, 0x73, 0x63, 0x72, 0x69, 0x70, 0x74, 0x6f, 0x72, 0x53, 0x65, 0x74,
  0x30, 0x2e, 0x66, 0x72, 0x61, 0x6d, 0x65, 0x55, 0x6e, 0x69, 0x66, 0x6f,
  0x72, 0x6d, 0x73, 0x29, 0x2e, 0x76, 0x69, 0x65, 0x77, 0x46, 0x72, 0x6f,
  0x6d, 0x57, 0x6f, 0x72, 0x6c, 0x64, 0x4d, 0x61, 0x74, 0x72, 0x69, 0x78,
  0x5b, 0x33, 0x5d, 0x2e, 0x7a, 0x29, 0x20, 0x2d, 0x20, 0x28, 0x66, 0x6c,
  0x6f, 0x61, 0x74, 0x34, 0x28, 0x28, 0x66, 0x6c, 0x6f, 0x61, 0x74, 0x28,
  0x00, 0x2e, 0x78, 0x29, 0x20, 0x2a, 0x20, 0x30, 0x2e, 0x39, 0x39, 0x36,
  0x31, 0x30, 0x38, 0x39, 0x35, 0x29, 0x20, 0x2b, 0x20, 0x28, 0x66, 0x6c,
  0x6f, 0x61, 0x74, 0x28, 0x00, 0x2e, 0x78, 0x29, 0x20, 0x2a, 0x20, 0x30,
  0x2e, 0x30, 0x30, 0x33, 0x38, 0x39, 0x31, 0x30, 0x35, 0x30, 0x36, 0x29,
  0x2c, 0x20, 0x28, 0x66, 0x6c, 0x6f, 0x61, 0x74, 0x28, 0x00, 0x2e, 0x79,
  0x29, 0x20, 0x2a, 0x20, 0x30, 0x2e, 0x39, 0x39, 0x36, 0x31, 0x30, 0x38,
  0x39, 0x35, 0x29, 0x20, 0x2b, 0x20, 0x28, 0x66, 0x6c, 0x6f, 0x61, 0x74,
  0x28, 0x00, 0x2e, 0x79, 0x29, 0x20, 0x2a, 0x20, 0x30, 0x2e, 0x30, 0x30,
  0x33, 0x38, 0x39, 0x31, 0x30, 0x35, 0x30, 0x36, 0x29, 0x2c, 0x20, 0x28,
  0x66, 0x6c, 0x6f, 0x61, 0x74, 0x28, 0x00, 0x2e, 0x7a, 0x29, 0x20, 0x2a,
  0x20, 0x30, 0x2e, 0x39, 0x39, 0x36, 0x31, 0x30, 0x38, 0x39, 0x35, 0x29,
  0x20, 0x2b, 0x20, 0x28, 0x66, 0x6c, 0x6f, 0x61, 0x74, 0x28, 0x00, 0x2e,
  0x7a, 0x29, 0x20, 0x2a, 0x20, 0x30, 0x2e, 0x30, 0x30, 0x33, 0x38, 0x39,
  0x31, 0x30, 0x35, 0x30, 0x36, 0x29, 0x2c, 0x20, 0x28, 0x66, 0x6c, 0x6f,
  0x61, 0x74, 0x28, 0x00, 0x2e, 0x77, 0x29, 0x20, 0x2a, 0x20, 0x30, 0x2e,
  0x39, 0x39, 0x36, 0x31, 0x30, 0x38, 0x39, 0x35, 0x29, 0x20, 0x2b, 0x20,
  0x28, 0x66, 0x6c, 0x6f, 0x61, 0x74, 0x28, 0x00, 0x2e, 0x77, 0x29, 0x20,
  0x2a, 0x20, 0x30, 0x2e, 0x30, 0x30, 0x33, 0x38, 0x39, 0x31, 0x30, 0x35,
  0x30, 0x36, 0x29, 0x29, 0x20, 0x2a, 0x20, 0x28, 0x2d, 0x28, 0x2a, 0x73,
  0x70, 0x76, 0x44, 0x65, 0x73, 0x63, 0x72, 0x69, 0x70, 0x74, 0x6f, 0x72,
  0x53, 0x65, 0x74, 0x30, 0x2e, 0x66, 0x72, 0x61, 0x6d, 0x65, 0x55, 0x6e,
  0x69, 0x66, 0x6f, 0x72, 0x6d, 0x73, 0x29, 0x2e, 0x63, 0x61, 0x6d, 0x65,
  0x72, 0x61, 0x46, 0x61, 0x72, 0x29, 0x29, 0x29, 0x20, 0x2a, 0x20, 0x00,
  0x20, 0x3d, 0x20, 0x66, 0x61, 0x73, 0x74, 0x3a, 0x3a, 0x6d, 0x61, 0x78,
  0x28, 0x66, 0x6c, 0x6f, 0x61, 0x74, 0x34, 0x28, 0x36, 0x2e, 0x31, 0x30,
  0x33, 0x35, 0x31, 0x35, 0x36, 0x65, 0x2d, 0x30, 0x35, 0x29, 0x2c, 0x20,
  0x66, 0x6c, 0x6f, 0x61, 0x74, 0x34, 0x28, 0x31, 0x2e, 0x30, 0x29, 0x20,
  0x2d, 0x20, 0x28, 0x00, 0x29, 0x29, 0x20, 0x2a, 0x20, 0x66, 0x6c, 0x6f,
  0x61, 0x74, 0x34, 0x28, 0x00, 0x20, 0x2f, 0x20, 0x66, 0x6c, 0x6f, 0x61,
  0x74, 0x34, 0x28, 0x28, 0x28, 0x00, 0x20, 0x3d, 0x20, 0x64, 0x6f, 0x74,
  0x28, 0x73, 0x70, 0x76, 0x44, 0x65, 0x73, 0x63, 0x72, 0x69, 0x70, 0x74,
  0x6f, 0x72, 0x53, 0x65, 0x74, 0x30, 0x2e, 0x73, 0x61, 0x6d, 0x70, 0x6c,
  0x65, 0x72, 0x30, 0x5f, 0x73, 0x73, 0x61, 0x6f, 0x2e, 0x67, 0x61, 0x74,
  0x68, 0x65, 0x72, 0x28, 0x73, 0x70, 0x76, 0x44, 0x65, 0x73, 0x63, 0x72,
  0x69, 0x70, 0x74, 0x6f, 0x72, 0x53, 0x65, 0x74, 0x30, 0x2e, 0x73, 0x61,
  0x6d, 0x70, 0x6c, 0x65, 0x72, 0x30, 0x5f, 0x73, 0x73, 0x61, 0x6f, 0x53,
  0x6d, 0x70, 0x6c, 0x72, 0x2c, 0x20, 0x00, 0x20, 0x3d, 0x20, 0x66, 0x6c,
  0x6f, 0x61, 0x74, 0x28, 0x68, 0x61, 0x6c, 0x66, 0x34, 0x28, 0x73, 0x70,
  0x76, 0x44, 0x65, 0x73, 0x63, 0x72, 0x69, 0x70, 0x74, 0x6f, 0x72, 0x53,
  0x65, 0x74, 0x30, 0x2e, 0x73, 0x61, 0x6d, 0x70, 0x6c, 0x65, 0x72, 0x30,
  0x5f, 0x73, 0x73, 0x61, 0x6f, 0x2e, 0x73, 0x61, 0x6d, 0x70, 0x6c, 0x65,
  0x28, 0x73, 0x70, 0x76, 0x44, 0x65, 0x73, 0x63, 0x72, 0x69, 0x70, 0x74,
  0x6f, 0x72, 0x53, 0x65, 0x74, 0x30, 0x2e, 0x73, 0x61, 0x6d, 0x70, 0x6c,
  0x65, 0x72, 0x30, 0x5f, 0x73, 0x73, 0x61, 0x6f, 0x53, 0x6d, 0x70, 0x6c,
  0x72, 0x2c, 0x20, 0x00, 0x2e, 0x7a, 0x29, 0x29, 0x2c, 0x20, 0x6c, 0x65,
  0x76, 0x65, 0x6c, 0x28, 0x30, 0x2e, 0x30, 0x29, 0x29, 0x29, 0x2e, 0x78,
  0x29, 0x3b, 0x0a, 0x00, 0x20, 0x3d, 0x20, 0x66, 0x61, 0x73, 0x74, 0x3a,
  0x3a, 0x6d, 0x69, 0x6e, 0x28, 0x31, 0x2e, 0x30, 0x2c, 0x20, 0x00, 0x20,
  0x3d, 0x20, 0x66, 0x61, 0x73, 0x74, 0x3a, 0x3a, 0x63, 0x6c, 0x61, 0x6d,
  0x70, 0x28, 0x28, 0x70, 0x6f, 0x77, 0x72, 0x28, 0x00, 0x2c, 0x20, 0x65,
  0x78, 0x70, 0x32, 0x28, 0x28, 0x28, 0x2d, 0x31, 0x36, 0x2e, 0x30, 0x29,
  0x20, 0x2a, 0x20, 0x00, 0x29, 0x20, 0x2d, 0x20, 0x31, 0x2e, 0x30, 0x29,
  0x29, 0x20, 0x2d, 0x20, 0x31, 0x2e, 0x30, 0x29, 0x20, 0x2b, 0x20, 0x00,
  0x20, 0x20, 0x20, 0x20, 0x69, 0x66, 0x20, 0x28, 0x28, 0x2a, 0x73, 0x70,
  0x76, 0x44, 0x65, 0x73, 0x63, 0x72, 0x69, 0x70, 0x74, 0x6f, 0x72, 0x53,
  0x65, 0x74, 0x30, 0x2e, 0x66, 0x72, 0x61, 0x6d, 0x65, 0x55, 0x6e, 0x69,
  0x66, 0x6f, 0x72, 0x6d, 0x73, 0x29, 0x2e, 0x61, 0x6f, 0x42, 0x65, 0x6e,
  0x74, 0x4e, 0x6f, 0x72, 0x6d, 0x61, 0x6c, 0x73, 0x20, 0x3e, 0x20, 0x30,
  0x2e, 0x30, 0x29, 0x0a, 0x00, 0x20, 0x3d, 0x20, 0x66, 0x6c, 0x6f, 0x61,
  0x74, 0x33, 0x28, 0x64, 0x6f, 0x74, 0x28, 0x73, 0x70, 0x76, 0x44, 0x65,
  0x73, 0x63, 0x72, 0x69, 0x70, 0x74, 0x6f, 0x72, 0x53, 0x65, 0x74, 0x30,
  0x2e, 0x73, 0x61, 0x6d, 0x70, 0x6c, 0x65, 0x72, 0x30, 0x5f, 0x73, 0x73,
  0x61, 0x6f, 0x2e, 0x67, 0x61, 0x74, 0x68, 0x65, 0x72, 0x28, 0x73, 0x70,
  0x76, 0x44, 0x65, 0x73, 0x63, 0x72, 0x69, 0x70, 0x74, 0x6f, 0x72, 0x53,
  0x65, 0x74, 0x30, 0x2e, 0x73, 0x61, 0x6d, 0x70, 0x6c, 0x65, 0x72, 0x30,
  0x5f, 0x73, 0x73, 0x61, 0x6f, 0x53, 0x6d, 0x70, 0x6c, 0x72, 0x2c, 0x20,
  0x00, 0x2e, 0x7a, 0x29, 0x29, 0x2c, 0x20, 0x69, 0x6e, 0x74, 0x32, 0x28,
  0x30, 0x29, 0x2c, 0x20, 0x63, 0x6f, 0x6d, 0x70, 0x6f, 0x6e, 0x65, 0x6e,
  0x74, 0x3a, 0x3a, 0x79, 0x29, 0x2c, 0x20, 0x00, 0x2e, 0x7a, 0x29, 0x29,
  0x2c, 0x20, 0x69, 0x6e, 0x74, 0x32, 0x28, 0x30, 0x29, 0x2c, 0x20, 0x63,
  0x6f, 0x6d, 0x70, 0x6f, 0x6e, 0x65, 0x6e, 0x74, 0x3a, 0x3a, 0x7a, 0x29,
  0x2c, 0x20, 0x00, 0x20, 0x3d, 0x20, 0x66, 0x6c, 0x6f, 0x61, 0x74, 0x33,
  0x28, 0x68, 0x61, 0x6c, 0x66, 0x34, 0x28, 0x73, 0x70, 0x76, 0x44, 0x65,
  0x73, 0x63, 0x72, 0x69, 0x70, 0x74, 0x6f, 0x72, 0x53, 0x65, 0x74, 0x30,
  0x2e, 0x73, 0x61, 0x6d, 0x70, 0x6c, 0x65, 0x72, 0x30, 0x5f, 0x73, 0x73,
  0x61, 0x6f, 0x2e, 0x73, 0x61, 0x6d, 0x70, 0x6c, 0x65, 0x28, 0x73, 0x70,
  0x76, 0x44, 0x65, 0x73, 0x63, 0x72, 0x69, 0x70, 0x74, 0x6f, 0x72, 0x53,
  0x65, 0x74, 0x30, 0x2e, 0x73, 0x61, 0x6d, 0x70, 0x6c, 0x65, 0x72, 0x30,
  0x5f, 0x73, 0x73, 0x61, 0x6f, 0x53, 0x6d, 0x70, 0x6c, 0x72, 0x2c, 0x20,
  0x00, 0x2e, 0x7a, 0x29, 0x29, 0x2c, 0x20, 0x6c, 0x65, 0x76, 0x65, 0x6c,
  0x28, 0x30, 0x2e, 0x30, 0x29, 0x29, 0x29, 0x2e, 0x78, 0x79, 0x7a, 0x29,
  0x3b, 0x0a, 0x00, 0x20, 0x3d, 0x20, 0x73, 0x71, 0x72, 0x74, 0x28, 0x31,
  0x2e, 0x30, 0x20, 0x2d, 0x20, 0x00, 0x20, 0x3d, 0x20, 0x65, 0x78, 0x70,
  0x32, 0x28, 0x28, 0x2d, 0x33, 0x2e, 0x33, 0x32, 0x31, 0x39, 0x32, 0x38,
  0x29, 0x20, 0x2a, 0x20, 0x00, 0x20, 0x3d, 0x20, 0x64, 0x6f, 0x74, 0x28,
  0x66, 0x61, 0x73, 0x74, 0x3a, 0x3a, 0x6e, 0x6f, 0x72, 0x6d, 0x61, 0x6c,
  0x69, 0x7a, 0x65, 0x28, 0x28, 0x00, 0x20, 0x2a, 0x20, 0x32, 0x2e, 0x30,
  0x29, 0x20, 0x2d, 0x20, 0x66, 0x6c, 0x6f, 0x61, 0x74, 0x33, 0x28, 0x31,
  0x2e, 0x30, 0x29, 0x29, 0x2c, 0x20, 0x00, 0x29, 0x20, 0x2b, 0x20, 0x31,
  0x2e, 0x35, 0x37, 0x30, 0x37, 0x39, 0x36, 0x29, 0x20, 0x2a, 0x20, 0x73,
  0x71, 0x72, 0x74, 0x28, 0x00, 0x20, 0x3e, 0x3d, 0x20, 0x30, 0x2e, 0x30,
  0x29, 0x0a, 0x00, 0x20, 0x3d, 0x20, 0x33, 0x2e, 0x31, 0x34, 0x31, 0x35,
  0x39, 0x32, 0x37, 0x20, 0x2d, 0x20, 0x00, 0x20, 0x20, 0x20, 0x20, 0x20,
  0x20, 0x20, 0x20, 0x20, 0x20, 0x20, 0x20, 0x69, 0x66, 0x20, 0x28, 0x66,
  0x61, 0x73, 0x74, 0x3a, 0x3a, 0x6d, 0x69, 0x6e, 0x28, 0x00, 0x29, 0x20,
  0x3c, 0x3d, 0x20, 0x28, 0x66, 0x61, 0x73, 0x74, 0x3a, 0x3a, 0x6d, 0x61,
  0x78, 0x28, 0x00, 0x29, 0x29, 0x0a, 0x00, 0x20, 0x3d, 0x20, 0x31, 0x2e,
  0x30, 0x20, 0x2d, 0x20, 0x66, 0x61, 0x73, 0x74, 0x3a, 0x3a, 0x6d, 0x61,
  0x78, 0x28, 0x00, 0x20, 0x3d, 0x20, 0x31, 0x2e, 0x30, 0x20, 0x2d, 0x20,
  0x66, 0x61, 0x73, 0x74, 0x3a, 0x3a, 0x63, 0x6c, 0x61, 0x6d, 0x70, 0x28,
  0x28, 0x00, 0x29, 0x20, 0x2f, 0x20, 0x66, 0x61, 0x73, 0x74, 0x3a, 0x3a,
  0x6d, 0x61, 0x78, 0x28, 0x00, 0x2c, 0x20, 0x30, 0x2e, 0x30, 0x30, 0x30,
  0x31, 0x29, 0x2c, 0x20, 0x30, 0x2e, 0x30, 0x2c, 0x20, 0x31, 0x2e, 0x30,
  0x29, 0x3b, 0x0a, 0x00, 0x29, 0x20, 0x2a, 0x20, 0x28, 0x28, 0x28, 0x2d,
  0x32, 0x2e, 0x30, 0x29, 0x20, 0x2a, 0x20, 0x00, 0x29, 0x20, 0x2b, 0x20,
  0x33, 0x2e, 0x30, 0x29, 0x29, 0x20, 0x2a, 0x20, 0x28, 0x31, 0x2e, 0x30,
  0x20, 0x2d, 0x20, 0x66, 0x61, 0x73, 0x74, 0x3a, 0x3a, 0x6d, 0x61, 0x78,
  0x28, 0x00, 0x2c, 0x20, 0x6d, 0x69, 0x78, 0x28, 0x31, 0x2e, 0x30, 0x2c,
  0x20, 0x00, 0x2c, 0x20, 0x73, 0x6d, 0x6f, 0x6f, 0x74, 0x68, 0x73, 0x74,
  0x65, 0x70, 0x28, 0x30, 0x2e, 0x30, 0x31, 0x2c, 0x20, 0x30, 0x2e, 0x30,
  0x39, 0x2c, 0x20, 0x00, 0x20, 0x20, 0x20, 0x20, 0x20, 0x20, 0x20, 0x20,
  0x69, 0x66, 0x20, 0x28, 0x28, 0x2a, 0x73, 0x70, 0x76, 0x44, 0x65, 0x73,
  0x63, 0x72, 0x69, 0x70, 0x74, 0x6f, 0x72, 0x53, 0x65, 0x74, 0x30, 0x2e,
  0x66, 0x72, 0x61, 0x6d, 0x65, 0x55, 0x6e, 0x69, 0x66, 0x6f, 0x72, 0x6d,
  0x73, 0x29, 0x2e, 0x69, 0x62, 0x6c, 0x53, 0x48, 0x5b, 0x30, 0x5d, 0x2e,
  0x78, 0x20, 0x3d, 0x3d, 0x20, 0x36, 0x35, 0x35, 0x30, 0x34, 0x2e, 0x30,
  0x29, 0x0a, 0x00, 0x20, 0x20, 0x20, 0x20, 0x20, 0x20, 0x20, 0x20, 0x20,
  0x20, 0x20, 0x20, 0x69, 0x6e, 0x74, 0x32, 0x20, 0x00, 0x20, 0x3d, 0x20,
  0x69, 0x6e, 0x74, 0x32, 0x28, 0x73, 0x70, 0x76, 0x44, 0x65, 0x73, 0x63,
  0x72, 0x69, 0x70, 0x74, 0x6f, 0x72, 0x53, 0x65, 0x74, 0x30, 0x2e, 0x73,
  0x61, 0x6d, 0x70, 0x6c, 0x65, 0x72, 0x30, 0x5f, 0x69, 0x62, 0x6c, 0x53,
  0x70, 0x65, 0x63, 0x75, 0x6c, 0x61, 0x72, 0x2e, 0x67, 0x65, 0x74, 0x5f,
  0x77, 0x69, 0x64, 0x74, 0x68, 0x28, 0x69, 0x6e, 0x74, 0x28, 0x28, 0x2a,
  0x73, 0x70, 0x76, 0x44, 0x65, 0x73, 0x63, 0x72, 0x69, 0x70, 0x74, 0x6f,
  0x72, 0x53, 0x65, 0x74, 0x30, 0x2e, 0x66, 0x72, 0x61, 0x6d, 0x65, 0x55,
  0x6e, 0x69, 0x66, 0x6f, 0x72, 0x6d, 0x73, 0x29, 0x2e, 0x69, 0x62, 0x6c,
  0x52, 0x6f, 0x75, 0x67, 0x68, 0x6e, 0x65, 0x73, 0x73, 0x4f, 0x6e, 0x65,
  0x4c, 0x65, 0x76, 0x65, 0x6c, 0x29, 0x29, 0x2c, 0x20, 0x73, 0x70, 0x76,
  0x44, 0x65, 0x73, 0x63, 0x72, 0x69, 0x70, 0x74, 0x6f, 0x72, 0x53, 0x65,
  0x74, 0x30, 0x2e, 0x73, 0x61, 0x6d, 0x70, 0x6c, 0x65, 0x72, 0x30, 0x5f,
  0x69, 0x62, 0x6c, 0x53, 0x70, 0x65, 0x63, 0x75, 0x6c, 0x61, 0x72, 0x2e,
  0x67, 0x65, 0x74, 0x5f, 0x68, 0x65, 0x69, 0x67, 0x68, 0x74, 0x28, 0x69,
  0x6e, 0x74, 0x28, 0x28, 0x2a, 0x73, 0x70, 0x76, 0x44, 0x65, 0x73, 0x63,
  0x72, 0x69, 0x70, 0x74, 0x6f, 0x72, 0x53, 0x65, 0x74, 0x30, 0x2e, 0x66,
  0x72, 0x61, 0x6d, 0x65, 0x55, 0x6e, 0x69, 0x66, 0x6f, 0x72, 0x6d, 0x73,
  0x29, 0x2e, 0x69, 0x62, 0x6c, 0x52, 0x6f, 0x75, 0x67, 0x68, 0x6e, 0x65,
  0x73, 0x73, 0x4f, 0x6e, 0x65, 0x4c, 0x65, 0x76, 0x65, 0x6c, 0x29, 0x29,
  0x29, 0x3b, 0x0a, 0x00, 0x20, 0x3d, 0x20, 0x66, 0x61, 0x73, 0x74, 0x3a,
  0x3a, 0x6e, 0x6f, 0x72, 0x6d, 0x61, 0x6c, 0x69, 0x7a, 0x65, 0x28, 0x63,
  0x72, 0x6f, 0x73, 0x73, 0x28, 0x00, 0x2c, 0x20, 0x66, 0x6c, 0x6f, 0x61,
  0x74, 0x33, 0x28, 0x30, 0x2e, 0x30, 0x2c, 0x20, 0x31, 0x2e, 0x30, 0x2c,
  0x20, 0x30, 0x2e, 0x30, 0x29, 0x29, 0x29, 0x3b, 0x0a, 0x00, 0x20, 0x2a,
  0x20, 0x28, 0x31, 0x2e, 0x30, 0x20, 0x2f, 0x20, 0x66, 0x6c, 0x6f, 0x61,
  0x74, 0x28, 0x00, 0x29, 0x20, 0x2a, 0x20, 0x28, 0x31, 0x2e, 0x30, 0x20,
  0x2f, 0x20, 0x66, 0x6c, 0x6f, 0x61, 0x74, 0x28, 0x00, 0x2e, 0x79, 0x29,
  0x29, 0x3b, 0x0a, 0x00, 0x20, 0x3d, 0x20, 0x28, 0x28, 0x28, 0x66, 0x6c,
  0x6f, 0x61, 0x74, 0x33, 0x28, 0x68, 0x61, 0x6c, 0x66, 0x34, 0x28, 0x73,
  0x70, 0x76, 0x44, 0x65, 0x73, 0x63, 0x72, 0x69, 0x70, 0x74, 0x6f, 0x72,
  0x53, 0x65, 0x74, 0x30, 0x2e, 0x73, 0x61, 0x6d, 0x70, 0x6c, 0x65, 0x72,
  0x30, 0x5f, 0x69, 0x62, 0x6c, 0x53, 0x70, 0x65, 0x63, 0x75, 0x6c, 0x61,
  0x72, 0x2e, 0x73, 0x61, 0x6d, 0x70, 0x6c, 0x65, 0x28, 0x73, 0x70, 0x76,
  0x44, 0x65, 0x73, 0x63, 0x72, 0x69, 0x70, 0x74, 0x6f, 0x72, 0x53, 0x65,
  0x74, 0x30, 0x2e, 0x73, 0x61, 0x6d, 0x70, 0x6c, 0x65, 0x72, 0x30, 0x5f,
  0x69, 0x62, 0x6c, 0x53, 0x70, 0x65, 0x63, 0x75, 0x6c, 0x61, 0x72, 0x53,
  0x6d, 0x70, 0x6c, 0x72, 0x2c, 0x20, 0x28, 0x00, 0x29, 0x2c, 0x20, 0x6c,
  0x65, 0x76, 0x65, 0x6c, 0x28, 0x28, 0x2a, 0x73, 0x70, 0x76, 0x44, 0x65,
  0x73, 0x63, 0x72, 0x69, 0x70, 0x74, 0x6f, 0x72, 0x53, 0x65, 0x74, 0x30,
  0x2e, 0x66, 0x72, 0x61, 0x6d, 0x65, 0x55, 0x6e, 0x69, 0x66, 0x6f, 0x72,
  0x6d, 0x73, 0x29, 0x2e, 0x69, 0x62, 0x6c, 0x52, 0x6f, 0x75, 0x67, 0x68,
  0x6e, 0x65, 0x73, 0x73, 0x4f, 0x6e, 0x65, 0x4c, 0x65, 0x76, 0x65, 0x6c,
  0x29, 0x29, 0x29, 0x2e, 0x78, 0x79, 0x7a, 0x29, 0x20, 0x2b, 0x20, 0x66,
  0x6c, 0x6f, 0x61, 0x74, 0x33, 0x28, 0x68, 0x61, 0x6c, 0x66, 0x34, 0x28,
  0x73, 0x70, 0x76, 0x44, 0x65, 0x73, 0x63, 0x72, 0x69, 0x70, 0x74, 0x6f,
  0x72, 0x53, 0x65, 0x74, 0x30, 0x2e, 0x73, 0x61, 0x6d, 0x70, 0x6c, 0x65,
  0x72, 0x30, 0x5f, 0x69, 0x62, 0x6c, 0x53, 0x70, 0x65, 0x63, 0x75, 0x6c,
  0x61, 0x72, 0x2e, 0x73, 0x61, 0x6d, 0x70, 0x6c, 0x65, 0x28, 0x73, 0x70,
  0x76, 0x44, 0x65, 0x73, 0x63, 0x72, 0x69, 0x70, 0x74, 0x6f, 0x72, 0x53,
  0x65, 0x74, 0x30, 0x2e, 0x73, 0x61, 0x6d, 0x70, 0x6c, 0x65, 0x72, 0x30,
  0x5f, 0x69, 0x62, 0x6c, 0x53, 0x70, 0x65, 0x63, 0x75, 0x6c, 0x61, 0x72,
  0x53, 0x6d, 0x70, 0x6c, 0x72, 0x2c, 0x20, 0x28, 0x00, 0x29, 0x2c, 0x20,
  0x6c, 0x65, 0x76, 0x65, 0x6c, 0x28, 0x28, 0x2a, 0x73, 0x70, 0x76, 0x44,
  0x65, 0x73, 0x63, 0x72, 0x69, 0x70, 0x74, 0x6f, 0x72, 0x53, 0x65, 0x74,
  0x30, 0x2e, 0x66, 0x72, 0x61, 0x6d, 0x65, 0x55, 0x6e, 0x69, 0x66, 0x6f,
  0x72, 0x6d, 0x73, 0x29, 0x2e, 0x69, 0x62, 0x6c, 0x52, 0x6f, 0x75, 0x67,
  0x68, 0x6e, 0x65, 0x73, 0x73, 0x4f, 0x6e, 0x65, 0x4c, 0x65, 0x76, 0x65,
  0x6c, 0x29, 0x29, 0x29, 0x2e, 0x78, 0x79, 0x7a, 0x29, 0x29, 0x20, 0x2a,
  0x20, 0x30, 0x2e, 0x32, 0x35, 0x3b, 0x0a, 0x00, 0x20, 0x3d, 0x20, 0x28,
  0x2a, 0x73, 0x70, 0x76, 0x44, 0x65, 0x73, 0x63, 0x72, 0x69, 0x70, 0x74,
  0x6f, 0x72, 0x53, 0x65, 0x74, 0x30, 0x2e, 0x66, 0x72, 0x61, 0x6d, 0x65,
  0x55, 0x6e, 0x69, 0x66, 0x6f, 0x72, 0x6d, 0x73, 0x29, 0x2e, 0x69, 0x62,
  0x6c, 0x53, 0x48, 0x5b, 0x30, 0x5d, 0x20, 0x2b, 0x20, 0x28, 0x28, 0x28,
  0x28, 0x2a, 0x73, 0x70, 0x76, 0x44, 0x65, 0x73, 0x63, 0x72, 0x69, 0x70,
  0x74, 0x6f, 0x72, 0x53, 0x65, 0x74, 0x30, 0x2e, 0x66, 0x72, 0x61, 0x6d,
  0x65, 0x55, 0x6e, 0x69, 0x66, 0x6f, 0x72, 0x6d, 0x73, 0x29, 0x2e, 0x69,
  0x62, 0x6c, 0x53, 0x48, 0x5b, 0x31, 0x5d, 0x20, 0x2a, 0x20, 0x00, 0x2e,
  0x79, 0x29, 0x20, 0x2b, 0x20, 0x28, 0x28, 0x2a, 0x73, 0x70, 0x76, 0x44,
  0x65, 0x73, 0x63, 0x72, 0x69, 0x70, 0x74, 0x6f, 0x72, 0x53, 0x65, 0x74,
  0x30, 0x2e, 0x66, 0x72, 0x61, 0x6d, 0x65, 0x55, 0x6e, 0x69, 0x66, 0x6f,
  0x72, 0x6d, 0x73, 0x29, 0x2e, 0x69, 0x62, 0x6c, 0x53, 0x48, 0x5b, 0x32,
  0x5d, 0x20, 0x2a, 0x20, 0x00, 0x2e, 0x7a, 0x29, 0x29, 0x20, 0x2b, 0x20,
  0x28, 0x28, 0x2a, 0x73, 0x70, 0x76, 0x44, 0x65, 0x73, 0x63, 0x72, 0x69,
  0x70, 0x74, 0x6f, 0x72, 0x53, 0x65, 0x74, 0x30, 0x2e, 0x66, 0x72, 0x61,
  0x6d, 0x65, 0x55, 0x6e, 0x69, 0x66, 0x6f, 0x72, 0x6d, 0x73, 0x29, 0x2e,
  0x69, 0x62, 0x6c, 0x53, 0x48, 0x5b, 0x33, 0x5d, 0x20, 0x2a, 0x20, 0x00,
  0x20, 0x3d, 0x20, 0x28, 0x2a, 0x73, 0x70, 0x76, 0x44, 0x65, 0x73, 0x63,
  0x72, 0x69, 0x70, 0x74, 0x6f, 0x72, 0x53, 0x65, 0x74, 0x30, 0x2e, 0x66,
  0x72, 0x61, 0x6d, 0x65, 0x55, 0x6e, 0x69, 0x66, 0x6f, 0x72, 0x6d, 0x73,
  0x29, 0x2e, 0x69, 0x62, 0x6c, 0x53, 0x48, 0x5b, 0x30, 0x5d, 0x3b, 0x0a,
  0x00, 0x20, 0x2b, 0x20, 0x28, 0x28, 0x28, 0x28, 0x28, 0x28, 0x2a, 0x73,
  0x70, 0x76, 0x44, 0x65, 0x73, 0x63, 0x72, 0x69, 0x70, 0x74, 0x6f, 0x72,
  0x53, 0x65, 0x74, 0x30, 0x2e, 0x66, 0x72, 0x61, 0x6d, 0x65, 0x55, 0x6e,
  0x69, 0x66, 0x6f, 0x72, 0x6d, 0x73, 0x29, 0x2e, 0x69, 0x62, 0x6c, 0x53,
  0x48, 0x5b, 0x34, 0x5d, 0x20, 0x2a, 0x20, 0x28, 0x00, 0x29, 0x29, 0x20,
  0x2b, 0x20, 0x28, 0x28, 0x2a, 0x73, 0x70, 0x76, 0x44, 0x65, 0x73, 0x63,
  0x72, 0x69, 0x70, 0x74, 0x6f, 0x72, 0x53, 0x65, 0x74, 0x30, 0x2e, 0x66,
  0x72, 0x61, 0x6d, 0x65, 0x55, 0x6e, 0x69, 0x66, 0x6f, 0x72, 0x6d, 0x73,
  0x29, 0x2e, 0x69, 0x62, 0x6c, 0x53, 0x48, 0x5b, 0x35, 0x5d, 0x20, 0x2a,
  0x20, 0x28, 0x00, 0x29, 0x29, 0x29, 0x20, 0x2b, 0x20, 0x28, 0x28, 0x2a,
  0x73, 0x70, 0x76, 0x44, 0x65, 0x73, 0x63, 0x72, 0x69, 0x70, 0x74, 0x6f,
  0x72, 0x53, 0x65, 0x74, 0x30, 0x2e, 0x66, 0x72, 0x61, 0x6d, 0x65, 0x55,
  0x6e, 0x69, 0x66, 0x6f, 0x72, 0x6d, 0x73, 0x29, 0x2e, 0x69, 0x62, 0x6c,
  0x53, 0x48, 0x5b, 0x36, 0x5d, 0x20, 0x2a, 0x20, 0x28, 0x28, 0x28, 0x33,
  0x2e, 0x30, 0x20, 0x2a, 0x20, 0x00, 0x29, 0x20, 0x2d, 0x20, 0x31, 0x2e,
  0x30, 0x29, 0x29, 0x29, 0x20, 0x2b, 0x20, 0x28, 0x28, 0x2a, 0x73, 0x70,
  0x76, 0x44, 0x65, 0x73, 0x63, 0x72, 0x69, 0x70, 0x74, 0x6f, 0x72, 0x53,
  0x65, 0x74, 0x30, 0x2e, 0x66, 0x72, 0x61, 0x6d, 0x65, 0x55, 0x6e, 0x69,
  0x66, 0x6f, 0x72, 0x6d, 0x73, 0x29, 0x2e, 0x69, 0x62, 0x6c, 0x53, 0x48,
  0x5b, 0x37, 0x5d, 0x20, 0x2a, 0x20, 0x28, 0x00, 0x29, 0x29, 0x29, 0x20,
  0x2b, 0x20, 0x28, 0x28, 0x2a, 0x73, 0x70, 0x76, 0x44, 0x65, 0x73, 0x63,
  0x72, 0x69, 0x70, 0x74, 0x6f, 0x72, 0x53, 0x65, 0x74, 0x30, 0x2e, 0x66,
  0x72, 0x61, 0x6d, 0x65, 0x55, 0x6e, 0x69, 0x66, 0x6f, 0x72, 0x6d, 0x73,
  0x29, 0x2e, 0x69, 0x62, 0x6c, 0x53, 0x48, 0x5b, 0x38, 0x5d, 0x20, 0x2a,
  0x20, 0x28, 0x28, 0x00, 0x29, 0x29, 0x29, 0x29, 0x3b, 0x0a, 0x00, 0x2c,
  0x20, 0x66, 0x6c, 0x6f, 0x61, 0x74, 0x33, 0x28, 0x30, 0x2e, 0x30, 0x29,
  0x29, 0x3b, 0x0a, 0x00, 0x20, 0x2a, 0x20, 0x66, 0x6c, 0x6f, 0x61, 0x74,
  0x33, 0x28, 0x68, 0x61, 0x6c, 0x66, 0x34, 0x28, 0x73, 0x70, 0x76, 0x44,
  0x65, 0x73, 0x63, 0x72, 0x69, 0x70, 0x74, 0x6f, 0x72, 0x53, 0x65, 0x74,
  0x30, 0x2e, 0x73, 0x61, 0x6d, 0x70, 0x6c, 0x65, 0x72, 0x30, 0x5f, 0x69,
  0x62, 0x6c, 0x53, 0x70, 0x65, 0x63, 0x75, 0x6c, 0x61, 0x72, 0x2e, 0x73,
  0x61, 0x6d, 0x70, 0x6c, 0x65, 0x28, 0x73, 0x70, 0x76, 0x44, 0x65, 0x73,
  0x63, 0x72, 0x69, 0x70, 0x74, 0x6f, 0x72, 0x53, 0x65, 0x74, 0x30, 0x2e,
  0x73, 0x61, 0x6d, 0x70, 0x6c, 0x65, 0x72, 0x30, 0x5f, 0x69, 0x62, 0x6c,
  0x53, 0x70, 0x65, 0x63, 0x75, 0x6c, 0x61, 0x72, 0x53, 0x6d, 0x70, 0x6c,
  0x72, 0x2c, 0x20, 0x6d, 0x69, 0x78, 0x28, 0x00, 0x2c, 0x20, 0x66, 0x6c,
  0x6f, 0x61, 0x74, 0x33, 0x28, 0x00, 0x29, 0x29, 0x2c, 0x20, 0x6c, 0x65,
  0x76, 0x65, 0x6c, 0x28, 0x28, 0x28, 0x2a, 0x73, 0x70, 0x76, 0x44, 0x65,
  0x73, 0x63, 0x72, 0x69, 0x70, 0x74, 0x6f, 0x72, 0x53, 0x65, 0x74, 0x30,
  0x2e, 0x66, 0x72, 0x61, 0x6d, 0x65, 0x55, 0x6e, 0x69, 0x66, 0x6f, 0x72,
  0x6d, 0x73, 0x29, 0x2e, 0x69, 0x62, 0x6c, 0x52, 0x6f, 0x75, 0x67, 0x68,
  0x6e, 0x65, 0x73, 0x73, 0x4f, 0x6e, 0x65, 0x4c, 0x65, 0x76, 0x65, 0x6c,
  0x20, 0x2a, 0x20, 0x00, 0x29, 0x20, 0x2a, 0x20, 0x28, 0x32, 0x2e, 0x30,
  0x20, 0x2d, 0x20, 0x00, 0x29, 0x29, 0x29, 0x29, 0x2e, 0x78, 0x79, 0x7a,
  0x29, 0x29, 0x20, 0x2a, 0x20, 0x00, 0x29, 0x20, 0x2a, 0x20, 0x31, 0x2e,
  0x30, 0x29, 0x20, 0x2a, 0x20, 0x66, 0x61, 0x73, 0x74, 0x3a, 0x3a, 0x6d,
  0x61, 0x78, 0x28, 0x66, 0x6c, 0x6f, 0x61, 0x74, 0x33, 0x28, 0x00, 0x29,
  0x29, 0x20, 0x2a, 0x20, 0x28, 0x2a, 0x73, 0x70, 0x76, 0x44, 0x65, 0x73,
  0x63, 0x72, 0x69, 0x70, 0x74, 0x6f, 0x72, 0x53, 0x65, 0x74, 0x30, 0x2e,
  0x66, 0x72, 0x61, 0x6d, 0x65, 0x55, 0x6e, 0x69, 0x66, 0x6f, 0x72, 0x6d,
  0x73, 0x29, 0x2e, 0x69, 0x62, 0x6c, 0x4c, 0x75, 0x6d, 0x69, 0x6e, 0x61,
  0x6e, 0x63, 0x65, 0x29, 0x20, 0x2b, 0x20, 0x28, 0x28, 0x28, 0x28, 0x28,
  0x00, 0x29, 0x20, 0x2a, 0x20, 0x28, 0x66, 0x6c, 0x6f, 0x61, 0x74, 0x33,
  0x28, 0x31, 0x2e, 0x30, 0x29, 0x20, 0x2d, 0x20, 0x00, 0x29, 0x29, 0x20,
  0x2a, 0x20, 0x31, 0x2e, 0x30, 0x29, 0x20, 0x2a, 0x20, 0x66, 0x61, 0x73,
  0x74, 0x3a, 0x3a, 0x6d, 0x61, 0x78, 0x28, 0x66, 0x6c, 0x6f, 0x61, 0x74,
  0x33, 0x28, 0x00, 0x29, 0x29, 0x20, 0x2a, 0x20, 0x28, 0x2a, 0x73, 0x70,
  0x76, 0x44, 0x65, 0x73, 0x63, 0x72, 0x69, 0x70, 0x74, 0x6f, 0x72, 0x53,
  0x65, 0x74, 0x30, 0x2e, 0x66, 0x72, 0x61, 0x6d, 0x65, 0x55, 0x6e, 0x69,
  0x66, 0x6f, 0x72, 0x6d, 0x73, 0x29, 0x2e, 0x69, 0x62, 0x6c, 0x4c, 0x75,
  0x6d, 0x69, 0x6e, 0x61, 0x6e, 0x63, 0x65, 0x29, 0x3b, 0x0a, 0x00, 0x20,
  0x20, 0x20, 0x20, 0x69, 0x66, 0x20, 0x28, 0x52, 0x55, 0x4e, 0x54, 0x49,
  0x4d, 0x45, 0x5f, 0x43, 0x4f, 0x4e, 0x46, 0x49, 0x47, 0x5f, 0x48, 0x41,
  0x53, 0x5f, 0x44, 0x59, 0x4e, 0x41, 0x4d, 0x49, 0x43, 0x5f, 0x4c, 0x49,
  0x47, 0x48, 0x54, 0x49, 0x4e, 0x47, 0x29, 0x0a, 0x00, 0x20, 0x20, 0x20,
  0x20, 0x20, 0x20, 0x20, 0x20, 0x75, 0x69, 0x6e, 0x74, 0x32, 0x20, 0x00,
  0x20, 0x3d, 0x20, 0x75, 0x69, 0x6e, 0x74, 0x32, 0x28, 0x66, 0x6c, 0x6f,
  0x61, 0x74, 0x33, 0x28, 0x00, 0x2e, 0x79, 0x2c, 0x20, 0x67, 0x6c, 0x5f,
  0x46, 0x72, 0x61, 0x67, 0x43, 0x6f, 0x6f, 0x72, 0x64, 0x2e, 0x7a, 0x29,
  0x2e, 0x78, 0x79, 0x20, 0x2a, 0x20, 0x28, 0x2a, 0x73, 0x70, 0x76, 0x44,
  0x65, 0x73, 0x63, 0x72, 0x69, 0x70, 0x74, 0x6f, 0x72, 0x53, 0x65, 0x74,
  0x30, 0x2e, 0x66, 0x72, 0x61, 0x6d, 0x65, 0x55, 0x6e, 0x69, 0x66, 0x6f,
  0x72, 0x6d, 0x73, 0x29, 0x2e, 0x66, 0x72, 0x6f, 0x78, 0x65, 0x6c, 0x43,
  0x6f, 0x75, 0x6e, 0x74, 0x58, 0x59, 0x29, 0x3b, 0x0a, 0x00, 0x2e, 0x78,
  0x20, 0x2a, 0x20, 0x28, 0x2a, 0x73, 0x70, 0x76, 0x44, 0x65, 0x73, 0x63,
  0x72, 0x69, 0x70, 0x74, 0x6f, 0x72, 0x53, 0x65, 0x74, 0x30, 0x2e, 0x66,
  0x72, 0x61, 0x6d, 0x65, 0x55, 0x6e, 0x69, 0x66, 0x6f, 0x72, 0x6d, 0x73,
  0x29, 0x2e, 0x66, 0x50, 0x61, 0x72, 0x61, 0x6d, 0x73, 0x5b, 0x30, 0x75,
  0x5d, 0x29, 0x20, 0x2b, 0x20, 0x28, 0x00, 0x2e, 0x79, 0x20, 0x2a, 0x20,
  0x28, 0x2a, 0x73, 0x70, 0x76, 0x44, 0x65, 0x73, 0x63, 0x72, 0x69, 0x70,
  0x74, 0x6f, 0x72, 0x53, 0x65, 0x74, 0x30, 0x2e, 0x66, 0x72, 0x61, 0x6d,
  0x65, 0x55, 0x6e, 0x69, 0x66, 0x6f, 0x72, 0x6d, 0x73, 0x29, 0x2e, 0x66,
  0x50, 0x61, 0x72, 0x61, 0x6d, 0x73, 0x5b, 0x31, 0x75, 0x5d, 0x29, 0x29,
  0x20, 0x2b, 0x20, 0x28, 0x75, 0x69, 0x6e, 0x74, 0x28, 0x66, 0x61, 0x73,
  0x74, 0x3a, 0x3a, 0x63, 0x6c, 0x61, 0x6d, 0x70, 0x28, 0x28, 0x6c, 0x6f,
  0x67, 0x32, 0x28, 0x28, 0x28, 0x2a, 0x73, 0x70, 0x76, 0x44, 0x65, 0x73,
  0x63, 0x72, 0x69, 0x70, 0x74, 0x6f, 0x72, 0x53, 0x65, 0x74, 0x30, 0x2e,
  0x66, 0x72, 0x61, 0x6d, 0x65, 0x55, 0x6e, 0x69, 0x66, 0x6f, 0x72, 0x6d,
  0x73, 0x29, 0x2e, 0x7a, 0x50, 0x61, 0x72, 0x61, 0x6d, 0x73, 0x2e, 0x78,
  0x20, 0x2a, 0x20, 0x67, 0x6c, 0x5f, 0x46, 0x72, 0x61, 0x67, 0x43, 0x6f,
  0x6f, 0x72, 0x64, 0x2e, 0x7a, 0x29, 0x20, 0x2b, 0x20, 0x28, 0x2a, 0x73,
  0x70, 0x76, 0x44, 0x65, 0x73, 0x63, 0x72, 0x69, 0x70, 0x74, 0x6f, 0x72,
  0x53, 0x65, 0x74, 0x30, 0x2e, 0x66, 0x72, 0x61, 0x6d, 0x65, 0x55, 0x6e,
  0x69, 0x66, 0x6f, 0x72, 0x6d, 0x73, 0x29, 0x2e, 0x7a, 0x50, 0x61, 0x72,
  0x61, 0x6d, 0x73, 0x2e, 0x79, 0x29, 0x20, 0x2a, 0x20, 0x28, 0x2a, 0x73,
  0x70, 0x76, 0x44, 0x65, 0x73, 0x63, 0x72, 0x69, 0x70, 0x74, 0x6f, 0x72,
  0x53, 0x65, 0x74, 0x30, 0x2e, 0x66, 0x72, 0x61, 0x6d, 0x65, 0x55, 0x6e,
  0x69, 0x66, 0x6f, 0x72, 0x6d, 0x73, 0x29, 0x2e, 0x7a, 0x50, 0x61, 0x72,
  0x61, 0x6d, 0x73, 0x2e, 0x7a, 0x29, 0x20, 0x2b, 0x20, 0x28, 0x2a, 0x73,
  0x70, 0x76, 0x44, 0x65, 0x73, 0x63, 0x72, 0x69, 0x70, 0x74, 0x6f, 0x72,
  0x53, 0x65, 0x74, 0x30, 0x2e, 0x66, 0x72, 0x61, 0x6d, 0x65, 0x55, 0x6e,
  0x69, 0x66, 0x6f, 0x72, 0x6d, 0x73, 0x29, 0x2e, 0x7a, 0x50, 0x61, 0x72,
  0x61, 0x6d, 0x73, 0x2e, 0x77, 0x2c, 0x20, 0x30, 0x2e, 0x30, 0x2c, 0x20,
  0x28, 0x2a, 0x73, 0x70, 0x76, 0x44, 0x65, 0x73, 0x63, 0x72, 0x69, 0x70,
  0x74, 0x6f, 0x72, 0x53, 0x65, 0x74, 0x30, 0x2e, 0x66, 0x72, 0x61, 0x6d,
  0x65, 0x55, 0x6e, 0x69, 0x66, 0x6f, 0x72, 0x6d, 0x73, 0x29, 0x2e, 0x7a,
  0x50, 0x61, 0x72, 0x61, 0x6d, 0x73, 0x2e, 0x77, 0x20, 0x2d, 0x20, 0x31,
  0x2e, 0x30, 0x29, 0x29, 0x20, 0x2a, 0x20, 0x28, 0x2a, 0x73, 0x70, 0x76,
  0x44, 0x65, 0x73, 0x63, 0x72, 0x69, 0x70, 0x74, 0x6f, 0x72, 0x53, 0x65,
  0x74, 0x30, 0x2e, 0x66, 0x72, 0x61, 0x6d, 0x65, 0x55, 0x6e, 0x69, 0x66,
  0x6f, 0x72, 0x6d, 0x73, 0x29, 0x2e, 0x66, 0x50, 0x61, 0x72, 0x61, 0x6d,
  0x73, 0x5b, 0x32, 0x75, 0x5d, 0x29, 0x3b, 0x0a, 0x00, 0x20, 0x26, 0x20,
  0x33, 0x75, 0x3b, 0x0a, 0x00, 0x20, 0x20, 0x20, 0x20, 0x20, 0x20, 0x20,
  0x20, 0x75, 0x69, 0x6e, 0x74, 0x34, 0x20, 0x00, 0x20, 0x3d, 0x20, 0x28,
  0x2a, 0x73, 0x70, 0x76, 0x44, 0x65, 0x73, 0x63, 0x72, 0x69, 0x70, 0x74,
  0x6f, 0x72, 0x53, 0x65, 0x74, 0x30, 0x2e, 0x66, 0x72, 0x6f, 0x78, 0x65,
  0x6c, 0x73, 0x55, 0x6e, 0x69, 0x66, 0x6f, 0x72, 0x6d, 0x73, 0x29, 0x2e,
  0x72, 0x65, 0x63, 0x6f, 0x72, 0x64, 0x73, 0x5b, 0x00, 0x20, 0x3e, 0x3e,
  0x20, 0x32, 0x75, 0x5d, 0x3b, 0x0a, 0x00, 0x5d, 0x20, 0x3e, 0x3e, 0x20,
  0x31, 0x36, 0x75, 0x3b, 0x0a, 0x00, 0x5d, 0x20, 0x26, 0x20, 0x32, 0x35,
  0x35, 0x75, 0x3b, 0x0a, 0x00, 0x20, 0x3d, 0x20, 0x6f, 0x62, 0x6a, 0x65,
  0x63, 0x74, 0x55, 0x6e, 0x69, 0x66, 0x6f, 0x72, 0x6d, 0x73, 0x2e, 0x64,
  0x61, 0x74, 0x61, 0x5b, 0x69, 0x6e, 0x2e, 0x69, 0x6e, 0x73, 0x74, 0x61,
  0x6e, 0x63, 0x65, 0x5f, 0x69, 0x6e, 0x64, 0x65, 0x78, 0x5d, 0x2e, 0x66,
  0x6c, 0x61, 0x67, 0x73, 0x43, 0x68, 0x61, 0x6e, 0x6e, 0x65, 0x6c, 0x73,
  0x20, 0x26, 0x20, 0x32, 0x35, 0x35, 0x3b, 0x0a, 0x00, 0x20, 0x20, 0x20,
  0x20, 0x20, 0x20, 0x20, 0x20, 0x66, 0x6f, 0x72, 0x20, 0x28, 0x75, 0x69,
  0x6e, 0x74, 0x20, 0x00, 0x20, 0x20, 0x20, 0x20, 0x20, 0x20, 0x20, 0x20,
  0x20, 0x20, 0x20, 0x20, 0x75, 0x69, 0x6e, 0x74, 0x34, 0x20, 0x00, 0x20,
  0x3d, 0x20, 0x28, 0x2a, 0x73, 0x70, 0x76, 0x44, 0x65, 0x73, 0x63, 0x72,
  0x69, 0x70, 0x74, 0x6f, 0x72, 0x53, 0x65, 0x74, 0x30, 0x2e, 0x66, 0x72,
  0x6f, 0x78, 0x65, 0x6c, 0x52, 0x65, 0x63, 0x6f, 0x72, 0x64, 0x55, 0x6e,
  0x69, 0x66, 0x6f, 0x72, 0x6d, 0x73, 0x29, 0x2e, 0x72, 0x65, 0x63, 0x6f,
  0x72, 0x64, 0x73, 0x5b, 0x00, 0x20, 0x3e, 0x3e, 0x20, 0x34, 0x75, 0x5d,
  0x3b, 0x0a, 0x00, 0x5b, 0x28, 0x00, 0x20, 0x3e, 0x3e, 0x20, 0x32, 0x75,
  0x29, 0x20, 0x26, 0x20, 0x33, 0x75, 0x5d, 0x20, 0x3e, 0x3e, 0x20, 0x28,
  0x28, 0x00, 0x20, 0x26, 0x20, 0x33, 0x75, 0x29, 0x20, 0x2a, 0x20, 0x38,
  0x75, 0x29, 0x29, 0x20, 0x26, 0x20, 0x32, 0x35, 0x35, 0x75, 0x3b, 0x0a,
  0x00, 0x5d, 0x5b, 0x30, 0x5d, 0x2e, 0x78, 0x79, 0x7a, 0x20, 0x2d, 0x20,
  0x69, 0x6e, 0x2e, 0x76, 0x65, 0x72, 0x74, 0x65, 0x78, 0x5f, 0x77, 0x6f,
  0x72, 0x6c, 0x64, 0x50, 0x6f, 0x73, 0x69, 0x74, 0x69, 0x6f, 0x6e, 0x2e,
  0x78, 0x79, 0x7a, 0x3b, 0x0a, 0x00, 0x5d, 0x5b, 0x33, 0x5d, 0x2e, 0x79,
  0x20, 0x2a, 0x20, 0x28, 0x2a, 0x73, 0x70, 0x76, 0x44, 0x65, 0x73, 0x63,
  0x72, 0x69, 0x70, 0x74, 0x6f, 0x72, 0x53, 0x65, 0x74, 0x30, 0x2e, 0x66,
  0x72, 0x61, 0x6d, 0x65, 0x55, 0x6e, 0x69, 0x66, 0x6f, 0x72, 0x6d, 0x73,
  0x29, 0x2e, 0x65, 0x78, 0x70, 0x6f, 0x73, 0x75, 0x72, 0x65, 0x3b, 0x0a,
  0x00, 0x20, 0x2a, 0x20, 0x28, 0x2a, 0x73, 0x70, 0x76, 0x44, 0x65, 0x73,
  0x63, 0x72, 0x69, 0x70, 0x74, 0x6f, 0x72, 0x53, 0x65, 0x74, 0x30, 0x2e,
  0x6c, 0x69, 0x67, 0x68, 0x74, 0x73, 0x55, 0x6e, 0x69, 0x66, 0x6f, 0x72,
  0x6d, 0x73, 0x29, 0x2e, 0x6c, 0x69, 0x67, 0x68, 0x74, 0x73, 0x5b, 0x00,
  0x5d, 0x5b, 0x30, 0x5d, 0x2e, 0x77, 0x3b, 0x0a, 0x00, 0x20, 0x3d, 0x20,
  0x66, 0x61, 0x73, 0x74, 0x3a, 0x3a, 0x63, 0x6c, 0x61, 0x6d, 0x70, 0x28,
  0x31, 0x2e, 0x30, 0x20, 0x2d, 0x20, 0x28, 0x00, 0x20, 0x3d, 0x20, 0x69,
  0x6e, 0x2e, 0x76, 0x65, 0x72, 0x74, 0x65, 0x78, 0x5f, 0x77, 0x6f, 0x72,
  0x6c, 0x64, 0x50, 0x6f, 0x73, 0x69, 0x74, 0x69, 0x6f, 0x6e, 0x2e, 0x78,
  0x79, 0x7a, 0x20, 0x2d, 0x20, 0x28, 0x2a, 0x73, 0x70, 0x76, 0x44, 0x65,
  0x73, 0x63, 0x72, 0x69, 0x70, 0x74, 0x6f, 0x72, 0x53, 0x65, 0x74, 0x30,
  0x2e, 0x66, 0x72, 0x61, 0x6d, 0x65, 0x55, 0x6e, 0x69, 0x66, 0x6f, 0x72,
  0x6d, 0x73, 0x29, 0x2e, 0x77, 0x6f, 0x72, 0x6c, 0x64, 0x46, 0x72, 0x6f,
  0x6d, 0x56, 0x69, 0x65, 0x77, 0x4d, 0x61, 0x74, 0x72, 0x69, 0x78, 0x5b,
  0x33, 0x5d, 0x2e, 0x78, 0x79, 0x7a, 0x3b, 0x0a, 0x00, 0x29, 0x20, 0x2a,
  0x20, 0x66, 0x61, 0x73, 0x74, 0x3a, 0x3a, 0x63, 0x6c, 0x61, 0x6d, 0x70,
  0x28, 0x28, 0x2a, 0x73, 0x70, 0x76, 0x44, 0x65, 0x73, 0x63, 0x72, 0x69,
  0x70, 0x74, 0x6f, 0x72, 0x53, 0x65, 0x74, 0x30, 0x2e, 0x66, 0x72, 0x61,
  0x6d, 0x65, 0x55, 0x6e, 0x69, 0x66, 0x6f, 0x72, 0x6d, 0x73, 0x29, 0x2e,
  0x6c, 0x69, 0x67, 0x68, 0x74, 0x46, 0x61, 0x72, 0x41, 0x74, 0x74, 0x65,
  0x6e, 0x75, 0x61, 0x74, 0x69, 0x6f, 0x6e, 0x50, 0x61, 0x72, 0x61, 0x6d,
  0x73, 0x2e, 0x78, 0x20, 0x2d, 0x20, 0x28, 0x64, 0x6f, 0x74, 0x28, 0x00,
  0x29, 0x20, 0x2a, 0x20, 0x28, 0x2a, 0x73, 0x70, 0x76, 0x44, 0x65, 0x73,
  0x63, 0x72, 0x69, 0x70, 0x74, 0x6f, 0x72, 0x53, 0x65, 0x74, 0x30, 0x2e,
  0x66, 0x72, 0x61, 0x6d, 0x65, 0x55, 0x6e, 0x69, 0x66, 0x6f, 0x72, 0x6d,
  0x73, 0x29, 0x2e, 0x6c, 0x69, 0x67, 0x68, 0x74, 0x46, 0x61, 0x72, 0x41,
  0x74, 0x74, 0x65, 0x6e, 0x75, 0x61, 0x74, 0x69, 0x6f, 0x6e, 0x50, 0x61,
  0x72, 0x61, 0x6d, 0x73, 0x2e, 0x79, 0x29, 0x2c, 0x20, 0x30, 0x2e, 0x30,
  0x2c, 0x20, 0x31, 0x2e, 0x30, 0x29, 0x29, 0x20, 0x2f, 0x20, 0x66, 0x61,
  0x73, 0x74, 0x3a, 0x3a, 0x6d, 0x61, 0x78, 0x28, 0x00, 0x2c, 0x20, 0x30,
  0x2e, 0x30, 0x30, 0x30, 0x31, 0x29, 0x3b, 0x0a, 0x00, 0x20, 0x20, 0x20,
  0x20, 0x20, 0x20, 0x20, 0x20, 0x20, 0x20, 0x20, 0x20, 0x69, 0x66, 0x20,
  0x28, 0x52, 0x55, 0x4e, 0x54, 0x49, 0x4d, 0x45, 0x5f, 0x43, 0x4f, 0x4e,
  0x46, 0x49, 0x47, 0x5f, 0x48, 0x41, 0x53, 0x5f, 0x44, 0x59, 0x4e, 0x41,
  0x4d, 0x49, 0x43, 0x5f, 0x4c, 0x49, 0x47, 0x48, 0x54, 0x49, 0x4e, 0x47,
  0x29, 0x0a, 0x00, 0x20, 0x3d, 0x20, 0x66, 0x61, 0x73, 0x74, 0x3a, 0x3a,
  0x63, 0x6c, 0x61, 0x6d, 0x70, 0x28, 0x28, 0x64, 0x6f, 0x74, 0x28, 0x2d,
  0x28, 0x2a, 0x73, 0x70, 0x76, 0x44, 0x65, 0x73, 0x63, 0x72, 0x69, 0x70,
  0x74, 0x6f, 0x72, 0x53, 0x65, 0x74, 0x30, 0x2e, 0x6c, 0x69, 0x67, 0x68,
  0x74, 0x73, 0x55, 0x6e, 0x69, 0x66, 0x6f, 0x72, 0x6d, 0x73, 0x29, 0x2e,
  0x6c, 0x69, 0x67, 0x68, 0x74, 0x73, 0x5b, 0x00, 0x5d, 0x5b, 0x31, 0x5d,
  0x2e, 0x78, 0x79, 0x7a, 0x2c, 0x20, 0x00, 0x29, 0x20, 0x2a, 0x20, 0x28,
  0x2a, 0x73, 0x70, 0x76, 0x44, 0x65, 0x73, 0x63, 0x72, 0x69, 0x70, 0x74,
  0x6f, 0x72, 0x53, 0x65, 0x74, 0x30, 0x2e, 0x6c, 0x69, 0x67, 0x68, 0x74,
  0x73, 0x55, 0x6e, 0x69, 0x66, 0x6f, 0x72, 0x6d, 0x73, 0x29, 0x2e, 0x6c,
  0x69, 0x67, 0x68, 0x74, 0x73, 0x5b, 0x00, 0x5d, 0x5b, 0x32, 0x5d, 0x2e,
  0x7a, 0x29, 0x20, 0x2b, 0x20, 0x28, 0x2a, 0x73, 0x70, 0x76, 0x44, 0x65,
  0x73, 0x63, 0x72, 0x69, 0x70, 0x74, 0x6f, 0x72, 0x53, 0x65, 0x74, 0x30,
  0x2e, 0x6c, 0x69, 0x67, 0x68, 0x74, 0x73, 0x55, 0x6e, 0x69, 0x66, 0x6f,
  0x72, 0x6d, 0x73, 0x29, 0x2e, 0x6c, 0x69, 0x67, 0x68, 0x74, 0x73, 0x5b,
  0x00, 0x5d, 0x5b, 0x32, 0x5d, 0x2e, 0x77, 0x2c, 0x20, 0x30, 0x2e, 0x30,
  0x2c, 0x20, 0x31, 0x2e, 0x30, 0x29, 0x3b, 0x0a, 0x00, 0x20, 0x20, 0x20,
  0x20, 0x20, 0x20, 0x20, 0x20, 0x20, 0x20, 0x20, 0x20, 0x69, 0x66, 0x20,
  0x28, 0x28, 0x61, 0x73, 0x5f, 0x74, 0x79, 0x70, 0x65, 0x3c, 0x69, 0x6e,
  0x74, 0x3e, 0x28, 0x28, 0x2a, 0x73, 0x70, 0x76, 0x44, 0x65, 0x73, 0x63,
  0x72, 0x69, 0x70, 0x74, 0x6f, 0x72, 0x53, 0x65, 0x74, 0x30, 0x2e, 0x6c,
  0x69, 0x67, 0x68, 0x74, 0x73, 0x55, 0x6e, 0x69, 0x66, 0x6f, 0x72, 0x6d,
  0x73, 0x29, 0x2e, 0x6c, 0x69, 0x67, 0x68, 0x74, 0x73, 0x5b, 0x00, 0x5d,
  0x5b, 0x33, 0x5d, 0x2e, 0x77, 0x29, 0x20, 0x26, 0x20, 0x00, 0x20, 0x20,
  0x20, 0x20, 0x20, 0x20, 0x20, 0x20, 0x20, 0x20, 0x20, 0x20, 0x69, 0x66,
  0x20, 0x28, 0x21, 0x00, 0x29, 0x29, 0x20, 0x2a, 0x20, 0x66, 0x6c, 0x6f,
  0x61, 0x74, 0x34, 0x28, 0x66, 0x6c, 0x6f, 0x61, 0x74, 0x32, 0x28, 0x61,
  0x73, 0x5f, 0x74, 0x79, 0x70, 0x65, 0x3c, 0x68, 0x61, 0x6c, 0x66, 0x32,
  0x3e, 0x28, 0x61, 0x73, 0x5f, 0x74, 0x79, 0x70, 0x65, 0x3c, 0x75, 0x69,
  0x6e, 0x74, 0x3e, 0x28, 0x28, 0x2a, 0x73, 0x70, 0x76, 0x44, 0x65, 0x73,
  0x63, 0x72, 0x69, 0x70, 0x74, 0x6f, 0x72, 0x53, 0x65, 0x74, 0x30, 0x2e,
  0x6c, 0x69, 0x67, 0x68, 0x74, 0x73, 0x55, 0x6e, 0x69, 0x66, 0x6f, 0x72,
  0x6d, 0x73, 0x29, 0x2e, 0x6c, 0x69, 0x67, 0x68, 0x74, 0x73, 0x5b, 0x00,
  0x5d, 0x5b, 0x32, 0x5d, 0x2e, 0x78, 0x29, 0x29, 0x29, 0x2c, 0x20, 0x66,
  0x6c, 0x6f, 0x61, 0x74, 0x32, 0x28, 0x61, 0x73, 0x5f, 0x74, 0x79, 0x70,
  0x65, 0x3c, 0x68, 0x61, 0x6c, 0x66, 0x32, 0x3e, 0x28, 0x61, 0x73, 0x5f,
  0x74, 0x79, 0x70, 0x65, 0x3c, 0x75, 0x69, 0x6e, 0x74, 0x3e, 0x28, 0x28,
  0x2a, 0x73, 0x70, 0x76, 0x44, 0x65, 0x73, 0x63, 0x72, 0x69, 0x70, 0x74,
  0x6f, 0x72, 0x53, 0x65, 0x74, 0x30, 0x2e, 0x6c, 0x69, 0x67, 0x68, 0x74,
  0x73, 0x55, 0x6e, 0x69, 0x66, 0x6f, 0x72, 0x6d, 0x73, 0x29, 0x2e, 0x6c,
  0x69, 0x67, 0x68, 0x74, 0x73, 0x5b, 0x00, 0x5d, 0x5b, 0x32, 0x5d, 0x2e,
  0x79, 0x29, 0x29, 0x29, 0x2e, 0x78, 0x2c, 0x20, 0x00, 0x20, 0x20, 0x20,
  0x20, 0x20, 0x20, 0x20, 0x20, 0x69, 0x66, 0x20, 0x28, 0x43, 0x4f, 0x4e,
  0x46, 0x49, 0x47, 0x5f, 0x44, 0x45, 0x42, 0x55, 0x47, 0x5f, 0x46, 0x52,
  0x4f, 0x58, 0x45, 0x4c, 0x5f, 0x56, 0x49, 0x53, 0x55, 0x41, 0x4c, 0x49,
  0x5a, 0x41, 0x54, 0x49, 0x4f, 0x4e, 0x29, 0x0a, 0x00, 0x20, 0x3e, 0x20,
  0x30, 0x75, 0x3b, 0x0a, 0x00, 0x20, 0x3d, 0x20, 0x28, 0x2a, 0x73, 0x70,
  0x76, 0x44, 0x65, 0x73, 0x63, 0x72, 0x69, 0x70, 0x74, 0x6f, 0x72, 0x53,
  0x65, 0x74, 0x30, 0x2e, 0x66, 0x72, 0x61, 0x6d, 0x65, 0x55, 0x6e, 0x69,
  0x66, 0x6f, 0x72, 0x6d, 0x73, 0x29, 0x2e, 0x65, 0x6e, 0x61, 0x62, 0x6c,
  0x65, 0x46, 0x72, 0x6f, 0x78, 0x65, 0x6c, 0x56, 0x69, 0x7a, 0x20, 0x21,
  0x3d, 0x20, 0x30, 0x3b, 0x0a, 0x00, 0x5b, 0x63, 0x6c, 0x61, 0x6d, 0x70,
  0x28, 0x00, 0x2c, 0x20, 0x30, 0x75, 0x2c, 0x20, 0x31, 0x36, 0x75, 0x29,
  0x5d, 0x2c, 0x20, 0x66, 0x6c, 0x6f, 0x61, 0x74, 0x33, 0x28, 0x30, 0x2e,
  0x38, 0x29, 0x29, 0x3b, 0x0a, 0x00, 0x2e, 0x78, 0x79, 0x7a, 0x2c, 0x20,
  0x66, 0x6c, 0x6f, 0x61, 0x74, 0x33, 0x28, 0x36, 0x35, 0x35, 0x30, 0x34,
  0x2e, 0x30, 0x29, 0x29, 0x3b, 0x0a, 0x00, 0x20, 0x20, 0x20, 0x20, 0x6f,
  0x75, 0x74, 0x2e, 0x66, 0x72, 0x61, 0x67, 0x43, 0x6f, 0x6c, 0x6f, 0x72,
  0x20, 0x3d, 0x20, 0x00, 0x63, 0x6f, 0x6e, 0x73, 0x74, 0x61, 0x6e, 0x74,
  0x20, 0x66, 0x6c, 0x6f, 0x61, 0x74, 0x33, 0x20, 0x00, 0x5d, 0x2e, 0x65,
  0x76, 0x73, 0x6d, 0x34, 0x5f, 0x6c, 0x61, 0x79, 0x65, 0x72, 0x20, 0x26,
  0x20, 0x32, 0x35, 0x35, 0x75, 0x3b, 0x0a, 0x00, 0x20, 0x20, 0x20, 0x20,
  0x20, 0x20, 0x20, 0x20, 0x20, 0x20, 0x20, 0x20, 0x20, 0x20, 0x20, 0x20,
  0x20, 0x20, 0x20, 0x20, 0x20, 0x20, 0x20, 0x20, 0x69, 0x66, 0x20, 0x28,
  0x00, 0x2e, 0x7a, 0x2c, 0x20, 0x30, 0x2e, 0x30, 0x2c, 0x20, 0x31, 0x2e,
  0x30, 0x29, 0x3b, 0x0a, 0x00, 0x20, 0x20, 0x20, 0x20, 0x20, 0x20, 0x20,
  0x20, 0x20, 0x20, 0x20, 0x20, 0x20, 0x20, 0x20, 0x20, 0x20, 0x20, 0x20,
  0x20, 0x20, 0x20, 0x20, 0x20, 0x65, 0x6c, 0x73, 0x65, 0x0a, 0x00, 0x20,
  0x3d, 0x20, 0x32, 0x2e, 0x30, 0x20, 0x2a, 0x20, 0x00, 0x20, 0x3d, 0x20,
  0x33, 0x2e, 0x30, 0x20, 0x2d, 0x20, 0x00, 0x20, 0x3d, 0x20, 0x31, 0x2e,
  0x30, 0x20, 0x2b, 0x20, 0x00, 0x20, 0x3d, 0x20, 0x66, 0x6c, 0x6f, 0x61,
  0x74, 0x32, 0x28, 0x28, 0x28, 0x32, 0x2e, 0x30, 0x20, 0x2d, 0x20, 0x00,
  0x29, 0x20, 0x2f, 0x20, 0x00, 0x29, 0x20, 0x2d, 0x20, 0x31, 0x2e, 0x30,
  0x2c, 0x20, 0x28, 0x00, 0x29, 0x20, 0x2b, 0x20, 0x31, 0x2e, 0x30, 0x29,
  0x20, 0x2a, 0x20, 0x28, 0x2a, 0x73, 0x70, 0x76, 0x44, 0x65, 0x73, 0x63,
  0x72, 0x69, 0x70, 0x74, 0x6f, 0x72, 0x53, 0x65, 0x74, 0x30, 0x2e, 0x66,
  0x72, 0x61, 0x6d, 0x65, 0x55, 0x6e, 0x69, 0x66, 0x6f, 0x72, 0x6d, 0x73,
  0x29, 0x2e, 0x73, 0x68, 0x61, 0x64, 0x6f, 0x77, 0x41, 0x74, 0x6c, 0x61,
  0x73, 0x52, 0x65, 0x73, 0x6f, 0x6c, 0x75, 0x74, 0x69, 0x6f, 0x6e, 0x2e,
  0x79, 0x3b, 0x0a, 0x00, 0x29, 0x29, 0x29, 0x20, 0x2b, 0x20, 0x28, 0x28,
  0x00, 0x20, 0x3e, 0x20, 0x30, 0x2e, 0x30, 0x29, 0x29, 0x0a, 0x00, 0x20,
  0x3d, 0x20, 0x28, 0x28, 0x2a, 0x73, 0x70, 0x76, 0x44, 0x65, 0x73, 0x63,
  0x72, 0x69, 0x70, 0x74, 0x6f, 0x72, 0x53, 0x65, 0x74, 0x30, 0x2e, 0x66,
  0x72, 0x61, 0x6d, 0x65, 0x55, 0x6e, 0x69, 0x66, 0x6f, 0x72, 0x6d, 0x73,
  0x29, 0x2e, 0x64, 0x69, 0x72, 0x65, 0x63, 0x74, 0x69, 0x6f, 0x6e, 0x61,
  0x6c, 0x53, 0x68, 0x61, 0x64, 0x6f, 0x77, 0x73, 0x20, 0x3e, 0x3e, 0x20,
  0x38, 0x29, 0x20, 0x26, 0x20, 0x32, 0x35, 0x35, 0x3b, 0x0a, 0x00, 0x20,
  0x3d, 0x20, 0x28, 0x2a, 0x73, 0x70, 0x76, 0x44, 0x65, 0x73, 0x63, 0x72,
  0x69, 0x70, 0x74, 0x6f, 0x72, 0x53, 0x65, 0x74, 0x30, 0x2e, 0x66, 0x72,
  0x61, 0x6d, 0x65, 0x55, 0x6e, 0x69, 0x66, 0x6f, 0x72, 0x6d, 0x73, 0x29,
  0x2e, 0x63, 0x6c, 0x69, 0x70, 0x46, 0x72, 0x6f, 0x6d, 0x57, 0x6f, 0x72,
  0x6c, 0x64, 0x4d, 0x61, 0x74, 0x72, 0x69, 0x78, 0x5b, 0x30, 0x5d, 0x20,
  0x2a, 0x20, 0x66, 0x6c, 0x6f, 0x61, 0x74, 0x34, 0x28, 0x69, 0x6e, 0x2e,
  0x76, 0x65, 0x72, 0x74, 0x65, 0x78, 0x5f, 0x77, 0x6f, 0x72, 0x6c, 0x64,
  0x50, 0x6f, 0x73, 0x69, 0x74, 0x69, 0x6f, 0x6e, 0x2e, 0x78, 0x79, 0x7a,
  0x2c, 0x20, 0x31, 0x2e, 0x30, 0x29, 0x3b, 0x0a, 0x00, 0x20, 0x3d, 0x20,
  0x28, 0x2a, 0x73, 0x70, 0x76, 0x44, 0x65, 0x73, 0x63, 0x72, 0x69, 0x70,
  0x74, 0x6f, 0x72, 0x53, 0x65, 0x74, 0x30, 0x2e, 0x66, 0x72, 0x61, 0x6d,
  0x65, 0x55, 0x6e, 0x69, 0x66, 0x6f, 0x72, 0x6d, 0x73, 0x29, 0x2e, 0x63,
  0x6c, 0x69, 0x70, 0x46, 0x72, 0x6f, 0x6d, 0x57, 0x6f, 0x72, 0x6c, 0x64,
  0x4d, 0x61, 0x74, 0x72, 0x69, 0x78, 0x5b, 0x30, 0x5d, 0x20, 0x2a, 0x20,
  0x66, 0x6c, 0x6f, 0x61, 0x74, 0x34, 0x28, 0x69, 0x6e, 0x2e, 0x76, 0x65,
  0x72, 0x74, 0x65, 0x78, 0x5f, 0x77, 0x6f, 0x72, 0x6c, 0x64, 0x50, 0x6f,
  0x73, 0x69, 0x74, 0x69, 0x6f, 0x6e, 0x2e, 0x78, 0x79, 0x7a, 0x20, 0x2b,
  0x20, 0x28, 0x00, 0x20, 0x2a, 0x20, 0x28, 0x2a, 0x73, 0x70, 0x76, 0x44,
  0x65, 0x73, 0x63, 0x72, 0x69, 0x70, 0x74, 0x6f, 0x72, 0x53, 0x65, 0x74,
  0x30, 0x2e, 0x66, 0x72, 0x61, 0x6d, 0x65, 0x55, 0x6e, 0x69, 0x66, 0x6f,
  0x72, 0x6d, 0x73, 0x29, 0x2e, 0x73, 0x73, 0x43, 0x6f, 0x6e, 0x74, 0x61,
  0x63, 0x74, 0x53, 0x68, 0x61, 0x64, 0x6f, 0x77, 0x44, 0x69, 0x73, 0x74,
  0x61, 0x6e, 0x63, 0x65, 0x29, 0x2c, 0x20, 0x31, 0x2e, 0x30, 0x29, 0x3b,
  0x0a, 0x00, 0x20, 0x2b, 0x20, 0x28, 0x28, 0x2a, 0x73, 0x70, 0x76, 0x44,
  0x65, 0x73, 0x63, 0x72, 0x69, 0x70, 0x74, 0x6f, 0x72, 0x53, 0x65, 0x74,
  0x30, 0x2e, 0x66, 0x72, 0x61, 0x6d, 0x65, 0x55, 0x6e, 0x69, 0x66, 0x6f,
  0x72, 0x6d, 0x73, 0x29, 0x2e, 0x63, 0x6c, 0x69, 0x70, 0x46, 0x72, 0x6f,
  0x6d, 0x56, 0x69, 0x65, 0x77, 0x4d, 0x61, 0x74, 0x72, 0x69, 0x78, 0x20,
  0x2a, 0x20, 0x66, 0x6c, 0x6f, 0x61, 0x74, 0x34, 0x28, 0x30, 0x2e, 0x30,
  0x2c, 0x20, 0x30, 0x2e, 0x30, 0x2c, 0x20, 0x28, 0x2a, 0x73, 0x70, 0x76,
  0x44, 0x65, 0x73, 0x63, 0x72, 0x69, 0x70, 0x74, 0x6f, 0x72, 0x53, 0x65,
  0x74, 0x30, 0x2e, 0x66, 0x72, 0x61, 0x6d, 0x65, 0x55, 0x6e, 0x69, 0x66,
  0x6f, 0x72, 0x6d, 0x73, 0x29, 0x2e, 0x73, 0x73, 0x43, 0x6f, 0x6e, 0x74,
  0x61, 0x63, 0x74, 0x53, 0x68, 0x61, 0x64, 0x6f, 0x77, 0x44, 0x69, 0x73,
  0x74, 0x61, 0x6e, 0x63, 0x65, 0x2c, 0x20, 0x30, 0x2e, 0x30, 0x29, 0x29,
  0x3b, 0x0a, 0x00, 0x2e, 0x7a, 0x29, 0x20, 0x2d, 0x20, 0x00, 0x20, 0x3d,
  0x20, 0x31, 0x2e, 0x30, 0x20, 0x2f, 0x20, 0x66, 0x6c, 0x6f, 0x61, 0x74,
  0x28, 0x00, 0x20, 0x3d, 0x20, 0x61, 0x62, 0x73, 0x28, 0x28, 0x00, 0x2e,
  0x77, 0x29, 0x29, 0x2e, 0x7a, 0x20, 0x2d, 0x20, 0x00, 0x20, 0x2a, 0x20,
  0x28, 0x66, 0x72, 0x61, 0x63, 0x74, 0x28, 0x35, 0x32, 0x2e, 0x39, 0x38,
  0x32, 0x39, 0x31, 0x38, 0x20, 0x2a, 0x20, 0x66, 0x72, 0x61, 0x63, 0x74,
  0x28, 0x64, 0x6f, 0x74, 0x28, 0x67, 0x6c, 0x5f, 0x46, 0x72, 0x61, 0x67,
  0x43, 0x6f, 0x6f, 0x72, 0x64, 0x2e, 0x78, 0x79, 0x2c, 0x20, 0x66, 0x6c,
  0x6f, 0x61, 0x74, 0x32, 0x28, 0x30, 0x2e, 0x30, 0x36, 0x37, 0x31, 0x31,
  0x30, 0x35, 0x36, 0x2c, 0x20, 0x30, 0x2e, 0x30, 0x30, 0x35, 0x38, 0x33,
  0x37, 0x31, 0x35, 0x29, 0x29, 0x29, 0x29, 0x20, 0x2d, 0x20, 0x30, 0x2e,
  0x35, 0x29, 0x29, 0x20, 0x2b, 0x20, 0x00, 0x20, 0x3d, 0x20, 0x30, 0x3b,
  0x0a, 0x00, 0x20, 0x2d, 0x20, 0x28, 0x73, 0x70, 0x76, 0x44, 0x65, 0x73,
  0x63, 0x72, 0x69, 0x70, 0x74, 0x6f, 0x72, 0x53, 0x65, 0x74, 0x30, 0x2e,
  0x73, 0x61, 0x6d, 0x70, 0x6c, 0x65, 0x72, 0x30, 0x5f, 0x73, 0x74, 0x72,
  0x75, 0x63, 0x74, 0x75, 0x72, 0x65, 0x2e, 0x73, 0x61, 0x6d, 0x70, 0x6c,
  0x65, 0x28, 0x73, 0x70, 0x76, 0x44, 0x65, 0x73, 0x63, 0x72, 0x69, 0x70,
  0x74, 0x6f, 0x72, 0x53, 0x65, 0x74, 0x30, 0x2e, 0x73, 0x61, 0x6d, 0x70,
  0x6c, 0x65, 0x72, 0x30, 0x5f, 0x73, 0x74, 0x72, 0x75, 0x63, 0x74, 0x75,
  0x72, 0x65, 0x53, 0x6d, 0x70, 0x6c, 0x72, 0x2c, 0x20, 0x66, 0x6c, 0x6f,
  0x61, 0x74, 0x32, 0x28, 0x00, 0x2e, 0x78, 0x2c, 0x20, 0x31, 0x2e, 0x30,
  0x20, 0x2d, 0x20, 0x00, 0x2e, 0x79, 0x29, 0x2c, 0x20, 0x6c, 0x65, 0x76,
  0x65, 0x6c, 0x28, 0x30, 0x2e, 0x30, 0x29, 0x29, 0x2e, 0x78, 0x20, 0x2d,
  0x20, 0x00, 0x2e, 0x7a, 0x29, 0x29, 0x20, 0x3c, 0x20, 0x00, 0x20, 0x2b,
  0x3d, 0x20, 0x00, 0x20, 0x3d, 0x20, 0x66, 0x61, 0x73, 0x74, 0x3a, 0x3a,
  0x6d, 0x61, 0x78, 0x28, 0x28, 0x61, 0x62, 0x73, 0x28, 0x00, 0x2e, 0x78,
  0x79, 0x20, 0x2d, 0x20, 0x66, 0x6c, 0x6f, 0x61, 0x74, 0x32, 0x28, 0x30,
  0x2e, 0x35, 0x29, 0x29, 0x20, 0x2a, 0x20, 0x31, 0x32, 0x2e, 0x30, 0x29,
  0x20, 0x2d, 0x20, 0x66, 0x6c, 0x6f, 0x61, 0x74, 0x32, 0x28, 0x35, 0x2e,
  0x30, 0x29, 0x2c, 0x20, 0x66, 0x6c, 0x6f, 0x61, 0x74, 0x32, 0x28, 0x30,
  0x2e, 0x30, 0x29, 0x29, 0x3b, 0x0a, 0x00, 0x20, 0x2a, 0x20, 0x66, 0x61,
  0x73, 0x74, 0x3a, 0x3a, 0x63, 0x6c, 0x61, 0x6d, 0x70, 0x28, 0x31, 0x2e,
  0x30, 0x20, 0x2d, 0x20, 0x64, 0x6f, 0x74, 0x28, 0x00, 0x20, 0x3d, 0x20,
  0x66, 0x6c, 0x6f, 0x61, 0x74, 0x34, 0x28, 0x30, 0x2e, 0x30, 0x29, 0x3b,
  0x0a, 0x00, 0x20, 0x2a, 0x20, 0x66, 0x61, 0x73, 0x74, 0x3a, 0x3a, 0x6d,
  0x61, 0x78, 0x28, 0x00, 0x2e, 0x77, 0x29, 0x2c, 0x20, 0x00, 0x2e, 0x79,
  0x20, 0x2d, 0x20, 0x28, 0x00, 0x20, 0x20, 0x20, 0x20, 0x20, 0x20, 0x20,
  0x20, 0x20, 0x20, 0x20, 0x20, 0x20, 0x20, 0x20, 0x20, 0x20, 0x20, 0x20,
  0x20, 0x20, 0x20, 0x20, 0x20, 0x20, 0x20, 0x20, 0x20, 0x20, 0x20, 0x20,
  0x20, 0x20, 0x20, 0x20, 0x20, 0x66, 0x6c, 0x6f, 0x61, 0x74, 0x20, 0x00,
  0x2e, 0x77, 0x20, 0x2d, 0x20, 0x28, 0x00, 0x20, 0x20, 0x20, 0x20, 0x20,
  0x20, 0x20, 0x20, 0x20, 0x20, 0x20, 0x20, 0x20, 0x20, 0x20, 0x20, 0x20,
  0x20, 0x20, 0x20, 0x20, 0x20, 0x20, 0x20, 0x20, 0x20, 0x20, 0x20, 0x68,
  0x61, 0x6c, 0x66, 0x32, 0x20, 0x00, 0x29, 0x29, 0x29, 0x20, 0x2b, 0x20,
  0x73, 0x70, 0x76, 0x44, 0x65, 0x73, 0x63, 0x72, 0x69, 0x70, 0x74, 0x6f,
  0x72, 0x53, 0x65, 0x74, 0x30, 0x2e, 0x73, 0x61, 0x6d, 0x70, 0x6c, 0x65,
  0x72, 0x30, 0x5f, 0x73, 0x68, 0x61, 0x64, 0x6f, 0x77, 0x4d, 0x61, 0x70,
  0x2e, 0x73, 0x61, 0x6d, 0x70, 0x6c, 0x65, 0x28, 0x73, 0x70, 0x76, 0x44,
  0x65, 0x73, 0x63, 0x72, 0x69, 0x70, 0x74, 0x6f, 0x72, 0x53, 0x65, 0x74,
  0x30, 0x2e, 0x73, 0x61, 0x6d, 0x70, 0x6c, 0x65, 0x72, 0x30, 0x5f, 0x73,
  0x68, 0x61, 0x64, 0x6f, 0x77, 0x4d, 0x61, 0x70, 0x53, 0x6d, 0x70, 0x6c,
  0x72, 0x2c, 0x20, 0x00, 0x20, 0x20, 0x20, 0x20, 0x20, 0x20, 0x20, 0x20,
  0x20, 0x20, 0x20, 0x20, 0x20, 0x20, 0x20, 0x20, 0x20, 0x20, 0x20, 0x20,
  0x20, 0x20, 0x20, 0x20, 0x68, 0x61, 0x6c, 0x66, 0x20, 0x00, 0x29, 0x2c,
  0x20, 0x00, 0x2e, 0x78, 0x2c, 0x20, 0x00, 0x64, 0x65, 0x70, 0x74, 0x68,
  0x32, 0x64, 0x5f, 0x61, 0x72, 0x72, 0x61, 0x79, 0x3c, 0x66, 0x6c, 0x6f,
  0x61, 0x74, 0x3e, 0x20, 0x73, 0x61, 0x6d, 0x70, 0x6c, 0x65, 0x72, 0x30,
  0x5f, 0x73, 0x68, 0x61, 0x64, 0x6f, 0x77, 0x4d, 0x61, 0x70, 0x20, 0x5b,
  0x5b, 0x69, 0x64, 0x28, 0x31, 0x32, 0x29, 0x5d, 0x5d, 0x3b, 0x0a, 0x00,
  0x63, 0x6f, 0x6e, 0x73, 0x74, 0x61, 0x6e, 0x74, 0x20, 0x66, 0x6c, 0x6f,
  0x61, 0x74, 0x20, 0x00, 0x63, 0x6f, 0x6e, 0x73, 0x74, 0x61, 0x6e, 0x74,
  0x20, 0x69, 0x6e, 0x74, 0x20, 0x00, 0x63, 0x6f, 0x6e, 0x73, 0x74, 0x61,
  0x6e, 0x74, 0x20, 0x75, 0x69, 0x6e, 0x74, 0x20, 0x00, 0x20, 0x3d, 0x20,
  0x61, 0x73, 0x5f, 0x74, 0x79, 0x70, 0x65, 0x3c, 0x75, 0x69, 0x6e, 0x74,
  0x3e, 0x28, 0x28, 0x2a, 0x73, 0x70, 0x76, 0x44, 0x65, 0x73, 0x63, 0x72,
  0x69, 0x70, 0x74, 0x6f, 0x72, 0x53, 0x65, 0x74, 0x30, 0x2e, 0x6c, 0x69,
  0x67, 0x68, 0x74, 0x73, 0x55, 0x6e, 0x69, 0x66, 0x6f, 0x72, 0x6d, 0x73,
  0x29, 0x2e, 0x6c, 0x69, 0x67, 0x68, 0x74, 0x73, 0x5b, 0x00, 0x5d, 0x5b,
  0x33, 0x5d, 0x2e, 0x7a, 0x29, 0x3b, 0x0a, 0x00, 0x20, 0x26, 0x20, 0x31,
  0x75, 0x3b, 0x0a, 0x00, 0x20, 0x20, 0x20, 0x20, 0x20, 0x20, 0x20, 0x20,
  0x20, 0x20, 0x20, 0x20, 0x20, 0x20, 0x20, 0x20, 0x69, 0x6e, 0x74, 0x20,
  0x00, 0x20, 0x3d, 0x20, 0x69, 0x6e, 0x74, 0x28, 0x28, 0x00, 0x20, 0x3e,
  0x3e, 0x20, 0x38, 0x75, 0x29, 0x20, 0x26, 0x20, 0x32, 0x35, 0x35, 0x75,
  0x29, 0x3b, 0x0a, 0x00, 0x20, 0x20, 0x20, 0x20, 0x20, 0x20, 0x20, 0x20,
  0x20, 0x20, 0x20, 0x20, 0x20, 0x20, 0x20, 0x20, 0x62, 0x6f, 0x6f, 0x6c,
  0x20, 0x00, 0x20, 0x3d, 0x3d, 0x20, 0x31, 0x75, 0x3b, 0x0a, 0x00, 0x20,
  0x3d, 0x20, 0x28, 0x61, 0x73, 0x5f, 0x74, 0x79, 0x70, 0x65, 0x3c, 0x75,
  0x69, 0x6e, 0x74, 0x3e, 0x28, 0x28, 0x2a, 0x73, 0x70, 0x76, 0x44, 0x65,
  0x73, 0x63, 0x72, 0x69, 0x70, 0x74, 0x6f, 0x72, 0x53, 0x65, 0x74, 0x30,
  0x2e, 0x6c, 0x69, 0x67, 0x68, 0x74, 0x73, 0x55, 0x6e, 0x69, 0x66, 0x6f,
  0x72, 0x6d, 0x73, 0x29, 0x2e, 0x6c, 0x69, 0x67, 0x68, 0x74, 0x73, 0x5b,
  0x00, 0x5d, 0x5b, 0x33, 0x5d, 0x2e, 0x77, 0x29, 0x20, 0x26, 0x20, 0x36,
  0x35, 0x35, 0x33, 0x36, 0x75, 0x29, 0x20, 0x21, 0x3d, 0x20, 0x30, 0x75,
  0x3b, 0x0a, 0x00, 0x20, 0x3d, 0x3d, 0x20, 0x30, 0x75, 0x29, 0x0a, 0x00,
  0x20, 0x3d, 0x20, 0x69, 0x6e, 0x2e, 0x76, 0x65, 0x72, 0x74, 0x65, 0x78,
  0x5f, 0x77, 0x6f, 0x72, 0x6c, 0x64, 0x50, 0x6f, 0x73, 0x69, 0x74, 0x69,
  0x6f, 0x6e, 0x2e, 0x78, 0x79, 0x7a, 0x20, 0x2d, 0x20, 0x28, 0x2a, 0x73,
  0x70, 0x76, 0x44, 0x65, 0x73, 0x63, 0x72, 0x69, 0x70, 0x74, 0x6f, 0x72,
  0x53, 0x65, 0x74, 0x30, 0x2e, 0x6c, 0x69, 0x67, 0x68, 0x74, 0x73, 0x55,
  0x6e, 0x69, 0x66, 0x6f, 0x72, 0x6d, 0x73, 0x29, 0x2e, 0x6c, 0x69, 0x67,
  0x68, 0x74, 0x73, 0x5b, 0x00, 0x5d, 0x5b, 0x30, 0x5d, 0x2e, 0x78, 0x79,
  0x7a, 0x3b, 0x0a, 0x00, 0x2c, 0x20, 0x66, 0x61, 0x73, 0x74, 0x3a, 0x3a,
  0x6d, 0x61, 0x78, 0x28, 0x00, 0x2c, 0x20, 0x61, 0x62, 0x73, 0x28, 0x00,
  0x20, 0x3e, 0x3d, 0x20, 0x30, 0x2e, 0x30, 0x29, 0x20, 0x3f, 0x20, 0x30,
  0x20, 0x3a, 0x20, 0x31, 0x3b, 0x0a, 0x00, 0x20, 0x3e, 0x3d, 0x20, 0x30,
  0x2e, 0x30, 0x29, 0x20, 0x3f, 0x20, 0x32, 0x20, 0x3a, 0x20, 0x33, 0x3b,
  0x0a, 0x00, 0x20, 0x20, 0x20, 0x20, 0x20, 0x20, 0x20, 0x20, 0x20, 0x20,
  0x20, 0x20, 0x20, 0x20, 0x20, 0x20, 0x20, 0x20, 0x20, 0x20, 0x20, 0x20,
  0x20, 0x20, 0x20, 0x20, 0x20, 0x20, 0x20, 0x20, 0x20, 0x20, 0x65, 0x6c,
  0x73, 0x65, 0x0a, 0x00, 0x20, 0x3e, 0x3d, 0x20, 0x30, 0x2e, 0x30, 0x29,
  0x20, 0x3f, 0x20, 0x34, 0x20, 0x3a, 0x20, 0x35, 0x3b, 0x0a, 0x00, 0x20,
  0x20, 0x20, 0x20, 0x20, 0x20, 0x20, 0x20, 0x20, 0x20, 0x20, 0x20, 0x20,
  0x20, 0x20, 0x20, 0x20, 0x20, 0x20, 0x20, 0x20, 0x20, 0x20, 0x20, 0x20,
  0x20, 0x20, 0x20, 0x20, 0x20, 0x20, 0x20, 0x62, 0x72, 0x65, 0x61, 0x6b,
  0x3b, 0x20, 0x2f, 0x2f, 0x20, 0x75, 0x6e, 0x72, 0x65, 0x61, 0x63, 0x68,
  0x61, 0x62, 0x6c, 0x65, 0x20, 0x77, 0x6f, 0x72, 0x6b, 0x61, 0x72, 0x6f,
  0x75, 0x6e, 0x64, 0x0a, 0x00, 0x20, 0x20, 0x20, 0x20, 0x20, 0x20, 0x20,
  0x20, 0x20, 0x20, 0x20, 0x20, 0x20, 0x20, 0x20, 0x20, 0x20, 0x20, 0x20,
  0x20, 0x20, 0x20, 0x20, 0x20, 0x20, 0x20, 0x20, 0x20, 0x62, 0x72, 0x65,
  0x61, 0x6b, 0x3b, 0x20, 0x2f, 0x2f, 0x20, 0x75, 0x6e, 0x72, 0x65, 0x61,
  0x63, 0x68, 0x61, 0x62, 0x6c, 0x65, 0x20, 0x77, 0x6f, 0x72, 0x6b, 0x61,
  0x72, 0x6f, 0x75, 0x6e, 0x64, 0x0a, 0x00, 0x5d, 0x2e, 0x6e, 0x6f, 0x72,
  0x6d, 0x61, 0x6c, 0x42, 0x69, 0x61, 0x73, 0x20, 0x2a, 0x20, 0x00, 0x2e,
  0x78, 0x29, 0x20, 0x2b, 0x20, 0x61, 0x62, 0x73, 0x28, 0x00, 0x2e, 0x79,
  0x20, 0x2a, 0x20, 0x00, 0x2e, 0x79, 0x29, 0x29, 0x29, 0x3b, 0x0a, 0x00,
  0x20, 0x20, 0x20, 0x20, 0x20, 0x20, 0x20, 0x20, 0x20, 0x20, 0x20, 0x20,
  0x20, 0x20, 0x20, 0x20, 0x20, 0x20, 0x20, 0x20, 0x64, 0x6f, 0x0a, 0x00,
  0x20, 0x20, 0x20, 0x20, 0x20, 0x20, 0x20, 0x20, 0x20, 0x20, 0x20, 0x20,
  0x20, 0x20, 0x20, 0x20, 0x20, 0x20, 0x20, 0x20, 0x20, 0x20, 0x20, 0x20,
  0x75, 0x69, 0x6e, 0x74, 0x20, 0x00, 0x20, 0x20, 0x20, 0x20, 0x20, 0x20,
  0x20, 0x20, 0x20, 0x20, 0x20, 0x20, 0x20, 0x20, 0x20, 0x20, 0x20, 0x20,
  0x20, 0x20, 0x7d, 0x20, 0x77, 0x68, 0x69, 0x6c, 0x65, 0x28, 0x66, 0x61,
  0x6c, 0x73, 0x65, 0x29, 0x3b, 0x0a, 0x00, 0x20, 0x20, 0x20, 0x20, 0x20,
  0x20, 0x20, 0x20, 0x20, 0x20, 0x20, 0x20, 0x20, 0x20, 0x20, 0x20, 0x69,
  0x66, 0x20, 0x28, 0x28, 0x28, 0x00, 0x20, 0x26, 0x20, 0x31, 0x36, 0x75,
  0x29, 0x20, 0x21, 0x3d, 0x20, 0x30, 0x75, 0x29, 0x20, 0x26, 0x26, 0x20,
  0x28, 0x00, 0x20, 0x20, 0x20, 0x20, 0x20, 0x20, 0x20, 0x20, 0x20, 0x20,
  0x20, 0x20, 0x20, 0x20, 0x20, 0x20, 0x20, 0x20, 0x20, 0x20, 0x69, 0x66,
  0x20, 0x28, 0x28, 0x6f, 0x62, 0x6a, 0x65, 0x63, 0x74, 0x55, 0x6e, 0x69,
  0x66, 0x6f, 0x72, 0x6d, 0x73, 0x2e, 0x64, 0x61, 0x74, 0x61, 0x5b, 0x69,
  0x6e, 0x2e, 0x69, 0x6e, 0x73, 0x74, 0x61, 0x6e, 0x63, 0x65, 0x5f, 0x69,
  0x6e, 0x64, 0x65, 0x78, 0x5d, 0x2e, 0x66, 0x6c, 0x61, 0x67, 0x73, 0x43,
  0x68, 0x61, 0x6e, 0x6e, 0x65, 0x6c, 0x73, 0x20, 0x26, 0x20, 0x34, 0x30,
  0x39, 0x36, 0x29, 0x20, 0x21, 0x3d, 0x20, 0x30, 0x29, 0x0a, 0x00, 0x20,
  0x20, 0x20, 0x20, 0x20, 0x20, 0x20, 0x20, 0x20, 0x20, 0x20, 0x20, 0x20,
  0x20, 0x20, 0x20, 0x20, 0x20, 0x20, 0x20, 0x20, 0x20, 0x20, 0x20, 0x66,
  0x6f, 0x72, 0x20, 0x28, 0x3b, 0x3b, 0x29, 0x0a, 0x00, 0x20, 0x20, 0x20,
  0x20, 0x20, 0x20, 0x20, 0x20, 0x20, 0x20, 0x20, 0x20, 0x20, 0x20, 0x20,
  0x20, 0x20, 0x20, 0x20, 0x20, 0x20, 0x20, 0x20, 0x20, 0x20, 0x20, 0x20,
  0x20, 0x20, 0x20, 0x20, 0x20, 0x69, 0x66, 0x20, 0x28, 0x61, 0x62, 0x73,
  0x28, 0x00, 0x20, 0x20, 0x20, 0x20, 0x20, 0x20, 0x20, 0x20, 0x20, 0x20,
  0x20, 0x20, 0x20, 0x20, 0x20, 0x20, 0x20, 0x20, 0x20, 0x20, 0x20, 0x20,
  0x20, 0x20, 0x20, 0x20, 0x20, 0x20, 0x20, 0x20, 0x20, 0x20, 0x63, 0x6f,
  0x6e, 0x74, 0x69, 0x6e, 0x75, 0x65, 0x3b, 0x0a, 0x00, 0x20, 0x2a, 0x20,
  0x28, 0x31, 0x2e, 0x30, 0x20, 0x2d, 0x20, 0x28, 0x00, 0x29, 0x2c, 0x20,
  0x30, 0x2e, 0x30, 0x2c, 0x20, 0x31, 0x2e, 0x30, 0x29, 0x29, 0x29, 0x3b,
  0x0a, 0x00, 0x20, 0x20, 0x20, 0x20, 0x20, 0x20, 0x20, 0x20, 0x20, 0x20,
  0x20, 0x20, 0x20, 0x20, 0x20, 0x20, 0x20, 0x20, 0x20, 0x20, 0x63, 0x6f,
  0x6e, 0x74, 0x69, 0x6e, 0x75, 0x65, 0x3b, 0x0a, 0x00, 0x29, 0x2e, 0x78,
  0x79, 0x7a, 0x29, 0x20, 0x2a, 0x20, 0x28, 0x28, 0x28, 0x00, 0x20, 0x3d,
  0x20, 0x69, 0x6e, 0x74, 0x34, 0x28, 0x28, 0x2a, 0x73, 0x70, 0x76, 0x44,
  0x65, 0x73, 0x63, 0x72, 0x69, 0x70, 0x74, 0x6f, 0x72, 0x53, 0x65, 0x74,
  0x30, 0x2e, 0x66, 0x72, 0x61, 0x6d, 0x65, 0x55, 0x6e, 0x69, 0x66, 0x6f,
  0x72, 0x6d, 0x73, 0x29, 0x2e, 0x63, 0x61, 0x73, 0x63, 0x61, 0x64, 0x65,
  0x53, 0x70, 0x6c, 0x69, 0x74, 0x73, 0x20, 0x3e, 0x20, 0x66, 0x6c, 0x6f,
  0x61, 0x74, 0x34, 0x28, 0x28, 0x28, 0x28, 0x2a, 0x73, 0x70, 0x76, 0x44,
  0x65, 0x73, 0x63, 0x72, 0x69, 0x70, 0x74, 0x6f, 0x72, 0x53, 0x65, 0x74,
  0x30, 0x2e, 0x66, 0x72, 0x61, 0x6d, 0x65, 0x55, 0x6e, 0x69, 0x66, 0x6f,
  0x72, 0x6d, 0x73, 0x29, 0x2e, 0x76, 0x69, 0x65, 0x77, 0x46, 0x72, 0x6f,
  0x6d, 0x57, 0x6f, 0x72, 0x6c, 0x64, 0x4d, 0x61, 0x74, 0x72, 0x69, 0x78,
  0x5b, 0x30, 0x5d, 0x20, 0x2a, 0x20, 0x69, 0x6e, 0x2e, 0x76, 0x65, 0x72,
  0x74, 0x65, 0x78, 0x5f, 0x77, 0x6f, 0x72, 0x6c, 0x64, 0x50, 0x6f, 0x73,
  0x69, 0x74, 0x69, 0x6f, 0x6e, 0x2e, 0x78, 0x29, 0x20, 0x2b, 0x20, 0x28,
  0x28, 0x28, 0x2a, 0x73, 0x70, 0x76, 0x44, 0x65, 0x73, 0x63, 0x72, 0x69,
  0x70, 0x74, 0x6f, 0x72, 0x53, 0x65, 0x74, 0x30, 0x2e, 0x66, 0x72, 0x61,
  0x6d, 0x65, 0x55, 0x6e, 0x69, 0x66, 0x6f, 0x72, 0x6d, 0x73, 0x29, 0x2e,
  0x76, 0x69, 0x65, 0x77, 0x46, 0x72, 0x6f, 0x6d, 0x57, 0x6f, 0x72, 0x6c,
  0x64, 0x4d, 0x61, 0x74, 0x72, 0x69, 0x78, 0x5b, 0x31, 0x5d, 0x20, 0x2a,
  0x20, 0x69, 0x6e, 0x2e, 0x76, 0x65, 0x72, 0x74, 0x65, 0x78, 0x5f, 0x77,
  0x6f, 0x72, 0x6c, 0x64, 0x50, 0x6f, 0x73, 0x69, 0x74, 0x69, 0x6f, 0x6e,
  0x2e, 0x79, 0x29, 0x20, 0x2b, 0x20, 0x28, 0x28, 0x28, 0x2a, 0x73, 0x70,
  0x76, 0x44, 0x65, 0x73, 0x63, 0x72, 0x69, 0x70, 0x74, 0x6f, 0x72, 0x53,
  0x65, 0x74, 0x30, 0x2e, 0x66, 0x72, 0x61, 0x6d, 0x65, 0x55, 0x6e, 0x69,
  0x66, 0x6f, 0x72, 0x6d, 0x73, 0x29, 0x2e, 0x76, 0x69, 0x65, 0x77, 0x46,
  0x72, 0x6f, 0x6d, 0x57, 0x6f, 0x72, 0x6c, 0x64, 0x4d, 0x61, 0x74, 0x72,
  0x69, 0x78, 0x5b, 0x32, 0x5d, 0x20, 0x2a, 0x20, 0x69, 0x6e, 0x2e, 0x76,
  0x65, 0x72, 0x74, 0x65, 0x78, 0x5f, 0x77, 0x6f, 0x72, 0x6c, 0x64, 0x50,
  0x6f, 0x73, 0x69, 0x74, 0x69, 0x6f, 0x6e, 0x2e, 0x7a, 0x29, 0x20, 0x2b,
  0x20, 0x28, 0x2a, 0x73, 0x70, 0x76, 0x44, 0x65, 0x73, 0x63, 0x72, 0x69,
  0x70, 0x74, 0x6f, 0x72, 0x53, 0x65, 0x74, 0x30, 0x2e, 0x66, 0x72, 0x61,
  0x6d, 0x65, 0x55, 0x6e, 0x69, 0x66, 0x6f, 0x72, 0x6d, 0x73, 0x29, 0x2e,
  0x76, 0x69, 0x65, 0x77, 0x46, 0x72, 0x6f, 0x6d, 0x57, 0x6f, 0x72, 0x6c,
  0x64, 0x4d, 0x61, 0x74, 0x72, 0x69, 0x78, 0x5b, 0x33, 0x5d, 0x29, 0x29,
  0x29, 0x2e, 0x7a, 0x29, 0x29, 0x3b, 0x0a, 0x00, 0x20, 0x3d, 0x20, 0x63,
  0x6c, 0x61, 0x6d, 0x70, 0x28, 0x28, 0x28, 0x00, 0x2e, 0x77, 0x2c, 0x20,
  0x30, 0x2c, 0x20, 0x28, 0x28, 0x2a, 0x73, 0x70, 0x76, 0x44, 0x65, 0x73,
  0x63, 0x72, 0x69, 0x70, 0x74, 0x6f, 0x72, 0x53, 0x65, 0x74, 0x30, 0x2e,
  0x66, 0x72, 0x61, 0x6d, 0x65, 0x55, 0x6e, 0x69, 0x66, 0x6f, 0x72, 0x6d,
  0x73, 0x29, 0x2e, 0x63, 0x61, 0x73, 0x63, 0x61, 0x64, 0x65, 0x73, 0x20,
  0x26, 0x20, 0x31, 0x35, 0x29, 0x20, 0x2d, 0x20, 0x31, 0x29, 0x3b, 0x0a,
  0x00, 0x20, 0x20, 0x20, 0x20, 0x20, 0x20, 0x20, 0x20, 0x20, 0x20, 0x20,
  0x20, 0x20, 0x20, 0x20, 0x20, 0x64, 0x6f, 0x0a, 0x00, 0x20, 0x3d, 0x3d,
  0x20, 0x30, 0x29, 0x0a, 0x00, 0x20, 0x3d, 0x20, 0x69, 0x6e, 0x2e, 0x76,
  0x65, 0x72, 0x74, 0x65, 0x78, 0x5f, 0x6c, 0x69, 0x67, 0x68, 0x74, 0x53,
  0x70, 0x61, 0x63, 0x65, 0x50, 0x6f, 0x73, 0x69, 0x74, 0x69, 0x6f, 0x6e,
  0x3b, 0x0a, 0x00, 0x2e, 0x78, 0x20, 0x2a, 0x20, 0x28, 0x2a, 0x73, 0x70,
  0x76, 0x44, 0x65, 0x73, 0x63, 0x72, 0x69, 0x70, 0x74, 0x6f, 0x72, 0x53,
  0x65, 0x74, 0x30, 0x2e, 0x73, 0x68, 0x61, 0x64, 0x6f, 0x77, 0x55, 0x6e,
  0x69, 0x66, 0x6f, 0x72, 0x6d, 0x73, 0x29, 0x2e, 0x73, 0x68, 0x61, 0x64,
  0x6f, 0x77, 0x73, 0x5b, 0x00, 0x5d, 0x2e, 0x6e, 0x6f, 0x72, 0x6d, 0x61,
  0x6c, 0x42, 0x69, 0x61, 0x73, 0x2e, 0x78, 0x29, 0x20, 0x2b, 0x20, 0x61,
  0x62, 0x73, 0x28, 0x00, 0x2e, 0x79, 0x20, 0x2a, 0x20, 0x28, 0x2a, 0x73,
  0x70, 0x76, 0x44, 0x65, 0x73, 0x63, 0x72, 0x69, 0x70, 0x74, 0x6f, 0x72,
  0x53, 0x65, 0x74, 0x30, 0x2e, 0x73, 0x68, 0x61, 0x64, 0x6f, 0x77, 0x55,
  0x6e, 0x69, 0x66, 0x6f, 0x72, 0x6d, 0x73, 0x29, 0x2e, 0x73, 0x68, 0x61,
  0x64, 0x6f, 0x77, 0x73, 0x5b, 0x00, 0x5d, 0x2e, 0x6e, 0x6f, 0x72, 0x6d,
  0x61, 0x6c, 0x42, 0x69, 0x61, 0x73, 0x2e, 0x79, 0x29, 0x29, 0x29, 0x3b,
  0x0a, 0x00, 0x20, 0x20, 0x20, 0x20, 0x20, 0x20, 0x20, 0x20, 0x20, 0x20,
  0x20, 0x20, 0x20, 0x20, 0x20, 0x20, 0x7d, 0x20, 0x77, 0x68, 0x69, 0x6c,
  0x65, 0x28, 0x66, 0x61, 0x6c, 0x73, 0x65, 0x29, 0x3b, 0x0a, 0x00, 0x29,
  0x2e, 0x78, 0x79, 0x2c, 0x20, 0x28, 0x2a, 0x73, 0x70, 0x76, 0x44, 0x65,
  0x73, 0x63, 0x72, 0x69, 0x70, 0x74, 0x6f, 0x72, 0x53, 0x65, 0x74, 0x30,
  0x2e, 0x73, 0x68, 0x61, 0x64, 0x6f, 0x77, 0x55, 0x6e, 0x69, 0x66, 0x6f,
  0x72, 0x6d, 0x73, 0x29, 0x2e, 0x73, 0x68, 0x61, 0x64, 0x6f, 0x77, 0x73,
  0x5b, 0x00, 0x20, 0x2a, 0x20, 0x32, 0x2e, 0x30, 0x29, 0x20, 0x2d, 0x20,
  0x31, 0x2e, 0x30, 0x29, 0x29, 0x3b, 0x0a, 0x00, 0x20, 0x3d, 0x20, 0x66,
  0x6c, 0x6f, 0x61, 0x74, 0x32, 0x28, 0x00, 0x63, 0x6f, 0x6e, 0x73, 0x74,
  0x61, 0x6e, 0x74, 0x20, 0x62, 0x6f, 0x6f, 0x6c, 0x20, 0x52, 0x55, 0x4e,
  0x54, 0x49, 0x4d, 0x45, 0x5f, 0x43, 0x4f, 0x4e, 0x46, 0x49, 0x47, 0x5f,
  0x48, 0x41, 0x53, 0x5f, 0x45, 0x58, 0x54, 0x52, 0x41, 0x5f, 0x44, 0x49,
  0x52, 0x45, 0x43, 0x54, 0x49, 0x4f, 0x4e, 0x41, 0x4c, 0x5f, 0x4c, 0x49,
  0x47, 0x48, 0x54, 0x53, 0x5f, 0x74, 0x6d, 0x70, 0x20, 0x5b, 0x5b, 0x66,
  0x75, 0x6e, 0x63, 0x74, 0x69, 0x6f, 0x6e, 0x5f, 0x63, 0x6f, 0x6e, 0x73,
  0x74, 0x61, 0x6e, 0x74, 0x28, 0x31, 0x37, 0x29, 0x5d, 0x5d, 0x3b, 0x0a,
  0x00, 0x63, 0x6f, 0x6e, 0x73, 0x74, 0x61, 0x6e, 0x74, 0x20, 0x62, 0x6f,
  0x6f, 0x6c, 0x20, 0x52, 0x55, 0x4e, 0x54, 0x49, 0x4d, 0x45, 0x5f, 0x43,
  0x4f, 0x4e, 0x46, 0x49, 0x47, 0x5f, 0x48, 0x41, 0x53, 0x5f, 0x45, 0x58,
  0x54, 0x52, 0x41, 0x5f, 0x44, 0x49, 0x52, 0x45, 0x43, 0x54, 0x49, 0x4f,
  0x4e, 0x41, 0x4c, 0x5f, 0x4c, 0x49, 0x47, 0x48, 0x54, 0x53, 0x20, 0x3d,
  0x20, 0x69, 0x73, 0x5f, 0x66, 0x75, 0x6e, 0x63, 0x74, 0x69, 0x6f, 0x6e,
  0x5f, 0x63, 0x6f, 0x6e, 0x73, 0x74, 0x61, 0x6e, 0x74, 0x5f, 0x64, 0x65,
  0x66, 0x69, 0x6e, 0x65, 0x64, 0x28, 0x52, 0x55, 0x4e, 0x54, 0x49, 0x4d,
  0x45, 0x5f, 0x43, 0x4f, 0x4e, 0x46, 0x49, 0x47, 0x5f, 0x48, 0x41, 0x53,
  0x5f, 0x45, 0x58, 0x54, 0x52, 0x41, 0x5f, 0x44, 0x49, 0x52, 0x45, 0x43,
  0x54, 0x49, 0x4f, 0x4e, 0x41, 0x4c, 0x5f, 0x4c, 0x49, 0x47, 0x48, 0x54,
  0x53, 0x5f, 0x74, 0x6d, 0x70, 0x29, 0x20, 0x3f, 0x20, 0x52, 0x55, 0x4e,
  0x54, 0x49, 0x4d, 0x45, 0x5f, 0x43, 0x4f, 0x4e, 0x46, 0x49, 0x47, 0x5f,
  0x48, 0x41, 0x53, 0x5f, 0x45, 0x58, 0x54, 0x52, 0x41, 0x5f, 0x44, 0x49,
  0x52, 0x45, 0x43, 0x54, 0x49, 0x4f, 0x4e, 0x41, 0x4c, 0x5f, 0x4c, 0x49,
  0x47, 0x48, 0x54, 0x53, 0x5f, 0x74, 0x6d, 0x70, 0x20, 0x3a, 0x20, 0x66,
  0x61, 0x6c, 0x73, 0x65, 0x3b, 0x0a, 0x00, 0x20, 0x3d, 0x20, 0x28, 0x21,
  0x52, 0x55, 0x4e, 0x54, 0x49, 0x4d, 0x45, 0x5f, 0x43, 0x4f, 0x4e, 0x46,
  0x49, 0x47, 0x5f, 0x48, 0x41, 0x53, 0x5f, 0x45, 0x58, 0x54, 0x52, 0x41,
  0x5f, 0x44, 0x49, 0x52, 0x45, 0x43, 0x54, 0x49, 0x4f, 0x4e, 0x41, 0x4c,
  0x5f, 0x4c, 0x49, 0x47, 0x48, 0x54, 0x53, 0x29, 0x3b, 0x0a, 0x00, 0x20,
  0x20, 0x20, 0x20, 0x20, 0x20, 0x20, 0x20, 0x20, 0x20, 0x20, 0x20, 0x69,
  0x66, 0x20, 0x28, 0x28, 0x2a, 0x73, 0x70, 0x76, 0x44, 0x65, 0x73, 0x63,
  0x72, 0x69, 0x70, 0x74, 0x6f, 0x72, 0x53, 0x65, 0x74, 0x30, 0x2e, 0x66,
  0x72, 0x61, 0x6d, 0x65, 0x55, 0x6e, 0x69, 0x66, 0x6f, 0x72, 0x6d, 0x73,
  0x29, 0x2e, 0x73, 0x75, 0x6e, 0x2e, 0x77, 0x20, 0x3e, 0x3d, 0x20, 0x30,
  0x2e, 0x30, 0x29, 0x0a, 0x00, 0x20, 0x3c, 0x20, 0x28, 0x2a, 0x73, 0x70,
  0x76, 0x44, 0x65, 0x73, 0x63, 0x72, 0x69, 0x70, 0x74, 0x6f, 0x72, 0x53,
  0x65, 0x74, 0x30, 0x2e, 0x66, 0x72, 0x61, 0x6d, 0x65, 0x55, 0x6e, 0x69,
  0x66, 0x6f, 0x72, 0x6d, 0x73, 0x29, 0x2e, 0x73, 0x75, 0x6e, 0x2e, 0x78,
  0x29, 0x0a, 0x00, 0x29, 0x29, 0x20, 0x2a, 0x20, 0x28, 0x2a, 0x73, 0x70,
  0x76, 0x44, 0x65, 0x73, 0x63, 0x72, 0x69, 0x70, 0x74, 0x6f, 0x72, 0x53,
  0x65, 0x74, 0x30, 0x2e, 0x66, 0x72, 0x61, 0x6d, 0x65, 0x55, 0x6e, 0x69,
  0x66, 0x6f, 0x72, 0x6d, 0x73, 0x29, 0x2e, 0x73, 0x75, 0x6e, 0x2e, 0x79,
  0x29, 0x29, 0x3b, 0x0a, 0x00, 0x20, 0x3d, 0x20, 0x66, 0x6c, 0x6f, 0x61,
  0x74, 0x33, 0x28, 0x28, 0x2a, 0x73, 0x70, 0x76, 0x44, 0x65, 0x73, 0x63,
  0x72, 0x69, 0x70, 0x74, 0x6f, 0x72, 0x53, 0x65, 0x74, 0x30, 0x2e, 0x66,
  0x72, 0x61, 0x6d, 0x65, 0x55, 0x6e, 0x69, 0x66, 0x6f, 0x72, 0x6d, 0x73,
  0x29, 0x2e, 0x6c, 0x69, 0x67, 0x68, 0x74, 0x44, 0x69, 0x72, 0x65, 0x63,
  0x74, 0x69, 0x6f, 0x6e, 0x29, 0x3b, 0x0a, 0x00, 0x20, 0x20, 0x20, 0x20,
  0x20, 0x20, 0x20, 0x20, 0x69, 0x66, 0x20, 0x28, 0x28, 0x28, 0x28, 0x2a,
  0x73, 0x70, 0x76, 0x44, 0x65, 0x73, 0x63, 0x72, 0x69, 0x70, 0x74, 0x6f,
  0x72, 0x53, 0x65, 0x74, 0x30, 0x2e, 0x66, 0x72, 0x61, 0x6d, 0x65, 0x55,
  0x6e, 0x69, 0x66, 0x6f, 0x72, 0x6d, 0x73, 0x29, 0x2e, 0x6c, 0x69, 0x67,
  0x68, 0x74, 0x43, 0x68, 0x61, 0x6e, 0x6e, 0x65, 0x6c, 0x73, 0x20, 0x26,
  0x20, 0x32, 0x35, 0x35, 0x29, 0x20, 0x26, 0x20, 0x00, 0x20, 0x3c, 0x20,
  0x28, 0x2a, 0x73, 0x70, 0x76, 0x44, 0x65, 0x73, 0x63, 0x72, 0x69, 0x70,
  0x74, 0x6f, 0x72, 0x53, 0x65, 0x74, 0x30, 0x2e, 0x66, 0x72, 0x61, 0x6d,
  0x65, 0x55, 0x6e, 0x69, 0x66, 0x6f, 0x72, 0x6d, 0x73, 0x29, 0x2e, 0x65,
  0x78, 0x74, 0x72, 0x61, 0x4c, 0x69, 0x67, 0x68, 0x74, 0x43, 0x6f, 0x75,
  0x6e, 0x74, 0x3b, 0x20, 0x00, 0x2c, 0x20, 0x28, 0x2a, 0x73, 0x70, 0x76,
  0x44, 0x65, 0x73, 0x63, 0x72, 0x69, 0x70, 0x74, 0x6f, 0x72, 0x53, 0x65,
  0x74, 0x30, 0x2e, 0x66, 0x72, 0x61, 0x6d, 0x65, 0x55, 0x6e, 0x69, 0x66,
  0x6f, 0x72, 0x6d, 0x73, 0x29, 0x2e, 0x65, 0x78, 0x74, 0x72, 0x61, 0x4c,
  0x69, 0x67, 0x68, 0x74, 0x44, 0x69, 0x72, 0x65, 0x63, 0x74, 0x69, 0x6f,
  0x6e, 0x5b, 0x00, 0x5d, 0x2e, 0x78, 0x79, 0x7a, 0x29, 0x2c, 0x20, 0x30,
  0x2e, 0x30, 0x2c, 0x20, 0x31, 0x2e, 0x30, 0x29, 0x3b, 0x0a, 0x00, 0x20,
  0x20, 0x20, 0x20, 0x20, 0x20, 0x20, 0x20, 0x20, 0x20, 0x20, 0x20, 0x69,
  0x66, 0x20, 0x28, 0x28, 0x69, 0x6e, 0x74, 0x28, 0x28, 0x2a, 0x73, 0x70,
  0x76, 0x44, 0x65, 0x73, 0x63, 0x72, 0x69, 0x70, 0x74, 0x6f, 0x72, 0x53,
  0x65, 0x74, 0x30, 0x2e, 0x66, 0x72, 0x61, 0x6d, 0x65, 0x55, 0x6e, 0x69,
  0x66, 0x6f, 0x72, 0x6d, 0x73, 0x29, 0x2e, 0x65, 0x78, 0x74, 0x72, 0x61,
  0x4c, 0x69, 0x67, 0x68, 0x74, 0x44, 0x69, 0x72, 0x65, 0x63, 0x74, 0x69,
  0x6f, 0x6e, 0x5b, 0x00, 0x5d, 0x2e, 0x77, 0x29, 0x20, 0x26, 0x20, 0x00,
  0x29, 0x20, 0x21, 0x3d, 0x20, 0x30, 0x29, 0x0a, 0x00, 0x20, 0x2b, 0x20,
  0x28, 0x2a, 0x73, 0x70, 0x76, 0x44, 0x65, 0x73, 0x63, 0x72, 0x69, 0x70,
  0x74, 0x6f, 0x72, 0x53, 0x65, 0x74, 0x30, 0x2e, 0x66, 0x72, 0x61, 0x6d,
  0x65, 0x55, 0x6e, 0x69, 0x66, 0x6f, 0x72, 0x6d, 0x73, 0x29, 0x2e, 0x65,
  0x78, 0x74, 0x72, 0x61, 0x4c, 0x69, 0x67, 0x68, 0x74, 0x44, 0x69, 0x72,
  0x65, 0x63, 0x74, 0x69, 0x6f, 0x6e, 0x5b, 0x00, 0x5d, 0x2e, 0x78, 0x79,
  0x7a, 0x29, 0x3b, 0x0a, 0x00, 0x20, 0x3d, 0x20, 0x31, 0x2e, 0x30, 0x20,
  0x2d, 0x20, 0x66, 0x61, 0x73, 0x74, 0x3a, 0x3a, 0x63, 0x6c, 0x61, 0x6d,
  0x70, 0x28, 0x64, 0x6f, 0x74, 0x28, 0x28, 0x2a, 0x73, 0x70, 0x76, 0x44,
  0x65, 0x73, 0x63, 0x72, 0x69, 0x70, 0x74, 0x6f, 0x72, 0x53, 0x65, 0x74,
  0x30, 0x2e, 0x66, 0x72, 0x61, 0x6d, 0x65, 0x55, 0x6e, 0x69, 0x66, 0x6f,
  0x72, 0x6d, 0x73, 0x29, 0x2e, 0x65, 0x78, 0x74, 0x72, 0x61, 0x4c, 0x69,
  0x67, 0x68, 0x74, 0x44, 0x69, 0x72, 0x65, 0x63, 0x74, 0x69, 0x6f, 0x6e,
  0x5b, 0x00, 0x5d, 0x2e, 0x78, 0x79, 0x7a, 0x2c, 0x20, 0x00, 0x29, 0x29,
  0x20, 0x2a, 0x20, 0x28, 0x2a, 0x73, 0x70, 0x76, 0x44, 0x65, 0x73, 0x63,
  0x72, 0x69, 0x70, 0x74, 0x6f, 0x72, 0x53, 0x65, 0x74, 0x30, 0x2e, 0x66,
  0x72, 0x61, 0x6d, 0x65, 0x55, 0x6e, 0x69, 0x66, 0x6f, 0x72, 0x6d, 0x73,
  0x29, 0x2e, 0x65, 0x78, 0x74, 0x72, 0x61, 0x4c, 0x69, 0x67, 0x68, 0x74,
  0x43, 0x6f, 0x6c, 0x6f, 0x72, 0x49, 0x6e, 0x74, 0x65, 0x6e, 0x73, 0x69,
  0x74, 0x79, 0x5b, 0x00, 0x5d, 0x2e, 0x78, 0x79, 0x7a, 0x29, 0x20, 0x2a,
  0x20, 0x28, 0x28, 0x2a, 0x73, 0x70, 0x76, 0x44, 0x65, 0x73, 0x63, 0x72,
  0x69, 0x70, 0x74, 0x6f, 0x72, 0x53, 0x65, 0x74, 0x30, 0x2e, 0x66, 0x72,
  0x61, 0x6d, 0x65, 0x55, 0x6e, 0x69, 0x66, 0x6f, 0x72, 0x6d, 0x73, 0x29,
  0x2e, 0x65, 0x78, 0x74, 0x72, 0x61, 0x4c, 0x69, 0x67, 0x68, 0x74, 0x43,
  0x6f, 0x6c, 0x6f, 0x72, 0x49, 0x6e, 0x74, 0x65, 0x6e, 0x73, 0x69, 0x74,
  0x79, 0x5b, 0x00, 0x5d, 0x2e, 0x77, 0x20, 0x2a, 0x20, 0x00, 0x20, 0x3d,
  0x20, 0x73, 0x70, 0x76, 0x44, 0x65, 0x73, 0x63, 0x72, 0x69, 0x70, 0x74,
  0x6f, 0x72, 0x53, 0x65, 0x74, 0x30, 0x2e, 0x73, 0x61, 0x6d, 0x70, 0x6c,
  0x65, 0x72, 0x30, 0x5f, 0x73, 0x68, 0x61, 0x64, 0x6f, 0x77, 0x4d, 0x61,
  0x70, 0x2e, 0x73, 0x61, 0x6d, 0x70, 0x6c, 0x65, 0x5f, 0x63, 0x6f, 0x6d,
  0x70, 0x61, 0x72, 0x65, 0x28, 0x73, 0x70, 0x76, 0x44, 0x65, 0x73, 0x63,
  0x72, 0x69, 0x70, 0x74, 0x6f, 0x72, 0x53, 0x65, 0x74, 0x30, 0x2e, 0x73,
  0x61, 0x6d, 0x70, 0x6c, 0x65, 0x72, 0x30, 0x5f, 0x73, 0x68, 0x61, 0x64,
  0x6f, 0x77, 0x4d, 0x61, 0x70, 0x53, 0x6d, 0x70, 0x6c, 0x72, 0x2c, 0x20,
  0x00, 0x20, 0x3d, 0x20, 0x28, 0x66, 0x6c, 0x6f, 0x61, 0x74, 0x33, 0x28,
  0x66, 0x61, 0x73, 0x74, 0x3a, 0x3a, 0x63, 0x6c, 0x61, 0x6d, 0x70, 0x28,
  0x00, 0x2e, 0x78, 0x79, 0x2c, 0x20, 0x66, 0x6c, 0x6f, 0x61, 0x74, 0x32,
  0x28, 0x2d, 0x31, 0x2e, 0x30, 0x29, 0x2c, 0x20, 0x66, 0x6c, 0x6f, 0x61,
  0x74, 0x32, 0x28, 0x32, 0x2e, 0x30, 0x29, 0x29, 0x2c, 0x20, 0x00, 0x29,
  0x2e, 0x78, 0x79, 0x20, 0x2a, 0x20, 0x66, 0x6c, 0x6f, 0x61, 0x74, 0x32,
  0x28, 0x28, 0x2a, 0x73, 0x70, 0x76, 0x44, 0x65, 0x73, 0x63, 0x72, 0x69,
  0x70, 0x74, 0x6f, 0x72, 0x53, 0x65, 0x74, 0x30, 0x2e, 0x66, 0x72, 0x61,
  0x6d, 0x65, 0x55, 0x6e, 0x69, 0x66, 0x6f, 0x72, 0x6d, 0x73, 0x29, 0x2e,
  0x73, 0x68, 0x61, 0x64, 0x6f, 0x77, 0x41, 0x74, 0x6c, 0x61, 0x73, 0x52,
  0x65, 0x73, 0x6f, 0x6c, 0x75, 0x74, 0x69, 0x6f, 0x6e, 0x2e, 0x78, 0x29,
  0x29, 0x20, 0x2b, 0x20, 0x66, 0x6c, 0x6f, 0x61, 0x74, 0x32, 0x28, 0x30,
  0x2e, 0x35, 0x29, 0x3b, 0x0a, 0x00, 0x20, 0x3d, 0x20, 0x28, 0x66, 0x6c,
  0x6f, 0x6f, 0x72, 0x28, 0x00, 0x29, 0x20, 0x2d, 0x20, 0x66, 0x6c, 0x6f,
  0x61, 0x74, 0x32, 0x28, 0x30, 0x2e, 0x35, 0x29, 0x29, 0x20, 0x2a, 0x20,
  0x66, 0x6c, 0x6f, 0x61, 0x74, 0x32, 0x28, 0x28, 0x2a, 0x73, 0x70, 0x76,
  0x44, 0x65, 0x73, 0x63, 0x72, 0x69, 0x70, 0x74, 0x6f, 0x72, 0x53, 0x65,
  0x74, 0x30, 0x2e, 0x66, 0x72, 0x61, 0x6d, 0x65, 0x55, 0x6e, 0x69, 0x66,
  0x6f, 0x72, 0x6d, 0x73, 0x29, 0x2e, 0x73, 0x68, 0x61, 0x64, 0x6f, 0x77,
  0x41, 0x74, 0x6c, 0x61, 0x73, 0x52, 0x65, 0x73, 0x6f, 0x6c, 0x75, 0x74,
  0x69, 0x6f, 0x6e, 0x2e, 0x79, 0x29, 0x3b, 0x0a, 0x00, 0x20, 0x3d, 0x20,
  0x66, 0x72, 0x61, 0x63, 0x74, 0x28, 0x00, 0x29, 0x29, 0x20, 0x2b, 0x20,
  0x28, 0x28, 0x00, 0x29, 0x29, 0x29, 0x20, 0x2a, 0x20, 0x30, 0x2e, 0x30,
  0x36, 0x32, 0x35, 0x3b, 0x0a, 0x00, 0x20, 0x3d, 0x20, 0x28, 0x2a, 0x73,
  0x70, 0x76, 0x44, 0x65, 0x73, 0x63, 0x72, 0x69, 0x70, 0x74, 0x6f, 0x72,
  0x53, 0x65, 0x74, 0x30, 0x2e, 0x66, 0x72, 0x61, 0x6d, 0x65, 0x55, 0x6e,
  0x69, 0x66, 0x6f, 0x72, 0x6d, 0x73, 0x29, 0x2e, 0x66, 0x6f, 0x67, 0x46,
  0x72, 0x6f, 0x6d, 0x57, 0x6f, 0x72, 0x6c, 0x64, 0x4d, 0x61, 0x74, 0x72,
  0x69, 0x78, 0x20, 0x2a, 0x20, 0x28, 0x69, 0x6e, 0x2e, 0x76, 0x65, 0x72,
  0x74, 0x65, 0x78, 0x5f, 0x77, 0x6f, 0x72, 0x6c, 0x64, 0x50, 0x6f, 0x73,
  0x69, 0x74, 0x69, 0x6f, 0x6e, 0x2e, 0x78, 0x79, 0x7a, 0x20, 0x2d, 0x20,
  0x28, 0x2a, 0x73, 0x70, 0x76, 0x44, 0x65, 0x73, 0x63, 0x72, 0x69, 0x70,
  0x74, 0x6f, 0x72, 0x53, 0x65, 0x74, 0x30, 0x2e, 0x66, 0x72, 0x61, 0x6d,
  0x65, 0x55, 0x6e, 0x69, 0x66, 0x6f, 0x72, 0x6d, 0x73, 0x29, 0x2e, 0x77,
  0x6f, 0x72, 0x6c, 0x64, 0x46, 0x72, 0x6f, 0x6d, 0x56, 0x69, 0x65, 0x77,
  0x4d, 0x61, 0x74, 0x72, 0x69, 0x78, 0x5b, 0x33, 0x5d, 0x2e, 0x78, 0x79,
  0x7a, 0x29, 0x3b, 0x0a, 0x00, 0x20, 0x3d, 0x20, 0x6c, 0x65, 0x6e, 0x67,
  0x74, 0x68, 0x28, 0x00, 0x20, 0x3c, 0x20, 0x28, 0x2a, 0x73, 0x70, 0x76,
  0x44, 0x65, 0x73, 0x63, 0x72, 0x69, 0x70, 0x74, 0x6f, 0x72, 0x53, 0x65,
  0x74, 0x30, 0x2e, 0x66, 0x72, 0x61, 0x6d, 0x65, 0x55, 0x6e, 0x69, 0x66,
  0x6f, 0x72, 0x6d, 0x73, 0x29, 0x2e, 0x66, 0x6f, 0x67, 0x53, 0x74, 0x61,
  0x72, 0x74, 0x29, 0x0a, 0x00, 0x20, 0x3e, 0x20, 0x28, 0x2a, 0x73, 0x70,
  0x76, 0x44, 0x65, 0x73, 0x63, 0x72, 0x69, 0x70, 0x74, 0x6f, 0x72, 0x53,
  0x65, 0x74, 0x30, 0x2e, 0x66, 0x72, 0x61, 0x6d, 0x65, 0x55, 0x6e, 0x69,
  0x66, 0x6f, 0x72, 0x6d, 0x73, 0x29, 0x2e, 0x66, 0x6f, 0x67, 0x43, 0x75,
  0x74, 0x4f, 0x66, 0x66, 0x44, 0x69, 0x73, 0x74, 0x61, 0x6e, 0x63, 0x65,
  0x29, 0x0a, 0x00, 0x20, 0x3d, 0x20, 0x28, 0x2a, 0x73, 0x70, 0x76, 0x44,
  0x65, 0x73, 0x63, 0x72, 0x69, 0x70, 0x74, 0x6f, 0x72, 0x53, 0x65, 0x74,
  0x30, 0x2e, 0x66, 0x72, 0x61, 0x6d, 0x65, 0x55, 0x6e, 0x69, 0x66, 0x6f,
  0x72, 0x6d, 0x73, 0x29, 0x2e, 0x66, 0x6f, 0x67, 0x48, 0x65, 0x69, 0x67,
  0x68, 0x74, 0x46, 0x61, 0x6c, 0x6c, 0x6f, 0x66, 0x66, 0x20, 0x2a, 0x20,
  0x00, 0x20, 0x20, 0x20, 0x20, 0x20, 0x20, 0x20, 0x20, 0x69, 0x66, 0x20,
  0x28, 0x61, 0x62, 0x73, 0x28, 0x00, 0x29, 0x20, 0x3e, 0x20, 0x30, 0x2e,
  0x30, 0x30, 0x31, 0x32, 0x35, 0x29, 0x0a, 0x00, 0x20, 0x3d, 0x20, 0x28,
  0x28, 0x2a, 0x73, 0x70, 0x76, 0x44, 0x65, 0x73, 0x63, 0x72, 0x69, 0x70,
  0x74, 0x6f, 0x72, 0x53, 0x65, 0x74, 0x30, 0x2e, 0x66, 0x72, 0x61, 0x6d,
  0x65, 0x55, 0x6e, 0x69, 0x66, 0x6f, 0x72, 0x6d, 0x73, 0x29, 0x2e, 0x66,
  0x6f, 0x67, 0x44, 0x65, 0x6e, 0x73, 0x69, 0x74, 0x79, 0x5b, 0x32, 0x5d,
  0x20, 0x2d, 0x20, 0x28, 0x28, 0x2a, 0x73, 0x70, 0x76, 0x44, 0x65, 0x73,
  0x63, 0x72, 0x69, 0x70, 0x74, 0x6f, 0x72, 0x53, 0x65, 0x74, 0x30, 0x2e,
  0x66, 0x72, 0x61, 0x6d, 0x65, 0x55, 0x6e, 0x69, 0x66, 0x6f, 0x72, 0x6d,
  0x73, 0x29, 0x2e, 0x66, 0x6f, 0x67, 0x44, 0x65, 0x6e, 0x73, 0x69, 0x74,
  0x79, 0x5b, 0x30, 0x5d, 0x20, 0x2a, 0x20, 0x65, 0x78, 0x70, 0x28, 0x28,
  0x2a, 0x73, 0x70, 0x76, 0x44, 0x65, 0x73, 0x63, 0x72, 0x69, 0x70, 0x74,
  0x6f, 0x72, 0x53, 0x65, 0x74, 0x30, 0x2e, 0x66, 0x72, 0x61, 0x6d, 0x65,
  0x55, 0x6e, 0x69, 0x66, 0x6f, 0x72, 0x6d, 0x73, 0x29, 0x2e, 0x66, 0x6f,
  0x67, 0x44, 0x65, 0x6e, 0x73, 0x69, 0x74, 0x79, 0x5b, 0x31, 0x5d, 0x20,
  0x2d, 0x20, 0x00, 0x29, 0x29, 0x29, 0x20, 0x2f, 0x20, 0x00, 0x20, 0x3d,
  0x20, 0x28, 0x2a, 0x73, 0x70, 0x76, 0x44, 0x65, 0x73, 0x63, 0x72, 0x69,
  0x70, 0x74, 0x6f, 0x72, 0x53, 0x65, 0x74, 0x30, 0x2e, 0x66, 0x72, 0x61,
  0x6d, 0x65, 0x55, 0x6e, 0x69, 0x66, 0x6f, 0x72, 0x6d, 0x73, 0x29, 0x2e,
  0x66, 0x6f, 0x67, 0x44, 0x65, 0x6e, 0x73, 0x69, 0x74, 0x79, 0x5b, 0x32,
  0x5d, 0x3b, 0x0a, 0x00, 0x20, 0x3d, 0x20, 0x66, 0x61, 0x73, 0x74, 0x3a,
  0x3a, 0x6d, 0x69, 0x6e, 0x28, 0x31, 0x2e, 0x30, 0x20, 0x2d, 0x20, 0x65,
  0x78, 0x70, 0x28, 0x2d, 0x28, 0x00, 0x20, 0x2d, 0x20, 0x28, 0x2a, 0x73,
  0x70, 0x76, 0x44, 0x65, 0x73, 0x63, 0x72, 0x69, 0x70, 0x74, 0x6f, 0x72,
  0x53, 0x65, 0x74, 0x30, 0x2e, 0x66, 0x72, 0x61, 0x6d, 0x65, 0x55, 0x6e,
  0x69, 0x66, 0x6f, 0x72, 0x6d, 0x73, 0x29, 0x2e, 0x66, 0x6f, 0x67, 0x53,
  0x74, 0x61, 0x72, 0x74, 0x2c, 0x20, 0x30, 0x2e, 0x30, 0x29, 0x29, 0x29,
  0x2c, 0x20, 0x28, 0x2a, 0x73, 0x70, 0x76, 0x44, 0x65, 0x73, 0x63, 0x72,
  0x69, 0x70, 0x74, 0x6f, 0x72, 0x53, 0x65, 0x74, 0x30, 0x2e, 0x66, 0x72,
  0x61, 0x6d, 0x65, 0x55, 0x6e, 0x69, 0x66, 0x6f, 0x72, 0x6d, 0x73, 0x29,
  0x2e, 0x66, 0x6f, 0x67, 0x4d, 0x61, 0x78, 0x4f, 0x70, 0x61, 0x63, 0x69,
  0x74, 0x79, 0x29, 0x3b, 0x0a, 0x00, 0x20, 0x20, 0x20, 0x20, 0x20, 0x20,
  0x20, 0x20, 0x69, 0x66, 0x20, 0x28, 0x28, 0x2a, 0x73, 0x70, 0x76, 0x44,
  0x65, 0x73, 0x63, 0x72, 0x69, 0x70, 0x74, 0x6f, 0x72, 0x53, 0x65, 0x74,
  0x30, 0x2e, 0x66, 0x72, 0x61, 0x6d, 0x65, 0x55, 0x6e, 0x69, 0x66, 0x6f,
  0x72, 0x6d, 0x73, 0x29, 0x2e, 0x66, 0x6f, 0x67, 0x43, 0x6f, 0x6c, 0x6f,
  0x72, 0x46, 0x72, 0x6f, 0x6d, 0x49, 0x62, 0x6c, 0x20, 0x3e, 0x20, 0x30,
  0x2e, 0x30, 0x29, 0x0a, 0x00, 0x20, 0x20, 0x20, 0x20, 0x20, 0x20, 0x20,
  0x20, 0x20, 0x20, 0x20, 0x20, 0x68, 0x61, 0x6c, 0x66, 0x32, 0x20, 0x00,
  0x20, 0x3d, 0x20, 0x68, 0x61, 0x6c, 0x66, 0x32, 0x28, 0x66, 0x6c, 0x6f,
  0x61, 0x74, 0x32, 0x28, 0x61, 0x73, 0x5f, 0x74, 0x79, 0x70, 0x65, 0x3c,
  0x68, 0x61, 0x6c, 0x66, 0x32, 0x3e, 0x28, 0x28, 0x2a, 0x73, 0x70, 0x76,
  0x44, 0x65, 0x73, 0x63, 0x72, 0x69, 0x70, 0x74, 0x6f, 0x72, 0x53, 0x65,
  0x74, 0x30, 0x2e, 0x66, 0x72, 0x61, 0x6d, 0x65, 0x55, 0x6e, 0x69, 0x66,
  0x6f, 0x72, 0x6d, 0x73, 0x29, 0x2e, 0x66, 0x6f, 0x67, 0x4d, 0x69, 0x6e,
  0x4d, 0x61, 0x78, 0x4d, 0x69, 0x70, 0x29, 0x29, 0x29, 0x3b, 0x0a, 0x00,
  0x20, 0x3d, 0x20, 0x66, 0x6c, 0x6f, 0x61, 0x74, 0x33, 0x28, 0x28, 0x2a,
  0x73, 0x70, 0x76, 0x44, 0x65, 0x73, 0x63, 0x72, 0x69, 0x70, 0x74, 0x6f,
  0x72, 0x53, 0x65, 0x74, 0x30, 0x2e, 0x66, 0x72, 0x61, 0x6d, 0x65, 0x55,
  0x6e, 0x69, 0x66, 0x6f, 0x72, 0x6d, 0x73, 0x29, 0x2e, 0x66, 0x6f, 0x67,
  0x43, 0x6f, 0x6c, 0x6f, 0x72, 0x29, 0x20, 0x2a, 0x20, 0x66, 0x6c, 0x6f,
  0x61, 0x74, 0x33, 0x28, 0x68, 0x61, 0x6c, 0x66, 0x34, 0x28, 0x73, 0x70,
  0x76, 0x44, 0x65, 0x73, 0x63, 0x72, 0x69, 0x70, 0x74, 0x6f, 0x72, 0x53,
  0x65, 0x74, 0x30, 0x2e, 0x73, 0x61, 0x6d, 0x70, 0x6c, 0x65, 0x72, 0x30,
  0x5f, 0x66, 0x6f, 0x67, 0x2e, 0x73, 0x61, 0x6d, 0x70, 0x6c, 0x65, 0x28,
  0x73, 0x70, 0x76, 0x44, 0x65, 0x73, 0x63, 0x72, 0x69, 0x70, 0x74, 0x6f,
  0x72, 0x53, 0x65, 0x74, 0x30, 0x2e, 0x73, 0x61, 0x6d, 0x70, 0x6c, 0x65,
  0x72, 0x30, 0x5f, 0x66, 0x6f, 0x67, 0x53, 0x6d, 0x70, 0x6c, 0x72, 0x2c,
  0x20, 0x28, 0x74, 0x72, 0x61, 0x6e, 0x73, 0x70, 0x6f, 0x73, 0x65, 0x28,
  0x66, 0x6c, 0x6f, 0x61, 0x74, 0x33, 0x78, 0x33, 0x28, 0x28, 0x2a, 0x73,
  0x70, 0x76, 0x44, 0x65, 0x73, 0x63, 0x72, 0x69, 0x70, 0x74, 0x6f, 0x72,
  0x53, 0x65, 0x74, 0x30, 0x2e, 0x66, 0x72, 0x61, 0x6d, 0x65, 0x55, 0x6e,
  0x69, 0x66, 0x6f, 0x72, 0x6d, 0x73, 0x29, 0x2e, 0x75, 0x73, 0x65, 0x72,
  0x57, 0x6f, 0x72, 0x6c, 0x64, 0x46, 0x72, 0x6f, 0x6d, 0x57, 0x6f, 0x72,
  0x6c, 0x64, 0x4d, 0x61, 0x74, 0x72, 0x69, 0x78, 0x5b, 0x30, 0x5d, 0x2e,
  0x78, 0x79, 0x7a, 0x2c, 0x20, 0x28, 0x2a, 0x73, 0x70, 0x76, 0x44, 0x65,
  0x73, 0x63, 0x72, 0x69, 0x70, 0x74, 0x6f, 0x72, 0x53, 0x65, 0x74, 0x30,
  0x2e, 0x66, 0x72, 0x61, 0x6d, 0x65, 0x55, 0x6e, 0x69, 0x66, 0x6f, 0x72,
  0x6d, 0x73, 0x29, 0x2e, 0x75, 0x73, 0x65, 0x72, 0x57, 0x6f, 0x72, 0x6c,
  0x64, 0x46, 0x72, 0x6f, 0x6d, 0x57, 0x6f, 0x72, 0x6c, 0x64, 0x4d, 0x61,
  0x74, 0x72, 0x69, 0x78, 0x5b, 0x31, 0x5d, 0x2e, 0x78, 0x79, 0x7a, 0x2c,
  0x20, 0x28, 0x2a, 0x73, 0x70, 0x76, 0x44, 0x65, 0x73, 0x63, 0x72, 0x69,
  0x70, 0x74, 0x6f, 0x72, 0x53, 0x65, 0x74, 0x30, 0x2e, 0x66, 0x72, 0x61,
  0x6d, 0x65, 0x55, 0x6e, 0x69, 0x66, 0x6f, 0x72, 0x6d, 0x73, 0x29, 0x2e,
  0x75, 0x73, 0x65, 0x72, 0x57, 0x6f, 0x72, 0x6c, 0x64, 0x46, 0x72, 0x6f,
  0x6d, 0x57, 0x6f, 0x72, 0x6c, 0x64, 0x4d, 0x61, 0x74, 0x72, 0x69, 0x78,
  0x5b, 0x32, 0x5d, 0x2e, 0x78, 0x79, 0x7a, 0x29, 0x29, 0x20, 0x2a, 0x20,
  0x00, 0x29, 0x2c, 0x20, 0x6c, 0x65, 0x76, 0x65, 0x6c, 0x28, 0x6d, 0x69,
  0x78, 0x28, 0x66, 0x6c, 0x6f, 0x61, 0x74, 0x28, 0x00, 0x2e, 0x79, 0x29,
  0x2c, 0x20, 0x66, 0x6c, 0x6f, 0x61, 0x74, 0x28, 0x00, 0x2e, 0x78, 0x29,
  0x2c, 0x20, 0x66, 0x61, 0x73, 0x74, 0x3a, 0x3a, 0x63, 0x6c, 0x61, 0x6d,
  0x70, 0x28, 0x28, 0x00, 0x20, 0x2a, 0x20, 0x28, 0x2a, 0x73, 0x70, 0x76,
  0x44, 0x65, 0x73, 0x63, 0x72, 0x69, 0x70, 0x74, 0x6f, 0x72, 0x53, 0x65,
  0x74, 0x30, 0x2e, 0x66, 0x72, 0x61, 0x6d, 0x65, 0x55, 0x6e, 0x69, 0x66,
  0x6f, 0x72, 0x6d, 0x73, 0x29, 0x2e, 0x66, 0x6f, 0x67, 0x4f, 0x6e, 0x65,
  0x4f, 0x76, 0x65, 0x72, 0x46, 0x61, 0x72, 0x4d, 0x69, 0x6e, 0x75, 0x73,
  0x4e, 0x65, 0x61, 0x72, 0x29, 0x20, 0x2d, 0x20, 0x28, 0x2a, 0x73, 0x70,
  0x76, 0x44, 0x65, 0x73, 0x63, 0x72, 0x69, 0x70, 0x74, 0x6f, 0x72, 0x53,
  0x65, 0x74, 0x30, 0x2e, 0x66, 0x72, 0x61, 0x6d, 0x65, 0x55, 0x6e, 0x69,
  0x66, 0x6f, 0x72, 0x6d, 0x73, 0x29, 0x2e, 0x66, 0x6f, 0x67, 0x4e, 0x65,
  0x61, 0x72, 0x4f, 0x76, 0x65, 0x72, 0x46, 0x61, 0x72, 0x4d, 0x69, 0x6e,
  0x75, 0x73, 0x4e, 0x65, 0x61, 0x72, 0x2c, 0x20, 0x30, 0x2e, 0x30, 0x2c,
  0x20, 0x31, 0x2e, 0x30, 0x29, 0x29, 0x29, 0x29, 0x29, 0x2e, 0x78, 0x79,
  0x7a, 0x29, 0x3b, 0x0a, 0x00, 0x20, 0x3d, 0x20, 0x66, 0x6c, 0x6f, 0x61,
  0x74, 0x33, 0x28, 0x28, 0x2a, 0x73, 0x70, 0x76, 0x44, 0x65, 0x73, 0x63,
  0x72, 0x69, 0x70, 0x74, 0x6f, 0x72, 0x53, 0x65, 0x74, 0x30, 0x2e, 0x66,
  0x72, 0x61, 0x6d, 0x65, 0x55, 0x6e, 0x69, 0x66, 0x6f, 0x72, 0x6d, 0x73,
  0x29, 0x2e, 0x66, 0x6f, 0x67, 0x43, 0x6f, 0x6c, 0x6f, 0x72, 0x29, 0x3b,
  0x0a, 0x00, 0x20, 0x2a, 0x20, 0x28, 0x28, 0x2a, 0x73, 0x70, 0x76, 0x44,
  0x65, 0x73, 0x63, 0x72, 0x69, 0x70, 0x74, 0x6f, 0x72, 0x53, 0x65, 0x74,
  0x30, 0x2e, 0x66, 0x72, 0x61, 0x6d, 0x65, 0x55, 0x6e, 0x69, 0x66, 0x6f,
  0x72, 0x6d, 0x73, 0x29, 0x2e, 0x69, 0x62, 0x6c, 0x4c, 0x75, 0x6d, 0x69,
  0x6e, 0x61, 0x6e, 0x63, 0x65, 0x20, 0x2a, 0x20, 0x00, 0x20, 0x20, 0x20,
  0x20, 0x20, 0x20, 0x20, 0x20, 0x69, 0x66, 0x20, 0x28, 0x28, 0x2a, 0x73,
  0x70, 0x76, 0x44, 0x65, 0x73, 0x63, 0x72, 0x69, 0x70, 0x74, 0x6f, 0x72,
  0x53, 0x65, 0x74, 0x30, 0x2e, 0x66, 0x72, 0x61, 0x6d, 0x65, 0x55, 0x6e,
  0x69, 0x66, 0x6f, 0x72, 0x6d, 0x73, 0x29, 0x2e, 0x66, 0x6f, 0x67, 0x49,
  0x6e, 0x73, 0x63, 0x61, 0x74, 0x74, 0x65, 0x72, 0x69, 0x6e, 0x67, 0x53,
  0x69, 0x7a, 0x65, 0x20, 0x3e, 0x20, 0x30, 0x2e, 0x30, 0x29, 0x0a, 0x00,
  0x20, 0x2d, 0x20, 0x28, 0x2a, 0x73, 0x70, 0x76, 0x44, 0x65, 0x73, 0x63,
  0x72, 0x69, 0x70, 0x74, 0x6f, 0x72, 0x53, 0x65, 0x74, 0x30, 0x2e, 0x66,
  0x72, 0x61, 0x6d, 0x65, 0x55, 0x6e, 0x69, 0x66, 0x6f, 0x72, 0x6d, 0x73,
  0x29, 0x2e, 0x66, 0x6f, 0x67, 0x49, 0x6e, 0x73, 0x63, 0x61, 0x74, 0x74,
  0x65, 0x72, 0x69, 0x6e, 0x67, 0x53, 0x74, 0x61, 0x72, 0x74, 0x2c, 0x20,
  0x30, 0x2e, 0x30, 0x29, 0x29, 0x29, 0x29, 0x29, 0x29, 0x3b, 0x0a, 0x00,
  0x20, 0x3d, 0x20, 0x6f, 0x75, 0x74, 0x2e, 0x66, 0x72, 0x61, 0x67, 0x43,
  0x6f, 0x6c, 0x6f, 0x72, 0x3b, 0x0a, 0x00, 0x2e, 0x78, 0x79, 0x7a, 0x20,
  0x2a, 0x20, 0x28, 0x31, 0x2e, 0x30, 0x20, 0x2d, 0x20, 0x00, 0x2e, 0x77,
  0x29, 0x29, 0x20, 0x2b, 0x20, 0x00, 0x2e, 0x78, 0x79, 0x7a, 0x3b, 0x0a,
  0x00, 0x20, 0x20, 0x20, 0x20, 0x6f, 0x75, 0x74, 0x2e, 0x66, 0x72, 0x61,
  0x67, 0x43, 0x6f, 0x6c, 0x6f, 0x72, 0x2e, 0x78, 0x20, 0x3d, 0x20, 0x00,
  0x20, 0x20, 0x20, 0x20, 0x6f, 0x75, 0x74, 0x2e, 0x66, 0x72, 0x61, 0x67,
  0x43, 0x6f, 0x6c, 0x6f, 0x72, 0x2e, 0x79, 0x20, 0x3d, 0x20, 0x00, 0x20,
  0x20, 0x20, 0x20, 0x6f, 0x75, 0x74, 0x2e, 0x66, 0x72, 0x61, 0x67, 0x43,
  0x6f, 0x6c, 0x6f, 0x72, 0x2e, 0x7a, 0x20, 0x3d, 0x20, 0x00, 0x20, 0x3d,
  0x20, 0x66, 0x6c, 0x6f, 0x61, 0x74, 0x33, 0x28, 0x66, 0x61, 0x73, 0x74,
  0x3a, 0x3a, 0x63, 0x6c, 0x61, 0x6d, 0x70, 0x28, 0x66, 0x6c, 0x6f, 0x61,
  0x74, 0x33, 0x28, 0x00, 0x20, 0x3d, 0x20, 0x73, 0x70, 0x76, 0x44, 0x65,
  0x73, 0x63, 0x72, 0x69, 0x70, 0x74, 0x6f, 0x72, 0x53, 0x65, 0x74, 0x30,
  0x2e, 0x73, 0x61, 0x6d, 0x70, 0x6c, 0x65, 0x72, 0x30, 0x5f, 0x73, 0x68,
  0x61, 0x64, 0x6f, 0x77, 0x4d, 0x61, 0x70, 0x2e, 0x73, 0x61, 0x6d, 0x70,
  0x6c, 0x65, 0x28, 0x73, 0x70, 0x76, 0x44, 0x65, 0x73, 0x63, 0x72, 0x69,
  0x70, 0x74, 0x6f, 0x72, 0x53, 0x65, 0x74, 0x30, 0x2e, 0x73, 0x61, 0x6d,
  0x70, 0x6c, 0x65, 0x72, 0x30, 0x5f, 0x73, 0x68, 0x61, 0x64, 0x6f, 0x77,
  0x4d, 0x61, 0x70, 0x53, 0x6d, 0x70, 0x6c, 0x72, 0x2c, 0x20, 0x00, 0x2e,
  0x7a, 0x29, 0x29, 0x29, 0x3b, 0x0a, 0x00, 0x20, 0x3d, 0x20, 0x65, 0x78,
  0x70, 0x28, 0x66, 0x6c, 0x6f, 0x61, 0x74, 0x28, 0x68, 0x61, 0x6c, 0x66,
  0x32, 0x28, 0x66, 0x6c, 0x6f, 0x61, 0x74, 0x32, 0x28, 0x61, 0x73, 0x5f,
  0x74, 0x79, 0x70, 0x65, 0x3c, 0x68, 0x61, 0x6c, 0x66, 0x32, 0x3e, 0x28,
  0x28, 0x2a, 0x73, 0x70, 0x76, 0x44, 0x65, 0x73, 0x63, 0x72, 0x69, 0x70,
  0x74, 0x6f, 0x72, 0x53, 0x65, 0x74, 0x30, 0x2e, 0x73, 0x68, 0x61, 0x64,
  0x6f, 0x77, 0x55, 0x6e, 0x69, 0x66, 0x6f, 0x72, 0x6d, 0x73, 0x29, 0x2e,
  0x73, 0x68, 0x61, 0x64, 0x6f, 0x77, 0x73, 0x5b, 0x00, 0x5d, 0x2e, 0x62,
  0x75, 0x6c, 0x62, 0x52, 0x61, 0x64, 0x69, 0x75, 0x73, 0x5f, 0x76, 0x73,
  0x6d, 0x45, 0x78, 0x70, 0x6f, 0x6e, 0x65, 0x6e, 0x74, 0x29, 0x29, 0x29,
  0x2e, 0x79, 0x29, 0x20, 0x2a, 0x20, 0x28, 0x28, 0x00, 0x5d, 0x2e, 0x65,
  0x76, 0x73, 0x6d, 0x34, 0x5f, 0x6c, 0x61, 0x79, 0x65, 0x72, 0x20, 0x3e,
  0x3e, 0x20, 0x38, 0x75, 0x29, 0x20, 0x26, 0x20, 0x31, 0x75, 0x29, 0x20,
  0x21, 0x3d, 0x20, 0x30, 0x75, 0x29, 0x0a, 0x00, 0x5d, 0x2e, 0x62, 0x75,
  0x6c, 0x62, 0x52, 0x61, 0x64, 0x69, 0x75, 0x73, 0x5f, 0x76, 0x73, 0x6d,
  0x45, 0x78, 0x70, 0x6f, 0x6e, 0x65, 0x6e, 0x74, 0x29, 0x29, 0x29, 0x3b,
  0x0a, 0x00, 0x5d, 0x2e, 0x6d, 0x61, 0x78, 0x4d, 0x69, 0x70, 0x4c, 0x65,
  0x76, 0x65, 0x6c, 0x5f, 0x6d, 0x61, 0x78, 0x53, 0x65, 0x61, 0x72, 0x63,
  0x68, 0x52, 0x61, 0x64, 0x69, 0x75, 0x73, 0x29, 0x29, 0x29, 0x3b, 0x0a,
  0x00, 0x5d, 0x2e, 0x6d, 0x61, 0x78, 0x50, 0x65, 0x6e, 0x75, 0x6d, 0x62,
  0x72, 0x61, 0x52, 0x61, 0x74, 0x69, 0x6f, 0x5f, 0x70, 0x65, 0x6e, 0x75,
  0x6d, 0x62, 0x72, 0x61, 0x52, 0x61, 0x74, 0x69, 0x6f, 0x53, 0x63, 0x61,
  0x6c, 0x65, 0x29, 0x29, 0x29, 0x3b, 0x0a, 0x00, 0x20, 0x3d, 0x20, 0x66,
  0x61, 0x73, 0x74, 0x3a, 0x3a, 0x63, 0x6c, 0x61, 0x6d, 0x70, 0x28, 0x66,
  0x6c, 0x6f, 0x61, 0x74, 0x33, 0x28, 0x00, 0x2e, 0x79, 0x2c, 0x20, 0x00,
  0x2e, 0x7a, 0x29, 0x29, 0x2c, 0x20, 0x6c, 0x65, 0x76, 0x65, 0x6c, 0x28,
  0x66, 0x61, 0x73, 0x74, 0x3a, 0x3a, 0x63, 0x6c, 0x61, 0x6d, 0x70, 0x28,
  0x6c, 0x6f, 0x67, 0x32, 0x28, 0x66, 0x61, 0x73, 0x74, 0x3a, 0x3a, 0x6d,
  0x61, 0x78, 0x28, 0x66, 0x61, 0x73, 0x74, 0x3a, 0x3a, 0x6d, 0x69, 0x6e,
  0x28, 0x00, 0x29, 0x29, 0x29, 0x29, 0x2e, 0x7a, 0x2c, 0x20, 0x31, 0x65,
  0x2d, 0x30, 0x38, 0x29, 0x29, 0x20, 0x2f, 0x20, 0x66, 0x6c, 0x6f, 0x61,
  0x74, 0x28, 0x2d, 0x00, 0x29, 0x29, 0x20, 0x2b, 0x20, 0x31, 0x2e, 0x30,
  0x29, 0x20, 0x2a, 0x20, 0x30, 0x2e, 0x35, 0x2c, 0x20, 0x30, 0x2e, 0x30,
  0x2c, 0x20, 0x00, 0x20, 0x3e, 0x20, 0x00, 0x20, 0x2b, 0x20, 0x28, 0x31,
  0x2e, 0x30, 0x20, 0x2d, 0x20, 0x65, 0x78, 0x70, 0x28, 0x2d, 0x28, 0x00,
  0x20, 0x3d, 0x20, 0x68, 0x61, 0x6c, 0x66, 0x28, 0x6c, 0x6f, 0x67, 0x32,
  0x28, 0x66, 0x61, 0x73, 0x74, 0x3a, 0x3a, 0x6d, 0x61, 0x78, 0x28, 0x66,
  0x61, 0x73, 0x74, 0x3a, 0x3a, 0x6d, 0x61, 0x78, 0x28, 0x00, 0x2e, 0x79,
  0x29, 0x2c, 0x20, 0x31, 0x2e, 0x30, 0x29, 0x29, 0x29, 0x20, 0x2d, 0x20,
  0x68, 0x61, 0x6c, 0x66, 0x28, 0x31, 0x2e, 0x30, 0x29, 0x3b, 0x0a, 0x00,
  0x20, 0x3d, 0x20, 0x68, 0x61, 0x6c, 0x66, 0x28, 0x30, 0x2e, 0x30, 0x29,
  0x3b, 0x0a, 0x00, 0x20, 0x3d, 0x20, 0x63, 0x6c, 0x61, 0x6d, 0x70, 0x28,
  0x00, 0x2e, 0x78, 0x2c, 0x20, 0x30, 0x2e, 0x30, 0x29, 0x3b, 0x0a, 0x00,
  0x20, 0x3d, 0x20, 0x66, 0x6c, 0x6f, 0x61, 0x74, 0x32, 0x28, 0x30, 0x2e,
  0x30, 0x2c, 0x20, 0x00, 0x2e, 0x78, 0x79, 0x20, 0x2b, 0x20, 0x28, 0x28,
  0x2d, 0x00, 0x20, 0x3d, 0x20, 0x28, 0x73, 0x70, 0x76, 0x44, 0x65, 0x73,
  0x63, 0x72, 0x69, 0x70, 0x74, 0x6f, 0x72, 0x53, 0x65, 0x74, 0x30, 0x2e,
  0x73, 0x61, 0x6d, 0x70, 0x6c, 0x65, 0x72, 0x30, 0x5f, 0x73, 0x68, 0x61,
  0x64, 0x6f, 0x77, 0x4d, 0x61, 0x70, 0x2e, 0x73, 0x61, 0x6d, 0x70, 0x6c,
  0x65, 0x28, 0x73, 0x70, 0x76, 0x44, 0x65, 0x73, 0x63, 0x72, 0x69, 0x70,
  0x74, 0x6f, 0x72, 0x53, 0x65, 0x74, 0x30, 0x2e, 0x73, 0x61, 0x6d, 0x70,
  0x6c, 0x65, 0x72, 0x30, 0x5f, 0x73, 0x68, 0x61, 0x64, 0x6f, 0x77, 0x4d,
  0x61, 0x70, 0x53, 0x6d, 0x70, 0x6c, 0x72, 0x2c, 0x20, 0x00, 0x29, 0x29,
  0x20, 0x2a, 0x20, 0x30, 0x2e, 0x35, 0x29, 0x20, 0x2b, 0x20, 0x28, 0x28,
  0x28, 0x28, 0x73, 0x70, 0x76, 0x44, 0x65, 0x73, 0x63, 0x72, 0x69, 0x70,
  0x74, 0x6f, 0x72, 0x53, 0x65, 0x74, 0x30, 0x2e, 0x73, 0x61, 0x6d, 0x70,
  0x6c, 0x65, 0x72, 0x30, 0x5f, 0x73, 0x68, 0x61, 0x64, 0x6f, 0x77, 0x4d,
  0x61, 0x70, 0x2e, 0x73, 0x61, 0x6d, 0x70, 0x6c, 0x65, 0x28, 0x73, 0x70,
  0x76, 0x44, 0x65, 0x73, 0x63, 0x72, 0x69, 0x70, 0x74, 0x6f, 0x72, 0x53,
  0x65, 0x74, 0x30, 0x2e, 0x73, 0x61, 0x6d, 0x70, 0x6c, 0x65, 0x72, 0x30,
  0x5f, 0x73, 0x68, 0x61, 0x64, 0x6f, 0x77, 0x4d, 0x61, 0x70, 0x53, 0x6d,
  0x70, 0x6c, 0x72, 0x2c, 0x20, 0x00, 0x29, 0x29, 0x20, 0x2b, 0x20, 0x73,
  0x70, 0x76, 0x44, 0x65, 0x73, 0x63, 0x72, 0x69, 0x70, 0x74, 0x6f, 0x72,
  0x53, 0x65, 0x74, 0x30, 0x2e, 0x73, 0x61, 0x6d, 0x70, 0x6c, 0x65, 0x72,
  0x30, 0x5f, 0x73, 0x68, 0x61, 0x64, 0x6f, 0x77, 0x4d, 0x61, 0x70, 0x2e,
  0x73, 0x61, 0x6d, 0x70, 0x6c, 0x65, 0x28, 0x73, 0x70, 0x76, 0x44, 0x65,
  0x73, 0x63, 0x72, 0x69, 0x70, 0x74, 0x6f, 0x72, 0x53, 0x65, 0x74, 0x30,
  0x2e, 0x73, 0x61, 0x6d, 0x70, 0x6c, 0x65, 0x72, 0x30, 0x5f, 0x73, 0x68,
  0x61, 0x64, 0x6f, 0x77, 0x4d, 0x61, 0x70, 0x53, 0x6d, 0x70, 0x6c, 0x72,
  0x2c, 0x20, 0x00, 0x29, 0x29, 0x29, 0x20, 0x2a, 0x20, 0x30, 0x2e, 0x31,
  0x32, 0x35, 0x29, 0x3b, 0x0a, 0x00, 0x20, 0x3d, 0x20, 0x65, 0x78, 0x70,
  0x28, 0x66, 0x6c, 0x6f, 0x61, 0x74, 0x28, 0x00, 0x20, 0x3d, 0x20, 0x73,
  0x74, 0x65, 0x70, 0x28, 0x30, 0x2e, 0x30, 0x2c, 0x20, 0x66, 0x61, 0x73,
  0x74, 0x3a, 0x3a, 0x63, 0x6c, 0x61, 0x6d, 0x70, 0x28, 0x00, 0x2e, 0x7a,
  0x2c, 0x20, 0x30, 0x2e, 0x30, 0x2c, 0x20, 0x31, 0x2e, 0x30, 0x29, 0x20,
  0x2d, 0x20, 0x66, 0x6c, 0x6f, 0x61, 0x74, 0x28, 0x68, 0x61, 0x6c, 0x66,
  0x34, 0x28, 0x73, 0x70, 0x76, 0x44, 0x65, 0x73, 0x63, 0x72, 0x69, 0x70,
  0x74, 0x6f, 0x72, 0x53, 0x65, 0x74, 0x30, 0x2e, 0x73, 0x61, 0x6d, 0x70,
  0x6c, 0x65, 0x72, 0x30, 0x5f, 0x73, 0x68, 0x61, 0x64, 0x6f, 0x77, 0x4d,
  0x61, 0x70, 0x2e, 0x73, 0x61, 0x6d, 0x70, 0x6c, 0x65, 0x28, 0x73, 0x70,
  0x76, 0x44, 0x65, 0x73, 0x63, 0x72, 0x69, 0x70, 0x74, 0x6f, 0x72, 0x53,
  0x65, 0x74, 0x30, 0x2e, 0x73, 0x61, 0x6d, 0x70, 0x6c, 0x65, 0x72, 0x30,
  0x5f, 0x73, 0x68, 0x61, 0x64, 0x6f, 0x77, 0x4d, 0x61, 0x70, 0x53, 0x6d,
  0x70, 0x6c, 0x72, 0x2c, 0x20, 0x00, 0x2e, 0x7a, 0x29, 0x29, 0x2c, 0x20,
  0x6c, 0x65, 0x76, 0x65, 0x6c, 0x28, 0x30, 0x2e, 0x30, 0x29, 0x29, 0x29,
  0x2e, 0x78, 0x29, 0x29, 0x3b, 0x0a, 0x00, 0x20, 0x20, 0x20, 0x20, 0x20,
  0x20, 0x20, 0x20, 0x20, 0x20, 0x20, 0x20, 0x20, 0x20, 0x20, 0x20, 0x20,
  0x20, 0x20, 0x20, 0x20, 0x20, 0x20, 0x20, 0x68, 0x61, 0x6c, 0x66, 0x32,
  0x20, 0x00, 0x20, 0x20, 0x20, 0x20, 0x20, 0x20, 0x20, 0x20, 0x20, 0x20,
  0x20, 0x20, 0x20, 0x20, 0x20, 0x20, 0x69, 0x66, 0x20, 0x28, 0x28, 0x61,
  0x73, 0x5f, 0x74, 0x79, 0x70, 0x65, 0x3c, 0x75, 0x69, 0x6e, 0x74, 0x3e,
  0x28, 0x28, 0x2a, 0x73, 0x70, 0x76, 0x44, 0x65, 0x73, 0x63, 0x72, 0x69,
  0x70, 0x74, 0x6f, 0x72, 0x53, 0x65, 0x74, 0x30, 0x2e, 0x6c, 0x69, 0x67,
  0x68, 0x74, 0x73, 0x55, 0x6e, 0x69, 0x66, 0x6f, 0x72, 0x6d, 0x73, 0x29,
  0x2e, 0x6c, 0x69, 0x67, 0x68, 0x74, 0x73, 0x5b, 0x00, 0x5d, 0x5b, 0x33,
  0x5d, 0x2e, 0x7a, 0x29, 0x20, 0x26, 0x20, 0x31, 0x75, 0x29, 0x20, 0x3d,
  0x3d, 0x20, 0x31, 0x75, 0x29, 0x0a, 0x00, 0x29, 0x2e, 0x78, 0x79, 0x7a,
  0x29, 0x20, 0x2a, 0x20, 0x28, 0x28, 0x00, 0x63, 0x6f, 0x6e, 0x73, 0x74,
  0x61, 0x6e, 0x74, 0x20, 0x69, 0x6e, 0x74, 0x20, 0x43, 0x4f, 0x4e, 0x46,
  0x49, 0x47, 0x5f, 0x53, 0x48, 0x41, 0x44, 0x4f, 0x57, 0x5f, 0x53, 0x41,
  0x4d, 0x50, 0x4c, 0x49, 0x4e, 0x47, 0x5f, 0x4d, 0x45, 0x54, 0x48, 0x4f,
  0x44, 0x5f, 0x74, 0x6d, 0x70, 0x20, 0x5b, 0x5b, 0x66, 0x75, 0x6e, 0x63,
  0x74, 0x69, 0x6f, 0x6e, 0x5f, 0x63, 0x6f, 0x6e, 0x73, 0x74, 0x61, 0x6e,
  0x74, 0x28, 0x31, 0x30, 0x29, 0x5d, 0x5d, 0x3b, 0x0a, 0x00, 0x63, 0x6f,
  0x6e, 0x73, 0x74, 0x61, 0x6e, 0x74, 0x20, 0x69, 0x6e, 0x74, 0x20, 0x43,
  0x4f, 0x4e, 0x46, 0x49, 0x47, 0x5f, 0x53, 0x48, 0x41, 0x44, 0x4f, 0x57,
  0x5f, 0x53, 0x41, 0x4d, 0x50, 0x4c, 0x49, 0x4e, 0x47, 0x5f, 0x4d, 0x45,
  0x54, 0x48, 0x4f, 0x44, 0x20, 0x3d, 0x20, 0x69, 0x73, 0x5f, 0x66, 0x75,
  0x6e, 0x63, 0x74, 0x69, 0x6f, 0x6e, 0x5f, 0x63, 0x6f, 0x6e, 0x73, 0x74,
  0x61, 0x6e, 0x74, 0x5f, 0x64, 0x65, 0x66, 0x69, 0x6e, 0x65, 0x64, 0x28,
  0x43, 0x4f, 0x4e, 0x46, 0x49, 0x47, 0x5f, 0x53, 0x48, 0x41, 0x44, 0x4f,
  0x57, 0x5f, 0x53, 0x41, 0x4d, 0x50, 0x4c, 0x49, 0x4e, 0x47, 0x5f, 0x4d,
  0x45, 0x54, 0x48, 0x4f, 0x44, 0x5f, 0x74, 0x6d, 0x70, 0x29, 0x20, 0x3f,
  0x20, 0x43, 0x4f, 0x4e, 0x46, 0x49, 0x47, 0x5f, 0x53, 0x48, 0x41, 0x44,
  0x4f, 0x57, 0x5f, 0x53, 0x41, 0x4d, 0x50, 0x4c, 0x49, 0x4e, 0x47, 0x5f,
  0x4d, 0x45, 0x54, 0x48, 0x4f, 0x44, 0x5f, 0x74, 0x6d, 0x70, 0x20, 0x3a,
  0x20, 0x31, 0x3b, 0x0a, 0x00, 0x20, 0x3d, 0x20, 0x28, 0x43, 0x4f, 0x4e,
  0x46, 0x49, 0x47, 0x5f, 0x53, 0x48, 0x41, 0x44, 0x4f, 0x57, 0x5f, 0x53,
  0x41, 0x4d, 0x50, 0x4c, 0x49, 0x4e, 0x47, 0x5f, 0x4d, 0x45, 0x54, 0x48,
  0x4f, 0x44, 0x20, 0x3d, 0x3d, 0x20, 0x30, 0x29, 0x3b, 0x0a, 0x00, 0x20,
  0x3d, 0x20, 0x28, 0x43, 0x4f, 0x4e, 0x46, 0x49, 0x47, 0x5f, 0x53, 0x48,
  0x41, 0x44, 0x4f, 0x57, 0x5f, 0x53, 0x41, 0x4d, 0x50, 0x4c, 0x49, 0x4e,
  0x47, 0x5f, 0x4d, 0x45, 0x54, 0x48, 0x4f, 0x44, 0x20, 0x3d, 0x3d, 0x20,
  0x31, 0x29, 0x3b, 0x0a, 0x00, 0x20, 0x20, 0x20, 0x20, 0x20, 0x20, 0x20,
  0x20, 0x20, 0x20, 0x20, 0x20, 0x20, 0x20, 0x20, 0x20, 0x20, 0x20, 0x20,
  0x20, 0x20, 0x20, 0x20, 0x20, 0x20, 0x20, 0x20, 0x20, 0x20, 0x20, 0x20,
  0x20, 0x66, 0x6c, 0x6f, 0x61, 0x74, 0x33, 0x20, 0x00, 0x63, 0x6f, 0x6e,
  0x73, 0x74, 0x61, 0x6e, 0x74, 0x20, 0x62, 0x6f, 0x6f, 0x6c, 0x20, 0x43,
  0x4f, 0x4e, 0x46, 0x49, 0x47, 0x5f, 0x44, 0x45, 0x42, 0x55, 0x47, 0x5f,
  0x44, 0x49, 0x52, 0x45, 0x43, 0x54, 0x49, 0x4f, 0x4e, 0x41, 0x4c, 0x5f,
  0x53, 0x48, 0x41, 0x44, 0x4f, 0x57, 0x4d, 0x41, 0x50, 0x5f, 0x74, 0x6d,
  0x70, 0x20, 0x5b, 0x5b, 0x66, 0x75, 0x6e, 0x63, 0x74, 0x69, 0x6f, 0x6e,
  0x5f, 0x63, 0x6f, 0x6e, 0x73, 0x74, 0x61, 0x6e, 0x74, 0x28, 0x36, 0x29,
  0x5d, 0x5d, 0x3b, 0x0a, 0x00, 0x63, 0x6f, 0x6e, 0x73, 0x74, 0x61, 0x6e,
  0x74, 0x20, 0x62, 0x6f, 0x6f, 0x6c, 0x20, 0x43, 0x4f, 0x4e, 0x46, 0x49,
  0x47, 0x5f, 0x44, 0x45, 0x42, 0x55, 0x47, 0x5f, 0x44, 0x49, 0x52, 0x45,
  0x43, 0x54, 0x49, 0x4f, 0x4e, 0x41, 0x4c, 0x5f, 0x53, 0x48, 0x41, 0x44,
  0x4f, 0x57, 0x4d, 0x41, 0x50, 0x20, 0x3d, 0x20, 0x69, 0x73, 0x5f, 0x66,
  0x75, 0x6e, 0x63, 0x74, 0x69, 0x6f, 0x6e, 0x5f, 0x63, 0x6f, 0x6e, 0x73,
  0x74, 0x61, 0x6e, 0x74, 0x5f, 0x64, 0x65, 0x66, 0x69, 0x6e, 0x65, 0x64,
  0x28, 0x43, 0x4f, 0x4e, 0x46, 0x49, 0x47, 0x5f, 0x44, 0x45, 0x42, 0x55,
  0x47, 0x5f, 0x44, 0x49, 0x52, 0x45, 0x43, 0x54, 0x49, 0x4f, 0x4e, 0x41,
  0x4c, 0x5f, 0x53, 0x48, 0x41, 0x44, 0x4f, 0x57, 0x4d, 0x41, 0x50, 0x5f,
  0x74, 0x6d, 0x70, 0x29, 0x20, 0x3f, 0x20, 0x43, 0x4f, 0x4e, 0x46, 0x49,
  0x47, 0x5f, 0x44, 0x45, 0x42, 0x55, 0x47, 0x5f, 0x44, 0x49, 0x52, 0x45,
  0x43, 0x54, 0x49, 0x4f, 0x4e, 0x41, 0x4c, 0x5f, 0x53, 0x48, 0x41, 0x44,
  0x4f, 0x57, 0x4d, 0x41, 0x50, 0x5f, 0x74, 0x6d, 0x70, 0x20, 0x3a, 0x20,
  0x66, 0x61, 0x6c, 0x73, 0x65, 0x3b, 0x0a, 0x00, 0x20, 0x20, 0x20, 0x20,
  0x20, 0x20, 0x20, 0x20, 0x20, 0x20, 0x20, 0x20, 0x69, 0x6e, 0x74, 0x34,
  0x20, 0x00, 0x20, 0x20, 0x20, 0x20, 0x20, 0x20, 0x20, 0x20, 0x20, 0x20,
  0x20, 0x20, 0x69, 0x6e, 0x74, 0x20, 0x00, 0x20, 0x20, 0x20, 0x20, 0x20,
  0x20, 0x20, 0x20, 0x20, 0x20, 0x20, 0x20, 0x69, 0x66, 0x20, 0x28, 0x28,
  0x28, 0x28, 0x2a, 0x73, 0x70, 0x76, 0x44, 0x65, 0x73, 0x63, 0x72, 0x69,
  0x70, 0x74, 0x6f, 0x72, 0x53, 0x65, 0x74, 0x30, 0x2e, 0x66, 0x72, 0x61,
  0x6d, 0x65, 0x55, 0x6e, 0x69, 0x66, 0x6f, 0x72, 0x6d, 0x73, 0x29, 0x2e,
  0x64, 0x69, 0x72, 0x65, 0x63, 0x74, 0x69, 0x6f, 0x6e, 0x61, 0x6c, 0x53,
  0x68, 0x61, 0x64, 0x6f, 0x77, 0x73, 0x20, 0x26, 0x20, 0x31, 0x29, 0x20,
  0x21, 0x3d, 0x20, 0x69, 0x6e, 0x74, 0x28, 0x30, 0x75, 0x29, 0x29, 0x20,
  0x26, 0x26, 0x20, 0x28, 0x28, 0x28, 0x2a, 0x73, 0x70, 0x76, 0x44, 0x65,
  0x73, 0x63, 0x72, 0x69, 0x70, 0x74, 0x6f, 0x72, 0x53, 0x65, 0x74, 0x30,
  0x2e, 0x66, 0x72, 0x61, 0x6d, 0x65, 0x55, 0x6e, 0x69, 0x66, 0x6f, 0x72,
  0x6d, 0x73, 0x29, 0x2e, 0x63, 0x61, 0x73, 0x63, 0x61, 0x64, 0x65, 0x73,
  0x20, 0x26, 0x20, 0x28, 0x28, 0x31, 0x20, 0x3c, 0x3c, 0x20, 0x00, 0x29,
  0x20, 0x3c, 0x3c, 0x20, 0x38, 0x29, 0x29, 0x20, 0x21, 0x3d, 0x20, 0x69,
  0x6e, 0x74, 0x28, 0x30, 0x75, 0x29, 0x29, 0x29, 0x0a, 0x00, 0x20, 0x20,
  0x20, 0x20, 0x20, 0x20, 0x20, 0x20, 0x20, 0x20, 0x20, 0x20, 0x20, 0x20,
  0x20, 0x20, 0x20, 0x20, 0x20, 0x20, 0x75, 0x69, 0x6e, 0x74, 0x20, 0x00,
  0x20, 0x3d, 0x20, 0x64, 0x6f, 0x74, 0x28, 0x74, 0x72, 0x61, 0x6e, 0x73,
  0x70, 0x6f, 0x73, 0x65, 0x28, 0x28, 0x2a, 0x73, 0x70, 0x76, 0x44, 0x65,
  0x73, 0x63, 0x72, 0x69, 0x70, 0x74, 0x6f, 0x72, 0x53, 0x65, 0x74, 0x30,
  0x2e, 0x66, 0x72, 0x61, 0x6d, 0x65, 0x55, 0x6e, 0x69, 0x66, 0x6f, 0x72,
  0x6d, 0x73, 0x29, 0x2e, 0x76, 0x69, 0x65, 0x77, 0x46, 0x72, 0x6f, 0x6d,
  0x57, 0x6f, 0x72, 0x6c, 0x64, 0x4d, 0x61, 0x74, 0x72, 0x69, 0x78, 0x29,
  0x5b, 0x32, 0x5d, 0x2e, 0x78, 0x79, 0x7a, 0x2c, 0x20, 0x69, 0x6e, 0x2e,
  0x76, 0x65, 0x72, 0x74, 0x65, 0x78, 0x5f, 0x77, 0x6f, 0x72, 0x6c, 0x64,
  0x50, 0x6f, 0x73, 0x69, 0x74, 0x69, 0x6f, 0x6e, 0x2e, 0x78, 0x79, 0x7a,
  0x20, 0x2d, 0x20, 0x28, 0x2a, 0x73, 0x70, 0x76, 0x44, 0x65, 0x73, 0x63,
  0x72, 0x69, 0x70, 0x74, 0x6f, 0x72, 0x53, 0x65, 0x74, 0x30, 0x2e, 0x66,
  0x72, 0x61, 0x6d, 0x65, 0x55, 0x6e, 0x69, 0x66, 0x6f, 0x72, 0x6d, 0x73,
  0x29, 0x2e, 0x77, 0x6f, 0x72, 0x6c, 0x64, 0x46, 0x72, 0x6f, 0x6d, 0x56,
  0x69, 0x65, 0x77, 0x4d, 0x61, 0x74, 0x72, 0x69, 0x78, 0x5b, 0x33, 0x5d,
  0x2e, 0x78, 0x79, 0x7a, 0x29, 0x3b, 0x0a, 0x00, 0x20, 0x3d, 0x20, 0x31,
  0x2e, 0x30, 0x20, 0x2d, 0x20, 0x28, 0x28, 0x31, 0x2e, 0x30, 0x20, 0x2d,
  0x20, 0x00, 0x29, 0x20, 0x2a, 0x20, 0x66, 0x61, 0x73, 0x74, 0x3a, 0x3a,
  0x63, 0x6c, 0x61, 0x6d, 0x70, 0x28, 0x28, 0x2a, 0x73, 0x70, 0x76, 0x44,
  0x65, 0x73, 0x63, 0x72, 0x69, 0x70, 0x74, 0x6f, 0x72, 0x53, 0x65, 0x74,
  0x30, 0x2e, 0x66, 0x72, 0x61, 0x6d, 0x65, 0x55, 0x6e, 0x69, 0x66, 0x6f,
  0x72, 0x6d, 0x73, 0x29, 0x2e, 0x73, 0x68, 0x61, 0x64, 0x6f, 0x77, 0x46,
  0x61, 0x72, 0x41, 0x74, 0x74, 0x65, 0x6e, 0x75, 0x61, 0x74, 0x69, 0x6f,
  0x6e, 0x50, 0x61, 0x72, 0x61, 0x6d, 0x73, 0x2e, 0x78, 0x20, 0x2d, 0x20,
  0x28, 0x28, 0x00, 0x29, 0x20, 0x2a, 0x20, 0x28, 0x2a, 0x73, 0x70, 0x76,
  0x44, 0x65, 0x73, 0x63, 0x72, 0x69, 0x70, 0x74, 0x6f, 0x72, 0x53, 0x65,
  0x74, 0x30, 0x2e, 0x66, 0x72, 0x61, 0x6d, 0x65, 0x55, 0x6e, 0x69, 0x66,
  0x6f, 0x72, 0x6d, 0x73, 0x29, 0x2e, 0x73, 0x68, 0x61, 0x64, 0x6f, 0x77,
  0x46, 0x61, 0x72, 0x41, 0x74, 0x74, 0x65, 0x6e, 0x75, 0x61, 0x74, 0x69,
  0x6f, 0x6e, 0x50, 0x61, 0x72, 0x61, 0x6d, 0x73, 0x2e, 0x79, 0x29, 0x2c,
  0x20, 0x30, 0x2e, 0x30, 0x2c, 0x20, 0x31, 0x2e, 0x30, 0x29, 0x29, 0x3b,
  0x0a, 0x00, 0x20, 0x20, 0x20, 0x20, 0x20, 0x20, 0x20, 0x20, 0x20, 0x20,
  0x20, 0x20, 0x69, 0x66, 0x20, 0x28, 0x28, 0x28, 0x28, 0x2a, 0x73, 0x70,
  0x76, 0x44, 0x65, 0x73, 0x63, 0x72, 0x69, 0x70, 0x74, 0x6f, 0x72, 0x53,
  0x65, 0x74, 0x30, 0x2e, 0x66, 0x72, 0x61, 0x6d, 0x65, 0x55, 0x6e, 0x69,
  0x66, 0x6f, 0x72, 0x6d, 0x73, 0x29, 0x2e, 0x64, 0x69, 0x72, 0x65, 0x63,
  0x74, 0x69, 0x6f, 0x6e, 0x61, 0x6c, 0x53, 0x68, 0x61, 0x64, 0x6f, 0x77,
  0x73, 0x20, 0x26, 0x20, 0x32, 0x29, 0x20, 0x21, 0x3d, 0x20, 0x30, 0x29,
  0x20, 0x26, 0x26, 0x20, 0x28, 0x00, 0x20, 0x20, 0x20, 0x20, 0x20, 0x20,
  0x20, 0x20, 0x20, 0x20, 0x20, 0x20, 0x20, 0x20, 0x20, 0x20, 0x69, 0x66,
  0x20, 0x28, 0x28, 0x6f, 0x62, 0x6a, 0x65, 0x63, 0x74, 0x55, 0x6e, 0x69,
  0x66, 0x6f, 0x72, 0x6d, 0x73, 0x2e, 0x64, 0x61, 0x74, 0x61, 0x5b, 0x69,
  0x6e, 0x2e, 0x69, 0x6e, 0x73, 0x74, 0x61, 0x6e, 0x63, 0x65, 0x5f, 0x69,
  0x6e, 0x64, 0x65, 0x78, 0x5d, 0x2e, 0x66, 0x6c, 0x61, 0x67, 0x73, 0x43,
  0x68, 0x61, 0x6e, 0x6e, 0x65, 0x6c, 0x73, 0x20, 0x26, 0x20, 0x34, 0x30,
  0x39, 0x36, 0x29, 0x20, 0x21, 0x3d, 0x20, 0x30, 0x29, 0x0a, 0x00, 0x20,
  0x20, 0x20, 0x20, 0x20, 0x20, 0x20, 0x20, 0x20, 0x20, 0x20, 0x20, 0x20,
  0x20, 0x20, 0x20, 0x20, 0x20, 0x20, 0x20, 0x66, 0x6f, 0x72, 0x20, 0x28,
  0x3b, 0x3b, 0x29, 0x0a, 0x00, 0x20, 0x20, 0x20, 0x20, 0x20, 0x20, 0x20,
  0x20, 0x20, 0x20, 0x20, 0x20, 0x20, 0x20, 0x20, 0x20, 0x20, 0x20, 0x20,
  0x20, 0x20, 0x20, 0x20, 0x20, 0x20, 0x20, 0x20, 0x20, 0x69, 0x66, 0x20,
  0x28, 0x61, 0x62, 0x73, 0x28, 0x00, 0x20, 0x20, 0x20, 0x20, 0x20, 0x20,
  0x20, 0x20, 0x20, 0x20, 0x20, 0x20, 0x20, 0x20, 0x20, 0x20, 0x20, 0x20,
  0x20, 0x20, 0x20, 0x20, 0x20, 0x20, 0x20, 0x20, 0x20, 0x20, 0x63, 0x6f,
  0x6e, 0x74, 0x69, 0x6e, 0x75, 0x65, 0x3b, 0x0a, 0x00, 0x20, 0x2a, 0x20,
  0x28, 0x31, 0x2e, 0x30, 0x20, 0x2d, 0x20, 0x00, 0x20, 0x20, 0x20, 0x20,
  0x69, 0x66, 0x20, 0x28, 0x43, 0x4f, 0x4e, 0x46, 0x49, 0x47, 0x5f, 0x44,
  0x45, 0x42, 0x55, 0x47, 0x5f, 0x44, 0x49, 0x52, 0x45, 0x43, 0x54, 0x49,
  0x4f, 0x4e, 0x41, 0x4c, 0x5f, 0x53, 0x48, 0x41, 0x44, 0x4f, 0x57, 0x4d,
  0x41, 0x50, 0x29, 0x0a, 0x00, 0x20, 0x3d, 0x20, 0x6f, 0x75, 0x74, 0x2e,
  0x66, 0x72, 0x61, 0x67, 0x43, 0x6f, 0x6c, 0x6f, 0x72, 0x2e, 0x77, 0x3b,
  0x0a, 0x00, 0x20, 0x20, 0x20, 0x20, 0x20, 0x20, 0x20, 0x20, 0x69, 0x6e,
  0x74, 0x34, 0x20, 0x00, 0x20, 0x20, 0x20, 0x20, 0x20, 0x20, 0x20, 0x20,
  0x66, 0x6c, 0x6f, 0x61, 0x74, 0x32, 0x20, 0x00, 0x20, 0x20, 0x20, 0x20,
  0x20, 0x20, 0x20, 0x20, 0x69, 0x66, 0x20, 0x28, 0x61, 0x6e, 0x79, 0x28,
  0x00, 0x2e, 0x78, 0x79, 0x20, 0x21, 0x3d, 0x20, 0x66, 0x61, 0x73, 0x74,
  0x3a, 0x3a, 0x63, 0x6c, 0x61, 0x6d, 0x70, 0x28, 0x00, 0x2e, 0x78, 0x79,
  0x2c, 0x20, 0x66, 0x6c, 0x6f, 0x61, 0x74, 0x32, 0x28, 0x30, 0x2e, 0x30,
  0x29, 0x2c, 0x20, 0x66, 0x6c, 0x6f, 0x61, 0x74, 0x32, 0x28, 0x31, 0x2e,
  0x30, 0x29, 0x29, 0x29, 0x29, 0x0a, 0x00, 0x20, 0x20, 0x20, 0x20, 0x20,
  0x20, 0x20, 0x20, 0x20, 0x20, 0x20, 0x20, 0x6f, 0x75, 0x74, 0x2e, 0x66,
  0x72, 0x61, 0x67, 0x43, 0x6f, 0x6c, 0x6f, 0x72, 0x20, 0x3d, 0x20, 0x6d,
  0x69, 0x78, 0x28, 0x6f, 0x75, 0x74, 0x2e, 0x66, 0x72, 0x61, 0x67, 0x43,
  0x6f, 0x6c, 0x6f, 0x72, 0x2c, 0x20, 0x66, 0x6c, 0x6f, 0x61, 0x74, 0x34,
  0x28, 0x31, 0x2e, 0x30, 0x2c, 0x20, 0x30, 0x2e, 0x30, 0x2c, 0x20, 0x31,
  0x2e, 0x30, 0x2c, 0x20, 0x31, 0x2e, 0x30, 0x29, 0x20, 0x2a, 0x20, 0x00,
  0x2c, 0x20, 0x66, 0x6c, 0x6f, 0x61, 0x74, 0x34, 0x28, 0x30, 0x2e, 0x32,
  0x29, 0x29, 0x3b, 0x0a, 0x00, 0x20, 0x3d, 0x20, 0x28, 0x66, 0x6c, 0x6f,
  0x61, 0x74, 0x28, 0x28, 0x69, 0x6e, 0x74, 0x28, 0x66, 0x6c, 0x6f, 0x6f,
  0x72, 0x28, 0x00, 0x20, 0x20, 0x20, 0x20, 0x20, 0x20, 0x20, 0x20, 0x20,
  0x20, 0x20, 0x20, 0x6f, 0x75, 0x74, 0x2e, 0x66, 0x72, 0x61, 0x67, 0x43,
  0x6f, 0x6c, 0x6f, 0x72, 0x20, 0x3d, 0x20, 0x6d, 0x69, 0x78, 0x28, 0x6f,
  0x75, 0x74, 0x2e, 0x66, 0x72, 0x61, 0x67, 0x43, 0x6f, 0x6c, 0x6f, 0x72,
  0x2c, 0x20, 0x66, 0x6c, 0x6f, 0x61, 0x74, 0x34, 0x28, 0x00, 0x29, 0x2c,
  0x20, 0x66, 0x6c, 0x6f, 0x61, 0x74, 0x34, 0x28, 0x30, 0x2e, 0x35, 0x29,
  0x29, 0x3b, 0x0a, 0x00, 0x20, 0x2b, 0x20, 0x28, 0x28, 0x00, 0x74, 0x65,
  0x78, 0x74, 0x75, 0x72, 0x65, 0x32, 0x64, 0x5f, 0x61, 0x72, 0x72, 0x61,
  0x79, 0x3c, 0x66, 0x6c, 0x6f, 0x61, 0x74, 0x3e, 0x20, 0x73, 0x61, 0x6d,
  0x70, 0x6c, 0x65, 0x72, 0x30, 0x5f, 0x73, 0x68, 0x61, 0x64, 0x6f, 0x77,
  0x4d, 0x61, 0x70, 0x20, 0x5b, 0x5b, 0x69, 0x64, 0x28, 0x31, 0x32, 0x29,
  0x5d, 0x5d, 0x3b, 0x0a, 0x00, 0x20, 0x20, 0x20, 0x20, 0x20, 0x20, 0x20,
  0x20, 0x20, 0x20, 0x20, 0x20, 0x20, 0x20, 0x20, 0x20, 0x20, 0x20, 0x20,
  0x20, 0x20, 0x20, 0x20, 0x20, 0x69, 0x66, 0x20, 0x28, 0x28, 0x2a, 0x73,
  0x70, 0x76, 0x44, 0x65, 0x73, 0x63, 0x72, 0x69, 0x70, 0x74, 0x6f, 0x72,
  0x53, 0x65, 0x74, 0x30, 0x2e, 0x66, 0x72, 0x61, 0x6d, 0x65, 0x55, 0x6e,
  0x69, 0x66, 0x6f, 0x72, 0x6d, 0x73, 0x29, 0x2e, 0x73, 0x68, 0x61, 0x64,
  0x6f, 0x77, 0x53, 0x61, 0x6d, 0x70, 0x6c, 0x69, 0x6e, 0x67, 0x54, 0x79,
  0x70, 0x65, 0x20, 0x3d, 0x3d, 0x20, 0x31, 0x75, 0x29, 0x0a, 0x00, 0x20,
  0x20, 0x20, 0x20, 0x20, 0x20, 0x20, 0x20, 0x20, 0x20, 0x20, 0x20, 0x20,
  0x20, 0x20, 0x20, 0x20, 0x20, 0x20, 0x20, 0x20, 0x20, 0x20, 0x20, 0x20,
  0x20, 0x20, 0x20, 0x69, 0x66, 0x20, 0x28, 0x28, 0x28, 0x28, 0x2a, 0x73,
  0x70, 0x76, 0x44, 0x65, 0x73, 0x63, 0x72, 0x69, 0x70, 0x74, 0x6f, 0x72,
  0x53, 0x65, 0x74, 0x30, 0x2e, 0x73, 0x68, 0x61, 0x64, 0x6f, 0x77, 0x55,
  0x6e, 0x69, 0x66, 0x6f, 0x72, 0x6d, 0x73, 0x29, 0x2e, 0x73, 0x68, 0x61,
  0x64, 0x6f, 0x77, 0x73, 0x5b, 0x00, 0x20, 0x20, 0x20, 0x20, 0x20, 0x20,
  0x20, 0x20, 0x20, 0x20, 0x20, 0x20, 0x20, 0x20, 0x20, 0x20, 0x20, 0x20,
  0x20, 0x20, 0x20, 0x20, 0x20, 0x20, 0x20, 0x20, 0x20, 0x20, 0x20, 0x20,
  0x20, 0x20, 0x64, 0x6f, 0x0a, 0x00, 0x20, 0x20, 0x20, 0x20, 0x20, 0x20,
  0x20, 0x20, 0x20, 0x20, 0x20, 0x20, 0x20, 0x20, 0x20, 0x20, 0x20, 0x20,
  0x20, 0x20, 0x20, 0x20, 0x20, 0x20, 0x20, 0x20, 0x20, 0x20, 0x20, 0x20,
  0x20, 0x20, 0x20, 0x20, 0x20, 0x20, 0x69, 0x66, 0x20, 0x28, 0x00, 0x20,
  0x20, 0x20, 0x20, 0x20, 0x20, 0x20, 0x20, 0x20, 0x20, 0x20, 0x20, 0x20,
  0x20, 0x20, 0x20, 0x20, 0x20, 0x20, 0x20, 0x20, 0x20, 0x20, 0x20, 0x20,
  0x20, 0x20, 0x20, 0x20, 0x20, 0x20, 0x20, 0x20, 0x20, 0x20, 0x20, 0x7b,
  0x0a, 0x00, 0x20, 0x20, 0x20, 0x20, 0x20, 0x20, 0x20, 0x20, 0x20, 0x20,
  0x20, 0x20, 0x20, 0x20, 0x20, 0x20, 0x20, 0x20, 0x20, 0x20, 0x20, 0x20,
  0x20, 0x20, 0x20, 0x20, 0x20, 0x20, 0x20, 0x20, 0x20, 0x20, 0x20, 0x20,
  0x20, 0x20, 0x20, 0x20, 0x20, 0x20, 0x00, 0x20, 0x20, 0x20, 0x20, 0x20,
  0x20, 0x20, 0x20, 0x20, 0x20, 0x20, 0x20, 0x20, 0x20, 0x20, 0x20, 0x20,
  0x20, 0x20, 0x20, 0x20, 0x20, 0x20, 0x20, 0x20, 0x20, 0x20, 0x20, 0x20,
  0x20, 0x20, 0x20, 0x20, 0x20, 0x20, 0x20, 0x20, 0x20, 0x20, 0x20, 0x62,
  0x72, 0x65, 0x61, 0x6b, 0x3b, 0x0a, 0x00, 0x20, 0x20, 0x20, 0x20, 0x20,
  0x20, 0x20, 0x20, 0x20, 0x20, 0x20, 0x20, 0x20, 0x20, 0x20, 0x20, 0x20,
  0x20, 0x20, 0x20, 0x20, 0x20, 0x20, 0x20, 0x20, 0x20, 0x20, 0x20, 0x20,
  0x20, 0x20, 0x20, 0x20, 0x20, 0x20, 0x20, 0x7d, 0x0a, 0x00, 0x20, 0x20,
  0x20, 0x20, 0x20, 0x20, 0x20, 0x20, 0x20, 0x20, 0x20, 0x20, 0x20, 0x20,
  0x20, 0x20, 0x20, 0x20, 0x20, 0x20, 0x20, 0x20, 0x20, 0x20, 0x20, 0x20,
  0x20, 0x20, 0x20, 0x20, 0x20, 0x20, 0x7d, 0x20, 0x77, 0x68, 0x69, 0x6c,
  0x65, 0x28, 0x66, 0x61, 0x6c, 0x73, 0x65, 0x29, 0x3b, 0x0a, 0x00, 0x20,
  0x20, 0x20, 0x20, 0x20, 0x20, 0x20, 0x20, 0x20, 0x20, 0x20, 0x20, 0x20,
  0x20, 0x20, 0x20, 0x20, 0x20, 0x20, 0x20, 0x20, 0x20, 0x20, 0x20, 0x69,
  0x66, 0x20, 0x28, 0x28, 0x2a, 0x73, 0x70, 0x76, 0x44, 0x65, 0x73, 0x63,
  0x72, 0x69, 0x70, 0x74, 0x6f, 0x72, 0x53, 0x65, 0x74, 0x30, 0x2e, 0x66,
  0x72, 0x61, 0x6d, 0x65, 0x55, 0x6e, 0x69, 0x66, 0x6f, 0x72, 0x6d, 0x73,
  0x29, 0x2e, 0x73, 0x68, 0x61, 0x64, 0x6f, 0x77, 0x53, 0x61, 0x6d, 0x70,
  0x6c, 0x69, 0x6e, 0x67, 0x54, 0x79, 0x70, 0x65, 0x20, 0x3d, 0x3d, 0x20,
  0x32, 0x75, 0x29, 0x0a, 0x00, 0x2e, 0x78, 0x29, 0x20, 0x2a, 0x20, 0x28,
  0x31, 0x2e, 0x30, 0x20, 0x2f, 0x20, 0x00, 0x20, 0x3d, 0x20, 0x66, 0x61,
  0x73, 0x74, 0x3a, 0x3a, 0x63, 0x6c, 0x61, 0x6d, 0x70, 0x28, 0x28, 0x28,
  0x6c, 0x6f, 0x67, 0x28, 0x66, 0x61, 0x73, 0x74, 0x3a, 0x3a, 0x6d, 0x61,
  0x78, 0x28, 0x2d, 0x73, 0x70, 0x76, 0x44, 0x65, 0x73, 0x63, 0x72, 0x69,
  0x70, 0x74, 0x6f, 0x72, 0x53, 0x65, 0x74, 0x30, 0x2e, 0x73, 0x61, 0x6d,
  0x70, 0x6c, 0x65, 0x72, 0x30, 0x5f, 0x73, 0x68, 0x61, 0x64, 0x6f, 0x77,
  0x4d, 0x61, 0x70, 0x2e, 0x73, 0x61, 0x6d, 0x70, 0x6c, 0x65, 0x28, 0x73,
  0x70, 0x76, 0x44, 0x65, 0x73, 0x63, 0x72, 0x69, 0x70, 0x74, 0x6f, 0x72,
  0x53, 0x65, 0x74, 0x30, 0x2e, 0x73, 0x61, 0x6d, 0x70, 0x6c, 0x65, 0x72,
  0x30, 0x5f, 0x73, 0x68, 0x61, 0x64, 0x6f, 0x77, 0x4d, 0x61, 0x70, 0x53,
  0x6d, 0x70, 0x6c, 0x72, 0x2c, 0x20, 0x00, 0x2c, 0x20, 0x66, 0x6c, 0x6f,
  0x61, 0x74, 0x28, 0x00, 0x2e, 0x79, 0x29, 0x29, 0x20, 0x2a, 0x20, 0x66,
  0x61, 0x73, 0x74, 0x3a, 0x3a, 0x6d, 0x69, 0x6e, 0x28, 0x28, 0x2a, 0x73,
  0x70, 0x76, 0x44, 0x65, 0x73, 0x63, 0x72, 0x69, 0x70, 0x74, 0x6f, 0x72,
  0x53, 0x65, 0x74, 0x30, 0x2e, 0x73, 0x68, 0x61, 0x64, 0x6f, 0x77, 0x55,
  0x6e, 0x69, 0x66, 0x6f, 0x72, 0x6d, 0x73, 0x29, 0x2e, 0x73, 0x68, 0x61,
  0x64, 0x6f, 0x77, 0x73, 0x5b, 0x00, 0x5d, 0x2e, 0x77, 0x73, 0x4f, 0x6e,
  0x65, 0x4f, 0x76, 0x65, 0x72, 0x54, 0x65, 0x78, 0x65, 0x6c, 0x53, 0x69,
  0x7a, 0x65, 0x41, 0x74, 0x4f, 0x6e, 0x65, 0x4d, 0x65, 0x74, 0x65, 0x72,
  0x2c, 0x20, 0x28, 0x2a, 0x73, 0x70, 0x76, 0x44, 0x65, 0x73, 0x63, 0x72,
  0x69, 0x70, 0x74, 0x6f, 0x72, 0x53, 0x65, 0x74, 0x30, 0x2e, 0x73, 0x68,
  0x61, 0x64, 0x6f, 0x77, 0x55, 0x6e, 0x69, 0x66, 0x6f, 0x72, 0x6d, 0x73,
  0x29, 0x2e, 0x73, 0x68, 0x61, 0x64, 0x6f, 0x77, 0x73, 0x5b, 0x00, 0x5d,
  0x2e, 0x77, 0x73, 0x4f, 0x6e, 0x65, 0x4f, 0x76, 0x65, 0x72, 0x54, 0x65,
  0x78, 0x65, 0x6c, 0x53, 0x69, 0x7a, 0x65, 0x41, 0x74, 0x4f, 0x6e, 0x65,
  0x4d, 0x65, 0x74, 0x65, 0x72, 0x29, 0x2c, 0x20, 0x31, 0x2e, 0x30, 0x29,
  0x29, 0x2c, 0x20, 0x30, 0x2e, 0x30, 0x2c, 0x20, 0x66, 0x6c, 0x6f, 0x61,
  0x74, 0x28, 0x00, 0x29, 0x20, 0x2f, 0x20, 0x28, 0x28, 0x2a, 0x73, 0x70,
  0x76, 0x44, 0x65, 0x73, 0x63, 0x72, 0x69, 0x70, 0x74, 0x6f, 0x72, 0x53,
  0x65, 0x74, 0x30, 0x2e, 0x73, 0x68, 0x61, 0x64, 0x6f, 0x77, 0x55, 0x6e,
  0x69, 0x66, 0x6f, 0x72, 0x6d, 0x73, 0x29, 0x2e, 0x73, 0x68, 0x61, 0x64,
  0x6f, 0x77, 0x73, 0x5b, 0x00, 0x5d, 0x2e, 0x70, 0x72, 0x6f, 0x6a, 0x65,
  0x63, 0x74, 0x69, 0x6f, 0x6e, 0x50, 0x61, 0x72, 0x61, 0x6d, 0x20, 0x2b,
  0x20, 0x00, 0x29, 0x29, 0x20, 0x2a, 0x20, 0x66, 0x6c, 0x6f, 0x61, 0x74,
  0x28, 0x00, 0x20, 0x3d, 0x20, 0x66, 0x6c, 0x6f, 0x61, 0x74, 0x32, 0x28,
  0x28, 0x2a, 0x73, 0x70, 0x76, 0x44, 0x65, 0x73, 0x63, 0x72, 0x69, 0x70,
  0x74, 0x6f, 0x72, 0x53, 0x65, 0x74, 0x30, 0x2e, 0x73, 0x68, 0x61, 0x64,
  0x6f, 0x77, 0x55, 0x6e, 0x69, 0x66, 0x6f, 0x72, 0x6d, 0x73, 0x29, 0x2e,
  0x73, 0x68, 0x61, 0x64, 0x6f, 0x77, 0x73, 0x5b, 0x00, 0x5d, 0x2e, 0x77,
  0x73, 0x4f, 0x6e, 0x65, 0x4f, 0x76, 0x65, 0x72, 0x54, 0x65, 0x78, 0x65,
  0x6c, 0x53, 0x69, 0x7a, 0x65, 0x41, 0x74, 0x4f, 0x6e, 0x65, 0x4d, 0x65,
  0x74, 0x65, 0x72, 0x29, 0x20, 0x2a, 0x20, 0x28, 0x00, 0x20, 0x2a, 0x20,
  0x66, 0x6c, 0x6f, 0x61, 0x74, 0x32, 0x28, 0x28, 0x2a, 0x73, 0x70, 0x76,
  0x44, 0x65, 0x73, 0x63, 0x72, 0x69, 0x70, 0x74, 0x6f, 0x72, 0x53, 0x65,
  0x74, 0x30, 0x2e, 0x66, 0x72, 0x61, 0x6d, 0x65, 0x55, 0x6e, 0x69, 0x66,
  0x6f, 0x72, 0x6d, 0x73, 0x29, 0x2e, 0x73, 0x68, 0x61, 0x64, 0x6f, 0x77,
  0x41, 0x74, 0x6c, 0x61, 0x73, 0x52, 0x65, 0x73, 0x6f, 0x6c, 0x75, 0x74,
  0x69, 0x6f, 0x6e, 0x2e, 0x79, 0x29, 0x29, 0x20, 0x2a, 0x20, 0x30, 0x2e,
  0x35, 0x29, 0x20, 0x2a, 0x20, 0x66, 0x6c, 0x6f, 0x61, 0x74, 0x28, 0x65,
  0x78, 0x70, 0x32, 0x28, 0x6d, 0x61, 0x78, 0x28, 0x00, 0x2e, 0x78, 0x29,
  0x0a, 0x00, 0x2e, 0x78, 0x29, 0x2c, 0x20, 0x30, 0x2e, 0x30, 0x30, 0x32,
  0x20, 0x2a, 0x20, 0x28, 0x00, 0x2e, 0x7a, 0x29, 0x0a, 0x00, 0x2e, 0x7a,
  0x20, 0x2a, 0x20, 0x00, 0x2e, 0x7a, 0x29, 0x2c, 0x20, 0x30, 0x2e, 0x30,
  0x30, 0x32, 0x20, 0x2a, 0x20, 0x28, 0x00, 0x20, 0x20, 0x20, 0x20, 0x20,
  0x20, 0x20, 0x20, 0x20, 0x20, 0x20, 0x20, 0x20, 0x20, 0x20, 0x20, 0x20,
  0x20, 0x20, 0x20, 0x20, 0x20, 0x20, 0x20, 0x69, 0x66, 0x20, 0x28, 0x28,
  0x2a, 0x73, 0x70, 0x76, 0x44, 0x65, 0x73, 0x63, 0x72, 0x69, 0x70, 0x74,
  0x6f, 0x72, 0x53, 0x65, 0x74, 0x30, 0x2e, 0x66, 0x72, 0x61, 0x6d, 0x65,
  0x55, 0x6e, 0x69, 0x66, 0x6f, 0x72, 0x6d, 0x73, 0x29, 0x2e, 0x73, 0x68,
  0x61, 0x64, 0x6f, 0x77, 0x53, 0x61, 0x6d, 0x70, 0x6c, 0x69, 0x6e, 0x67,
  0x54, 0x79, 0x70, 0x65, 0x20, 0x3d, 0x3d, 0x20, 0x30, 0x75, 0x29, 0x0a,
  0x00, 0x2e, 0x7a, 0x29, 0x2e, 0x78, 0x79, 0x2c, 0x20, 0x28, 0x2a, 0x73,
  0x70, 0x76, 0x44, 0x65, 0x73, 0x63, 0x72, 0x69, 0x70, 0x74, 0x6f, 0x72,
  0x53, 0x65, 0x74, 0x30, 0x2e, 0x73, 0x68, 0x61, 0x64, 0x6f, 0x77, 0x55,
  0x6e, 0x69, 0x66, 0x6f, 0x72, 0x6d, 0x73, 0x29, 0x2e, 0x73, 0x68, 0x61,
  0x64, 0x6f, 0x77, 0x73, 0x5b, 0x00, 0x2e, 0x7a, 0x20, 0x2a, 0x20, 0x32,
  0x2e, 0x30, 0x29, 0x20, 0x2d, 0x20, 0x31, 0x2e, 0x30, 0x29, 0x29, 0x3b,
  0x0a, 0x00, 0x20, 0x2a, 0x20, 0x64, 0x6f, 0x74, 0x28, 0x00, 0x20, 0x3d,
  0x20, 0x64, 0x6f, 0x74, 0x28, 0x66, 0x6c, 0x6f, 0x61, 0x74, 0x33, 0x28,
  0x28, 0x2a, 0x73, 0x70, 0x76, 0x44, 0x65, 0x73, 0x63, 0x72, 0x69, 0x70,
  0x74, 0x6f, 0x72, 0x53, 0x65, 0x74, 0x30, 0x2e, 0x66, 0x72, 0x61, 0x6d,
  0x65, 0x55, 0x6e, 0x69, 0x66, 0x6f, 0x72, 0x6d, 0x73, 0x29, 0x2e, 0x6c,
  0x69, 0x67, 0x68, 0x74, 0x44, 0x69, 0x72, 0x65, 0x63, 0x74, 0x69, 0x6f,
  0x6e, 0x29, 0x2c, 0x20, 0x00, 0x20, 0x3d, 0x20, 0x66, 0x61, 0x73, 0x74,
  0x3a, 0x3a, 0x6e, 0x6f, 0x72, 0x6d, 0x61, 0x6c, 0x69, 0x7a, 0x65, 0x28,
  0x28, 0x66, 0x6c, 0x6f, 0x61, 0x74, 0x33, 0x28, 0x28, 0x2a, 0x73, 0x70,
  0x76, 0x44, 0x65, 0x73, 0x63, 0x72, 0x69, 0x70, 0x74, 0x6f, 0x72, 0x53,
  0x65, 0x74, 0x30, 0x2e, 0x66, 0x72, 0x61, 0x6d, 0x65, 0x55, 0x6e, 0x69,
  0x66, 0x6f, 0x72, 0x6d, 0x73, 0x29, 0x2e, 0x6c, 0x69, 0x67, 0x68, 0x74,
  0x44, 0x69, 0x72, 0x65, 0x63, 0x74, 0x69, 0x6f, 0x6e, 0x29, 0x20, 0x2a,
  0x20, 0x28, 0x2a, 0x73, 0x70, 0x76, 0x44, 0x65, 0x73, 0x63, 0x72, 0x69,
  0x70, 0x74, 0x6f, 0x72, 0x53, 0x65, 0x74, 0x30, 0x2e, 0x66, 0x72, 0x61,
  0x6d, 0x65, 0x55, 0x6e, 0x69, 0x66, 0x6f, 0x72, 0x6d, 0x73, 0x29, 0x2e,
  0x73, 0x75, 0x6e, 0x2e, 0x78, 0x29, 0x20, 0x2b, 0x20, 0x28, 0x66, 0x61,
  0x73, 0x74, 0x3a, 0x3a, 0x6e, 0x6f, 0x72, 0x6d, 0x61, 0x6c, 0x69, 0x7a,
  0x65, 0x28, 0x00, 0x20, 0x2d, 0x20, 0x28, 0x66, 0x6c, 0x6f, 0x61, 0x74,
  0x33, 0x28, 0x28, 0x2a, 0x73, 0x70, 0x76, 0x44, 0x65, 0x73, 0x63, 0x72,
  0x69, 0x70, 0x74, 0x6f, 0x72, 0x53, 0x65, 0x74, 0x30, 0x2e, 0x66, 0x72,
  0x61, 0x6d, 0x65, 0x55, 0x6e, 0x69, 0x66, 0x6f, 0x72, 0x6d, 0x73, 0x29,
  0x2e, 0x6c, 0x69, 0x67, 0x68, 0x74, 0x44, 0x69, 0x72, 0x65, 0x63, 0x74,
  0x69, 0x6f, 0x6e, 0x29, 0x20, 0x2a, 0x20, 0x00, 0x20, 0x2b, 0x20, 0x28,
  0x28, 0x28, 0x2a, 0x73, 0x70, 0x76, 0x44, 0x65, 0x73, 0x63, 0x72, 0x69,
  0x70, 0x74, 0x6f, 0x72, 0x53, 0x65, 0x74, 0x30, 0x2e, 0x66, 0x72, 0x61,
  0x6d, 0x65, 0x55, 0x6e, 0x69, 0x66, 0x6f, 0x72, 0x6d, 0x73, 0x29, 0x2e,
  0x6c, 0x69, 0x67, 0x68, 0x74, 0x43, 0x6f, 0x6c, 0x6f, 0x72, 0x49, 0x6e,
  0x74, 0x65, 0x6e, 0x73, 0x69, 0x74, 0x79, 0x2e, 0x78, 0x79, 0x7a, 0x20,
  0x2a, 0x20, 0x28, 0x2a, 0x73, 0x70, 0x76, 0x44, 0x65, 0x73, 0x63, 0x72,
  0x69, 0x70, 0x74, 0x6f, 0x72, 0x53, 0x65, 0x74, 0x30, 0x2e, 0x66, 0x72,
  0x61, 0x6d, 0x65, 0x55, 0x6e, 0x69, 0x66, 0x6f, 0x72, 0x6d, 0x73, 0x29,
  0x2e, 0x6c, 0x69, 0x67, 0x68, 0x74, 0x43, 0x6f, 0x6c, 0x6f, 0x72, 0x49,
  0x6e, 0x74, 0x65, 0x6e, 0x73, 0x69, 0x74, 0x79, 0x2e, 0x77, 0x29, 0x20,
  0x2a, 0x20, 0x28, 0x70, 0x6f, 0x77, 0x72, 0x28, 0x66, 0x61, 0x73, 0x74,
  0x3a, 0x3a, 0x6d, 0x61, 0x78, 0x28, 0x64, 0x6f, 0x74, 0x28, 0x66, 0x61,
  0x73, 0x74, 0x3a, 0x3a, 0x6e, 0x6f, 0x72, 0x6d, 0x61, 0x6c, 0x69, 0x7a,
  0x65, 0x28, 0x00, 0x29, 0x2c, 0x20, 0x66, 0x6c, 0x6f, 0x61, 0x74, 0x33,
  0x28, 0x28, 0x2a, 0x73, 0x70, 0x76, 0x44, 0x65, 0x73, 0x63, 0x72, 0x69,
  0x70, 0x74, 0x6f, 0x72, 0x53, 0x65, 0x74, 0x30, 0x2e, 0x66, 0x72, 0x61,
  0x6d, 0x65, 0x55, 0x6e, 0x69, 0x66, 0x6f, 0x72, 0x6d, 0x73, 0x29, 0x2e,
  0x6c, 0x69, 0x67, 0x68, 0x74, 0x44, 0x69, 0x72, 0x65, 0x63, 0x74, 0x69,
  0x6f, 0x6e, 0x29, 0x29, 0x2c, 0x20, 0x30, 0x2e, 0x30, 0x29, 0x2c, 0x20,
  0x28, 0x2a, 0x73, 0x70, 0x76, 0x44, 0x65, 0x73, 0x63, 0x72, 0x69, 0x70,
  0x74, 0x6f, 0x72, 0x53, 0x65, 0x74, 0x30, 0x2e, 0x66, 0x72, 0x61, 0x6d,
  0x65, 0x55, 0x6e, 0x69, 0x66, 0x6f, 0x72, 0x6d, 0x73, 0x29, 0x2e, 0x66,
  0x6f, 0x67, 0x49, 0x6e, 0x73, 0x63, 0x61, 0x74, 0x74, 0x65, 0x72, 0x69,
  0x6e, 0x67, 0x53, 0x69, 0x7a, 0x65, 0x29, 0x20, 0x2a, 0x20, 0x28, 0x31,
  0x2e, 0x30, 0x20, 0x2d, 0x20, 0x65, 0x78, 0x70, 0x28, 0x2d, 0x28, 0x00,
  0x20, 0x3d, 0x20, 0x28, 0x2a, 0x73, 0x70, 0x76, 0x44, 0x65, 0x73, 0x63,
  0x72, 0x69, 0x70, 0x74, 0x6f, 0x72, 0x53, 0x65, 0x74, 0x30, 0x2e, 0x66,
  0x72, 0x61, 0x6d, 0x65, 0x55, 0x6e, 0x69, 0x66, 0x6f, 0x72, 0x6d, 0x73,
  0x29, 0x2e, 0x6c, 0x69, 0x67, 0x68, 0x74, 0x43, 0x6f, 0x6c, 0x6f, 0x72,
  0x49, 0x6e, 0x74, 0x65, 0x6e, 0x73, 0x69, 0x74, 0x79, 0x3b, 0x0a, 0x00,
  0x20, 0x3d, 0x20, 0x66, 0x61, 0x73, 0x74, 0x3a, 0x3a, 0x6e, 0x6f, 0x72,
  0x6d, 0x61, 0x6c, 0x69, 0x7a, 0x65, 0x28, 0x28, 0x00, 0x20, 0x2a, 0x20,
  0x28, 0x2a, 0x73, 0x70, 0x76, 0x44, 0x65, 0x73, 0x63, 0x72, 0x69, 0x70,
  0x74, 0x6f, 0x72, 0x53, 0x65, 0x74, 0x30, 0x2e, 0x66, 0x72, 0x61, 0x6d,
  0x65, 0x55, 0x6e, 0x69, 0x66, 0x6f, 0x72, 0x6d, 0x73, 0x29, 0x2e, 0x73,
  0x75, 0x6e, 0x2e, 0x78, 0x29, 0x20, 0x2b, 0x20, 0x28, 0x66, 0x61, 0x73,
  0x74, 0x3a, 0x3a, 0x6e, 0x6f, 0x72, 0x6d, 0x61, 0x6c, 0x69, 0x7a, 0x65,
  0x28, 0x00, 0x2e, 0x77, 0x20, 0x2a, 0x20, 0x00, 0x2e, 0x78, 0x79, 0x7a,
  0x20, 0x2a, 0x20, 0x28, 0x2a, 0x73, 0x70, 0x76, 0x44, 0x65, 0x73, 0x63,
  0x72, 0x69, 0x70, 0x74, 0x6f, 0x72, 0x53, 0x65, 0x74, 0x30, 0x2e, 0x66,
  0x72, 0x61, 0x6d, 0x65, 0x55, 0x6e, 0x69, 0x66, 0x6f, 0x72, 0x6d, 0x73,
  0x29, 0x2e, 0x6c, 0x69, 0x67, 0x68, 0x74, 0x43, 0x6f, 0x6c, 0x6f, 0x72,
  0x49, 0x6e, 0x74, 0x65, 0x6e, 0x73, 0x69, 0x74, 0x79, 0x2e, 0x77, 0x29,
  0x20, 0x2a, 0x20, 0x28, 0x70, 0x6f, 0x77, 0x72, 0x28, 0x66, 0x61, 0x73,
  0x74, 0x3a, 0x3a, 0x6d, 0x61, 0x78, 0x28, 0x64, 0x6f, 0x74, 0x28, 0x66,
  0x61, 0x73, 0x74, 0x3a, 0x3a, 0x6e, 0x6f, 0x72, 0x6d, 0x61, 0x6c, 0x69,
  0x7a, 0x65, 0x28, 0x00, 0x29, 0x2c, 0x20, 0x30, 0x2e, 0x30, 0x29, 0x2c,
  0x20, 0x28, 0x2a, 0x73, 0x70, 0x76, 0x44, 0x65, 0x73, 0x63, 0x72, 0x69,
  0x70, 0x74, 0x6f, 0x72, 0x53, 0x65, 0x74, 0x30, 0x2e, 0x66, 0x72, 0x61,
  0x6d, 0x65, 0x55, 0x6e, 0x69, 0x66, 0x6f, 0x72, 0x6d, 0x73, 0x29, 0x2e,
  0x66, 0x6f, 0x67, 0x49, 0x6e, 0x73, 0x63, 0x61, 0x74, 0x74, 0x65, 0x72,
  0x69, 0x6e, 0x67, 0x53, 0x69, 0x7a, 0x65, 0x29, 0x20, 0x2a, 0x20, 0x28,
  0x31, 0x2e, 0x30, 0x20, 0x2d, 0x20, 0x65, 0x78, 0x70, 0x28, 0x2d, 0x28,
  0x00, 0x29, 0x20, 0x2b, 0x20, 0x28, 0x00, 0x29, 0x29, 0x20, 0x2a, 0x20,
  0x28, 0x2a, 0x73, 0x70, 0x76, 0x44, 0x65, 0x73, 0x63, 0x72, 0x69, 0x70,
  0x74, 0x6f, 0x72, 0x53, 0x65, 0x74, 0x30, 0x2e, 0x66, 0x72, 0x61, 0x6d,
  0x65, 0x55, 0x6e, 0x69, 0x66, 0x6f, 0x72, 0x6d, 0x73, 0x29, 0x2e, 0x6c,
  0x69, 0x67, 0x68, 0x74, 0x43, 0x6f, 0x6c, 0x6f, 0x72, 0x49, 0x6e, 0x74,
  0x65, 0x6e, 0x73, 0x69, 0x74, 0x79, 0x2e, 0x78, 0x79, 0x7a, 0x29, 0x20,
  0x2a, 0x20, 0x28, 0x28, 0x28, 0x2a, 0x73, 0x70, 0x76, 0x44, 0x65, 0x73,
  0x63, 0x72, 0x69, 0x70, 0x74, 0x6f, 0x72, 0x53, 0x65, 0x74, 0x30, 0x2e,
  0x66, 0x72, 0x61, 0x6d, 0x65, 0x55, 0x6e, 0x69, 0x66, 0x6f, 0x72, 0x6d,
  0x73, 0x29, 0x2e, 0x6c, 0x69, 0x67, 0x68, 0x74, 0x43, 0x6f, 0x6c, 0x6f,
  0x72, 0x49, 0x6e, 0x74, 0x65, 0x6e, 0x73, 0x69, 0x74, 0x79, 0x2e, 0x77,
  0x20, 0x2a, 0x20, 0x00, 0x20, 0x20, 0x20, 0x20, 0x20, 0x20, 0x20, 0x20,
  0x20, 0x20, 0x20, 0x20, 0x68, 0x61, 0x6c, 0x66, 0x33, 0x20, 0x00, 0x20,
  0x3d, 0x20, 0x68, 0x61, 0x6c, 0x66, 0x33, 0x28, 0x69, 0x6e, 0x74, 0x33,
  0x28, 0x73, 0x70, 0x76, 0x44, 0x65, 0x73, 0x63, 0x72, 0x69, 0x70, 0x74,
  0x6f, 0x72, 0x53, 0x65, 0x74, 0x30, 0x2e, 0x73, 0x61, 0x6d, 0x70, 0x6c,
  0x65, 0x72, 0x30, 0x5f, 0x73, 0x68, 0x61, 0x64, 0x6f, 0x77, 0x4d, 0x61,
  0x70, 0x2e, 0x67, 0x65, 0x74, 0x5f, 0x77, 0x69, 0x64, 0x74, 0x68, 0x28,
  0x29, 0x2c, 0x20, 0x73, 0x70, 0x76, 0x44, 0x65, 0x73, 0x63, 0x72, 0x69,
  0x70, 0x74, 0x6f, 0x72, 0x53, 0x65, 0x74, 0x30, 0x2e, 0x73, 0x61, 0x6d,
  0x70, 0x6c, 0x65, 0x72, 0x30, 0x5f, 0x73, 0x68, 0x61, 0x64, 0x6f, 0x77,
  0x4d, 0x61, 0x70, 0x2e, 0x67, 0x65, 0x74, 0x5f, 0x68, 0x65, 0x69, 0x67,
  0x68, 0x74, 0x28, 0x29, 0x2c, 0x20, 0x73, 0x70, 0x76, 0x44, 0x65, 0x73,
  0x63, 0x72, 0x69, 0x70, 0x74, 0x6f, 0x72, 0x53, 0x65, 0x74, 0x30, 0x2e,
  0x73, 0x61, 0x6d, 0x70, 0x6c, 0x65, 0x72, 0x30, 0x5f, 0x73, 0x68, 0x61,
  0x64, 0x6f, 0x77, 0x4d, 0x61, 0x70, 0x2e, 0x67, 0x65, 0x74, 0x5f, 0x61,
  0x72, 0x72, 0x61, 0x79, 0x5f, 0x73, 0x69, 0x7a, 0x65, 0x28, 0x29, 0x29,
  0x29, 0x3b, 0x0a, 0x00, 0x2e, 0x78, 0x29, 0x29, 0x29, 0x20, 0x5e, 0x20,
  0x69, 0x6e, 0x74, 0x28, 0x66, 0x6c, 0x6f, 0x6f, 0x72, 0x28, 0x00, 0x2e,
  0x79, 0x29, 0x29, 0x29, 0x29, 0x20, 0x26, 0x20, 0x31, 0x29, 0x20, 0x2a,
  0x20, 0x30, 0x2e, 0x32, 0x29, 0x20, 0x2a, 0x20, 0x00, 0x2e, 0x78, 0x79,
  0x7a, 0x29, 0x20, 0x2a, 0x20, 0x28, 0x28, 0x00, 0x20, 0x20, 0x20, 0x20,
  0x20, 0x20, 0x20, 0x20, 0x20, 0x20, 0x20, 0x20, 0x20, 0x20, 0x20, 0x20,
  0x20, 0x20, 0x20, 0x20, 0x69, 0x66, 0x20, 0x28, 0x28, 0x2a, 0x73, 0x70,
  0x76, 0x44, 0x65, 0x73, 0x63, 0x72, 0x69, 0x70, 0x74, 0x6f, 0x72, 0x53,
  0x65, 0x74, 0x30, 0x2e, 0x66, 0x72, 0x61, 0x6d, 0x65, 0x55, 0x6e, 0x69,
  0x66, 0x6f, 0x72, 0x6d, 0x73, 0x29, 0x2e, 0x73, 0x68, 0x61, 0x64, 0x6f,
  0x77, 0x53, 0x61, 0x6d, 0x70, 0x6c, 0x69, 0x6e, 0x67, 0x54, 0x79, 0x70,
  0x65, 0x20, 0x3d, 0x3d, 0x20, 0x31, 0x75, 0x29, 0x0a, 0x00, 0x20, 0x20,
  0x20, 0x20, 0x20, 0x20, 0x20, 0x20, 0x20, 0x20, 0x20, 0x20, 0x20, 0x20,
  0x20, 0x20, 0x20, 0x20, 0x20, 0x20, 0x20, 0x20, 0x20, 0x20, 0x69, 0x66,
  0x20, 0x28, 0x28, 0x28, 0x28, 0x2a, 0x73, 0x70, 0x76, 0x44, 0x65, 0x73,
  0x63, 0x72, 0x69, 0x70, 0x74, 0x6f, 0x72, 0x53, 0x65, 0x74, 0x30, 0x2e,
  0x73, 0x68, 0x61, 0x64, 0x6f, 0x77, 0x55, 0x6e, 0x69, 0x66, 0x6f, 0x72,
  0x6d, 0x73, 0x29, 0x2e, 0x73, 0x68, 0x61, 0x64, 0x6f, 0x77, 0x73, 0x5b,
  0x00, 0x20, 0x20, 0x20, 0x20, 0x20, 0x20, 0x20, 0x20, 0x20, 0x20, 0x20,
  0x20, 0x20, 0x20, 0x20, 0x20, 0x20, 0x20, 0x20, 0x20, 0x69, 0x66, 0x20,
  0x28, 0x28, 0x2a, 0x73, 0x70, 0x76, 0x44, 0x65, 0x73, 0x63, 0x72, 0x69,
  0x70, 0x74, 0x6f, 0x72, 0x53, 0x65, 0x74, 0x30, 0x2e, 0x66, 0x72, 0x61,
  0x6d, 0x65, 0x55, 0x6e, 0x69, 0x66, 0x6f, 0x72, 0x6d, 0x73, 0x29, 0x2e,
  0x73, 0x68, 0x61, 0x64, 0x6f, 0x77, 0x53, 0x61, 0x6d, 0x70, 0x6c, 0x69,
  0x6e, 0x67, 0x54, 0x79, 0x70, 0x65, 0x20, 0x3d, 0x3d, 0x20, 0x32, 0x75,
  0x29, 0x0a, 0x00, 0x20, 0x3d, 0x20, 0x66, 0x6c, 0x6f, 0x61, 0x74, 0x32,
  0x28, 0x28, 0x2a, 0x73, 0x70, 0x76, 0x44, 0x65, 0x73, 0x63, 0x72, 0x69,
  0x70, 0x74, 0x6f, 0x72, 0x53, 0x65, 0x74, 0x30, 0x2e, 0x66, 0x72, 0x61,
  0x6d, 0x65, 0x55, 0x6e, 0x69, 0x66, 0x6f, 0x72, 0x6d, 0x73, 0x29, 0x2e,
  0x73, 0x68, 0x61, 0x64, 0x6f, 0x77, 0x41, 0x74, 0x6c, 0x61, 0x73, 0x52,
  0x65, 0x73, 0x6f, 0x6c, 0x75, 0x74, 0x69, 0x6f, 0x6e, 0x2e, 0x79, 0x29,
  0x3b, 0x0a, 0x00, 0x2e, 0x78, 0x79, 0x20, 0x2a, 0x20, 0x32, 0x2e, 0x30,
  0x29, 0x20, 0x2d, 0x20, 0x66, 0x6c, 0x6f, 0x61, 0x74, 0x32, 0x28, 0x31,
  0x2e, 0x30, 0x29, 0x3b, 0x0a, 0x00, 0x20, 0x20, 0x20, 0x20, 0x20, 0x20,
  0x20, 0x20, 0x20, 0x20, 0x20, 0x20, 0x20, 0x20, 0x20, 0x20, 0x20, 0x20,
  0x20, 0x20, 0x20, 0x20, 0x20, 0x20, 0x66, 0x6c, 0x6f, 0x61, 0x74, 0x34,
  0x78, 0x34, 0x20, 0x00, 0x20, 0x3d, 0x20, 0x74, 0x72, 0x61, 0x6e, 0x73,
  0x70, 0x6f, 0x73, 0x65, 0x28, 0x28, 0x2a, 0x73, 0x70, 0x76, 0x44, 0x65,
  0x73, 0x63, 0x72, 0x69, 0x70, 0x74, 0x6f, 0x72, 0x53, 0x65, 0x74, 0x30,
  0x2e, 0x73, 0x68, 0x61, 0x64, 0x6f, 0x77, 0x55, 0x6e, 0x69, 0x66, 0x6f,
  0x72, 0x6d, 0x73, 0x29, 0x2e, 0x73, 0x68, 0x61, 0x64, 0x6f, 0x77, 0x73,
  0x5b, 0x00, 0x5d, 0x2e, 0x6c, 0x69, 0x67, 0x68, 0x74, 0x46, 0x72, 0x6f,
  0x6d, 0x57, 0x6f, 0x72, 0x6c, 0x64, 0x4d, 0x61, 0x74, 0x72, 0x69, 0x78,
  0x29, 0x3b, 0x0a, 0x00, 0x5b, 0x30, 0x5d, 0x2e, 0x78, 0x79, 0x7a, 0x3b,
  0x0a, 0x00, 0x5b, 0x32, 0x5d, 0x2e, 0x78, 0x79, 0x7a, 0x3b, 0x0a, 0x00,
  0x5b, 0x33, 0x5d, 0x2e, 0x78, 0x79, 0x7a, 0x3b, 0x0a, 0x00, 0x5b, 0x31,
  0x5d, 0x2e, 0x78, 0x79, 0x7a, 0x2c, 0x20, 0x00, 0x2e, 0x77, 0x20, 0x2f,
  0x20, 0x61, 0x62, 0x73, 0x28, 0x28, 0x64, 0x6f, 0x74, 0x28, 0x00, 0x29,
  0x29, 0x29, 0x20, 0x2d, 0x20, 0x28, 0x00, 0x20, 0x3d, 0x20, 0x66, 0x6c,
  0x6f, 0x61, 0x74, 0x32, 0x28, 0x31, 0x2e, 0x30, 0x29, 0x20, 0x2f, 0x20,
  0x28, 0x66, 0x6c, 0x6f, 0x61, 0x74, 0x32, 0x28, 0x6c, 0x65, 0x6e, 0x67,
  0x74, 0x68, 0x28, 0x00, 0x2c, 0x20, 0x6c, 0x65, 0x6e, 0x67, 0x74, 0x68,
  0x28, 0x63, 0x72, 0x6f, 0x73, 0x73, 0x28, 0x00, 0x29, 0x20, 0x2a, 0x20,
  0x28, 0x00, 0x20, 0x2a, 0x20, 0x32, 0x2e, 0x30, 0x29, 0x29, 0x3b, 0x0a,
  0x00, 0x2e, 0x7a, 0x20, 0x2d, 0x20, 0x66, 0x61, 0x73, 0x74, 0x3a, 0x3a,
  0x63, 0x6c, 0x61, 0x6d, 0x70, 0x28, 0x28, 0x28, 0x6c, 0x6f, 0x67, 0x28,
  0x66, 0x61, 0x73, 0x74, 0x3a, 0x3a, 0x6d, 0x61, 0x78, 0x28, 0x2d, 0x73,
  0x70, 0x76, 0x44, 0x65, 0x73, 0x63, 0x72, 0x69, 0x70, 0x74, 0x6f, 0x72,
  0x53, 0x65, 0x74, 0x30, 0x2e, 0x73, 0x61, 0x6d, 0x70, 0x6c, 0x65, 0x72,
  0x30, 0x5f, 0x73, 0x68, 0x61, 0x64, 0x6f, 0x77, 0x4d, 0x61, 0x70, 0x2e,
  0x73, 0x61, 0x6d, 0x70, 0x6c, 0x65, 0x28, 0x73, 0x70, 0x76, 0x44, 0x65,
  0x73, 0x63, 0x72, 0x69, 0x70, 0x74, 0x6f, 0x72, 0x53, 0x65, 0x74, 0x30,
  0x2e, 0x73, 0x61, 0x6d, 0x70, 0x6c, 0x65, 0x72, 0x30, 0x5f, 0x73, 0x68,
  0x61, 0x64, 0x6f, 0x77, 0x4d, 0x61, 0x70, 0x53, 0x6d, 0x70, 0x6c, 0x72,
  0x2c, 0x20, 0x00, 0x2e, 0x7a, 0x20, 0x2a, 0x20, 0x28, 0x2a, 0x73, 0x70,
  0x76, 0x44, 0x65, 0x73, 0x63, 0x72, 0x69, 0x70, 0x74, 0x6f, 0x72, 0x53,
  0x65, 0x74, 0x30, 0x2e, 0x73, 0x68, 0x61, 0x64, 0x6f, 0x77, 0x55, 0x6e,
  0x69, 0x66, 0x6f, 0x72, 0x6d, 0x73, 0x29, 0x2e, 0x73, 0x68, 0x61, 0x64,
  0x6f, 0x77, 0x73, 0x5b, 0x00, 0x5d, 0x2e, 0x70, 0x72, 0x6f, 0x6a, 0x65,
  0x63, 0x74, 0x69, 0x6f, 0x6e, 0x50, 0x61, 0x72, 0x61, 0x6d, 0x29, 0x2c,
  0x20, 0x66, 0x6c, 0x6f, 0x61, 0x74, 0x28, 0x00, 0x2e, 0x79, 0x29, 0x29,
  0x20, 0x2a, 0x20, 0x66, 0x61, 0x73, 0x74, 0x3a, 0x3a, 0x6d, 0x69, 0x6e,
  0x28, 0x00, 0x2e, 0x79, 0x29, 0x2c, 0x20, 0x31, 0x2e, 0x30, 0x29, 0x29,
  0x2c, 0x20, 0x30, 0x2e, 0x30, 0x2c, 0x20, 0x66, 0x6c, 0x6f, 0x61, 0x74,
  0x28, 0x00, 0x2e, 0x7a, 0x29, 0x29, 0x20, 0x2a, 0x20, 0x28, 0x2a, 0x73,
  0x70, 0x76, 0x44, 0x65, 0x73, 0x63, 0x72, 0x69, 0x70, 0x74, 0x6f, 0x72,
  0x53, 0x65, 0x74, 0x30, 0x2e, 0x73, 0x68, 0x61, 0x64, 0x6f, 0x77, 0x55,
  0x6e, 0x69, 0x66, 0x6f, 0x72, 0x6d, 0x73, 0x29, 0x2e, 0x73, 0x68, 0x61,
  0x64, 0x6f, 0x77, 0x73, 0x5b, 0x00, 0x5d, 0x2e, 0x70, 0x72, 0x6f, 0x6a,
  0x65, 0x63, 0x74, 0x69, 0x6f, 0x6e, 0x50, 0x61, 0x72, 0x61, 0x6d, 0x29,
  0x20, 0x2a, 0x20, 0x66, 0x6c, 0x6f, 0x61, 0x74, 0x28, 0x00, 0x29, 0x20,
  0x2a, 0x20, 0x30, 0x2e, 0x35, 0x29, 0x20, 0x2a, 0x20, 0x66, 0x6c, 0x6f,
  0x61, 0x74, 0x28, 0x65, 0x78, 0x70, 0x32, 0x28, 0x6d, 0x61, 0x78, 0x28,
  0x00, 0x20, 0x20, 0x20, 0x20, 0x20, 0x20, 0x20, 0x20, 0x20, 0x20, 0x20,
  0x20, 0x20, 0x20, 0x20, 0x20, 0x20, 0x20, 0x20, 0x20, 0x69, 0x66, 0x20,
  0x28, 0x28, 0x2a, 0x73, 0x70, 0x76, 0x44, 0x65, 0x73, 0x63, 0x72, 0x69,
  0x70, 0x74, 0x6f, 0x72, 0x53, 0x65, 0x74, 0x30, 0x2e, 0x66, 0x72, 0x61,
  0x6d, 0x65, 0x55, 0x6e, 0x69, 0x66, 0x6f, 0x72, 0x6d, 0x73, 0x29, 0x2e,
  0x73, 0x68, 0x61, 0x64, 0x6f, 0x77, 0x53, 0x61, 0x6d, 0x70, 0x6c, 0x69,
  0x6e, 0x67, 0x54, 0x79, 0x70, 0x65, 0x20, 0x3d, 0x3d, 0x20, 0x30, 0x75,
  0x29, 0x0a, 0x00, 0x20, 0x3d, 0x20, 0x66, 0x6c, 0x6f, 0x61, 0x74, 0x33,
  0x28, 0x69, 0x6e, 0x74, 0x33, 0x28, 0x73, 0x70, 0x76, 0x44, 0x65, 0x73,
  0x63, 0x72, 0x69, 0x70, 0x74, 0x6f, 0x72, 0x53, 0x65, 0x74, 0x30, 0x2e,
  0x73, 0x61, 0x6d, 0x70, 0x6c, 0x65, 0x72, 0x30, 0x5f, 0x73, 0x68, 0x61,
  0x64, 0x6f, 0x77, 0x4d, 0x61, 0x70, 0x2e, 0x67, 0x65, 0x74, 0x5f, 0x77,
  0x69, 0x64, 0x74, 0x68, 0x28, 0x29, 0x2c, 0x20, 0x73, 0x70, 0x76, 0x44,
  0x65, 0x73, 0x63, 0x72, 0x69, 0x70, 0x74, 0x6f, 0x72, 0x53, 0x65, 0x74,
  0x30, 0x2e, 0x73, 0x61, 0x6d, 0x70, 0x6c, 0x65, 0x72, 0x30, 0x5f, 0x73,
  0x68, 0x61, 0x64, 0x6f, 0x77, 0x4d, 0x61, 0x70, 0x2e, 0x67, 0x65, 0x74,
  0x5f, 0x68, 0x65, 0x69, 0x67, 0x68, 0x74, 0x28, 0x29, 0x2c, 0x20, 0x73,
  0x70, 0x76, 0x44, 0x65, 0x73, 0x63, 0x72, 0x69, 0x70, 0x74, 0x6f, 0x72,
  0x53, 0x65, 0x74, 0x30, 0x2e, 0x73, 0x61, 0x6d, 0x70, 0x6c, 0x65, 0x72,
  0x30, 0x5f, 0x73, 0x68, 0x61, 0x64, 0x6f, 0x77, 0x4d, 0x61, 0x70, 0x2e,
  0x67, 0x65, 0x74, 0x5f, 0x61, 0x72, 0x72, 0x61, 0x79, 0x5f, 0x73, 0x69,
  0x7a, 0x65, 0x28, 0x29, 0x29, 0x29, 0x3b, 0x0a, 0x00, 0x2e, 0x78, 0x29,
  0x29, 0x20, 0x5e, 0x20, 0x69, 0x6e, 0x74, 0x28, 0x66, 0x6c, 0x6f, 0x6f,
  0x72, 0x28, 0x00, 0x2e, 0x79, 0x29, 0x29, 0x29, 0x20, 0x26, 0x20, 0x31,
  0x29, 0x20, 0x2a, 0x20, 0x30, 0x2e, 0x32, 0x29, 0x20, 0x2a, 0x20, 0x00,
  0x29, 0x29, 0x20, 0x2a, 0x20, 0x28, 0x2a, 0x73, 0x70, 0x76, 0x44, 0x65,
  0x73, 0x63, 0x72, 0x69, 0x70, 0x74, 0x6f, 0x72, 0x53, 0x65, 0x74, 0x30,
  0x2e, 0x66, 0x72, 0x61, 0x6d, 0x65, 0x55, 0x6e, 0x69, 0x66, 0x6f, 0x72,
  0x6d, 0x73, 0x29, 0x2e, 0x6c, 0x69, 0x67, 0x68, 0x74, 0x43, 0x6f, 0x6c,
  0x6f, 0x72, 0x49, 0x6e, 0x74, 0x65, 0x6e, 0x73, 0x69, 0x74, 0x79, 0x2e,
  0x78, 0x79, 0x7a, 0x29, 0x20, 0x2a, 0x20, 0x28, 0x28, 0x2a, 0x73, 0x70,
  0x76, 0x44, 0x65, 0x73, 0x63, 0x72, 0x69, 0x70, 0x74, 0x6f, 0x72, 0x53,
  0x65, 0x74, 0x30, 0x2e, 0x66, 0x72, 0x61, 0x6d, 0x65, 0x55, 0x6e, 0x69,
  0x66, 0x6f, 0x72, 0x6d, 0x73, 0x29, 0x2e, 0x6c, 0x69, 0x67, 0x68, 0x74,
  0x43, 0x6f, 0x6c, 0x6f, 0x72, 0x49, 0x6e, 0x74, 0x65, 0x6e, 0x73, 0x69,
  0x74, 0x79, 0x2e, 0x77, 0x20, 0x2a, 0x20, 0x00, 0x66, 0x72, 0x61, 0x67,
  0x6d, 0x65, 0x6e, 0x74, 0x20, 0x76, 0x6f, 0x69, 0x64, 0x20, 0x6d, 0x61,
  0x69, 0x6e, 0x30, 0x28, 0x63, 0x6f, 0x6e, 0x73, 0x74, 0x61, 0x6e, 0x74,
  0x20, 0x75, 0x69, 0x6e, 0x74, 0x2a, 0x20, 0x73, 0x70, 0x76, 0x44, 0x79,
  0x6e, 0x61, 0x6d, 0x69, 0x63, 0x4f, 0x66, 0x66, 0x73, 0x65, 0x74, 0x73,
  0x20, 0x5b, 0x5b, 0x62, 0x75, 0x66, 0x66, 0x65, 0x72, 0x28, 0x32, 0x35,
  0x29, 0x5d, 0x5d, 0x29, 0x0a, 0x00, 0x2e, 0x78, 0x79, 0x7a, 0x29, 0x20,
  0x2a, 0x20, 0x28, 0x00, 0x20, 0x20, 0x20, 0x20, 0x75, 0x69, 0x6e, 0x74,
  0x32, 0x20, 0x6f, 0x75, 0x74, 0x50, 0x69, 0x63, 0x6b, 0x69, 0x6e, 0x67,
  0x20, 0x5b, 0x5b, 0x63, 0x6f, 0x6c, 0x6f, 0x72, 0x28, 0x30, 0x29, 0x5d,
  0x5d, 0x3b, 0x0a, 0x00, 0x66, 0x72, 0x61, 0x67, 0x6d, 0x65, 0x6e, 0x74,
  0x20, 0x6d, 0x61, 0x69, 0x6e, 0x30, 0x5f, 0x6f, 0x75, 0x74, 0x20, 0x6d,
  0x61, 0x69, 0x6e, 0x30, 0x28, 0x6d, 0x61, 0x69, 0x6e, 0x30, 0x5f, 0x69,
  0x6e, 0x20, 0x69, 0x6e, 0x20, 0x5b, 0x5b, 0x73, 0x74, 0x61, 0x67, 0x65,
  0x5f, 0x69, 0x6e, 0x5d, 0x5d, 0x2c, 0x20, 0x63, 0x6f, 0x6e, 0x73, 0x74,
  0x61, 0x6e, 0x74, 0x20, 0x73, 0x70, 0x76, 0x44, 0x65, 0x73, 0x63, 0x72,
  0x69, 0x70, 0x74, 0x6f, 0x72, 0x53, 0x65, 0x74, 0x42, 0x75, 0x66, 0x66,
  0x65, 0x72, 0x31, 0x26, 0x20, 0x73, 0x70, 0x76, 0x44, 0x65, 0x73, 0x63,
  0x72, 0x69, 0x70, 0x74, 0x6f, 0x72, 0x53, 0x65, 0x74, 0x31, 0x20, 0x5b,
  0x5b, 0x62, 0x75, 0x66, 0x66, 0x65, 0x72, 0x28, 0x32, 0x32, 0x29, 0x5d,
  0x5d, 0x2c, 0x20, 0x63, 0x6f, 0x6e, 0x73, 0x74, 0x61, 0x6e, 0x74, 0x20,
  0x75, 0x69, 0x6e, 0x74, 0x2a, 0x20, 0x73, 0x70, 0x76, 0x44, 0x79, 0x6e,
  0x61, 0x6d, 0x69, 0x63, 0x4f, 0x66, 0x66, 0x73, 0x65, 0x74, 0x73, 0x20,
  0x5b, 0x5b, 0x62, 0x75, 0x66, 0x66, 0x65, 0x72, 0x28, 0x32, 0x35, 0x29,
  0x5d, 0x5d, 0x29, 0x0a, 0x00, 0x20, 0x20, 0x20, 0x20, 0x6f, 0x75, 0x74,
  0x2e, 0x6f, 0x75, 0x74, 0x50, 0x69, 0x63, 0x6b, 0x69, 0x6e, 0x67, 0x2e,
  0x78, 0x20, 0x3d, 0x20, 0x75, 0x69, 0x6e, 0x74, 0x28, 0x6f, 0x62, 0x6a,
  0x65, 0x63, 0x74, 0x55, 0x6e, 0x69, 0x66, 0x6f, 0x72, 0x6d, 0x73, 0x2e,
  0x64, 0x61, 0x74, 0x61, 0x5b, 0x69, 0x6e, 0x2e, 0x69, 0x6e, 0x73, 0x74,
  0x61, 0x6e, 0x63, 0x65, 0x5f, 0x69, 0x6e, 0x64, 0x65, 0x78, 0x5d, 0x2e,
  0x6f, 0x62, 0x6a, 0x65, 0x63, 0x74, 0x49, 0x64, 0x29, 0x3b, 0x0a, 0x00,
  0x20, 0x20, 0x20, 0x20, 0x6f, 0x75, 0x74, 0x2e, 0x6f, 0x75, 0x74, 0x50,
  0x69, 0x63, 0x6b, 0x69, 0x6e, 0x67, 0x2e, 0x79, 0x20, 0x3d, 0x20, 0x61,
  0x73, 0x5f, 0x74, 0x79, 0x70, 0x65, 0x3c, 0x75, 0x69, 0x6e, 0x74, 0x3e,
  0x28, 0x69, 0x6e, 0x2e, 0x76, 0x65, 0x72, 0x74, 0x65, 0x78, 0x5f, 0x70,
  0x6f, 0x73, 0x69, 0x74, 0x69, 0x6f, 0x6e, 0x2e, 0x7a, 0x20, 0x2f, 0x20,
  0x69, 0x6e, 0x2e, 0x76, 0x65, 0x72, 0x74, 0x65, 0x78, 0x5f, 0x70, 0x6f,
  0x73, 0x69, 0x74, 0x69, 0x6f, 0x6e, 0x2e, 0x77, 0x29, 0x3b, 0x0a, 0x00,
  0x20, 0x20, 0x20, 0x20, 0x66, 0x6c, 0x6f, 0x61, 0x74, 0x34, 0x20, 0x76,
  0x65, 0x72, 0x74, 0x65, 0x78, 0x5f, 0x77, 0x6f, 0x72, 0x6c, 0x64, 0x50,
  0x6f, 0x73, 0x69, 0x74, 0x69, 0x6f, 0x6e, 0x20, 0x5b, 0x5b, 0x75, 0x73,
  0x65, 0x72, 0x28, 0x6c, 0x6f, 0x63, 0x6e, 0x36, 0x29, 0x2c, 0x20, 0x63,
  0x65, 0x6e, 0x74, 0x72, 0x6f, 0x69, 0x64, 0x5f, 0x70, 0x65, 0x72, 0x73,
  0x70, 0x65, 0x63, 0x74, 0x69, 0x76, 0x65, 0x5d, 0x5d, 0x3b, 0x0a, 0x00,
  0x66, 0x72, 0x61, 0x67, 0x6d, 0x65, 0x6e, 0x74, 0x20, 0x6d, 0x61, 0x69,
  0x6e, 0x30, 0x5f, 0x6f, 0x75, 0x74, 0x20, 0x6d, 0x61, 0x69, 0x6e, 0x30,
  0x28, 0x6d, 0x61, 0x69, 0x6e, 0x30, 0x5f, 0x69, 0x6e, 0x20, 0x69, 0x6e,
  0x20, 0x5b, 0x5b, 0x73, 0x74, 0x61, 0x67, 0x65, 0x5f, 0x69, 0x6e, 0x5d,
  0x5d, 0x2c, 0x20, 0x63, 0x6f, 0x6e, 0x73, 0x74, 0x61, 0x6e, 0x74, 0x20,
  0x73, 0x70, 0x76, 0x44, 0x65, 0x73, 0x63, 0x72, 0x69, 0x70, 0x74, 0x6f,
  0x72, 0x53, 0x65, 0x74, 0x42, 0x75, 0x66, 0x66, 0x65, 0x72, 0x30, 0x26,
  0x20, 0x73, 0x70, 0x76, 0x44, 0x65, 0x73, 0x63, 0x72, 0x69, 0x70, 0x74,
  0x6f, 0x72, 0x53, 0x65, 0x74, 0x30, 0x20, 0x5b, 0x5b, 0x62, 0x75, 0x66,
  0x66, 0x65, 0x72, 0x28, 0x32, 0x31, 0x29, 0x5d, 0x5d, 0x2c, 0x20, 0x63,
  0x6f, 0x6e, 0x73, 0x74, 0x61, 0x6e, 0x74, 0x20, 0x75, 0x69, 0x6e, 0x74,
  0x2a, 0x20, 0x73, 0x70, 0x76, 0x44, 0x79, 0x6e, 0x61, 0x6d, 0x69, 0x63,
  0x4f, 0x66, 0x66, 0x73, 0x65, 0x74, 0x73, 0x20, 0x5b, 0x5b, 0x62, 0x75,
  0x66, 0x66, 0x65, 0x72, 0x28, 0x32, 0x35, 0x29, 0x5d, 0x5d, 0x29, 0x0a,
  0x00, 0x20, 0x3d, 0x20, 0x65, 0x78, 0x70, 0x28, 0x28, 0x2a, 0x73, 0x70,
  0x76, 0x44, 0x65, 0x73, 0x63, 0x72, 0x69, 0x70, 0x74, 0x6f, 0x72, 0x53,
  0x65, 0x74, 0x30, 0x2e, 0x66, 0x72, 0x61, 0x6d, 0x65, 0x55, 0x6e, 0x69,
  0x66, 0x6f, 0x72, 0x6d, 0x73, 0x29, 0x2e, 0x76, 0x73, 0x6d, 0x45, 0x78,
  0x70, 0x6f, 0x6e, 0x65, 0x6e, 0x74, 0x20, 0x2a, 0x20, 0x69, 0x6e, 0x2e,
  0x76, 0x65, 0x72, 0x74, 0x65, 0x78, 0x5f, 0x77, 0x6f, 0x72, 0x6c, 0x64,
  0x50, 0x6f, 0x73, 0x69, 0x74, 0x69, 0x6f, 0x6e, 0x2e, 0x77, 0x29, 0x3b,
  0x0a, 0x00, 0x20, 0x3d, 0x20, 0x64, 0x66, 0x64, 0x78, 0x28, 0x69, 0x6e,
  0x2e, 0x76, 0x65, 0x72, 0x74, 0x65, 0x78, 0x5f, 0x77, 0x6f, 0x72, 0x6c,
  0x64, 0x50, 0x6f, 0x73, 0x69, 0x74, 0x69, 0x6f, 0x6e, 0x2e, 0x77, 0x29,
  0x3b, 0x0a, 0x00, 0x20, 0x3d, 0x20, 0x64, 0x66, 0x64, 0x79, 0x28, 0x69,
  0x6e, 0x2e, 0x76, 0x65, 0x72, 0x74, 0x65, 0x78, 0x5f, 0x77, 0x6f, 0x72,
  0x6c, 0x64, 0x50, 0x6f, 0x73, 0x69, 0x74, 0x69, 0x6f, 0x6e, 0x2e, 0x77,
  0x29, 0x3b, 0x0a, 0x00, 0x20, 0x2a, 0x20, 0x28, 0x28, 0x2a, 0x73, 0x70,
  0x76, 0x44, 0x65, 0x73, 0x63, 0x72, 0x69, 0x70, 0x74, 0x6f, 0x72, 0x53,
  0x65, 0x74, 0x30, 0x2e, 0x66, 0x72, 0x61, 0x6d, 0x65, 0x55, 0x6e, 0x69,
  0x66, 0x6f, 0x72, 0x6d, 0x73, 0x29, 0x2e, 0x76, 0x73, 0x6d, 0x45, 0x78,
  0x70, 0x6f, 0x6e, 0x65, 0x6e, 0x74, 0x20, 0x2a, 0x20, 0x28, 0x2a, 0x73,
  0x70, 0x76, 0x44, 0x65, 0x73, 0x63, 0x72, 0x69, 0x70, 0x74, 0x6f, 0x72,
  0x53, 0x65, 0x74, 0x30, 0x2e, 0x66, 0x72, 0x61, 0x6d, 0x65, 0x55, 0x6e,
  0x69, 0x66, 0x6f, 0x72, 0x6d, 0x73, 0x29, 0x2e, 0x76, 0x73, 0x6d, 0x45,
  0x78, 0x70, 0x6f, 0x6e, 0x65, 0x6e, 0x74, 0x29, 0x29, 0x20, 0x2a, 0x20,
  0x28, 0x30, 0x2e, 0x32, 0x35, 0x20, 0x2a, 0x20, 0x28, 0x28, 0x00, 0x29,
  0x29, 0x29, 0x29, 0x2c, 0x20, 0x66, 0x6c, 0x6f, 0x61, 0x74, 0x32, 0x28,
  0x28, 0x2a, 0x73, 0x70, 0x76, 0x44, 0x65, 0x73, 0x63, 0x72, 0x69, 0x70,
  0x74, 0x6f, 0x72, 0x53, 0x65, 0x74, 0x30, 0x2e, 0x66, 0x72, 0x61, 0x6d,
  0x65, 0x55, 0x6e, 0x69, 0x66, 0x6f, 0x72, 0x6d, 0x73, 0x29, 0x2e, 0x76,
  0x73, 0x6d, 0x4d, 0x61, 0x78, 0x4d, 0x6f, 0x6d, 0x65, 0x6e, 0x74, 0x29,
  0x29, 0x3b, 0x0a, 0x00, 0x20, 0x20, 0x20, 0x20, 0x6f, 0x75, 0x74, 0x2e,
  0x66, 0x72, 0x61, 0x67, 0x43, 0x6f, 0x6c, 0x6f, 0x72, 0x20, 0x3d, 0x20,
  0x66, 0x6c, 0x6f, 0x61, 0x74, 0x34, 0x28, 0x00, 0x66, 0x72, 0x61, 0x67,
  0x6d, 0x65, 0x6e, 0x74, 0x20, 0x6d, 0x61, 0x69, 0x6e, 0x30, 0x5f, 0x6f,
  0x75, 0x74, 0x20, 0x6d, 0x61, 0x69, 0x6e, 0x30, 0x28, 0x63, 0x6f, 0x6e,
  0x73, 0x74, 0x61, 0x6e, 0x74, 0x20, 0x75, 0x69, 0x6e, 0x74, 0x2a, 0x20,
  0x73, 0x70, 0x76, 0x44, 0x79, 0x6e, 0x61, 0x6d, 0x69, 0x63, 0x4f, 0x66,
  0x66, 0x73, 0x65, 0x74, 0x73, 0x20, 0x5b, 0x5b, 0x62, 0x75, 0x66, 0x66,
  0x65, 0x72, 0x28, 0x32, 0x35, 0x29, 0x5d, 0x5d, 0x29, 0x0a, 0x00, 0x20,
  0x20, 0x20, 0x20, 0x6f, 0x75, 0x74, 0x2e, 0x66, 0x72, 0x61, 0x67, 0x43,
  0x6f, 0x6c, 0x6f, 0x72, 0x20, 0x3d, 0x20, 0x66, 0x6c, 0x6f, 0x61, 0x74,
  0x34, 0x28, 0x30, 0x2e, 0x30, 0x29, 0x3b, 0x0a, 0x00, 0x4c, 0x54, 0x45,
  0x4d, 0x5f, 0x54, 0x41, 0x4d, 0x01, 0x3f, 0x01, 0x00, 0xd0, 0x00, 0xb6,
  0x00, 0xcb, 0x02, 0x00, 0x00, 0x28, 0x00, 0x00, 0x00, 0x00, 0x00, 0x00,
  0x00, 0x02, 0x00, 0x00, 0x28, 0x01, 0x00, 0x00, 0x02, 0x00, 0x01, 0x11,
  0x02, 0x00, 0x00, 0x02, 0x01, 0x00, 0x28, 0x01, 0x00, 0x00, 0x02, 0x01,
  0x01, 0x36, 0x0d, 0x00, 0x00, 0x02, 0x02, 0x00, 0x67, 0x1b, 0x00, 0x00,
  0x02, 0x03, 0x00, 0x67, 0x1b, 0x00, 0x00, 0x02, 0x04, 0x00, 0x28, 0x01,
  0x00, 0x00, 0x02, 0x04, 0x01, 0x19, 0x1d, 0x00, 0x00, 0x02, 0x05, 0x00,
  0xc6, 0x2f, 0x00, 0x00, 0x02, 0x05, 0x01, 0xea, 0x30, 0x00, 0x00, 0x02,
  0x06, 0x00, 0x67, 0x1b, 0x00, 0x00, 0x02, 0x07, 0x00, 0x29, 0x4d, 0x00,
  0x00, 0x02, 0x08, 0x00, 0x16, 0x4f, 0x00, 0x00, 0x02, 0x09, 0x00, 0x16,
  0x4f, 0x00, 0x00, 0x02, 0x0a, 0x00, 0xea, 0x54, 0x00, 0x00, 0x02, 0x0b,
  0x00, 0xea, 0x54, 0x00, 0x00, 0x02, 0x0c, 0x00, 0x16, 0x4f, 0x00, 0x00,
  0x02, 0x0d, 0x00, 0x91, 0x5b, 0x00, 0x00, 0x02, 0x0e, 0x00, 0xea, 0x54,
  0x00, 0x00, 0x02, 0x0f, 0x00, 0xa0, 0x61, 0x00, 0x00, 0x02, 0x10, 0x00,
  0x82, 0x68, 0x00, 0x00, 0x02, 0x10, 0x01, 0x49, 0x69, 0x00, 0x00, 0x02,
  0x12, 0x00, 0x67, 0x69, 0x00, 0x00, 0x02, 0x18, 0x00, 0xf2, 0x6a, 0x00,
  0x00, 0x02, 0x1a, 0x00, 0x75, 0x6e, 0x00, 0x00, 0x02, 0x20, 0x01, 0xbc,
  0x72, 0x00, 0x00, 0x02, 0x21, 0x01, 0x04, 0x7f, 0x00, 0x00, 0x02, 0x24,
  0x01, 0x92, 0x8e, 0x00, 0x00, 0x02, 0x25, 0x01, 0x62, 0xa2, 0x00, 0x00,
  0x02, 0x30, 0x01, 0xfc, 0xbf, 0x00, 0x00, 0x02, 0x44, 0x01, 0x4b, 0xc0,
  0x00, 0x00, 0x02, 0x45, 0x01, 0xdd, 0xd5, 0x00, 0x00, 0x02, 0x50, 0x00,
  0xa4, 0xf8, 0x00, 0x00, 0x02, 0x50, 0x01, 0x7c, 0xf9, 0x00, 0x00, 0x02,
  0x52, 0x00, 0x76, 0xfa, 0x00, 0x00, 0x02, 0x58, 0x00, 0x12, 0xfc, 0x00,
  0x00, 0x02, 0x5a, 0x00, 0xa6, 0xff, 0x00, 0x00, 0x02, 0x64, 0x01, 0xfe,
  0x03, 0x01, 0x00, 0x02, 0x65, 0x01, 0xb5, 0x1a, 0x01, 0x00, 0x02, 0x70,
  0x01, 0xd9, 0x3e, 0x01, 0x00, 0x92, 0x15, 0x00, 0x00, 0xbd, 0x00, 0x00,
  0x00, 0x08, 0x00, 0x00, 0x00, 0xbd, 0x00, 0x00, 0x00, 0x10, 0x00, 0x00,
  0x00, 0x32, 0x33, 0x02, 0x34, 0x02, 0x3a, 0x07, 0x3b, 0x3c, 0x3d, 0x3e,
  0x3f, 0x40, 0x41, 0x06, 0x02, 0x42, 0x43, 0x22, 0x44, 0x02, 0x45, 0x07,
  0x46, 0x06, 0x02, 0x47, 0x07, 0x48, 0x49, 0x4a, 0x4b, 0x4c, 0x4d, 0x4e,
  0x4f, 0x50, 0x51, 0x52, 0x53, 0x54, 0x55, 0x56, 0x57, 0x58, 0x59, 0x5a,
  0x5b, 0x5c, 0x5d, 0x5e, 0x5f, 0x60, 0x61, 0x62, 0x63, 0x64, 0x65, 0x66,
  0x67, 0x68, 0x69, 0x6a, 0x6b, 0x6c, 0x6d, 0x6e, 0x6f, 0x70, 0x71, 0x72,
  0x73, 0x74, 0x75, 0x76, 0x77, 0x78, 0x79, 0x7a, 0x7b, 0x7c, 0x7d, 0x7e,
  0x7f, 0x80, 0x81, 0x82, 0x83, 0x84, 0x85, 0x86, 0x87, 0x88, 0x89, 0x8a,
  0x8b, 0x8c, 0x8d, 0x8e, 0x8f, 0x90, 0x91, 0x92, 0x93, 0x94, 0x95, 0x96,
  0x97, 0x98, 0x99, 0x9a, 0x9b, 0x9c, 0x9d, 0x9e, 0x9f, 0xa0, 0xa1, 0x06,
  0x02, 0xa2, 0xb7, 0xa3, 0xa4, 0xb8, 0x06, 0x02, 0xa5, 0xa6, 0xa7, 0xa8,
  0xa9, 0xaa, 0xab, 0xd9, 0xda, 0xdb, 0xdc, 0xdd, 0xde, 0x06, 0x02, 0x35,
  0x07, 0xaf, 0xb0, 0xac, 0xad, 0xdf, 0x06, 0x02, 0x38, 0x07, 0xe0, 0xf0,
  0x06, 0x02, 0xf0, 0x07, 0xae, 0x36, 0xe1, 0x14, 0xfe, 0xf0, 0xf0, 0xfe,
  0x15, 0xf0, 0xfe, 0x16, 0xf0, 0xfe, 0x1c, 0xf0, 0x14, 0xfe, 0xf0, 0xfe,
  0x00, 0xe2, 0xfe, 0x00, 0xe3, 0xfe, 0x00, 0x37, 0x25, 0x02, 0x10, 0x1d,
  0x7a, 0x11, 0x12, 0x13, 0x7d, 0x4c, 0x9f, 0x8d, 0x9f, 0x8d, 0x9f, 0x8d,
  0x9f, 0x8d, 0xe2, 0x32, 0x9f, 0x8d, 0xe2, 0x32, 0xe2, 0x32, 0xeb, 0x5e,
  0x00, 0x00, 0xfd, 0x05, 0x00, 0x00, 0x4b, 0x01, 0x00, 0x00, 0xfd, 0x05,
  0x00, 0x00, 0xc9, 0x03, 0x00, 0x00, 0xb4, 0xf0, 0x02, 0x32, 0x33, 0x02,
  0x34, 0x02, 0xf0, 0xf0, 0x07, 0xf0, 0xf0, 0xf0, 0x0c, 0xe1, 0x0e, 0xf0,
  0x0c, 0xe1, 0x0e, 0xf0, 0xf0, 0x0c, 0xe1, 0x0e, 0xf0, 0x0c, 0xe1, 0x0e,
  0xf0, 0xf0, 0x0c, 0xe1, 0x0e, 0xf0, 0xf0, 0x0c, 0xe1, 0x0e, 0xf0, 0x0c,
  0xe1, 0x0e, 0x06, 0x02, 0x3a, 0x07, 0x3b, 0x3c, 0x3d, 0x3e, 0x3f, 0x40,
  0x41, 0x06, 0x02, 0x42, 0x43, 0x22, 0x44, 0x02, 0x45, 0x07, 0x46, 0x06,
  0x02, 0x47, 0x07, 0x48, 0x49, 0x4a, 0x4b, 0x4c, 0x4d, 0x4e, 0x4f, 0x50,
  0x51, 0x52, 0x53, 0x54, 0x55, 0x56, 0x57, 0x58, 0x59, 0x5a, 0x5b, 0x5c,
  0x5d, 0x5e, 0x5f, 0x60, 0x61, 0x62, 0x63, 0x64, 0x65, 0x66, 0x67, 0x68,
  0x69, 0x6a, 0x6b, 0x6c, 0x6d, 0x6e, 0x6f, 0x70, 0x71, 0x72, 0x73, 0x74,
  0x75, 0x76, 0x77, 0x78, 0x79, 0x7a, 0x7b, 0x7c, 0x7d, 0x7e, 0x7f, 0x80,
  0x81, 0x82, 0x83, 0x84, 0x85, 0x86, 0x87, 0x88, 0x89, 0x8a, 0x8b, 0x8c,
  0x8d, 0x8e, 0x8f, 0x90, 0x91, 0x92, 0x93, 0x94, 0x95, 0x96, 0x97, 0x98,
  0x99, 0x9a, 0x9b, 0x9c, 0x9d, 0x9e, 0x9f, 0xa0, 0xa1, 0x06, 0x02, 0xf0,
  0x07, 0xf0, 0xf0, 0xf0, 0x06, 0x02, 0xf0, 0xf0, 0xf0, 0xfe, 0xf0, 0xf0,
  0xfe, 0xf0, 0xf0, 0xf0, 0x22, 0xf0, 0x02, 0xf0, 0x07, 0xf0, 0x06, 0x02,
  0xf0, 0xf0, 0x22, 0xf0, 0x02, 0xf0, 0x07, 0xf0, 0x06, 0x02, 0xf0, 0x07,
  0xf0, 0x06, 0x02, 0xf0, 0xf0, 0xf0, 0xf0, 0xb9, 0xfe, 0x21, 0x02, 0xa2,
  0xb7, 0xf0, 0xf0, 0xf0, 0xa3, 0xa4, 0xb8, 0xf0, 0xf0, 0xf0, 0xf0, 0xf0,
  0xf1, 0xf0, 0xf0, 0xf0, 0xf0, 0xf0, 0xf0, 0xf0, 0xf0, 0xf0, 0x06, 0x02,
  0xa5, 0xa6, 0xa7, 0xa8, 0xa9, 0xaa, 0xab, 0x06, 0x02, 0xf0, 0xf0, 0xf0,
  0x06, 0x02, 0xf0, 0xfe, 0xf0, 0x02, 0x35, 0x07, 0xf0, 0x06, 0x02, 0x38,
  0x07, 0xaf, 0xb0, 0xac, 0xad, 0x06, 0x02, 0xf0, 0x07, 0xae, 0xf0, 0x36,
  0x13, 0xfe, 0xf0, 0x13, 0xfe, 0x00, 0xf0, 0x0c, 0x0b, 0xfe, 0xf0, 0x0e,
  0x20, 0x0c, 0x0b, 0xfe, 0xf0, 0x0e, 0x11, 0xfe, 0x00, 0x13, 0xfe, 0x27,
  0xfe, 0x05, 0xbf, 0xfe, 0xf0, 0x11, 0xfe, 0xf0, 0xfe, 0x03, 0xfe, 0xf0,
  0x13, 0xfe, 0xf0, 0xfe, 0x03, 0xfe, 0x05, 0x14, 0xfe, 0xf0, 0x1a, 0xfe,
  0xf0, 0x1a, 0xfe, 0xf0, 0x1a, 0xfe, 0xf0, 0x11, 0xfe, 0xf0, 0x13, 0xfe,
  0x01, 0xfe, 0xf0, 0xfe, 0x00, 0x13, 0xfe, 0x1f, 0xfe, 0xf0, 0xfe, 0x05,
  0x11, 0xfe, 0xf0, 0x11, 0xfe, 0x01, 0xfe, 0xd0, 0xfe, 0x00, 0x14, 0xfe,
  0xf0, 0xfe, 0x03, 0xfe, 0xf0, 0x13, 0xfe, 0xf0, 0xfe, 0xf0, 0xfe, 0xf0,
  0x11, 0xfe, 0x01, 0xfe, 0x15, 0x11, 0xfe, 0xf0, 0xfe, 0x16, 0x13, 0xfe,
  0xf0, 0xfe, 0xf0, 0xfe, 0xf0, 0xfe, 0x05, 0x11, 0xfe, 0x01, 0xfe, 0xd0,
  0xfe, 0x00, 0x11, 0xfe, 0x00, 0x14, 0xfe, 0x00, 0xf0, 0x0c, 0x0b, 0xfe,
  0xf0, 0xe9, 0xfe, 0xf0, 0x0d, 0x0a, 0xfe, 0x01, 0xfe, 0x00, 0x0a, 0xfe,
  0xe8, 0x19, 0x10, 0xe9, 0xfe, 0xf0, 0x0d, 0x0f, 0xfe, 0xeb, 0xfe, 0x03,
  0xfe, 0xf0, 0xf0, 0xfe, 0xf0, 0xfe, 0xd2, 0xfe, 0xf0, 0xf0, 0xfe, 0xf0,
  0xfe, 0xd2, 0xfe, 0xf0, 0xf0, 0xfe, 0xf0, 0xfe, 0x03, 0xfe, 0xf0, 0xd1,
  0xfe, 0x01, 0xfe, 0x15, 0xd1, 0xfe, 0xf0, 0xfe, 0x00, 0xd1, 0xfe, 0x01,
  0xfe, 0x16, 0xd1, 0xfe, 0xf0, 0xfe, 0x00, 0xf0, 0xfe, 0xf0, 0xfe, 0xf0,
  0xfe, 0xf0, 0xfe, 0xf0, 0xfe, 0xf0, 0xfe, 0xf0, 0xfe, 0xf0, 0xfe, 0xf0,
  0xfe, 0xf0, 0xfe, 0x00, 0xf0, 0xfe, 0xf0, 0xfe, 0xd0, 0xfe, 0xf0, 0xfe,
  0xd0, 0xfe, 0x03, 0xfe, 0xd0, 0xfe, 0x03, 0xfe, 0xd0, 0xfe, 0x03, 0xfe,
  0xd0, 0xfe, 0x05, 0xf0, 0xfe, 0x01, 0xfe, 0xf0, 0xfe, 0xf0, 0xfe, 0xf0,
  0xfe, 0x1b, 0xfe, 0xef, 0x0a, 0xfe, 0x01, 0xfe, 0x00, 0x0a, 0xfe, 0xf0,
  0xfe, 0xd2, 0xfe, 0xf0, 0xfe, 0x05, 0x19, 0x10, 0xe7, 0x0d, 0x0f, 0xfe,
  0xeb, 0xfe, 0x03, 0xfe, 0xf0, 0x0a, 0xfe, 0x01, 0xfe, 0x00, 0x0a, 0xfe,
  0xf0, 0xfe, 0xd2, 0xfe, 0xf0, 0x19, 0x10, 0xf0, 0xf0, 0x11, 0xfe, 0xf0,
  0xfe, 0x05, 0x11, 0xfe, 0xf0, 0xfe, 0xd9, 0xfe, 0xf0, 0xfe, 0xf0, 0xfe,
  0xf0, 0x11, 0xfe, 0x00, 0xf0, 0x0c, 0x17, 0xfe, 0x00, 0xe9, 0xfe, 0xf0,
  0x0d, 0x0f, 0xfe, 0xeb, 0xfe, 0x03, 0xfe, 0xf0, 0x0a, 0xfe, 0xf0, 0xfe,
  0xd2, 0xfe, 0xf0, 0xfe, 0xf0, 0xfe, 0xd2, 0xfe, 0xf0, 0xfe, 0xf0, 0xfe,
  0xd2, 0xfe, 0xf0, 0xfe, 0x1e, 0x10, 0xe7, 0x0d, 0x0f, 0xfe, 0xeb, 0xfe,
  0x03, 0xfe, 0xf0, 0x0a, 0xfe, 0xf0, 0xfe, 0xd2, 0xfe, 0xf1, 0x10, 0xd5,
  0xfe, 0x00, 0xd5, 0xfe, 0xf1, 0xfe, 0x05, 0xd5, 0xfe, 0xf1, 0xfe, 0x05,
  0xd5, 0xfe, 0xf1, 0xfe, 0xf1, 0xfe, 0x05, 0xd5, 0xfe, 0x00, 0x30, 0x0d,
  0xd1, 0xfe, 0xf0, 0xfe, 0xf0, 0xfe, 0x05, 0x0a, 0xfe, 0xf0, 0xfe, 0x00,
  0xd1, 0xfe, 0xf0, 0xfe, 0xf1, 0xfe, 0x05, 0xd1, 0xfe, 0xf0, 0xfe, 0x05,
  0xd1, 0xfe, 0xf0, 0xfe, 0xf0, 0xfe, 0x05, 0xd1, 0xfe, 0x00, 0xe0, 0xfe,
  0xf1, 0x08, 0x04, 0xfe, 0x01, 0xfe, 0x00, 0x09, 0x18, 0x08, 0x04, 0xfe,
  0xf1, 0xfe, 0x00, 0x09, 0xd1, 0xfe, 0x00, 0xf1, 0xfe, 0x03, 0xfe, 0xf1,
  0xfe, 0x03, 0xfe, 0xf0, 0xfe, 0xf1, 0x08, 0x04, 0xfe, 0xf1, 0xfe, 0x03,
  0xfe, 0x05, 0x29, 0x09, 0x18, 0x08, 0x04, 0xfe, 0x01, 0xfe, 0xd9, 0xfe,
  0x00, 0xf0, 0xfe, 0xf0, 0xfe, 0x12, 0xd6, 0xd4, 0xfe, 0xf0, 0xf0, 0xd7,
  0x09, 0xd1, 0xfe, 0xf0, 0xfe, 0xd8, 0xfe, 0x05, 0xd1, 0xfe, 0xf1, 0xfe,
  0xd8, 0xfe, 0xf1, 0xfe, 0xd8, 0xfe, 0xf1, 0x0a, 0xfe, 0xf0, 0xfe, 0xd0,
  0xfe, 0xf1, 0xfe, 0xf1, 0xfe, 0x03, 0xfe, 0x1e, 0x19, 0x31, 0x0b, 0xfe,
  0xed, 0xfe, 0xf1, 0xfe, 0xf0, 0xfe, 0xf1, 0xfe, 0xf0, 0x0e, 0x20, 0x0c,
  0x0b, 0xfe, 0x01, 0xfe, 0x00, 0x0e, 0x13, 0xfe, 0x00, 0xf0, 0x0c, 0xf1,
  0x0d, 0xf1, 0xfe, 0xf1, 0x0f, 0xfe, 0xf1, 0xfe, 0xf1, 0x0f, 0xfe, 0x01,
  0xfe, 0xf1, 0xfe, 0xf0, 0x0f, 0xfe, 0xf0, 0xfe, 0x03, 0xfe, 0xf1, 0xfe,
  0xf1, 0x0f, 0xfe, 0x01, 0xfe, 0xd8, 0xfe, 0x00, 0x0f, 0xfe, 0x01, 0xfe,
  0xd9, 0xfe, 0x00, 0x0a, 0xfe, 0xf1, 0xfe, 0xd8, 0xfe, 0xf1, 0xfe, 0xd8,
  0xfe, 0xf0, 0xfe, 0xd9, 0xfe, 0xf0, 0xfe, 0xd9, 0xfe, 0xf1, 0x19, 0x10,
  0xe7, 0x0d, 0x0f, 0xfe, 0x00, 0xe0, 0xfe, 0x12, 0x08, 0x04, 0xfe, 0xf1,
  0xfe, 0xf1, 0xfe, 0xf1, 0xfe, 0xf0, 0x09, 0x18, 0x08, 0x04, 0xfe, 0xf1,
  0x09, 0x0f, 0xfe, 0x00, 0xe0, 0xfe, 0x12, 0x08, 0xdf, 0xfe, 0x01, 0xfe,
  0x16, 0xdf, 0xfe, 0x01, 0xfe, 0x15, 0xdf, 0xfe, 0x01, 0xfe, 0x1c, 0x04,
  0xfe, 0x01, 0xfe, 0xf1, 0xfe, 0xd0, 0xfe, 0xf1, 0xfe, 0xd0, 0xfe, 0xf1,
  0xfe, 0x1d, 0xfe, 0xf1, 0xfe, 0xd0, 0xfe, 0xf1, 0xfe, 0xd0, 0xfe, 0xf0,
  0xfe, 0xd0, 0xfe, 0xf1, 0x09, 0x18, 0x08, 0x04, 0xfe, 0x01, 0xfe, 0x00,
  0x09, 0x0a, 0xfe, 0xf0, 0xfe, 0xf1, 0x19, 0x10, 0xf0, 0xf0, 0x13, 0xfe,
  0xb5, 0xfe, 0xf1, 0xfe, 0x03, 0xfe, 0xf1, 0xfe, 0xf1, 0xfe, 0xf1, 0xfe,
  0xf1, 0xfe, 0xf1, 0xfe, 0xf0, 0xfe, 0xf0, 0xfe, 0xf0, 0xfe, 0xf0, 0xfe,
  0xf0, 0xfe, 0xf0, 0xfe, 0xf1, 0xfe, 0xd0, 0xfe, 0xf1, 0xfe, 0xf1, 0xfe,
  0xf0, 0xfe, 0xf0, 0xfe, 0xf0, 0xfe, 0xf0, 0xfe, 0xf0, 0xfe, 0xf0, 0xfe,
  0xf1, 0x13, 0xfe, 0x00, 0xf1, 0x0c, 0xf1, 0xfe, 0xf1, 0xfe, 0x03, 0xfe,
  0xf1, 0xe5, 0xfe, 0xf0, 0xfe, 0xf1, 0xfe, 0xf1, 0xe5, 0xfe, 0x01, 0xfe,
  0xf1, 0xf1, 0xfe, 0xf1, 0xfe, 0xf1, 0xe5, 0xfe, 0x01, 0xfe, 0xf0, 0xfe,
  0xf1, 0xe5, 0xfe, 0x01, 0xfe, 0xf0, 0xfe, 0xf1, 0xe5, 0xfe, 0x01, 0xfe,
  0xd9, 0xfe, 0x00, 0x2a, 0xfe, 0xf1, 0x17, 0xfe, 0x00, 0x0b, 0xfe, 0x01,
  0xfe, 0x00, 0x17, 0xfe, 0x00, 0xf1, 0xfe, 0x01, 0xfe, 0x2c, 0xfe, 0x2d,
  0xfe, 0x2c, 0xfe, 0x01, 0xfe, 0x03, 0xfe, 0x39, 0x0d, 0xf1, 0xfe, 0xf1,
  0xfe, 0xf1, 0x23, 0xfe, 0x1f, 0xfe, 0xf1, 0xfe, 0xf1, 0xfe, 0xf1, 0x0f,
  0xfe, 0xf0, 0xfe, 0xf1, 0xd1, 0xfe, 0xf0, 0xfe, 0xf1, 0x0f, 0xfe, 0x27,
  0xfe, 0x05, 0xd1, 0xfe, 0xf0, 0xfe, 0x03, 0xfe, 0x05, 0xd1, 0xfe, 0x01,
  0xfe, 0xf1, 0xfe, 0xf1, 0xd1, 0xfe, 0xf1, 0xfe, 0xd0, 0xfe, 0xe2, 0x0f,
  0xfe, 0xf1, 0xd1, 0xfe, 0xf0, 0xfe, 0xd0, 0xfe, 0xf1, 0xfe, 0x03, 0xfe,
  0xf1, 0xfe, 0xf1, 0xd1, 0xfe, 0xf0, 0xfe, 0x03, 0xfe, 0xe2, 0xd1, 0xfe,
  0x00, 0xf1, 0x08, 0xdf, 0xfe, 0x00, 0xf2, 0xfe, 0xf2, 0xd6, 0xdc, 0xfe,
  0xf1, 0xfe, 0xf1, 0xfe, 0xf1, 0xfe, 0xf1, 0xfe, 0xf1, 0xd4, 0xfe, 0x01,
  0xfe, 0xf0, 0xfe, 0xd0, 0xfe, 0x05, 0xd7, 0xf0, 0xd6, 0xd4, 0xfe, 0x01,
  0xfe, 0x00, 0xd7, 0x04, 0xfe, 0x01, 0xfe, 0x00, 0x09, 0x18, 0x08, 0x04,
  0xfe, 0x01, 0xfe, 0x00, 0x09, 0xf1, 0xfe, 0xf1, 0xfe, 0xf0, 0x08, 0x04,
  0xfe, 0x01, 0xfe, 0x00, 0x2e, 0x09, 0xf0, 0xfe, 0x01, 0xfe, 0xf0, 0xf0,
  0xfe, 0x00, 0xf1, 0xfe, 0x12, 0x08, 0x04, 0xfe, 0x01, 0xfe, 0xf0, 0x09,
  0x18, 0x08, 0x04, 0xfe, 0x01, 0xfe, 0x00, 0x09, 0xe0, 0xfe, 0x12, 0x08,
  0x04, 0xfe, 0x01, 0xfe, 0x00, 0x2e, 0x09, 0x0f, 0xfe, 0x27, 0xfe, 0xd9,
  0xfe, 0x05, 0xd1, 0xfe, 0xf0, 0xfe, 0xf0, 0xd1, 0xfe, 0xf0, 0xfe, 0x03,
  0xfe, 0xe2, 0xd1, 0xfe, 0x01, 0xfe, 0xd0, 0xfe, 0x00, 0xd1, 0xfe, 0xed,
  0xfe, 0xf0, 0xfe, 0xd0, 0xfe, 0xf0, 0xfe, 0xd0, 0xfe, 0xf0, 0xd1, 0xfe,
  0xf0, 0xfe, 0x03, 0xfe, 0xe2, 0xd1, 0xfe, 0x01, 0xfe, 0xd0, 0xfe, 0x00,
  0x0a, 0xfe, 0x01, 0xfe, 0xf0, 0xfe, 0xf0, 0xfe, 0xf0, 0xfe, 0xf0, 0xfe,
  0xf0, 0xfe, 0xd0, 0xfe, 0x1d, 0xfe, 0xf0, 0xfe, 0xf0, 0xfe, 0xf0, 0xfe,
  0xf0, 0xfe, 0xf0, 0xfe, 0xd0, 0xfe, 0xf0, 0xfe, 0x24, 0xfe, 0xf0, 0xfe,
  0xf0, 0xfe, 0xf0, 0xfe, 0xd0, 0xfe, 0xf0, 0xfe, 0x24, 0xfe, 0xf0, 0xfe,
  0xf1, 0xfe, 0xf1, 0xfe, 0xf1, 0xfe, 0xf2, 0xfe, 0xd0, 0xfe, 0x1d, 0xfe,
  0x1e, 0x10, 0x17, 0xfe, 0x00, 0xf1, 0x0d, 0xf0, 0xfe, 0x01, 0xfe, 0xf1,
  0xf0, 0xfe, 0x00, 0xe0, 0xfe, 0x12, 0x08, 0x04, 0xfe, 0xf1, 0x09, 0x18,
  0x08, 0x04, 0xfe, 0x01, 0xfe, 0x00, 0x09, 0x0f, 0xfe, 0x00, 0xe0, 0xfe,
  0x12, 0x08, 0x04, 0xfe, 0xf0, 0xfe, 0x03, 0xfe, 0xf1, 0xfe, 0xf1, 0x09,
  0x18, 0x08, 0x04, 0xfe, 0x01, 0xfe, 0x00, 0x09, 0x0a, 0xfe, 0x01, 0xfe,
  0x00, 0x10, 0xe7, 0x0d, 0x0a, 0xfe, 0x01, 0xfe, 0x00, 0x10, 0x0b, 0xfe,
  0x01, 0xfe, 0x00, 0x0e, 0x20, 0x0c, 0x0b, 0xfe, 0x01, 0xfe, 0x00, 0x0e,
  0x14, 0xfe, 0xf0, 0xfe, 0xf0, 0x1a, 0xfe, 0x26, 0xfe, 0x15, 0x1a, 0xfe,
  0x2b, 0xfe, 0x16, 0x1a, 0xfe, 0x28, 0xfe, 0x1c, 0x13, 0xfe, 0xed, 0xfe,
  0xf1, 0x14, 0xfe, 0x01, 0xfe, 0x00, 0x1a, 0xfe, 0x26, 0xfe, 0x15, 0x1a,
  0xfe, 0x2b, 0xfe, 0x16, 0x1a, 0xfe, 0x28, 0xfe, 0x1c, 0xf1, 0xfe, 0x00,
  0x37, 0x25, 0x02, 0x90, 0x91, 0x92, 0x93, 0x0a, 0x94, 0x95, 0x0a, 0x96,
  0x97, 0x0a, 0x98, 0x0a, 0x99, 0x9a, 0x9b, 0x9c, 0x9d, 0x9e, 0x9f, 0xa0,
  0x13, 0xa1, 0x13, 0xa2, 0xa3, 0xa4, 0xa5, 0xa6, 0xa7, 0xa8, 0xa9, 0xaa,
  0xab, 0xac, 0xad, 0xae, 0xaf, 0xb0, 0xb1, 0xb2, 0xb3, 0xb4, 0xb5, 0xb6,
  0xb7, 0xb8, 0xb9, 0xba, 0x8f, 0xbb, 0xbc, 0xbd, 0xbe, 0xbf, 0xc0, 0xc1,
  0xc2, 0xc3, 0xc4, 0xc5, 0xc6, 0xc7, 0xc8, 0x88, 0xc9, 0xca, 0xcb, 0xcc,
  0xcd, 0xce, 0xcf, 0xd0, 0xd1, 0xd2, 0xd3, 0xd4, 0xd5, 0xd6, 0xd7, 0xd8,
  0xd9, 0xda, 0xdb, 0xdc, 0xdd, 0xde, 0xdf, 0x0b, 0x34, 0xe0, 0xe1, 0x19,
  0xe2, 0xe3, 0x1a, 0x35, 0x36, 0x37, 0xe4, 0x36, 0x37, 0xe5, 0x6f, 0xe6,
  0xe7, 0x0b, 0x0b, 0x24, 0xe8, 0xe9, 0xea, 0xeb, 0xec, 0xed, 0xee, 0xef,
  0xf0, 0x24, 0xf1, 0xf2, 0x24, 0xf3, 0x5c, 0x5d, 0xf4, 0x38, 0x35, 0xf5,
  0xf6, 0x39, 0x1b, 0xf7, 0xf8, 0xf9, 0xfa, 0x25, 0xfb, 0x1a, 0x26, 0xfc,
  0x38, 0x3a, 0xfd, 0x3a, 0xfe, 0x26, 0xff, 0x00, 0x01, 0x02, 0x03, 0x04,
  0x27, 0x3b, 0x0b, 0x27, 0x05, 0x1e, 0x27, 0x3b, 0x06, 0x07, 0x08, 0x09,
  0x65, 0x0a, 0x0b, 0x01, 0x28, 0x16, 0x5e, 0x1e, 0x0c, 0x0d, 0x0e, 0x0c,
  0x0f, 0x10, 0x11, 0x3c, 0x12, 0x29, 0x19, 0x13, 0x14, 0x15, 0x16, 0x17,
  0x18, 0x3d, 0x70, 0x19, 0x1a, 0x1b, 0x1c, 0x3e, 0x3e, 0x1d, 0x1e, 0x1f,
  0x20, 0x3d, 0x21, 0x22, 0x23, 0x24, 0x25, 0x26, 0x89, 0x27, 0x17, 0x28,
  0x39, 0x1b, 0x29, 0x2a, 0x2b, 0x2c, 0x2d, 0x2e, 0x3f, 0x40, 0x0d, 0x41,
  0x0d, 0x42, 0x2f, 0x30, 0x31, 0x3f, 0x40, 0x0d, 0x41, 0x0d, 0x42, 0x32,
  0x33, 0x34, 0x35, 0x36, 0x0c, 0x37, 0x38, 0x39, 0x3a, 0x3b, 0x3c, 0x43,
  0x3d, 0x43, 0x3e, 0x3f, 0x40, 0x41, 0x42, 0x43, 0x44, 0x45, 0x46, 0x44,
  0x47, 0x44, 0x48, 0x87, 0x49, 0x4a, 0x4b, 0x4c, 0x0c, 0x4d, 0x4e, 0x4f,
  0x0e, 0x50, 0x24, 0x25, 0x51, 0x52, 0x53, 0x54, 0x55, 0x1f, 0x05, 0x56,
  0x57, 0x66, 0x0f, 0x45, 0x0f, 0x58, 0x45, 0x06, 0x25, 0x0e, 0x46, 0x10,
  0x47, 0x67, 0x48, 0x49, 0x4a, 0x4b, 0x2c, 0x4c, 0x1f, 0x4d, 0x11, 0x07,
  0x02, 0x10, 0x11, 0x07, 0x02, 0x4e, 0x59, 0x5a, 0x5b, 0x26, 0x5c, 0x0f,
  0x5d, 0x0f, 0x5e, 0x34, 0x5f, 0x60, 0x33, 0x26, 0x61, 0x62, 0x02, 0x03,
  0x04, 0x96, 0x15, 0xa3, 0x81, 0x96, 0x40, 0x96, 0x40, 0x96, 0x40, 0xed,
  0x89, 0xfc, 0xb6, 0x96, 0x40, 0xfc, 0x99, 0xcc, 0x42, 0xa3, 0x81, 0xfc,
  0xb6, 0xea, 0xaa, 0xfc, 0xb6, 0xa3, 0x81, 0xed, 0x77, 0xed, 0x77, 0xed,
  0x77, 0xed, 0x77, 0xd3, 0xbf, 0x97, 0x85, 0xed, 0x77, 0xd3, 0xbf, 0xbb,
  0x4c, 0xed, 0x77, 0xd3, 0xbf, 0xa5, 0x4f, 0xf7, 0x38, 0xa5, 0x4f, 0xa5,
  0x4f, 0xd0, 0x8a, 0xcc, 0x42, 0xa5, 0x4f, 0xeb, 0x75, 0xbb, 0x4c, 0xd0,
  0x8a, 0xbc, 0x97, 0xfc, 0x99, 0xda, 0x6e, 0xfc, 0x99, 0xed, 0x70, 0xd0,
  0x8a, 0xd0, 0x8a, 0xbb, 0x4c, 0x9d, 0x69, 0xf7, 0x38, 0xf7, 0x38, 0xaa,
  0x49, 0xe8, 0x5a, 0xed, 0x89, 0xed, 0x89, 0xe8, 0x5a, 0x04, 0xaa, 0x49,
  0xed, 0x89, 0x9e, 0x3e, 0xbc, 0x97, 0xda, 0x6e, 0xb4, 0xa5, 0x9e, 0x3e,
  0x9e, 0x3e, 0xfa, 0x87, 0x9e, 0x3e, 0x9e, 0x3e, 0xf7, 0x33, 0xbc, 0x97,
  0xda, 0x6e, 0xf8, 0x6b, 0xf7, 0x33, 0x9c, 0x75, 0xf8, 0x6b, 0x8a, 0x5a,
  0xf7, 0x33, 0x93, 0x8a, 0x8a, 0x5a, 0xc9, 0xb0, 0xb4, 0xa5, 0xfa, 0x87,
  0xb4, 0xa5, 0xfa, 0x87, 0xb4, 0xa5, 0xfa, 0x87, 0xb4, 0xa5, 0xfa, 0x87,
  0xed, 0x89, 0xc8, 0x5f, 0xc9, 0xb0, 0xc9, 0xb0, 0x9c, 0x75, 0x8a, 0x5a,
  0xf8, 0x6b, 0x8a, 0x5a, 0xf8, 0x6b, 0x93, 0x8a, 0x9c, 0x75, 0x93, 0x8a,
  0xa9, 0x33, 0xc8, 0x5f, 0xc8, 0x5f, 0xc8, 0x5f, 0xc8, 0x5f, 0xc8, 0x5f,
  0xe8, 0x5a, 0xa9, 0x33, 0xaa, 0x49, 0x9e, 0x3e, 0x9e, 0x3e, 0xa9, 0x33,
  0xcb, 0x52, 0xbc, 0x97, 0xda, 0x6e, 0xe8, 0x5a, 0x04, 0xaa, 0x49, 0xcb,
  0x52, 0xcb, 0x52, 0x8e, 0xc3, 0xaa, 0x49, 0xc5, 0x74, 0xcc, 0x42, 0x8e,
  0xc3, 0xf7, 0x38, 0x8e, 0xc3, 0xe9, 0x4d, 0xcd, 0x3c, 0xed, 0x89, 0xe1,
  0x3f, 0xbc, 0x97, 0xda, 0x6e, 0xcd, 0x3c, 0xe1, 0x3f, 0xe1, 0x3f, 0xe8,
  0x5a, 0xe1, 0x3f, 0xe1, 0x3f, 0xe8, 0x5a, 0xe1, 0x3f, 0xe1, 0x3f, 0xe8,
  0x5a, 0xcc, 0x52, 0xbc, 0x97, 0xda, 0x6e, 0xcd, 0x3c, 0xcc, 0x52, 0xcc,
  0x52, 0xf2, 0x33, 0xc8, 0x31, 0x8e, 0xc3, 0xde, 0x8e, 0x9d, 0x69, 0xec,
  0x75, 0xcd, 0x3c, 0xea, 0xaa, 0xb7, 0x33, 0xda, 0x8c, 0xc8, 0x31, 0xc8,
  0x31, 0xf2, 0x33, 0xde, 0x8e, 0xcf, 0x35, 0xde, 0x8e, 0xf2, 0x33, 0xe8,
  0x62, 0xec, 0x75, 0x97, 0x51, 0xe8, 0x62, 0xe8, 0x62, 0x88, 0x82, 0xec,
  0x75, 0x88, 0x82, 0x97, 0x51, 0x88, 0x82, 0x97, 0x51, 0xf5, 0x48, 0xda,
  0x8c, 0xcf, 0x35, 0xda, 0x8c, 0xcf, 0x35, 0x88, 0x82, 0xb7, 0x33, 0xc8,
  0x31, 0xde, 0x8e, 0xf5, 0x48, 0xda, 0x8c, 0xcf, 0x35, 0xf5, 0x48, 0x88,
  0x82, 0xb7, 0x33, 0x90, 0xa7, 0xda, 0x8c, 0xcf, 0x35, 0xb1, 0x72, 0x88,
  0x82, 0x90, 0xa7, 0xf5, 0x48, 0x90, 0xa7, 0xb7, 0x33, 0xb1, 0x72, 0xb1,
  0x72, 0xb1, 0x72, 0xc8, 0x31, 0xde, 0x8e, 0xe9, 0x4d, 0xc5, 0x74, 0xb7,
  0x33, 0xf2, 0x33, 0xf7, 0x38, 0xe9, 0x4d, 0xc5, 0x74, 0xc9, 0x6e, 0xbb,
  0x3e, 0xd6, 0xaa, 0xa3, 0x81, 0xb8, 0xbb, 0xd6, 0xaa, 0xbb, 0x3e, 0x85,
  0xb5, 0xd6, 0xaa, 0xa3, 0x81, 0xbb, 0x3e, 0x9f, 0xc0, 0xa3, 0x81, 0xb8,
  0xbb, 0x8c, 0x3e, 0xa3, 0x81, 0xb8, 0xbb, 0xc9, 0x6e, 0x9f, 0xc0, 0x85,
  0xb5, 0x8c, 0x3e, 0x85, 0xb5, 0x8c, 0x3e, 0x85, 0xb5, 0x9f, 0xc0, 0x85,
  0xb5, 0xac, 0x55, 0x02, 0xac, 0x55, 0xa3, 0x81, 0xa3, 0x81, 0xa3, 0x81,
  0xac, 0x55, 0xc1, 0x7d, 0x03, 0xab, 0x9f, 0xa3, 0x81, 0xbe, 0x7a, 0xa3,
  0x81, 0xb2, 0x5a, 0xa3, 0x81, 0xc1, 0x7d, 0xac, 0x55, 0xab, 0x9f, 0xbe,
  0x7a, 0xab, 0x9f, 0xb2, 0x5a, 0xb2, 0x5a, 0xb2, 0x5a, 0xb2, 0x5a, 0xbe,
  0x7a, 0xbe, 0x7a, 0xbe, 0x7a, 0xab, 0x9f, 0xab, 0x9f, 0xc1, 0x7d, 0xac,
  0x55, 0xc9, 0x6e, 0xc1, 0x7d, 0xc4, 0xbf, 0xed, 0x70, 0xea, 0xaa, 0xa3,
  0x81, 0x9d, 0x69, 0xa5, 0x4f, 0xa5, 0x4f, 0xeb, 0x75, 0xe9, 0x4d, 0xbb,
  0x4c, 0xe9, 0x4d, 0xbb, 0x4c, 0xe9, 0x4d, 0xbb, 0x4c, 0xe9, 0x4d, 0x97,
  0x85, 0xc9, 0x6e, 0xed, 0x70, 0x8e, 0xc3, 0x97, 0x85, 0x8e, 0xc3, 0x97,
  0x85, 0x8e, 0xc3, 0x97, 0x85, 0x8e, 0xc3, 0xd0, 0x87, 0xef, 0x44, 0xbc,
  0x97, 0xfc, 0x99, 0xb1, 0x3c, 0xef, 0x44, 0xef, 0x44, 0xb2, 0x65, 0xb1,
  0x3c, 0xab, 0xab, 0xb1, 0x3c, 0xb2, 0xa5, 0xab, 0xab, 0xb2, 0x65, 0xf4,
  0x8d, 0xab, 0xab, 0xb2, 0x65, 0xfe, 0x4b, 0xb2, 0xa5, 0xf4, 0x8d, 0xcb,
  0x59, 0x88, 0x4d, 0x88, 0x4d, 0xc4, 0xbf, 0x85, 0x61, 0xf6, 0x6a, 0xb2,
  0xa5, 0xf6, 0x6a, 0xfe, 0x4b, 0x88, 0x4d, 0x85, 0x61, 0xf6, 0x6a, 0xc9,
  0x8f, 0xf6, 0x6a, 0xca, 0x39, 0xc9, 0x8f, 0xf6, 0x6a, 0xf6, 0x6a, 0xea,
  0x9f, 0xca, 0x39, 0x9e, 0xbf, 0xca, 0x39, 0xa3, 0x7b, 0xea, 0x9f, 0x93,
  0x96, 0xea, 0x9f, 0xea, 0x9f, 0xf4, 0x33, 0x93, 0x96, 0xca, 0x39, 0xbe,
  0x84, 0xf4, 0x33, 0xf4, 0x33, 0xda, 0x86, 0xd5, 0x71, 0xbe, 0x84, 0xbe,
  0x84, 0xda, 0x86, 0xda, 0x86, 0x93, 0x96, 0xbe, 0x4f, 0xa3, 0x81, 0xa3,
  0x7b, 0xac, 0x8a, 0xac, 0x52, 0xca, 0x39, 0xc0, 0x79, 0xca, 0x39, 0xa3,
  0x7b, 0xca, 0x39, 0xca, 0x39, 0xac, 0x52, 0xd5, 0x71, 0xc0, 0x79, 0xc0,
  0x79, 0xac, 0x52, 0xd5, 0x71, 0xac, 0x8a, 0xac, 0x52, 0xac, 0x8a, 0xd5,
  0x71, 0xca, 0x39, 0xcb, 0x59, 0x85, 0x61, 0x88, 0x4d, 0xe1, 0xa5, 0xbe,
  0x4f, 0xad, 0x55, 0xe1, 0xa5, 0xad, 0x55, 0xac, 0x8a, 0xad, 0x55, 0xe1,
  0xa5, 0xad, 0x55, 0x85, 0x61, 0x88, 0x4d, 0x82, 0x8b, 0xfc, 0xb6, 0xa3,
  0x7b, 0xc9, 0x72, 0xbe, 0x4f, 0x90, 0x58, 0xa3, 0x81, 0x82, 0x8b, 0xf0,
  0x3f, 0x90, 0x58, 0xf7, 0x38, 0xc1, 0x5f, 0xf7, 0x38, 0x90, 0x58, 0x90,
  0x58, 0xf0, 0x3f, 0xf0, 0x3f, 0xff, 0x87, 0xa3, 0x7b, 0x82, 0x8b, 0xef,
  0x33, 0xff, 0x87, 0xff, 0x87, 0x85, 0x61, 0x88, 0x4d, 0x97, 0x85, 0xbb,
  0x4c, 0xbb, 0x4c, 0xbb, 0x4c, 0xef, 0x33, 0xef, 0x33, 0xff, 0x87, 0xc1,
  0x5f, 0xc1, 0x5f, 0xc9, 0x72, 0xcc, 0x42, 0x9d, 0x69, 0xcc, 0x42, 0xcc,
  0x42, 0x9d, 0x69, 0xcc, 0x42, 0xc9, 0x72, 0x9d, 0x69, 0xc9, 0x72, 0xc9,
  0x72, 0x9d, 0x69, 0xeb, 0x75, 0xca, 0x39, 0xca, 0x39, 0x9e, 0xbf, 0x9e,
  0xbf, 0xac, 0x8a, 0xc9, 0x72, 0xae, 0x52, 0xd7, 0xaa, 0xf4, 0x8d, 0xae,
  0x55, 0xd7, 0xaa, 0xae, 0x55, 0xae, 0x55, 0xd7, 0xaa, 0xad, 0x52, 0xae,
  0x55, 0xad, 0x52, 0x88, 0x4d, 0x96, 0x15, 0xf4, 0x8d, 0xad, 0x52, 0x88,
  0x4d, 0xae, 0x52, 0xad, 0x52, 0xae, 0x52, 0x88, 0x4d, 0xd0, 0x87, 0xae,
  0x52, 0xd0, 0x87, 0xc4, 0xbf, 0xd5, 0x7a, 0xd0, 0x87, 0xd5, 0x7a, 0xd0,
  0x87, 0xd5, 0x7a, 0xd0, 0x87, 0xd5, 0x7a, 0xd0, 0x87, 0xe6, 0x6e, 0xd5,
  0x7a, 0xd0, 0xab, 0xd5, 0x7a, 0xd0, 0xab, 0xe6, 0x6e, 0xd0, 0xab, 0xe6,
  0x6e, 0xd0, 0xab, 0xe6, 0x6e, 0xd0, 0xab, 0x4b, 0x71, 0x00, 0x00, 0x86,
  0x07, 0x00, 0x00, 0xa2, 0x01, 0x00, 0x00, 0x86, 0x07, 0x00, 0x00, 0xf5,
  0x04, 0x00, 0x00, 0xb4, 0xf0, 0x02, 0x32, 0x33, 0x02, 0x34, 0x02, 0xf0,
  0xf0, 0x07, 0xf0, 0xf0, 0xf0, 0x0c, 0xe1, 0x0e, 0xf0, 0x0c, 0xe1, 0x0e,
  0xf0, 0xf0, 0x0c, 0xe1, 0x0e, 0xf0, 0x0c, 0xe1, 0x0e, 0xf0, 0xf0, 0x0c,
  0xe1, 0x0e, 0xf0, 0xf0, 0x0c, 0xe1, 0x0e, 0xf0, 0x0c, 0xe1, 0x0e, 0x06,
  0x02, 0x3a, 0x07, 0x3b, 0x3c, 0x3d, 0x3e, 0x3f, 0x40, 0x41, 0x06, 0x02,
  0x42, 0x43, 0x22, 0x44, 0x02, 0x45, 0x07, 0x46, 0x06, 0x02, 0x47, 0x07,
  0x48, 0x49, 0x4a, 0x4b, 0x4c, 0x4d, 0x4e, 0x4f, 0x50, 0x51, 0x52, 0x53,
  0x54, 0x55, 0x56, 0x57, 0x58, 0x59, 0x5a, 0x5b, 0x5c, 0x5d, 0x5e, 0x5f,
  0x60, 0x61, 0x62, 0x63, 0x64, 0x65, 0x66, 0x67, 0x68, 0x69, 0x6a, 0x6b,
  0x6c, 0x6d, 0x6e, 0x6f, 0x70, 0x71, 0x72, 0x73, 0x74, 0x75, 0x76, 0x77,
  0x78, 0x79, 0x7a, 0x7b, 0x7c, 0x7d, 0x7e, 0x7f, 0x80, 0x81, 0x82, 0x83,
  0x84, 0x85, 0x86, 0x87, 0x88, 0x89, 0x8a, 0x8b, 0x8c, 0x8d, 0x8e, 0x8f,
  0x90, 0x91, 0x92, 0x93, 0x94, 0x95, 0x96, 0x97, 0x98, 0x99, 0x9a, 0x9b,
  0x9c, 0x9d, 0x9e, 0x9f, 0xa0, 0xa1, 0x06, 0x02, 0xf0, 0x07, 0xf0, 0xf0,
  0xf0, 0x06, 0x02, 0xf0, 0xf0, 0xf0, 0xfe, 0xf0, 0xf0, 0xfe, 0xf0, 0xf1,
  0xf1, 0xf0, 0xfe, 0xf1, 0xf0, 0xf0, 0x22, 0xf0, 0x02, 0xf0, 0x07, 0xf0,
  0x06, 0x02, 0xf0, 0xf0, 0x22, 0xf0, 0x02, 0xf0, 0x07, 0xf0, 0x06, 0x02,
  0xf0, 0x07, 0xf0, 0x06, 0x02, 0xf0, 0xf0, 0xf0, 0xf0, 0xb9, 0xfe, 0x21,
  0x02, 0xa2, 0xb7, 0xf0, 0xf0, 0xf0, 0xa3, 0xa4, 0xb8, 0xf0, 0xf0, 0xf0,
  0xf0, 0xf0, 0xf1, 0xf0, 0xf0, 0xf0, 0xf0, 0xf0, 0xf0, 0xf0, 0xf0, 0xf0,
  0x06, 0x02, 0xa5, 0xa6, 0xa7, 0xa8, 0xa9, 0xaa, 0xab, 0x06, 0x02, 0xf0,
  0xf0, 0xf0, 0x06, 0x02, 0xf0, 0xfe, 0xf0, 0x02, 0x35, 0x07, 0xf0, 0x06,
  0x02, 0x38, 0x07, 0xaf, 0xb0, 0xac, 0xad, 0x06, 0x02, 0xf0, 0x07, 0xae,
  0xf0, 0x36, 0x13, 0xfe, 0xf0, 0x13, 0xfe, 0x00, 0xf0, 0x0c, 0x0b, 0xfe,
  0xf0, 0x0e, 0x20, 0x0c, 0x0b, 0xfe, 0xf0, 0x0e, 0x11, 0xfe, 0x00, 0x13,
  0xfe, 0x27, 0xfe, 0x05, 0xbf, 0xfe, 0xf0, 0x11, 0xfe, 0xf0, 0xfe, 0x03,
  0xfe, 0xf0, 0x13, 0xfe, 0xf0, 0xfe, 0x03, 0xfe, 0x05, 0x14, 0xfe, 0xf0,
  0x1a, 0xfe, 0xf0, 0x1a, 0xfe, 0xf0, 0x1a, 0xfe, 0xf0, 0x11, 0xfe, 0xf0,
  0x13, 0xfe, 0x01, 0xfe, 0xf0, 0xfe, 0x00, 0x13, 0xfe, 0x1f, 0xfe, 0xf0,
  0xfe, 0x05, 0x11, 0xfe, 0xf0, 0x11, 0xfe, 0x01, 0xfe, 0xd0, 0xfe, 0x00,
  0x14, 0xfe, 0xf0, 0xfe, 0x03, 0xfe, 0xf0, 0x13, 0xfe, 0xf0, 0xfe, 0xf0,
  0xfe, 0xf0, 0x11, 0xfe, 0x01, 0xfe, 0x15, 0x11, 0xfe, 0xf0, 0xfe, 0x16,
  0x13, 0xfe, 0xf0, 0xfe, 0xf0, 0xfe, 0xf0, 0xfe, 0x05, 0x11, 0xfe, 0x01,
  0xfe, 0xd0, 0xfe, 0x00, 0x11, 0xfe, 0x00, 0x14, 0xfe, 0x00, 0xf0, 0x0c,
  0x0b, 0xfe, 0xf0, 0xe9, 0xfe, 0xf0, 0x0d, 0x0a, 0xfe, 0x01, 0xfe, 0x00,
  0x0a, 0xfe, 0xe8, 0x19, 0x10, 0xe9, 0xfe, 0xf0, 0x0d, 0x0f, 0xfe, 0xeb,
  0xfe, 0x03, 0xfe, 0xf0, 0xf0, 0xfe, 0xf0, 0xfe, 0xd2, 0xfe, 0xf0, 0xf0,
  0xfe, 0xf0, 0xfe, 0xd2, 0xfe, 0xf0, 0xf0, 0xfe, 0xf0, 0xfe, 0x03, 0xfe,
  0xf0, 0xd1, 0xfe, 0x01, 0xfe, 0x15, 0xd1, 0xfe, 0xf0, 0xfe, 0x00, 0xd1,
  0xfe, 0x01, 0xfe, 0x16, 0xd1, 0xfe, 0xf0, 0xfe, 0x00, 0xf0, 0xfe, 0xf0,
  0xfe, 0xf0, 0xfe, 0xf0, 0xfe, 0xf0, 0xfe, 0xf0, 0xfe, 0xf0, 0xfe, 0xf0,
  0xfe, 0xf0, 0xfe, 0xf0, 0xfe, 0x00, 0xf0, 0xfe, 0xf0, 0xfe, 0xd0, 0xfe,
  0xf0, 0xfe, 0xd0, 0xfe, 0x03, 0xfe, 0xd0, 0xfe, 0x03, 0xfe, 0xd0, 0xfe,
  0x03, 0xfe, 0xd0, 0xfe, 0x05, 0xf0, 0xfe, 0x01, 0xfe, 0xf0, 0xfe, 0xf0,
  0xfe, 0xf0, 0xfe, 0x1b, 0xfe, 0xef, 0x0a, 0xfe, 0x01, 0xfe, 0x00, 0x0a,
  0xfe, 0xf0, 0xfe, 0xd2, 0xfe, 0xf0, 0xfe, 0x05, 0x19, 0x10, 0xe7, 0x0d,
  0x0f, 0xfe, 0xeb, 0xfe, 0x03, 0xfe, 0xf0, 0x0a, 0xfe, 0x01, 0xfe, 0x00,
  0x0a, 0xfe, 0xf0, 0xfe, 0xd2, 0xfe, 0xf0, 0x19, 0x10, 0xf0, 0xf0, 0x11,
  0xfe, 0xf0, 0xfe, 0x05, 0x11, 0xfe, 0xf0, 0xfe, 0xd9, 0xfe, 0xf0, 0xfe,
  0xf0, 0xfe, 0xf0, 0x11, 0xfe, 0x00, 0xf0, 0x0c, 0x17, 0xfe, 0x00, 0xe9,
  0xfe, 0xf0, 0x0d, 0x0f, 0xfe, 0xeb, 0xfe, 0x03, 0xfe, 0xf0, 0x0a, 0xfe,
  0xf0, 0xfe, 0xd2, 0xfe, 0xf0, 0xfe, 0xf0, 0xfe, 0xd2, 0xfe, 0xf0, 0xfe,
  0xf0, 0xfe, 0xd2, 0xfe, 0xf0, 0xfe, 0x1e, 0x10, 0xe7, 0x0d, 0x0f, 0xfe,
  0xeb, 0xfe, 0x03, 0xfe, 0xf0, 0x0a, 0xfe, 0xf0, 0xfe, 0xd2, 0xfe, 0xf1,
  0x10, 0xd5, 0xfe, 0x00, 0xd5, 0xfe, 0xf1, 0xfe, 0x05, 0xd5, 0xfe, 0xf1,
  0xfe, 0x05, 0xd5, 0xfe, 0xf1, 0xfe, 0xf1, 0xfe, 0x05, 0xd5, 0xfe, 0x00,
  0x30, 0x0d, 0xd1, 0xfe, 0xf0, 0xfe, 0xf0, 0xfe, 0x05, 0x0a, 0xfe, 0xf0,
  0xfe, 0x00, 0xd1, 0xfe, 0xf0, 0xfe, 0xf1, 0xfe, 0x05, 0xd1, 0xfe, 0xf0,
  0xfe, 0x05, 0xd1, 0xfe, 0xf0, 0xfe, 0xf0, 0xfe, 0x05, 0xd1, 0xfe, 0x00,
  0xe0, 0xfe, 0xf1, 0x08, 0x04, 0xfe, 0x01, 0xfe, 0x00, 0x09, 0x18, 0x08,
  0x04, 0xfe, 0xf1, 0xfe, 0x00, 0x09, 0xd1, 0xfe, 0x00, 0xf1, 0xfe, 0x03,
  0xfe, 0xf1, 0xfe, 0x03, 0xfe, 0xf0, 0xfe, 0xf1, 0x08, 0x04, 0xfe, 0xf1,
  0xfe, 0x03, 0xfe, 0x05, 0x29, 0x09, 0x18, 0x08, 0x04, 0xfe, 0x01, 0xfe,
  0xd9, 0xfe, 0x00, 0xf0, 0xfe, 0xf0, 0xfe, 0x12, 0xd6, 0xd4, 0xfe, 0xf0,
  0xf0, 0xd7, 0x09, 0xd1, 0xfe, 0xf0, 0xfe, 0xd8, 0xfe, 0x05, 0xd1, 0xfe,
  0xf1, 0xfe, 0xd8, 0xfe, 0xf1, 0xfe, 0xd8, 0xfe, 0xf1, 0x0a, 0xfe, 0xf0,
  0xfe, 0xd0, 0xfe, 0xf1, 0xfe, 0xf1, 0xfe, 0x03, 0xfe, 0x1e, 0x19, 0x31,
  0x0b, 0xfe, 0xed, 0xfe, 0xf1, 0xfe, 0xf0, 0xfe, 0xf1, 0xfe, 0xf0, 0x0e,
  0x20, 0x0c, 0x0b, 0xfe, 0x01, 0xfe, 0x00, 0x0e, 0x13, 0xfe, 0x00, 0xf0,
  0x0c, 0xf1, 0x0d, 0xf1, 0xfe, 0xf1, 0x0f, 0xfe, 0xf1, 0xfe, 0xf1, 0x0f,
  0xfe, 0x01, 0xfe, 0xf1, 0xfe, 0xf0, 0x0f, 0xfe, 0xf0, 0xfe, 0x03, 0xfe,
  0xf1, 0xfe, 0xf1, 0x0f, 0xfe, 0x01, 0xfe, 0xd8, 0xfe, 0x00, 0x0f, 0xfe,
  0x01, 0xfe, 0xd9, 0xfe, 0x00, 0x0a, 0xfe, 0xf1, 0xfe, 0xd8, 0xfe, 0xf1,
  0xfe, 0xd8, 0xfe, 0xf0, 0xfe, 0xd9, 0xfe, 0xf0, 0xfe, 0xd9, 0xfe, 0xf1,
  0x19, 0x10, 0xe7, 0x0d, 0x0f, 0xfe, 0x00, 0xe0, 0xfe, 0x12, 0x08, 0x04,
  0xfe, 0xf1, 0xfe, 0xf1, 0xfe, 0xf1, 0xfe, 0xf0, 0x09, 0x18, 0x08, 0x04,
  0xfe, 0xf1, 0x09, 0x0f, 0xfe, 0x00, 0xe0, 0xfe, 0x12, 0x08, 0xdf, 0xfe,
  0x01, 0xfe, 0x16, 0xdf, 0xfe, 0x01, 0xfe, 0x15, 0xdf, 0xfe, 0x01, 0xfe,
  0x1c, 0x04, 0xfe, 0x01, 0xfe, 0xf1, 0xfe, 0xd0, 0xfe, 0xf1, 0xfe, 0xd0,
  0xfe, 0xf1, 0xfe, 0x1d, 0xfe, 0xf1, 0xfe, 0xd0, 0xfe, 0xf1, 0xfe, 0xd0,
  0xfe, 0xf0, 0xfe, 0xd0, 0xfe, 0xf1, 0x09, 0x18, 0x08, 0x04, 0xfe, 0x01,
  0xfe, 0x00, 0x09, 0x0a, 0xfe, 0xf0, 0xfe, 0xf1, 0x19, 0x10, 0xf0, 0xf0,
  0xb6, 0xfe, 0x00, 0x13, 0xfe, 0xb5, 0xfe, 0xf1, 0xfe, 0x03, 0xfe, 0xf1,
  0xfe, 0xf1, 0xfe, 0xf1, 0xfe, 0xf1, 0xfe, 0xf1, 0xfe, 0xf0, 0xfe, 0xf0,
  0xfe, 0xf0, 0xfe, 0xf0, 0xfe, 0xf0, 0xfe, 0xf0, 0xfe, 0xf1, 0xfe, 0xd0,
  0xfe, 0xf1, 0xfe, 0xf1, 0xfe, 0xf0, 0xfe, 0xf0, 0xfe, 0xf0, 0xfe, 0xf0,
  0xfe, 0xf0, 0xfe, 0xf0, 0xfe, 0xf1, 0x13, 0xfe, 0x00, 0xf0, 0x0c, 0x17,
  0xfe, 0x00, 0x30, 0x0d, 0xf1, 0x08, 0xdf, 0xfe, 0xf2, 0xfe, 0x05, 0xba,
  0xfe, 0x00, 0xf0, 0xfe, 0xf1, 0xd6, 0xd4, 0xfe, 0xf2, 0xfe, 0xf2, 0xfe,
  0xf1, 0xd7, 0xf0, 0xd6, 0xd4, 0xfe, 0x01, 0xfe, 0x00, 0xd7, 0x04, 0xfe,
  0x01, 0xfe, 0x00, 0x29, 0x09, 0x0a, 0xfe, 0xf1, 0x19, 0x31, 0xd5, 0xfe,
  0xf0, 0xfe, 0x03, 0xfe, 0xe2, 0x0b, 0xfe, 0xf1, 0xf1, 0xfe, 0xf0, 0x0d,
  0x0a, 0xfe, 0x01, 0xfe, 0x00, 0x19, 0x10, 0xe9, 0xfe, 0xf0, 0x0d, 0x0a,
  0xfe, 0x01, 0xfe, 0x00, 0x19, 0x10, 0x17, 0xfe, 0x27, 0xfe, 0xd9, 0xfe,
  0x05, 0xd5, 0xfe, 0xf0, 0xfe, 0xf0, 0xd5, 0xfe, 0xf0, 0xfe, 0x03, 0xfe,
  0xe2, 0xd5, 0xfe, 0x01, 0xfe, 0xd0, 0xfe, 0x00, 0xd5, 0xfe, 0xed, 0xfe,
  0xf0, 0xfe, 0xd0, 0xfe, 0xf0, 0xfe, 0xd0, 0xfe, 0xf0, 0xd5, 0xfe, 0xf0,
  0xfe, 0x03, 0xfe, 0xe2, 0xd5, 0xfe, 0x01, 0xfe, 0xd0, 0xfe, 0x00, 0x0b,
  0xfe, 0x01, 0xfe, 0xf0, 0xfe, 0xf0, 0xfe, 0xf0, 0xfe, 0xf0, 0xfe, 0xf0,
  0xfe, 0xd0, 0xfe, 0x1d, 0xfe, 0xf0, 0xfe, 0xf0, 0xfe, 0xf0, 0xfe, 0xf0,
  0xfe, 0xf0, 0xfe, 0xd0, 0xfe, 0xf0, 0xfe, 0x24, 0xfe, 0xf0, 0xfe, 0xf0,
  0xfe, 0xf0, 0xfe, 0xd0, 0xfe, 0xf0, 0xfe, 0x24, 0xfe, 0xf0, 0xfe, 0xf2,
  0xfe, 0x1e, 0xf0, 0xf0, 0x13, 0xfe, 0x00, 0xf0, 0x0c, 0xe9, 0xfe, 0x12,
  0x0d, 0x0a, 0xfe, 0x01, 0xfe, 0x00, 0x19, 0x10, 0x17, 0xfe, 0x00, 0x0b,
  0xfe, 0x01, 0xfe, 0x00, 0x17, 0xfe, 0x00, 0xbc, 0xfe, 0xbd, 0xfe, 0xf1,
  0xfe, 0x01, 0xfe, 0x03, 0xfe, 0x39, 0x0d, 0xd1, 0xfe, 0xf0, 0xfe, 0xf1,
  0xfe, 0xf1, 0xf1, 0xfe, 0xf1, 0xfe, 0xf1, 0x08, 0xba, 0xfe, 0x00, 0xf0,
  0xfe, 0xf0, 0xd6, 0xf0, 0xfe, 0x27, 0xfe, 0xf1, 0xfe, 0xf1, 0xdc, 0xfe,
  0xf0, 0xfe, 0xf0, 0xdc, 0xfe, 0xf0, 0xfe, 0x03, 0xfe, 0xe2, 0xdc, 0xfe,
  0x01, 0xfe, 0xd0, 0xfe, 0x00, 0xdc, 0xfe, 0xed, 0xfe, 0xf0, 0xfe, 0xd0,
  0xfe, 0xf0, 0xfe, 0xd0, 0xfe, 0xf0, 0xdc, 0xfe, 0xf1, 0xfe, 0xf1, 0xfe,
  0xe2, 0xdc, 0xfe, 0x01, 0xfe, 0xd0, 0xfe, 0x00, 0xd4, 0xfe, 0x01, 0xfe,
  0xf0, 0xfe, 0xf0, 0xfe, 0xf0, 0xfe, 0xf0, 0xfe, 0xf0, 0xfe, 0xd0, 0xfe,
  0x1d, 0xfe, 0xf0, 0xfe, 0xf0, 0xfe, 0xf0, 0xfe, 0xf0, 0xfe, 0xf0, 0xfe,
  0xd0, 0xfe, 0xf0, 0xfe, 0x24, 0xfe, 0xf0, 0xfe, 0xf0, 0xfe, 0xf0, 0xfe,
  0xd0, 0xfe, 0xf0, 0xfe, 0x24, 0xfe, 0xf0, 0xfe, 0xf1, 0xfe, 0xf1, 0xfe,
  0xf1, 0xfe, 0x1e, 0xd7, 0xf0, 0xd6, 0xd4, 0xfe, 0x01, 0xfe, 0x00, 0xd7,
  0x04, 0xfe, 0x01, 0xfe, 0x00, 0x09, 0x18, 0x08, 0x04, 0xfe, 0x01, 0xfe,
  0x00, 0x09, 0x10, 0x0b, 0xfe, 0x01, 0xfe, 0x00, 0xf0, 0xf0, 0x13, 0xfe,
  0x00, 0xf1, 0x0c, 0xf1, 0xfe, 0xf1, 0xfe, 0x03, 0xfe, 0xf1, 0xe5, 0xfe,
  0xf0, 0xfe, 0xf1, 0xfe, 0xf1, 0xe5, 0xfe, 0x01, 0xfe, 0xf1, 0xf1, 0xfe,
  0xf1, 0xfe, 0xf1, 0xe5, 0xfe, 0x01, 0xfe, 0xf0, 0xfe, 0xf1, 0xe5, 0xfe,
  0x01, 0xfe, 0xf0, 0xfe, 0xf1, 0xe5, 0xfe, 0x01, 0xfe, 0xd9, 0xfe, 0x00,
  0x17, 0xfe, 0x00, 0x0b, 0xfe, 0x01, 0xfe, 0x00, 0x17, 0xfe, 0x00, 0xf1,
  0xfe, 0x01, 0xfe, 0x2c, 0xfe, 0x2d, 0xfe, 0x2c, 0xfe, 0x01, 0xfe, 0x03,
  0xfe, 0x39, 0x0d, 0xf1, 0xfe, 0xf1, 0xfe, 0xf1, 0x23, 0xfe, 0x1f, 0xfe,
  0xf1, 0xfe, 0xf1, 0xfe, 0xf1, 0x0f, 0xfe, 0xf0, 0xfe, 0xf1, 0xd1, 0xfe,
  0xf0, 0xfe, 0xf1, 0x0f, 0xfe, 0x27, 0xfe, 0x05, 0xd1, 0xfe, 0xf0, 0xfe,
  0x03, 0xfe, 0x05, 0xd1, 0xfe, 0x01, 0xfe, 0xf1, 0xfe, 0xf1, 0xd1, 0xfe,
  0xf1, 0xfe, 0xd0, 0xfe, 0xe2, 0x0f, 0xfe, 0xf1, 0xd1, 0xfe, 0xf0, 0xfe,
  0xd0, 0xfe, 0xf1, 0xfe, 0x03, 0xfe, 0xf1, 0xfe, 0xf1, 0xd1, 0xfe, 0xf0,
  0xfe, 0x03, 0xfe, 0xe2, 0xd1, 0xfe, 0x00, 0xf1, 0x08, 0xdf, 0xfe, 0x00,
  0xf2, 0xfe, 0xf2, 0xd6, 0xdc, 0xfe, 0xf1, 0xfe, 0xf1, 0xfe, 0xf1, 0xfe,
  0xf1, 0xfe, 0xf1, 0xd4, 0xfe, 0x01, 0xfe, 0xf0, 0xfe, 0xd0, 0xfe, 0x05,
  0xd7, 0xf0, 0xd6, 0xd4, 0xfe, 0x01, 0xfe, 0x00, 0xd7, 0x04, 0xfe, 0x01,
  0xfe, 0x00, 0x09, 0x18, 0x08, 0x04, 0xfe, 0x01, 0xfe, 0x00, 0x09, 0xf1,
  0xfe, 0xf1, 0xfe, 0xf0, 0x08, 0x04, 0xfe, 0x01, 0xfe, 0x00, 0x2e, 0x09,
  0xf0, 0xfe, 0x01, 0xfe, 0xf0, 0xf0, 0xfe, 0x00, 0xf1, 0xfe, 0x12, 0x08,
  0x04, 0xfe, 0x01, 0xfe, 0xf0, 0x09, 0x18, 0x08, 0x04, 0xfe, 0x01, 0xfe,
  0x00, 0x09, 0xe0, 0xfe, 0x12, 0x08, 0x04, 0xfe, 0x01, 0xfe, 0x00, 0x2e,
  0x09, 0x0f, 0xfe, 0x27, 0xfe, 0xd9, 0xfe, 0x05, 0xd1, 0xfe, 0xf0, 0xfe,
  0xf0, 0xd1, 0xfe, 0xf0, 0xfe, 0x03, 0xfe, 0xe2, 0xd1, 0xfe, 0x01, 0xfe,
  0xd0, 0xfe, 0x00, 0xd1, 0xfe, 0xed, 0xfe, 0xf0, 0xfe, 0xd0, 0xfe, 0xf0,
  0xfe, 0xd0, 0xfe, 0xf0, 0xd1, 0xfe, 0xf0, 0xfe, 0x03, 0xfe, 0xe2, 0xd1,
  0xfe, 0x01, 0xfe, 0xd0, 0xfe, 0x00, 0x0a, 0xfe, 0x01, 0xfe, 0xf0, 0xfe,
  0xf0, 0xfe, 0xf0, 0xfe, 0xf0, 0xfe, 0xf0, 0xfe, 0xd0, 0xfe, 0x1d, 0xfe,
  0xf0, 0xfe, 0xf0, 0xfe, 0xf0, 0xfe, 0xf0, 0xfe, 0xf0, 0xfe, 0xd0, 0xfe,
  0xf0, 0xfe, 0x24, 0xfe, 0xf0, 0xfe, 0xf0, 0xfe, 0xf0, 0xfe, 0xd0, 0xfe,
  0xf0, 0xfe, 0x24, 0xfe, 0xf0, 0xfe, 0xf1, 0xfe, 0xf1, 0xfe, 0xf1, 0xfe,
  0xf2, 0xfe, 0xd0, 0xfe, 0x1d, 0xfe, 0x1e, 0x10, 0x17, 0xfe, 0x00, 0xf1,
  0x0d, 0xf0, 0xfe, 0x01, 0xfe, 0xf1, 0xf0, 0xfe, 0x00, 0xe0, 0xfe, 0x12,
  0x08, 0x04, 0xfe, 0xf1, 0x09, 0x18, 0x08, 0x04, 0xfe, 0x01, 0xfe, 0x00,
  0x09, 0x0f, 0xfe, 0x00, 0xe0, 0xfe, 0x12, 0x08, 0x04, 0xfe, 0xf0, 0xfe,
  0x03, 0xfe, 0xf1, 0xfe, 0xf1, 0x09, 0x18, 0x08, 0x04, 0xfe, 0x01, 0xfe,
  0x00, 0x09, 0x0a, 0xfe, 0x01, 0xfe, 0x00, 0x10, 0xe7, 0x0d, 0x0a, 0xfe,
  0x01, 0xfe, 0x00, 0x10, 0x0b, 0xfe, 0x01, 0xfe, 0x00, 0x0e, 0x20, 0x0c,
  0x0b, 0xfe, 0x01, 0xfe, 0x00, 0x0e, 0x14, 0xfe, 0xf0, 0xfe, 0xf0, 0x1a,
  0xfe, 0x26, 0xfe, 0x15, 0x1a, 0xfe, 0x2b, 0xfe, 0x16, 0x1a, 0xfe, 0x28,
  0xfe, 0x1c, 0x13, 0xfe, 0xed, 0xfe, 0xf1, 0x14, 0xfe, 0x01, 0xfe, 0x00,
  0x1a, 0xfe, 0x26, 0xfe, 0x15, 0x1a, 0xfe, 0x2b, 0xfe, 0x16, 0x1a, 0xfe,
  0x28, 0xfe, 0x1c, 0xf1, 0xfe, 0x00, 0x37, 0x25, 0x02, 0x90, 0x91, 0x92,
  0x93, 0x0a, 0x94, 0x95, 0x0a, 0x96, 0x97, 0x0a, 0x98, 0x0a, 0x99, 0x9a,
  0x9b, 0x9c, 0x9d, 0x9e, 0x9f, 0xa0, 0x13, 0xa1, 0x13, 0xa2, 0xc7, 0xc8,
  0x13, 0xc9, 0xa3, 0xa4, 0xa5, 0xa6, 0xa7, 0xa8, 0xa9, 0xaa, 0xab, 0xac,
  0xad, 0xae, 0xaf, 0xb0, 0xb1, 0xb2, 0xb3, 0xb4, 0xb5, 0xb6, 0xb7, 0xb8,
  0xb9, 0xba, 0x8f, 0xbb, 0xbc, 0xbd, 0xbe, 0xbf, 0xc0, 0xc1, 0xc2, 0xc3,
  0xc4, 0xc5, 0xc6, 0xc7, 0xc8, 0x88, 0xc9, 0xca, 0xcb, 0xcc, 0xcd, 0xce,
  0xcf, 0xd0, 0xd1, 0xd2, 0xd3, 0xd4, 0xd5, 0xd6, 0xd7, 0xd8, 0xd9, 0xda,
  0xdb, 0xdc, 0xdd, 0xde, 0xdf, 0x0b, 0x34, 0xe0, 0xe1, 0x19, 0xe2, 0xe3,
  0x1a, 0x35, 0x36, 0x37, 0xe4, 0x36, 0x37, 0xe5, 0x6f, 0xe6, 0xe7, 0x0b,
  0x0b, 0x24, 0xe8, 0xe9, 0xea, 0xeb, 0xec, 0xed, 0xee, 0xef, 0xf0, 0x24,
  0xf1, 0xf2, 0x24, 0xf3, 0x5c, 0x5d, 0xf4, 0x38, 0x35, 0xf5, 0xf6, 0x39,
  0x1b, 0xf7, 0xf8, 0xf9, 0xfa, 0x25, 0xfb, 0x1a, 0x26, 0xfc, 0x38, 0x3a,
  0xfd, 0x3a, 0xfe, 0x26, 0xff, 0x00, 0x01, 0x02, 0x03, 0x04, 0x27, 0x3b,
  0x0b, 0x27, 0x05, 0x1e, 0x27, 0x3b, 0x06, 0x07, 0x08, 0x09, 0x65, 0x0a,
  0x0b, 0x01, 0x28, 0x16, 0x5e, 0x1e, 0x0c, 0x0d, 0x0e, 0x0c, 0x0f, 0x10,
  0x11, 0x3c, 0x12, 0x29, 0x19, 0x13, 0x14, 0x15, 0x16, 0x17, 0x18, 0x3d,
  0x70, 0x19, 0x1a, 0x1b, 0x1c, 0x3e, 0x3e, 0x1d, 0x1e, 0x1f, 0x20, 0x3d,
  0x21, 0x22, 0x23, 0x24, 0x25, 0x26, 0x89, 0x27, 0x17, 0x28, 0x39, 0x1b,
  0x29, 0x2a, 0x2b, 0x2c, 0x2d, 0x2e, 0x3f, 0x40, 0x0d, 0x41, 0x0d, 0x42,
  0x2f, 0x30, 0x31, 0x3f, 0x40, 0x0d, 0x41, 0x0d, 0x42, 0x32, 0x19, 0xca,
  0x6a, 0x01, 0xcb, 0x6b, 0x6c, 0xcc, 0x05, 0xcd, 0x0e, 0x3f, 0xce, 0x66,
  0x68, 0x06, 0x25, 0x0e, 0x46, 0x10, 0x47, 0x67, 0x48, 0x49, 0x4a, 0x4b,
  0x2c, 0x4c, 0x1f, 0x4d, 0x11, 0x07, 0x02, 0x10, 0x11, 0x07, 0x02, 0x4e,
  0x9a, 0x69, 0x1b, 0x19, 0xcf, 0x0e, 0xd0, 0xd1, 0xd2, 0xd3, 0xd4, 0x01,
  0x1a, 0x03, 0xd5, 0xd6, 0x06, 0x25, 0x0e, 0x46, 0x10, 0x47, 0xd7, 0xd8,
  0x48, 0x49, 0x4a, 0x4b, 0x2c, 0x4c, 0x1f, 0x4d, 0x11, 0x07, 0x02, 0x10,
  0x11, 0x07, 0x02, 0x4e, 0xd9, 0xda, 0xdb, 0x05, 0x69, 0x1b, 0x33, 0x34,
  0x35, 0x36, 0x0c, 0x37, 0x38, 0x39, 0x3a, 0x3b, 0x3c, 0x43, 0x3d, 0x43,
  0x3e, 0x40, 0x41, 0x42, 0x43, 0x44, 0x45, 0x46, 0x44, 0x47, 0x44, 0x48,
  0x87, 0x49, 0x4a, 0x4b, 0x4c, 0x0c, 0x4d, 0x4e, 0x4f, 0x0e, 0x50, 0x24,
  0x25, 0x51, 0x52, 0x53, 0x54, 0x55, 0x1f, 0x05, 0x56, 0x57, 0x66, 0x0f,
  0x45, 0x0f, 0x58, 0x45, 0x06, 0x25, 0x0e, 0x46, 0x10, 0x47, 0x67, 0x48,
  0x49, 0x4a, 0x4b, 0x2c, 0x4c, 0x1f, 0x4d, 0x11, 0x07, 0x02, 0x10, 0x11,
  0x07, 0x02, 0x4e, 0x59, 0x5a, 0x5b, 0x26, 0x5c, 0x0f, 0x5d, 0x0f, 0x5e,
  0x34, 0x5f, 0x60, 0x33, 0x26, 0x61, 0x62, 0x02, 0x03, 0x04, 0x05, 0xe3,
  0x12, 0xa3, 0x81, 0x96, 0x40, 0x96, 0x40, 0x96, 0x40, 0xed, 0x89, 0xfc,
  0xb6, 0x96, 0x40, 0xfc, 0x99, 0xcc, 0x42, 0xa3, 0x81, 0xfc, 0xb6, 0xea,
  0xaa, 0xfc, 0xb6, 0xa3, 0x81, 0xed, 0x77, 0xed, 0x77, 0xed, 0x77, 0xed,
  0x77, 0xd3, 0xbf, 0x97, 0x85, 0xed, 0x77, 0xd3, 0xbf, 0xbb, 0x4c, 0xed,
  0x77, 0xd3, 0xbf, 0xa5, 0x4f, 0xf7, 0x38, 0xa5, 0x4f, 0xa5, 0x4f, 0xd0,
  0x8a, 0xcc, 0x42, 0xa5, 0x4f, 0xeb, 0x75, 0xbb, 0x4c, 0xd0, 0x8a, 0xbc,
  0x97, 0xfc, 0x99, 0xda, 0x6e, 0xfc, 0x99, 0xed, 0x70, 0xd0, 0x8a, 0xd0,
  0x8a, 0xbb, 0x4c, 0x9d, 0x69, 0xf7, 0x38, 0xf7, 0x38, 0xaa, 0x49, 0xe8,
  0x5a, 0xed, 0x89, 0xed, 0x89, 0xe8, 0x5a, 0x05, 0xaa, 0x49, 0xed, 0x89,
  0x9e, 0x3e, 0xbc, 0x97, 0xda, 0x6e, 0xb4, 0xa5, 0x9e, 0x3e, 0x9e, 0x3e,
  0xfa, 0x87, 0x9e, 0x3e, 0x9e, 0x3e, 0xf7, 0x33, 0xbc, 0x97, 0xda, 0x6e,
  0xf8, 0x6b, 0xf7, 0x33, 0x9c, 0x75, 0xf8, 0x6b, 0x8a, 0x5a, 0xf7, 0x33,
  0x93, 0x8a, 0x8a, 0x5a, 0xc9, 0xb0, 0xb4, 0xa5, 0xfa, 0x87, 0xb4, 0xa5,
  0xfa, 0x87, 0xb4, 0xa5, 0xfa, 0x87, 0xb4, 0xa5, 0xfa, 0x87, 0xed, 0x89,
  0xc8, 0x5f, 0xc9, 0xb0, 0xc9, 0xb0, 0x9c, 0x75, 0x8a, 0x5a, 0xf8, 0x6b,
  0x8a, 0x5a, 0xf8, 0x6b, 0x93, 0x8a, 0x9c, 0x75, 0x93, 0x8a, 0xa9, 0x33,
  0xc8, 0x5f, 0xc8, 0x5f, 0xc8, 0x5f, 0xc8, 0x5f, 0xc8, 0x5f, 0xe8, 0x5a,
  0xa9, 0x33, 0xaa, 0x49, 0x9e, 0x3e, 0x9e, 0x3e, 0xa9, 0x33, 0xcb, 0x52,
  0xbc, 0x97, 0xda, 0x6e, 0xe8, 0x5a, 0x05, 0xaa, 0x49, 0xcb, 0x52, 0xcb,
  0x52, 0x8e, 0xc3, 0xaa, 0x49, 0xc5, 0x74, 0xcc, 0x42, 0x8e, 0xc3, 0xf7,
  0x38, 0x8e, 0xc3, 0xe9, 0x4d, 0xcd, 0x3c, 0xed, 0x89, 0xe1, 0x3f, 0xbc,
  0x97, 0xda, 0x6e, 0xcd, 0x3c, 0xe1, 0x3f, 0xe1, 0x3f, 0xe8, 0x5a, 0xe1,
  0x3f, 0xe1, 0x3f, 0xe8, 0x5a, 0xe1, 0x3f, 0xe1, 0x3f, 0xe8, 0x5a, 0xcc,
  0x52, 0xbc, 0x97, 0xda, 0x6e, 0xcd, 0x3c, 0xcc, 0x52, 0xcc, 0x52, 0xf2,
  0x33, 0xc8, 0x31, 0x8e, 0xc3, 0xde, 0x8e, 0x9d, 0x69, 0xec, 0x75, 0xcd,
  0x3c, 0xea, 0xaa, 0xb7, 0x33, 0xda, 0x8c, 0xc8, 0x31, 0xc8, 0x31, 0xf2,
  0x33, 0xde, 0x8e, 0xcf, 0x35, 0xde, 0x8e, 0xf2, 0x33, 0xe8, 0x62, 0xec,
  0x75, 0x97, 0x51, 0xe8, 0x62, 0xe8, 0x62, 0x88, 0x82, 0xec, 0x75, 0x88,
  0x82, 0x97, 0x51, 0x88, 0x82, 0x97, 0x51, 0xf5, 0x48, 0xda, 0x8c, 0xcf,
  0x35, 0xda, 0x8c, 0xcf, 0x35, 0x88, 0x82, 0xb7, 0x33, 0xc8, 0x31, 0xde,
  0x8e, 0xf5, 0x48, 0xda, 0x8c, 0xcf, 0x35, 0xf5, 0x48, 0x88, 0x82, 0xb7,
  0x33, 0x90, 0xa7, 0xda, 0x8c, 0xcf, 0x35, 0xb1, 0x72, 0x88, 0x82, 0x90,
  0xa7, 0xf5, 0x48, 0x90, 0xa7, 0xb7, 0x33, 0xb1, 0x72, 0xb1, 0x72, 0xb1,
  0x72, 0xc8, 0x31, 0xde, 0x8e, 0xe9, 0x4d, 0xc5, 0x74, 0xb7, 0x33, 0xf2,
  0x33, 0xf7, 0x38, 0xe9, 0x4d, 0xc5, 0x74, 0xc9, 0x6e, 0xbb, 0x3e, 0xd6,
  0xaa, 0xa3, 0x81, 0xb8, 0xbb, 0xd6, 0xaa, 0xbb, 0x3e, 0x85, 0xb5, 0xd6,
  0xaa, 0xa3, 0x81, 0xbb, 0x3e, 0x9f, 0xc0, 0xa3, 0x81, 0xb8, 0xbb, 0x8c,
  0x3e, 0xa3, 0x81, 0xb8, 0xbb, 0xc9, 0x6e, 0x9f, 0xc0, 0x85, 0xb5, 0x8c,
  0x3e, 0x85, 0xb5, 0x8c, 0x3e, 0x85, 0xb5, 0x9f, 0xc0, 0x85, 0xb5, 0xac,
  0x55, 0x02, 0xac, 0x55, 0xa3, 0x81, 0xa3, 0x81, 0xa3, 0x81, 0xac, 0x55,
  0xc1, 0x7d, 0x03, 0xab, 0x9f, 0xa3, 0x81, 0xbe, 0x7a, 0xa3, 0x81, 0xb2,
  0x5a, 0xa3, 0x81, 0xc1, 0x7d, 0xac, 0x55, 0xab, 0x9f, 0xbe, 0x7a, 0xab,
  0x9f, 0xb2, 0x5a, 0xb2, 0x5a, 0xb2, 0x5a, 0xb2, 0x5a, 0xbe, 0x7a, 0xbe,
  0x7a, 0xbe, 0x7a, 0xab, 0x9f, 0xab, 0x9f, 0xc1, 0x7d, 0xac, 0x55, 0xc9,
  0x6e, 0xc1, 0x7d, 0xbb, 0x82, 0xd7, 0xbf, 0xed, 0x70, 0xea, 0xaa, 0xa3,
  0x81, 0x9d, 0x69, 0xa5, 0x4f, 0xa5, 0x4f, 0xeb, 0x75, 0xe9, 0x4d, 0xbb,
  0x4c, 0xe9, 0x4d, 0xbb, 0x4c, 0xe9, 0x4d, 0xbb, 0x4c, 0xe9, 0x4d, 0x97,
  0x85, 0xc9, 0x6e, 0xed, 0x70, 0x8e, 0xc3, 0x97, 0x85, 0x8e, 0xc3, 0x97,
  0x85, 0x8e, 0xc3, 0x97, 0x85, 0x8e, 0xc3, 0xbf, 0x55, 0x94, 0xb8, 0xab,
  0xbb, 0xea, 0xaa, 0xac, 0x52, 0xab, 0xbb, 0xac, 0x52, 0xea, 0xaa, 0xab,
  0xbb, 0xac, 0x52, 0xea, 0xaa, 0x94, 0xb8, 0xac, 0x52, 0x94, 0xb8, 0xde,
  0x8b, 0xa3, 0x81, 0x94, 0xb8, 0xbb, 0x82, 0xbb, 0x82, 0xbf, 0x55, 0xd7,
  0xbf, 0xde, 0x8b, 0xbf, 0x55, 0xd7, 0xbf, 0x82, 0x8b, 0xfc, 0xb6, 0x94,
  0xb8, 0xc9, 0x72, 0xde, 0x8b, 0x90, 0x58, 0xa3, 0x81, 0x82, 0x8b, 0xf0,
  0x3f, 0x90, 0x58, 0xf7, 0x38, 0xc1, 0x5f, 0xf7, 0x38, 0x90, 0x58, 0x90,
  0x58, 0xf0, 0x3f, 0xf0, 0x3f, 0xff, 0x87, 0x94, 0xb8, 0x82, 0x8b, 0xef,
  0x33, 0xff, 0x87, 0xff, 0x87, 0xbf, 0x55, 0xd7, 0xbf, 0x97, 0x85, 0xbb,
  0x4c, 0xbb, 0x4c, 0xbb, 0x4c, 0xef, 0x33, 0xef, 0x33, 0xff, 0x87, 0xc1,
  0x5f, 0xc1, 0x5f, 0xc9, 0x72, 0xcc, 0x42, 0x9d, 0x69, 0xcc, 0x42, 0xcc,
  0x42, 0x9d, 0x69, 0xcc, 0x42, 0xc9, 0x72, 0x9d, 0x69, 0xc9, 0x72, 0xc9,
  0x72, 0x9d, 0x69, 0xeb, 0x75, 0xc9, 0x72, 0xad, 0x55, 0x04, 0xad, 0x55,
  0xbf, 0x55, 0xcb, 0x3c, 0xcb, 0x3c, 0xbf, 0x55, 0xae, 0x52, 0xbf, 0x50,
  0xbf, 0x50, 0xcb, 0x3c, 0xae, 0x52, 0xbf, 0x50, 0xaf, 0x64, 0xa3, 0x81,
  0xbf, 0x50, 0xbf, 0x50, 0xbb, 0x82, 0xad, 0x52, 0xaf, 0x64, 0x83, 0x8b,
  0xfc, 0xb6, 0xbf, 0x50, 0xca, 0x72, 0xaf, 0x64, 0x91, 0x58, 0xa3, 0x81,
  0x83, 0x8b, 0xf1, 0x3f, 0x91, 0x58, 0xf7, 0x38, 0xc2, 0x5f, 0xf7, 0x38,
  0x91, 0x58, 0x91, 0x58, 0xf1, 0x3f, 0xf1, 0x3f, 0x80, 0x88, 0xbf, 0x50,
  0x83, 0x8b, 0xf0, 0x33, 0x80, 0x88, 0x80, 0x88, 0xad, 0x52, 0xcb, 0x3c,
  0x97, 0x85, 0xbb, 0x4c, 0xbb, 0x4c, 0xbb, 0x4c, 0xf0, 0x33, 0xf0, 0x33,
  0x80, 0x88, 0xc2, 0x5f, 0xc2, 0x5f, 0xca, 0x72, 0xcc, 0x42, 0x9d, 0x69,
  0xcc, 0x42, 0xcc, 0x42, 0x9d, 0x69, 0xcc, 0x42, 0xca, 0x72, 0x9d, 0x69,
  0xca, 0x72, 0xca, 0x72, 0x9d, 0x69, 0xeb, 0x75, 0xbf, 0x50, 0xbf, 0x50,
  0xca, 0x72, 0xad, 0x52, 0xcb, 0x3c, 0xae, 0x52, 0xad, 0x52, 0xae, 0x52,
  0xcb, 0x3c, 0xad, 0x55, 0xcb, 0x3c, 0xd0, 0x87, 0xef, 0x44, 0xbc, 0x97,
  0xfc, 0x99, 0xb1, 0x3c, 0xef, 0x44, 0xef, 0x44, 0xb2, 0x65, 0xb1, 0x3c,
  0xab, 0xab, 0xb1, 0x3c, 0xb2, 0xa5, 0xab, 0xab, 0xb2, 0x65, 0xaa, 0x95,
  0xab, 0xab, 0xb2, 0x65, 0xa0, 0x9d, 0xb2, 0xa5, 0xaa, 0x95, 0x88, 0x4d,
  0x88, 0x4d, 0xad, 0x55, 0x85, 0x61, 0xf6, 0x6a, 0xb2, 0xa5, 0xf6, 0x6a,
  0xa0, 0x9d, 0x88, 0x4d, 0x85, 0x61, 0xf6, 0x6a, 0xc9, 0x8f, 0xf6, 0x6a,
  0xca, 0x39, 0xc9, 0x8f, 0xf6, 0x6a, 0xf6, 0x6a, 0xea, 0x9f, 0xca, 0x39,
  0x9e, 0xbf, 0xca, 0x39, 0xa3, 0x7b, 0xea, 0x9f, 0x93, 0x96, 0xea, 0x9f,
  0xea, 0x9f, 0xf4, 0x33, 0x93, 0x96, 0xca, 0x39, 0xbe, 0x84, 0xf4, 0x33,
  0xf4, 0x33, 0xda, 0x86, 0xd5, 0x71, 0xbe, 0x84, 0xbe, 0x84, 0xda, 0x86,
  0xda, 0x86, 0x93, 0x96, 0xbe, 0x4f, 0xa3, 0x81, 0xa3, 0x7b, 0xac, 0x8a,
  0xaf, 0x52, 0xca, 0x39, 0xc0, 0x79, 0xca, 0x39, 0xa3, 0x7b, 0xca, 0x39,
  0xca, 0x39, 0xaf, 0x52, 0xd5, 0x71, 0xc0, 0x79, 0xc0, 0x79, 0xaf, 0x52,
  0xd5, 0x71, 0xac, 0x8a, 0xaf, 0x52, 0xac, 0x8a, 0xd5, 0x71, 0xca, 0x39,
  0xbb, 0x82, 0x85, 0x61, 0x88, 0x4d, 0xe1, 0xa5, 0xbe, 0x4f, 0xae, 0x55,
  0xe1, 0xa5, 0xae, 0x55, 0xac, 0x8a, 0xae, 0x55, 0xe1, 0xa5, 0xae, 0x55,
  0x85, 0x61, 0x88, 0x4d, 0x84, 0x8b, 0xfc, 0xb6, 0xa3, 0x7b, 0xcb, 0x72,
  0xbe, 0x4f, 0x92, 0x58, 0xa3, 0x81, 0x84, 0x8b, 0xf2, 0x3f, 0x92, 0x58,
  0xf7, 0x38, 0xc3, 0x5f, 0xf7, 0x38, 0x92, 0x58, 0x92, 0x58, 0xf2, 0x3f,
  0xf2, 0x3f, 0x81, 0x88, 0xa3, 0x7b, 0x84, 0x8b, 0xf5, 0x33, 0x81, 0x88,
  0x81, 0x88, 0x85, 0x61, 0x88, 0x4d, 0x97, 0x85, 0xbb, 0x4c, 0xbb, 0x4c,
  0xbb, 0x4c, 0xf5, 0x33, 0xf5, 0x33, 0x81, 0x88, 0xc3, 0x5f, 0xc3, 0x5f,
  0xcb, 0x72, 0xcc, 0x42, 0x9d, 0x69, 0xcc, 0x42, 0xcc, 0x42, 0x9d, 0x69,
  0xcc, 0x42, 0xcb, 0x72, 0x9d, 0x69, 0xcb, 0x72, 0xcb, 0x72, 0x9d, 0x69,
  0xeb, 0x75, 0xca, 0x39, 0xca, 0x39, 0x9e, 0xbf, 0x9e, 0xbf, 0xac, 0x8a,
  0xcb, 0x72, 0xb1, 0x52, 0xd7, 0xaa, 0xaa, 0x95, 0xaf, 0x55, 0xd7, 0xaa,
  0xaf, 0x55, 0xaf, 0x55, 0xd7, 0xaa, 0xb0, 0x52, 0xaf, 0x55, 0xb0, 0x52,
  0x88, 0x4d, 0xe3, 0x12, 0xaa, 0x95, 0xb0, 0x52, 0x88, 0x4d, 0xb1, 0x52,
  0xb0, 0x52, 0xb1, 0x52, 0x88, 0x4d, 0xd0, 0x87, 0xb1, 0x52, 0xd0, 0x87,
  0xad, 0x55, 0xd5, 0x7a, 0xd0, 0x87, 0xd5, 0x7a, 0xd0, 0x87, 0xd5, 0x7a,
  0xd0, 0x87, 0xd5, 0x7a, 0xd0, 0x87, 0xe6, 0x6e, 0xd5, 0x7a, 0xd0, 0xab,
  0xd5, 0x7a, 0xd0, 0xab, 0xe6, 0x6e, 0xd0, 0xab, 0xe6, 0x6e, 0xd0, 0xab,
  0xe6, 0x6e, 0xd0, 0xab, 0x08, 0x1b, 0x00, 0x00, 0x22, 0x01, 0x00, 0x00,
  0x26, 0x00, 0x00, 0x00, 0x22, 0x01, 0x00, 0x00, 0x56, 0x00, 0x00, 0x00,
  0xb4, 0x02, 0x32, 0x33, 0x02, 0x34, 0x02, 0xf0, 0xf0, 0xf0, 0x07, 0xf0,
  0xf0, 0x25, 0x02, 0x3a, 0x07, 0x3b, 0x3c, 0x3d, 0x3e, 0x3f, 0x40, 0x41,
  0x06, 0x02, 0x42, 0x43, 0x22, 0x44, 0x02, 0x45, 0x07, 0x46, 0x06, 0x02,
  0xf0, 0xf0, 0x02, 0x47, 0x07, 0x48, 0x49, 0x4a, 0x4b, 0x4c, 0x4d, 0x4e,
  0x4f, 0x50, 0x51, 0x52, 0x53, 0x54, 0x55, 0x56, 0x57, 0x58, 0x59, 0x5a,
  0x5b, 0x5c, 0x5d, 0x5e, 0x5f, 0x60, 0x61, 0x62, 0x63, 0x64, 0x65, 0x66,
  0x67, 0x68, 0x69, 0x6a, 0x6b, 0x6c, 0x6d, 0x6e, 0x6f, 0x70, 0x71, 0x72,
  0x73, 0x74, 0x75, 0x76, 0x77, 0x78, 0x79, 0x7a, 0x7b, 0x7c, 0x7d, 0x7e,
  0x7f, 0x80, 0x81, 0x82, 0x83, 0x84, 0x85, 0x86, 0x87, 0x88, 0x89, 0x8a,
  0x8b, 0x8c, 0x8d, 0x8e, 0x8f, 0x90, 0x91, 0x92, 0x93, 0x94, 0x95, 0x96,
  0x97, 0x98, 0x99, 0x9a, 0x9b, 0x9c, 0x9d, 0x9e, 0x9f, 0xa0, 0xa1, 0x06,
  0x02, 0xa2, 0xb7, 0xa3, 0xa4, 0xb8, 0x06, 0x02, 0xa5, 0xa6, 0xa7, 0xa8,
  0xa9, 0xaa, 0xab, 0xd9, 0xda, 0xdb, 0xdc, 0xdd, 0xde, 0x06, 0x02, 0x35,
  0x07, 0xaf, 0xb0, 0xac, 0xad, 0xdf, 0xf0, 0xf0, 0xf0, 0x06, 0x02, 0x38,
  0x07, 0xe0, 0xf0, 0x06, 0x02, 0xf0, 0x07, 0xae, 0x36, 0xe1, 0xb6, 0xfe,
  0xf0, 0x14, 0xfe, 0xf0, 0xfe, 0xf0, 0xfe, 0xf0, 0xfe, 0xf0, 0xfe, 0xf0,
  0xf0, 0xfe, 0x15, 0xf0, 0xfe, 0x16, 0xf0, 0xfe, 0x1c, 0xf0, 0xfe, 0xf0,
  0x14, 0xfe, 0xf0, 0xfe, 0x00, 0xe2, 0xfe, 0x00, 0xb6, 0xfe, 0xf0, 0x11,
  0xfe, 0xf0, 0x11, 0xfe, 0xf0, 0xfe, 0x00, 0x11, 0xfe, 0xf0, 0xfe, 0x00,
  0x11, 0xfe, 0x01, 0xfe, 0xbb, 0xfe, 0x05, 0x11, 0xfe, 0x01, 0xfe, 0xf0,
  0x11, 0xfe, 0x1f, 0xfe, 0xbe, 0xfe, 0xf0, 0xfe, 0x24, 0xfe, 0x1d, 0xfe,
  0x05, 0x14, 0xfe, 0x01, 0xfe, 0x00, 0x1a, 0xfe, 0x26, 0xfe, 0x00, 0xf0,
  0xfe, 0xf0, 0xfe, 0x1d, 0xfe, 0x05, 0xf0, 0xfe, 0xf0, 0xfe, 0xbb, 0xfe,
  0xf0, 0xfe, 0x1e, 0xe3, 0xfe, 0x00, 0xf0, 0xfe, 0x00, 0xf0, 0xf0, 0x37,
  0x25, 0x02, 0x0b, 0x0c, 0x0d, 0x0e, 0x0f, 0x1e, 0x1f, 0x20, 0x21, 0x22,
  0x10, 0x1d, 0x23, 0x1c, 0x6d, 0x6e, 0x6f, 0x4d, 0x11, 0x12, 0x13, 0x52,
  0x7e, 0x4e, 0x24, 0x25, 0x26, 0x27, 0x28, 0x29, 0x2a, 0x2b, 0x2c, 0x2d,
  0x2e, 0x2f, 0x30, 0x31, 0xc6, 0x60, 0x9f, 0x8d, 0xc6, 0x60, 0xc6, 0x60,
  0xc6, 0x60, 0xc6, 0x60, 0x9f, 0x8d, 0x9f, 0x8d, 0x9f, 0x8d, 0xc6, 0x60,
  0x96, 0x32, 0x9f, 0x8d, 0x96, 0x32, 0xbb, 0x57, 0xc6, 0x6e, 0xa5, 0x92,
  0xc6, 0x6e, 0xd6, 0x4a, 0xc6, 0x6e, 0x8c, 0xb3, 0xa5, 0x92, 0xbb, 0x57,
  0x92, 0xb8, 0x96, 0x32, 0xeb, 0xa0, 0x96, 0x32, 0xd6, 0x4a, 0xd6, 0x4a,
  0x8c, 0xb3, 0x92, 0xb8, 0x8a, 0x6c, 0x96, 0x32, 0x8a, 0x6c, 0xeb, 0xa0,
  0xeb, 0xa0, 0x8c, 0xb3, 0x92, 0xb8, 0xeb, 0xa0, 0xa5, 0x92, 0xbb, 0x57,
  0x92, 0xb8, 0x8a, 0x6c, 0xc6, 0x60, 0xe2, 0x95, 0x00, 0x00, 0xc9, 0x09,
  0x00, 0x00, 0x41, 0x02, 0x00, 0x00, 0xc9, 0x09, 0x00, 0x00, 0x8f, 0x06,
  0x00, 0x00, 0xb4, 0xf0, 0x02, 0x32, 0x33, 0x02, 0x34, 0x02, 0xf0, 0xf0,
  0x07, 0xf0, 0xf0, 0xf0, 0x0c, 0xe1, 0x0e, 0xf0, 0x0c, 0xe1, 0x0e, 0xf0,
  0xf0, 0x0c, 0xe1, 0x0e, 0xf0, 0x0c, 0xe1, 0x0e, 0xf0, 0xf0, 0x0c, 0xe1,
  0x0e, 0xf0, 0xf0, 0x0c, 0xe1, 0x0e, 0xf0, 0x0c, 0xe1, 0x0e, 0x06, 0x02,
  0x3a, 0x07, 0x3b, 0x3c, 0x3d, 0x3e, 0x3f, 0x40, 0x41, 0x06, 0x02, 0x42,
  0x43, 0x22, 0x44, 0x02, 0x45, 0x07, 0x46, 0x06, 0x02, 0x47, 0x07, 0x48,
  0x49, 0x4a, 0x4b, 0x4c, 0x4d, 0x4e, 0x4f, 0x50, 0x51, 0x52, 0x53, 0x54,
  0x55, 0x56, 0x57, 0x58, 0x59, 0x5a, 0x5b, 0x5c, 0x5d, 0x5e, 0x5f, 0x60,
  0x61, 0x62, 0x63, 0x64, 0x65, 0x66, 0x67, 0x68, 0x69, 0x6a, 0x6b, 0x6c,
  0x6d, 0x6e, 0x6f, 0x70, 0x71, 0x72, 0x73, 0x74, 0x75, 0x76, 0x77, 0x78,
  0x79, 0x7a, 0x7b, 0x7c, 0x7d, 0x7e, 0x7f, 0x80, 0x81, 0x82, 0x83, 0x84,
  0x85, 0x86, 0x87, 0x88, 0x89, 0x8a, 0x8b, 0x8c, 0x8d, 0x8e, 0x8f, 0x90,
  0x91, 0x92, 0x93, 0x94, 0x95, 0x96, 0x97, 0x98, 0x99, 0x9a, 0x9b, 0x9c,
  0x9d, 0x9e, 0x9f, 0xa0, 0xa1, 0x06, 0x02, 0xc2, 0x07, 0xc3, 0xc4, 0xc5,
  0xc6, 0xc7, 0xc8, 0xc9, 0xca, 0xcb, 0xcc, 0x06, 0x02, 0xcd, 0x07, 0xce,
  0x06, 0x02, 0xf0, 0x07, 0xf0, 0xf0, 0xf0, 0x06, 0x02, 0xf2, 0xf2, 0xf0,
  0xfe, 0xf2, 0xf0, 0xfe, 0xf2, 0xf0, 0xf0, 0xf0, 0xfe, 0xf0, 0xf0, 0xfe,
  0xf0, 0xf0, 0xf0, 0x22, 0xf0, 0x02, 0xf0, 0x07, 0xf0, 0x06, 0x02, 0xf0,
  0xf0, 0x22, 0xf0, 0x02, 0xf0, 0x07, 0xf0, 0x06, 0x02, 0xf0, 0x07, 0xf0,
  0x06, 0x02, 0xf0, 0xf0, 0xf0, 0xf0, 0xf1, 0xfe, 0x21, 0xf1, 0xfe, 0x21,
  0xb9, 0xfe, 0x21, 0xf1, 0xfe, 0x21, 0xf1, 0xfe, 0x21, 0xf0, 0xfe, 0x21,
  0x02, 0xa2, 0xb7, 0xf0, 0xf0, 0xf0, 0xa3, 0xa4, 0xb8, 0xf0, 0xf0, 0xf0,
  0xf0, 0xf0, 0xf1, 0xf0, 0xf0, 0xf0, 0xf0, 0xf0, 0xf0, 0xf0, 0xf0, 0xf0,
  0x06, 0x02, 0xa5, 0xa6, 0xa7, 0xa8, 0xa9, 0xaa, 0xab, 0x06, 0x02, 0xf0,
  0xf0, 0xf0, 0x06, 0x02, 0xf0, 0xfe, 0xf0, 0x02, 0x35, 0x07, 0xf0, 0x06,
  0x02, 0x38, 0x07, 0xaf, 0xb0, 0xac, 0xad, 0x06, 0x02, 0xf0, 0x07, 0xae,
  0xf0, 0x36, 0x13, 0xfe, 0xf0, 0x13, 0xfe, 0x00, 0xf0, 0x0c, 0x0b, 0xfe,
  0xf0, 0x0e, 0x20, 0x0c, 0x0b, 0xfe, 0xf0, 0x0e, 0x11, 0xfe, 0x00, 0x13,
  0xfe, 0x27, 0xfe, 0x05, 0xbf, 0xfe, 0xf0, 0x11, 0xfe, 0xf0, 0xfe, 0x03,
  0xfe, 0xf0, 0x13, 0xfe, 0xf0, 0xfe, 0x03, 0xfe, 0x05, 0x14, 0xfe, 0xf0,
  0x1a, 0xfe, 0xf0, 0x1a, 0xfe, 0xf0, 0x1a, 0xfe, 0xf0, 0x11, 0xfe, 0xf0,
  0x13, 0xfe, 0x01, 0xfe, 0xf0, 0xfe, 0x00, 0x13, 0xfe, 0x1f, 0xfe, 0xf0,
  0xfe, 0x05, 0x11, 0xfe, 0xf0, 0x11, 0xfe, 0x01, 0xfe, 0xd0, 0xfe, 0x00,
  0x14, 0xfe, 0xf0, 0xfe, 0x03, 0xfe, 0xf0, 0x13, 0xfe, 0xf0, 0xfe, 0xf0,
  0xfe, 0xf0, 0x11, 0xfe, 0x01, 0xfe, 0x15, 0x11, 0xfe, 0xf0, 0xfe, 0x16,
  0x13, 0xfe, 0xf0, 0xfe, 0xf0, 0xfe, 0xf0, 0xfe, 0x05, 0x11, 0xfe, 0x01,
  0xfe, 0xd0, 0xfe, 0x00, 0x11, 0xfe, 0x00, 0x14, 0xfe, 0x00, 0xf0, 0x0c,
  0x0b, 0xfe, 0xf0, 0xe9, 0xfe, 0xf0, 0x0d, 0x0a, 0xfe, 0x01, 0xfe, 0x00,
  0x0a, 0xfe, 0xe8, 0x19, 0x10, 0xe9, 0xfe, 0xf0, 0x0d, 0x0f, 0xfe, 0xeb,
  0xfe, 0x03, 0xfe, 0xf0, 0xf0, 0xfe, 0xf0, 0xfe, 0xd2, 0xfe, 0xf0, 0xf0,
  0xfe, 0xf0, 0xfe, 0xd2, 0xfe, 0xf0, 0xf0, 0xfe, 0xf0, 0xfe, 0x03, 0xfe,
  0xf0, 0xd1, 0xfe, 0x01, 0xfe, 0x15, 0xd1, 0xfe, 0xf0, 0xfe, 0x00, 0xd1,
  0xfe, 0x01, 0xfe, 0x16, 0xd1, 0xfe, 0xf0, 0xfe, 0x00, 0xf0, 0xfe, 0xf0,
  0xfe, 0xf0, 0xfe, 0xf0, 0xfe, 0xf0, 0xfe, 0xf0, 0xfe, 0xf0, 0xfe, 0xf0,
  0xfe, 0xf0, 0xfe, 0xf0, 0xfe, 0x00, 0xf0, 0xfe, 0xf0, 0xfe, 0xd0, 0xfe,
  0xf0, 0xfe, 0xd0, 0xfe, 0x03, 0xfe, 0xd0, 0xfe, 0x03, 0xfe, 0xd0, 0xfe,
  0x03, 0xfe, 0xd0, 0xfe, 0x05, 0xf0, 0xfe, 0x01, 0xfe, 0xf0, 0xfe, 0xf0,
  0xfe, 0xf0, 0xfe, 0x1b, 0xfe, 0xef, 0x0a, 0xfe, 0x01, 0xfe, 0x00, 0x0a,
  0xfe, 0xf0, 0xfe, 0xd2, 0xfe, 0xf0, 0xfe, 0x05, 0x19, 0x10, 0xe7, 0x0d,
  0x0f, 0xfe, 0xeb, 0xfe, 0x03, 0xfe, 0xf0, 0x0a, 0xfe, 0x01, 0xfe, 0x00,
  0x0a, 0xfe, 0xf0, 0xfe, 0xd2, 0xfe, 0xf0, 0x19, 0x10, 0xf0, 0xf0, 0x11,
  0xfe, 0xf0, 0xfe, 0x05, 0x11, 0xfe, 0xf0, 0xfe, 0xd9, 0xfe, 0xf0, 0xfe,
  0xf0, 0xfe, 0xf0, 0x11, 0xfe, 0x00, 0xf0, 0x0c, 0x17, 0xfe, 0x00, 0xe9,
  0xfe, 0xf0, 0x0d, 0x0f, 0xfe, 0xeb, 0xfe, 0x03, 0xfe, 0xf0, 0x0a, 0xfe,
  0xf0, 0xfe, 0xd2, 0xfe, 0xf0, 0xfe, 0xf0, 0xfe, 0xd2, 0xfe, 0xf0, 0xfe,
  0xf0, 0xfe, 0xd2, 0xfe, 0xf0, 0xfe, 0x1e, 0x10, 0xe7, 0x0d, 0x0f, 0xfe,
  0xeb, 0xfe, 0x03, 0xfe, 0xf0, 0x0a, 0xfe, 0xf0, 0xfe, 0xd2, 0xfe, 0xf1,
  0x10, 0xd5, 0xfe, 0x00, 0xd5, 0xfe, 0xf1, 0xfe, 0x05, 0xd5, 0xfe, 0xf1,
  0xfe, 0x05, 0xd5, 0xfe, 0xf1, 0xfe, 0xf1, 0xfe, 0x05, 0xd5, 0xfe, 0x00,
  0x30, 0x0d, 0xd1, 0xfe, 0xf0, 0xfe, 0xf0, 0xfe, 0x05, 0x0a, 0xfe, 0xf0,
  0xfe, 0x00, 0xd1, 0xfe, 0xf0, 0xfe, 0xf1, 0xfe, 0x05, 0xd1, 0xfe, 0xf0,
  0xfe, 0x05, 0xd1, 0xfe, 0xf0, 0xfe, 0xf0, 0xfe, 0x05, 0xd1, 0xfe, 0x00,
  0xe0, 0xfe, 0xf1, 0x08, 0x04, 0xfe, 0x01, 0xfe, 0x00, 0x09, 0x18, 0x08,
  0x04, 0xfe, 0xf1, 0xfe, 0x00, 0x09, 0xd1, 0xfe, 0x00, 0xf1, 0xfe, 0x03,
  0xfe, 0xf1, 0xfe, 0x03, 0xfe, 0xf0, 0xfe, 0xf1, 0x08, 0x04, 0xfe, 0xf1,
  0xfe, 0x03, 0xfe, 0x05, 0x29, 0x09, 0x18, 0x08, 0x04, 0xfe, 0x01, 0xfe,
  0xd9, 0xfe, 0x00, 0xf0, 0xfe, 0xf0, 0xfe, 0x12, 0xd6, 0xd4, 0xfe, 0xf0,
  0xf0, 0xd7, 0x09, 0xd1, 0xfe, 0xf0, 0xfe, 0xd8, 0xfe, 0x05, 0xd1, 0xfe,
  0xf1, 0xfe, 0xd8, 0xfe, 0xf1, 0xfe, 0xd8, 0xfe, 0xf1, 0x0a, 0xfe, 0xf0,
  0xfe, 0xd0, 0xfe, 0xf1, 0xfe, 0xf1, 0xfe, 0x03, 0xfe, 0x1e, 0x19, 0x31,
  0x0b, 0xfe, 0xed, 0xfe, 0xf1, 0xfe, 0xf0, 0xfe, 0xf1, 0xfe, 0xf0, 0x0e,
  0x20, 0x0c, 0x0b, 0xfe, 0x01, 0xfe, 0x00, 0x0e, 0x13, 0xfe, 0x00, 0xf0,
  0x0c, 0xf1, 0x0d, 0xf1, 0xfe, 0xf1, 0x0f, 0xfe, 0xf1, 0xfe, 0xf1, 0x0f,
  0xfe, 0x01, 0xfe, 0xf1, 0xfe, 0xf0, 0x0f, 0xfe, 0xf0, 0xfe, 0x03, 0xfe,
  0xf1, 0xfe, 0xf1, 0x0f, 0xfe, 0x01, 0xfe, 0xd8, 0xfe, 0x00, 0x0f, 0xfe,
  0x01, 0xfe, 0xd9, 0xfe, 0x00, 0x0a, 0xfe, 0xf1, 0xfe, 0xd8, 0xfe, 0xf1,
  0xfe, 0xd8, 0xfe, 0xf0, 0xfe, 0xd9, 0xfe, 0xf0, 0xfe, 0xd9, 0xfe, 0xf1,
  0x19, 0x10, 0xe7, 0x0d, 0x0f, 0xfe, 0x00, 0xe0, 0xfe, 0x12, 0x08, 0x04,
  0xfe, 0xf1, 0xfe, 0xf1, 0xfe, 0xf1, 0xfe, 0xf0, 0x09, 0x18, 0x08, 0x04,
  0xfe, 0xf1, 0x09, 0x0f, 0xfe, 0x00, 0xe0, 0xfe, 0x12, 0x08, 0xdf, 0xfe,
  0x01, 0xfe, 0x16, 0xdf, 0xfe, 0x01, 0xfe, 0x15, 0xdf, 0xfe, 0x01, 0xfe,
  0x1c, 0x04, 0xfe, 0x01, 0xfe, 0xf1, 0xfe, 0xd0, 0xfe, 0xf1, 0xfe, 0xd0,
  0xfe, 0xf1, 0xfe, 0x1d, 0xfe, 0xf1, 0xfe, 0xd0, 0xfe, 0xf1, 0xfe, 0xd0,
  0xfe, 0xf0, 0xfe, 0xd0, 0xfe, 0xf1, 0x09, 0x18, 0x08, 0x04, 0xfe, 0x01,
  0xfe, 0x00, 0x09, 0x0a, 0xfe, 0xf0, 0xfe, 0xf1, 0x19, 0x10, 0xf0, 0xf0,
  0x13, 0xfe, 0xb5, 0xfe, 0xf1, 0xfe, 0x03, 0xfe, 0xf1, 0xfe, 0xf1, 0xfe,
  0xf1, 0xfe, 0xf1, 0xfe, 0xf1, 0xfe, 0xf0, 0xfe, 0xf0, 0xfe, 0xf0, 0xfe,
  0xf0, 0xfe, 0xf0, 0xfe, 0xf0, 0xfe, 0xf1, 0xfe, 0xd0, 0xfe, 0xf1, 0xfe,
  0xf1, 0xfe, 0xf0, 0xfe, 0xf0, 0xfe, 0xf0, 0xfe, 0xf0, 0xfe, 0xf0, 0xfe,
  0xf0, 0xfe, 0xf1, 0x13, 0xfe, 0x00, 0xf1, 0x0c, 0xf1, 0xfe, 0xf1, 0xfe,
  0x03, 0xfe, 0xf1, 0xe5, 0xfe, 0xf0, 0xfe, 0xf1, 0xfe, 0xf1, 0xe5, 0xfe,
  0x01, 0xfe, 0xf1, 0xf1, 0xfe, 0xf1, 0xfe, 0xf1, 0xe5, 0xfe, 0x01, 0xfe,
  0xf0, 0xfe, 0xf1, 0xe5, 0xfe, 0x01, 0xfe, 0xf0, 0xfe, 0xf1, 0xe5, 0xfe,
  0x01, 0xfe, 0xd9, 0xfe, 0x00, 0x2a, 0xfe, 0xf1, 0x17, 0xfe, 0x00, 0x17,
  0xfe, 0x00, 0x0b, 0xfe, 0x01, 0xfe, 0x00, 0x0b, 0xfe, 0x01, 0xfe, 0x00,
  0x17, 0xfe, 0x00, 0xe5, 0xfe, 0x00, 0xd5, 0xfe, 0x00, 0xf0, 0xfe, 0x00,
  0x2a, 0xfe, 0x00, 0x17, 0xfe, 0x00, 0xd5, 0xfe, 0x00, 0xf0, 0xfe, 0x00,
  0xe5, 0xfe, 0x00, 0x2a, 0xfe, 0x00, 0xf1, 0xfe, 0x01, 0xfe, 0x2c, 0xfe,
  0x2d, 0xfe, 0x2c, 0xfe, 0x01, 0xfe, 0x03, 0xfe, 0x01, 0xfe, 0x03, 0xfe,
  0x01, 0xfe, 0x03, 0xfe, 0x01, 0xfe, 0x03, 0xfe, 0x01, 0xfe, 0x03, 0xfe,
  0x01, 0xfe, 0x03, 0xfe, 0x39, 0x0d, 0xf1, 0xfe, 0xf1, 0xfe, 0xf1, 0x23,
  0xfe, 0x1f, 0xfe, 0xf1, 0xfe, 0xf1, 0xfe, 0xf1, 0x23, 0xfe, 0xf1, 0xfe,
  0xf1, 0x0f, 0xfe, 0xf0, 0xfe, 0xf1, 0xd1, 0xfe, 0xf0, 0xfe, 0xf1, 0x0f,
  0xfe, 0x27, 0xfe, 0x05, 0xd1, 0xfe, 0xf0, 0xfe, 0x03, 0xfe, 0x05, 0xd1,
  0xfe, 0x01, 0xfe, 0xf1, 0xfe, 0xf1, 0xd1, 0xfe, 0xf1, 0xfe, 0xd0, 0xfe,
  0xe2, 0x0f, 0xfe, 0xf1, 0xd1, 0xfe, 0xf0, 0xfe, 0xd0, 0xfe, 0xf1, 0xfe,
  0x03, 0xfe, 0xf1, 0xfe, 0xf1, 0xd1, 0xfe, 0xf0, 0xfe, 0x03, 0xfe, 0xe2,
  0xd1, 0xfe, 0x00, 0xf1, 0x08, 0xc0, 0xfe, 0x01, 0xfe, 0xf1, 0xf1, 0xfe,
  0xf1, 0xfe, 0xf1, 0xf1, 0xfe, 0x01, 0xfe, 0xf1, 0xdf, 0xfe, 0x00, 0xf0,
  0xfe, 0x12, 0xd6, 0xd4, 0xfe, 0xf0, 0xfe, 0xf0, 0xd7, 0xf0, 0xd6, 0xd4,
  0xfe, 0x01, 0xfe, 0x00, 0xd7, 0xdf, 0xfe, 0x00, 0xf0, 0xfe, 0x12, 0xd6,
  0xdc, 0xfe, 0xf1, 0xfe, 0xf1, 0xfe, 0xf1, 0xfe, 0xf1, 0xfe, 0xf1, 0xd4,
  0xfe, 0x01, 0xfe, 0xf0, 0xfe, 0xd0, 0xfe, 0x05, 0xd7, 0xf0, 0xd6, 0xd4,
  0xfe, 0x01, 0xfe, 0x00, 0xd7, 0x04, 0xfe, 0x01, 0xfe, 0x00, 0x04, 0xfe,
  0x01, 0xfe, 0x00, 0x04, 0xfe, 0xf1, 0xfe, 0xf1, 0x04, 0xfe, 0x01, 0xfe,
  0x00, 0x04, 0xfe, 0x01, 0xfe, 0x00, 0x09, 0x18, 0x08, 0x04, 0xfe, 0x01,
  0xfe, 0x00, 0x04, 0xfe, 0x01, 0xfe, 0x00, 0x04, 0xfe, 0x01, 0xfe, 0x00,
  0x04, 0xfe, 0x01, 0xfe, 0x00, 0x04, 0xfe, 0x01, 0xfe, 0x00, 0x09, 0xf1,
  0xfe, 0xf1, 0xfe, 0xf0, 0x08, 0x04, 0xfe, 0x01, 0xfe, 0x00, 0x04, 0xfe,
  0x01, 0xfe, 0x00, 0x2e, 0x09, 0xf0, 0xfe, 0x01, 0xfe, 0xf0, 0xf0, 0xfe,
  0x00, 0xf1, 0xfe, 0x12, 0x08, 0x04, 0xfe, 0x01, 0xfe, 0xf0, 0x09, 0x18,
  0x08, 0x04, 0xfe, 0x01, 0xfe, 0x00, 0x09, 0xe0, 0xfe, 0x12, 0x08, 0x04,
  0xfe, 0x01, 0xfe, 0x00, 0x04, 0xfe, 0x01, 0xfe, 0x00, 0x2e, 0x09, 0x0f,
  0xfe, 0x00, 0xd1, 0xfe, 0x00, 0xe0, 0xfe, 0xf0, 0x08, 0xdf, 0xfe, 0x00,
  0xf0, 0xfe, 0x12, 0xd6, 0xdc, 0xfe, 0x00, 0xf0, 0xfe, 0x00, 0xf0, 0xfe,
  0xf1, 0xf0, 0xdd, 0xfe, 0xf1, 0xfe, 0xf1, 0xf0, 0xfe, 0x00, 0xf0, 0xee,
  0xd3, 0xfe, 0x01, 0xfe, 0x15, 0xd3, 0xfe, 0xf0, 0xfe, 0x05, 0xd3, 0xfe,
  0x01, 0xfe, 0x16, 0xd3, 0xfe, 0xf0, 0xfe, 0x05, 0xd3, 0xfe, 0x01, 0xfe,
  0x1c, 0xd3, 0xfe, 0xf0, 0xfe, 0xf1, 0xfe, 0xf1, 0xfe, 0xf0, 0xf0, 0xfe,
  0xf0, 0xfe, 0x12, 0xe6, 0xda, 0xfe, 0x1f, 0xfe, 0xf1, 0xf0, 0xec, 0xf0,
  0xe6, 0xf0, 0xfe, 0xf0, 0xfe, 0x12, 0xf0, 0xf0, 0xfe, 0x1f, 0xfe, 0xf1,
  0xf0, 0xf0, 0xf1, 0xf0, 0xf0, 0xfe, 0x1f, 0xfe, 0xf1, 0xf0, 0xf0, 0xf1,
  0xec, 0xf1, 0xf0, 0xf0, 0xfe, 0x01, 0xfe, 0xd9, 0xfe, 0x00, 0xde, 0xfe,
  0xf0, 0xfe, 0xf0, 0xde, 0xfe, 0x01, 0xfe, 0x00, 0xf0, 0xf0, 0xf0, 0xde,
  0xfe, 0x01, 0xfe, 0x00, 0xde, 0xfe, 0x01, 0xfe, 0x00, 0xf0, 0xf0, 0xfe,
  0xf0, 0xfe, 0xf1, 0xfe, 0x00, 0xf0, 0xfe, 0xf0, 0xfe, 0xf0, 0xfe, 0xf0,
  0xfe, 0xf0, 0xfe, 0x00, 0xf0, 0xfe, 0xf0, 0xfe, 0xf0, 0xfe, 0xbe, 0xfe,
  0xf1, 0xfe, 0xf1, 0xfe, 0xf1, 0xf0, 0xfe, 0xf0, 0xfe, 0xf0, 0xfe, 0xf0,
  0xfe, 0xf0, 0xfe, 0xf0, 0xfe, 0xf0, 0xfe, 0xf0, 0xfe, 0xf0, 0xdc, 0xfe,
  0x00, 0xf1, 0xf0, 0xf1, 0xfe, 0xf0, 0xfe, 0xf1, 0xf1, 0xfe, 0x12, 0xee,
  0xf0, 0xfe, 0x01, 0xfe, 0xf0, 0xfe, 0xef, 0xd3, 0xfe, 0xf0, 0xfe, 0xf1,
  0xf0, 0xfe, 0xf0, 0xfe, 0xf0, 0xfe, 0xe4, 0xfe, 0xf0, 0xfe, 0xf1, 0xfe,
  0x05, 0xea, 0xfe, 0xf1, 0xfe, 0xd2, 0xfe, 0xf0, 0xfe, 0x05, 0xf0, 0xf0,
  0xf1, 0xee, 0xf0, 0xfe, 0x12, 0xe6, 0xf2, 0xfe, 0x01, 0xfe, 0xf0, 0xfe,
  0xef, 0xdb, 0xfe, 0xf0, 0xfe, 0xf1, 0xf0, 0xfe, 0xf1, 0xfe, 0xf1, 0xfe,
  0xf1, 0xf0, 0xfe, 0xf1, 0xfe, 0xf1, 0xf0, 0xfe, 0xf1, 0xfe, 0x05, 0xdb,
  0xfe, 0x01, 0xfe, 0x15, 0xdb, 0xfe, 0xf1, 0xfe, 0x00, 0xdb, 0xfe, 0xf1,
  0xfe, 0x00, 0xdb, 0xfe, 0xf1, 0xfe, 0x00, 0xdb, 0xfe, 0x01, 0xfe, 0x16,
  0xdb, 0xfe, 0xf1, 0xfe, 0x00, 0xdb, 0xfe, 0xf1, 0xfe, 0x00, 0xdb, 0xfe,
  0xf1, 0xfe, 0x00, 0xf0, 0xfe, 0xf1, 0xfe, 0xf1, 0xfe, 0xf1, 0xfe, 0xf0,
  0xfe, 0xf1, 0xf0, 0xfe, 0xf1, 0xfe, 0xf1, 0xfe, 0xf1, 0xfe, 0xf0, 0xfe,
  0xf1, 0xdb, 0xfe, 0x01, 0xfe, 0x15, 0xdb, 0xfe, 0x01, 0xfe, 0x15, 0xdb,
  0xfe, 0x01, 0xfe, 0x16, 0xdb, 0xfe, 0x01, 0xfe, 0x16, 0xdb, 0xfe, 0xf0,
  0xfe, 0x05, 0xf0, 0xfe, 0xf0, 0xfe, 0xf0, 0xfe, 0x03, 0xfe, 0xf0, 0xfe,
  0xe4, 0xfe, 0xf0, 0xfe, 0x03, 0xfe, 0x05, 0xf0, 0xfe, 0xf0, 0xfe, 0xf0,
  0xfe, 0x03, 0xfe, 0xf0, 0xfe, 0xe4, 0xfe, 0xf0, 0xfe, 0x03, 0xfe, 0x05,
  0xf0, 0xfe, 0xf0, 0xfe, 0xf0, 0xfe, 0x03, 0xfe, 0xf0, 0xfe, 0xe4, 0xfe,
  0xf0, 0xfe, 0x03, 0xfe, 0x05, 0xf0, 0xfe, 0xf0, 0xfe, 0xf0, 0xfe, 0x03,
  0xfe, 0xf0, 0xfe, 0xe4, 0xfe, 0xf0, 0xfe, 0x03, 0xfe, 0x05, 0xda, 0xfe,
  0xb5, 0xfe, 0xd0, 0xfe, 0xf0, 0xfe, 0xd2, 0xfe, 0xf0, 0xfe, 0xf1, 0xfe,
  0xd0, 0xfe, 0xf0, 0xfe, 0xd2, 0xfe, 0xf0, 0xfe, 0xf1, 0xfe, 0xd0, 0xfe,
  0xf0, 0xfe, 0xd2, 0xfe, 0xf0, 0xfe, 0xf1, 0xfe, 0xd0, 0xfe, 0xf0, 0xfe,
  0xd2, 0xfe, 0xf0, 0xfe, 0xf1, 0xf0, 0xec, 0xf0, 0xde, 0xfe, 0xf0, 0xf0,
  0xf1, 0xd4, 0xfe, 0x01, 0xfe, 0x00, 0xd7, 0xf0, 0xd6, 0xd4, 0xfe, 0xe8,
  0xd7, 0xba, 0xfe, 0x00, 0xdf, 0xfe, 0x00, 0xf1, 0xfe, 0xf1, 0xfe, 0xf1,
  0xd6, 0xf0, 0xfe, 0x00, 0xdc, 0xfe, 0x00, 0xf1, 0xf0, 0xf0, 0xfe, 0xf1,
  0xf0, 0xfe, 0xf1, 0xf0, 0xfe, 0xf1, 0xfe, 0xf1, 0xf0, 0xfe, 0x01, 0xfe,
  0xf1, 0xdd, 0xfe, 0x01, 0xfe, 0xf0, 0xfe, 0xef, 0xdd, 0xfe, 0x01, 0xfe,
  0xf0, 0xfe, 0xef, 0xe3, 0xfe, 0x01, 0xfe, 0x1c, 0xdd, 0xfe, 0xf0, 0xfe,
  0xf0, 0xfe, 0x05, 0xdd, 0xfe, 0xf0, 0xfe, 0xf0, 0xfe, 0xf1, 0xfe, 0x00,
  0xe3, 0xfe, 0xf1, 0xfe, 0x05, 0xe3, 0xfe, 0xf1, 0xfe, 0xf0, 0xfe, 0xf1,
  0xfe, 0x1d, 0xfe, 0x00, 0xe3, 0xfe, 0x1f, 0xfe, 0xf1, 0xfe, 0x00, 0xdd,
  0xfe, 0x00, 0xde, 0xfe, 0x01, 0xfe, 0x00, 0xdd, 0xfe, 0x00, 0xe3, 0xfe,
  0x00, 0xdd, 0xfe, 0x00, 0xe3, 0xfe, 0x01, 0xfe, 0x00, 0xf0, 0xfe, 0xf1,
  0xf1, 0xee, 0xf0, 0xfe, 0x2d, 0xfe, 0x12, 0xe6, 0xda, 0xfe, 0x01, 0xfe,
  0xf0, 0xfe, 0xd0, 0xfe, 0x05, 0xf1, 0xfe, 0xf1, 0xfe, 0xf1, 0xfe, 0xf1,
  0xfe, 0xf1, 0xfe, 0x12, 0xf0, 0xf0, 0xfe, 0xe8, 0xf0, 0xfe, 0x01, 0xfe,
  0x00, 0xf0, 0xf0, 0xda, 0xfe, 0xf1, 0xfe, 0x00, 0xda, 0xfe, 0xb2, 0xda,
  0xfe, 0x01, 0xfe, 0x00, 0xf1, 0xec, 0xf0, 0xe6, 0xda, 0xfe, 0xf0, 0xda,
  0xfe, 0x01, 0xfe, 0x00, 0xf0, 0xec, 0xf0, 0xf0, 0xfe, 0xf1, 0xfe, 0xf1,
  0xde, 0xfe, 0x01, 0xfe, 0x00, 0xde, 0xfe, 0x01, 0xfe, 0xf1, 0xfe, 0xf1,
  0xfe, 0x03, 0xfe, 0xf1, 0xf0, 0xf0, 0xf0, 0xde, 0xfe, 0x01, 0xfe, 0x00,
  0xde, 0xfe, 0x01, 0xfe, 0x00, 0xf0, 0xd4, 0xfe, 0x01, 0xfe, 0x00, 0xd4,
  0xfe, 0x01, 0xfe, 0x00, 0xd7, 0xf0, 0xd6, 0xd4, 0xfe, 0x01, 0xfe, 0x00,
  0xd4, 0xfe, 0x01, 0xfe, 0x00, 0xd7, 0xf0, 0xfe, 0xf0, 0xd6, 0xd4, 0xfe,
  0x01, 0xfe, 0x00, 0xd4, 0xfe, 0x01, 0xfe, 0x00, 0xf1, 0xd7, 0x04, 0xfe,
  0x01, 0xfe, 0x00, 0x04, 0xfe, 0x01, 0xfe, 0x00, 0x09, 0x18, 0x08, 0x04,
  0xfe, 0x01, 0xfe, 0x00, 0x04, 0xfe, 0xe8, 0x09, 0x0f, 0xfe, 0x27, 0xfe,
  0xd9, 0xfe, 0x05, 0xd1, 0xfe, 0xf0, 0xfe, 0xf0, 0xd1, 0xfe, 0xf0, 0xfe,
  0x03, 0xfe, 0xe2, 0xd1, 0xfe, 0x01, 0xfe, 0xd0, 0xfe, 0x00, 0xd1, 0xfe,
  0xed, 0xfe, 0xf0, 0xfe, 0xd0, 0xfe, 0xf0, 0xfe, 0xd0, 0xfe, 0xf0, 0xd1,
  0xfe, 0xf0, 0xfe, 0x03, 0xfe, 0xe2, 0xd1, 0xfe, 0x01, 0xfe, 0xd0, 0xfe,
  0x00, 0x0a, 0xfe, 0x01, 0xfe, 0x00, 0x0a, 0xfe, 0x01, 0xfe, 0xf0, 0xfe,
  0xf0, 0xfe, 0xf0, 0xfe, 0xf0, 0xfe, 0xf0, 0xfe, 0xd0, 0xfe, 0x1d, 0xfe,
  0xf0, 0xfe, 0xf0, 0xfe, 0xf0, 0xfe, 0xf0, 0xfe, 0xf0, 0xfe, 0xd0, 0xfe,
  0xf0, 0xfe, 0x24, 0xfe, 0xf0, 0xfe, 0xf0, 0xfe, 0xf0, 0xfe, 0xd0, 0xfe,
  0xf0, 0xfe, 0x24, 0xfe, 0xf0, 0xfe, 0xf1, 0xfe, 0xf1, 0xfe, 0xf1, 0xfe,
  0xf1, 0xfe, 0xd0, 0xfe, 0x1d, 0xfe, 0x1d, 0xfe, 0x1e, 0x10, 0x17, 0xfe,
  0x00, 0xf1, 0x0d, 0xf0, 0xfe, 0x01, 0xfe, 0xf1, 0xf0, 0xfe, 0x00, 0xe0,
  0xfe, 0x12, 0x08, 0x04, 0xfe, 0xf1, 0x09, 0x18, 0x08, 0x04, 0xfe, 0x01,
  0xfe, 0x00, 0x09, 0x0f, 0xfe, 0x00, 0xe0, 0xfe, 0x12, 0x08, 0x04, 0xfe,
  0xf0, 0xfe, 0x03, 0xfe, 0xf1, 0xfe, 0xf1, 0x09, 0x18, 0x08, 0x04, 0xfe,
  0x01, 0xfe, 0x00, 0x09, 0x0a, 0xfe, 0x01, 0xfe, 0x00, 0x10, 0xe7, 0x0d,
  0x0a, 0xfe, 0x01, 0xfe, 0x00, 0x10, 0x0b, 0xfe, 0x01, 0xfe, 0x00, 0x0e,
  0x20, 0x0c, 0x0b, 0xfe, 0x01, 0xfe, 0x00, 0x0e, 0x14, 0xfe, 0xf0, 0xfe,
  0xf0, 0x1a, 0xfe, 0x26, 0xfe, 0x15, 0x1a, 0xfe, 0x2b, 0xfe, 0x16, 0x1a,
  0xfe, 0x28, 0xfe, 0x1c, 0x13, 0xfe, 0xed, 0xfe, 0xf1, 0x14, 0xfe, 0x01,
  0xfe, 0x00, 0x1a, 0xfe, 0x26, 0xfe, 0x15, 0x1a, 0xfe, 0x2b, 0xfe, 0x16,
  0x1a, 0xfe, 0x28, 0xfe, 0x1c, 0xf1, 0xfe, 0x00, 0x37, 0x25, 0x02, 0x90,
  0x91, 0x92, 0x93, 0x0a, 0x94, 0x95, 0x0a, 0x96, 0x97, 0x0a, 0x98, 0x0a,
  0x99, 0x9a, 0x9b, 0x9c, 0x9d, 0x9e, 0x27, 0x28, 0x13, 0x29, 0x13, 0x2a,
  0x9f, 0xa0, 0x13, 0xa1, 0x13, 0xa2, 0xa3, 0xa4, 0xa5, 0xa6, 0xa7, 0xa8,
  0xa9, 0xaa, 0xab, 0xac, 0xad, 0xae, 0xaf, 0xb0, 0xb1, 0xb2, 0x63, 0x90,
  0x91, 0x92, 0x13, 0xb3, 0xb4, 0xb5, 0xb6, 0xb7, 0xb8, 0xb9, 0xba, 0x8f,
  0xbb, 0xbc, 0xbd, 0xbe, 0xbf, 0xc0, 0xc1, 0xc2, 0xc3, 0xc4, 0xc5, 0xc6,
  0xc7, 0xc8, 0x88, 0xc9, 0xca, 0xcb, 0xcc, 0xcd, 0xce, 0xcf, 0xd0, 0xd1,
  0xd2, 0xd3, 0xd4, 0xd5, 0xd6, 0xd7, 0xd8, 0xd9, 0xda, 0xdb, 0xdc, 0xdd,
  0xde, 0xdf, 0x0b, 0x34, 0xe0, 0xe1, 0x19, 0xe2, 0xe3, 0x1a, 0x35, 0x36,
  0x37, 0xe4, 0x36, 0x37, 0xe5, 0x6f, 0xe6, 0xe7, 0x0b, 0x0b, 0x24, 0xe8,
  0xe9, 0xea, 0xeb, 0xec, 0xed, 0xee, 0xef, 0xf0, 0x24, 0xf1, 0xf2, 0x24,
  0xf3, 0x5c, 0x5d, 0xf4, 0x38, 0x35, 0xf5, 0xf6, 0x39, 0x1b, 0xf7, 0xf8,
  0xf9, 0xfa, 0x25, 0xfb, 0x1a, 0x26, 0xfc, 0x38, 0x3a, 0xfd, 0x3a, 0xfe,
  0x26, 0xff, 0x00, 0x01, 0x02, 0x03, 0x04, 0x27, 0x3b, 0x0b, 0x27, 0x05,
  0x1e, 0x27, 0x3b, 0x06, 0x07, 0x08, 0x09, 0x65, 0x0a, 0x0b, 0x01, 0x28,
  0x16, 0x5e, 0x1e, 0x0c, 0x0d, 0x0e, 0x0c, 0x0f, 0x10, 0x11, 0x3c, 0x12,
  0x29, 0x19, 0x13, 0x14, 0x15, 0x16, 0x17, 0x18, 0x3d, 0x70, 0x19, 0x1a,
  0x1b, 0x1c, 0x3e, 0x3e, 0x1d, 0x1e, 0x1f, 0x20, 0x3d, 0x21, 0x22, 0x23,
  0x24, 0x25, 0x26, 0x89, 0x27, 0x17, 0x28, 0x39, 0x1b, 0x29, 0x2a, 0x2b,
  0x2c, 0x2d, 0x2e, 0x3f, 0x40, 0x0d, 0x41, 0x0d, 0x42, 0x2f, 0x30, 0x31,
  0x3f, 0x40, 0x0d, 0x41, 0x0d, 0x42, 0x32, 0x33, 0x34, 0x35, 0x36, 0x0c,
  0x37, 0x38, 0x39, 0x3a, 0x3b, 0x3c, 0x43, 0x3d, 0x43, 0x3e, 0x3f, 0x71,
  0x71, 0x40, 0x41, 0x42, 0x43, 0x44, 0x45, 0x46, 0x93, 0x94, 0x44, 0x47,
  0x44, 0x48, 0x87, 0x49, 0x4a, 0x4b, 0x4c, 0x0c, 0x4d, 0x4e, 0x4f, 0x0e,
  0x50, 0x95, 0x96, 0x97, 0x98, 0x99, 0x9a, 0x01, 0x72, 0x73, 0x05, 0x01,
  0x51, 0x52, 0x53, 0x54, 0x55, 0x1f, 0x05, 0x9b, 0x9c, 0x56, 0x57, 0x66,
  0x0f, 0x45, 0x0f, 0x58, 0x45, 0x1a, 0x01, 0x74, 0x8a, 0x9d, 0x00, 0x9e,
  0x9f, 0x2a, 0x8b, 0x1e, 0x1e, 0x17, 0xa0, 0xa1, 0x29, 0x2d, 0x75, 0xa2,
  0x18, 0x4f, 0x59, 0x75, 0x1c, 0x08, 0xa3, 0x1d, 0x20, 0xa4, 0x1c, 0x08,
  0xa5, 0x1d, 0x20, 0xa6, 0xa7, 0x8c, 0x2a, 0x72, 0x73, 0x09, 0x6a, 0x00,
  0x09, 0x50, 0x5f, 0xa8, 0x50, 0x76, 0x77, 0x78, 0x79, 0x03, 0x7a, 0x7b,
  0xa9, 0xaa, 0xab, 0x60, 0x7c, 0x7d, 0x7e, 0x7f, 0x80, 0x81, 0x82, 0x83,
  0xac, 0x00, 0xad, 0x5f, 0x64, 0x65, 0x14, 0x04, 0x06, 0x66, 0x61, 0x5a,
  0x6b, 0x6c, 0x8d, 0xdc, 0x2e, 0x31, 0x15, 0x67, 0x2d, 0x2b, 0x04, 0x06,
  0x66, 0x62, 0xdd, 0xde, 0xdf, 0x62, 0xe0, 0xe1, 0x62, 0xe2, 0x68, 0x69,
  0x6a, 0x68, 0x69, 0x6a, 0x62, 0x6b, 0x6c, 0x6d, 0x3c, 0x6e, 0x62, 0x6b,
  0x6c, 0x6d, 0x3c, 0x6e, 0x51, 0x84, 0x5a, 0x52, 0x12, 0x21, 0x84, 0x5a,
  0x52, 0x12, 0x21, 0x84, 0x5a, 0x52, 0x12, 0x21, 0x84, 0x5a, 0x52, 0x12,
  0x21, 0x53, 0x2e, 0xe3, 0x53, 0x2e, 0x6f, 0x53, 0x2e, 0x6f, 0x53, 0x2e,
  0xe4, 0x18, 0x15, 0x16, 0x63, 0xae, 0x05, 0xaf, 0xb0, 0x70, 0x03, 0xb1,
  0x00, 0x2a, 0x71, 0x2f, 0x72, 0x2f, 0x73, 0x74, 0x2f, 0x75, 0x04, 0x04,
  0x54, 0x55, 0x54, 0x55, 0x76, 0x77, 0x78, 0x04, 0x79, 0x7a, 0x2a, 0x7b,
  0xb2, 0x2d, 0x22, 0xb3, 0x7c, 0x7d, 0x7e, 0x7f, 0x1c, 0x08, 0x08, 0x1d,
  0x20, 0x80, 0xb4, 0x4f, 0x16, 0x18, 0x15, 0x2b, 0x81, 0x82, 0xb5, 0x83,
  0xb6, 0x09, 0x6a, 0x00, 0x09, 0x05, 0x01, 0x68, 0xb7, 0x06, 0x25, 0x0e,
  0x46, 0x10, 0x47, 0x67, 0x48, 0x49, 0x4a, 0x4b, 0x2c, 0x4c, 0x1f, 0x4d,
  0x11, 0x07, 0x02, 0x10, 0x11, 0x07, 0x02, 0x4e, 0x59, 0x5a, 0x5b, 0xb8,
  0x5c, 0x0f, 0x5d, 0x0f, 0x5e, 0x34, 0x5f, 0x60, 0x33, 0x26, 0x61, 0x62,
  0x02, 0x03, 0x04, 0x05, 0x06, 0x07, 0x0f, 0x10, 0x1b, 0x1c, 0x9c, 0x05,
  0xa3, 0x81, 0x96, 0x40, 0x96, 0x40, 0x96, 0x40, 0xed, 0x89, 0xfc, 0xb6,
  0x96, 0x40, 0xfc, 0x99, 0xcc, 0x42, 0xa3, 0x81, 0xfc, 0xb6, 0xea, 0xaa,
  0xfc, 0xb6, 0xa3, 0x81, 0xed, 0x77, 0xed, 0x77, 0xed, 0x77, 0xed, 0x77,
  0xd3, 0xbf, 0x97, 0x85, 0xed, 0x77, 0xd3, 0xbf, 0xbb, 0x4c, 0xed, 0x77,
  0xd3, 0xbf, 0xa5, 0x4f, 0xf7, 0x38, 0xa5, 0x4f, 0xa5, 0x4f, 0xd0, 0x8a,
  0xcc, 0x42, 0xa5, 0x4f, 0xeb, 0x75, 0xbb, 0x4c, 0xd0, 0x8a, 0xbc, 0x97,
  0xfc, 0x99, 0xda, 0x6e, 0xfc, 0x99, 0xed, 0x70, 0xd0, 0x8a, 0xd0, 0x8a,
  0xbb, 0x4c, 0x9d, 0x69, 0xf7, 0x38, 0xf7, 0x38, 0xaa, 0x49, 0xe8, 0x5a,
  0xed, 0x89, 0xed, 0x89, 0xe8, 0x5a, 0x0f, 0xaa, 0x49, 0xed, 0x89, 0x9e,
  0x3e, 0xbc, 0x97, 0xda, 0x6e, 0xb4, 0xa5, 0x9e, 0x3e, 0x9e, 0x3e, 0xfa,
  0x87, 0x9e, 0x3e, 0x9e, 0x3e, 0xf7, 0x33, 0xbc, 0x97, 0xda, 0x6e, 0xf8,
  0x6b, 0xf7, 0x33, 0x9c, 0x75, 0xf8, 0x6b, 0x8a, 0x5a, 0xf7, 0x33, 0x93,
  0x8a, 0x8a, 0x5a, 0xc9, 0xb0, 0xb4, 0xa5, 0xfa, 0x87, 0xb4, 0xa5, 0xfa,
  0x87, 0xb4, 0xa5, 0xfa, 0x87, 0xb4, 0xa5, 0xfa, 0x87, 0xed, 0x89, 0xc8,
  0x5f, 0xc9, 0xb0, 0xc9, 0xb0, 0x9c, 0x75, 0x8a, 0x5a, 0xf8, 0x6b, 0x8a,
  0x5a, 0xf8, 0x6b, 0x93, 0x8a, 0x9c, 0x75, 0x93, 0x8a, 0xa9, 0x33, 0xc8,
  0x5f, 0xc8, 0x5f, 0xc8, 0x5f, 0xc8, 0x5f, 0xc8, 0x5f, 0xe8, 0x5a, 0xa9,
  0x33, 0xaa, 0x49, 0x9e, 0x3e, 0x9e, 0x3e, 0xa9, 0x33, 0xcb, 0x52, 0xbc,
  0x97, 0xda, 0x6e, 0xe8, 0x5a, 0x0f, 0xaa, 0x49, 0xcb, 0x52, 0xcb, 0x52,
  0x8e, 0xc3, 0xaa, 0x49, 0xc5, 0x74, 0xcc, 0x42, 0x8e, 0xc3, 0xf7, 0x38,
  0x8e, 0xc3, 0xe9, 0x4d, 0xcd, 0x3c, 0xed, 0x89, 0xe1, 0x3f, 0xbc, 0x97,
  0xda, 0x6e, 0xcd, 0x3c, 0xe1, 0x3f, 0xe1, 0x3f, 0xe8, 0x5a, 0xe1, 0x3f,
  0xe1, 0x3f, 0xe8, 0x5a, 0xe1, 0x3f, 0xe1, 0x3f, 0xe8, 0x5a, 0xcc, 0x52,
  0xbc, 0x97, 0xda, 0x6e, 0xcd, 0x3c, 0xcc, 0x52, 0xcc, 0x52, 0xf2, 0x33,
  0xc8, 0x31, 0x8e, 0xc3, 0xde, 0x8e, 0x9d, 0x69, 0xec, 0x75, 0xcd, 0x3c,
  0xea, 0xaa, 0xb7, 0x33, 0xda, 0x8c, 0xc8, 0x31, 0xc8, 0x31, 0xf2, 0x33,
  0xde, 0x8e, 0xcf, 0x35, 0xde, 0x8e, 0xf2, 0x33, 0xe8, 0x62, 0xec, 0x75,
  0x97, 0x51, 0xe8, 0x62, 0xe8, 0x62, 0x88, 0x82, 0xec, 0x75, 0x88, 0x82,
  0x97, 0x51, 0x88, 0x82, 0x97, 0x51, 0xf5, 0x48, 0xda, 0x8c, 0xcf, 0x35,
  0xda, 0x8c, 0xcf, 0x35, 0x88, 0x82, 0xb7, 0x33, 0xc8, 0x31, 0xde, 0x8e,
  0xf5, 0x48, 0xda, 0x8c, 0xcf, 0x35, 0xf5, 0x48, 0x88, 0x82, 0xb7, 0x33,
  0x90, 0xa7, 0xda, 0x8c, 0xcf, 0x35, 0xb1, 0x72, 0x88, 0x82, 0x90, 0xa7,
  0xf5, 0x48, 0x90, 0xa7, 0xb7, 0x33, 0xb1, 0x72, 0xb1, 0x72, 0xb1, 0x72,
  0xc8, 0x31, 0xde, 0x8e, 0xe9, 0x4d, 0xc5, 0x74, 0xb7, 0x33, 0xf2, 0x33,
  0xf7, 0x38, 0xe9, 0x4d, 0xc5, 0x74, 0xc9, 0x6e, 0xbb, 0x3e, 0xd6, 0xaa,
  0xa3, 0x81, 0xb8, 0xbb, 0xd6, 0xaa, 0xbb, 0x3e, 0x85, 0xb5, 0xd6, 0xaa,
  0xa3, 0x81, 0xbb, 0x3e, 0x9f, 0xc0, 0xa3, 0x81, 0xb8, 0xbb, 0x8c, 0x3e,
  0xa3, 0x81, 0xb8, 0xbb, 0xc9, 0x6e, 0x9f, 0xc0, 0x85, 0xb5, 0x8c, 0x3e,
  0x85, 0xb5, 0x8c, 0x3e, 0x85, 0xb5, 0x9f, 0xc0, 0x85, 0xb5, 0xac, 0x55,
  0x04, 0xac, 0x55, 0xa3, 0x81, 0xa3, 0x81, 0xa3, 0x81, 0xac, 0x55, 0xc1,
  0x7d, 0x05, 0xab, 0x9f, 0xa3, 0x81, 0xbe, 0x7a, 0xa3, 0x81, 0xb2, 0x5a,
  0xa3, 0x81, 0xc1, 0x7d, 0xac, 0x55, 0xab, 0x9f, 0xbe, 0x7a, 0xab, 0x9f,
  0xb2, 0x5a, 0xb2, 0x5a, 0xb2, 0x5a, 0xb2, 0x5a, 0xbe, 0x7a, 0xbe, 0x7a,
  0xbe, 0x7a, 0xab, 0x9f, 0xab, 0x9f, 0xc1, 0x7d, 0xac, 0x55, 0xc9, 0x6e,
  0xc1, 0x7d, 0xc4, 0xbf, 0xed, 0x70, 0xea, 0xaa, 0xa3, 0x81, 0x9d, 0x69,
  0xa5, 0x4f, 0xa5, 0x4f, 0xeb, 0x75, 0xe9, 0x4d, 0xbb, 0x4c, 0xe9, 0x4d,
  0xbb, 0x4c, 0xe9, 0x4d, 0xbb, 0x4c, 0xe9, 0x4d, 0x97, 0x85, 0xc9, 0x6e,
  0xed, 0x70, 0x8e, 0xc3, 0x97, 0x85, 0x8e, 0xc3, 0x97, 0x85, 0x8e, 0xc3,
  0x97, 0x85, 0x8e, 0xc3, 0xd0, 0x87, 0xef, 0x44, 0xbc, 0x97, 0xfc, 0x99,
  0xb1, 0x3c, 0xef, 0x44, 0xef, 0x44, 0xb2, 0x65, 0xb1, 0x3c, 0xab, 0xab,
  0xb1, 0x3c, 0xb2, 0xa5, 0xab, 0xab, 0xb2, 0x65, 0xf4, 0x8d, 0xab, 0xab,
  0xb2, 0x65, 0xfe, 0x4b, 0xb2, 0xa5, 0xf4, 0x8d, 0xcb, 0x59, 0xa7, 0x57,
  0x92, 0x6c, 0xa7, 0x57, 0x06, 0x92, 0x6c, 0xc4, 0xbf, 0xf8, 0x45, 0xc7,
  0x6f, 0x89, 0x70, 0xb4, 0x76, 0xb6, 0xa9, 0x9f, 0xac, 0x88, 0x70, 0xb1,
  0x76, 0xb2, 0x76, 0xb3, 0x76, 0xe7, 0x3e, 0xb2, 0xa5, 0xe7, 0x3e, 0xfe,
  0x4b, 0xa7, 0x57, 0xf8, 0x45, 0x88, 0x70, 0x89, 0x70, 0xb1, 0x76, 0xb4,
  0x76, 0xb2, 0x76, 0xc7, 0x6f, 0xb3, 0x76, 0xb6, 0xa9, 0x92, 0x6c, 0x9f,
  0xac, 0xe7, 0x3e, 0xc9, 0x8f, 0xe7, 0x3e, 0xca, 0x39, 0xc9, 0x8f, 0xe7,
  0x3e, 0xe7, 0x3e, 0xa6, 0x5e, 0xca, 0x39, 0xe2, 0x36, 0xca, 0x39, 0x9e,
  0xbf, 0xca, 0x39, 0xa3, 0x7b, 0xe2, 0x36, 0x93, 0x96, 0xe2, 0x36, 0xe2,
  0x36, 0xf4, 0x33, 0x93, 0x96, 0xca, 0x39, 0xbe, 0x84, 0xf4, 0x33, 0xf4,
  0x33, 0xda, 0x86, 0xd5, 0x71, 0xbe, 0x84, 0xbe, 0x84, 0xda, 0x86, 0xda,
  0x86, 0x93, 0x96, 0xae, 0x48, 0xa3, 0x81, 0xa3, 0x7b, 0xa8, 0x57, 0xb9,
  0x91, 0xa6, 0x5e, 0xb9, 0xab, 0xa6, 0x5e, 0x9d, 0x46, 0xb9, 0x91, 0xad,
  0x55, 0x9d, 0x46, 0xad, 0x55, 0xb9, 0xab, 0xad, 0x55, 0x88, 0x70, 0xac,
  0x52, 0x9d, 0x46, 0xc0, 0x79, 0xca, 0x39, 0xa3, 0x7b, 0xca, 0x39, 0xca,
  0x39, 0xac, 0x52, 0xd5, 0x71, 0xc0, 0x79, 0xc0, 0x79, 0xac, 0x52, 0xd5,
  0x71, 0xa8, 0x57, 0xac, 0x52, 0x89, 0x70, 0xad, 0x55, 0xb4, 0x76, 0xca,
  0x39, 0xc7, 0x6f, 0xb9, 0x91, 0xb6, 0xa9, 0xb9, 0xab, 0xa8, 0x57, 0xd5,
  0x71, 0x89, 0x70, 0x88, 0x70, 0xb4, 0x76, 0xb1, 0x76, 0xc7, 0x6f, 0xb2,
  0x76, 0xb6, 0xa9, 0xb3, 0x76, 0xca, 0x39, 0xcb, 0x59, 0xf8, 0x45, 0xa7,
  0x57, 0x9f, 0xac, 0x92, 0x6c, 0xe1, 0xa5, 0xae, 0x48, 0xae, 0x55, 0xe1,
  0xa5, 0xae, 0x55, 0xa8, 0x57, 0xae, 0x55, 0xe1, 0xa5, 0xae, 0x55, 0xf8,
  0x45, 0xa7, 0x57, 0x9f, 0xac, 0x92, 0x6c, 0x8b, 0x46, 0xa0, 0x88, 0xae,
  0x48, 0xbc, 0x9b, 0xb4, 0x76, 0xcb, 0x3c, 0xbf, 0x50, 0xc7, 0x6f, 0xde,
  0xa3, 0xca, 0x39, 0xc4, 0x6b, 0xc5, 0x6c, 0xde, 0xa3, 0xa3, 0x7c, 0xc5,
  0x6c, 0xc9, 0x3c, 0xde, 0xa3, 0xb5, 0x9d, 0xc9, 0x3c, 0xd2, 0x32, 0xde,
  0xa3, 0x8d, 0x96, 0xa3, 0x7c, 0xb5, 0x9d, 0xd2, 0x32, 0x8d, 0x96, 0xa3,
  0x7c, 0xc4, 0x6b, 0xc5, 0x6c, 0x8d, 0x96, 0xb5, 0x9d, 0xc4, 0x6b, 0xc9,
  0x3c, 0xc4, 0x6b, 0xd2, 0x32, 0x9f, 0xaa, 0xb6, 0xa9, 0xc4, 0x6b, 0xcb,
  0x3c, 0x9f, 0xaa, 0xbf, 0x50, 0x9f, 0xaa, 0xcb, 0x3c, 0x89, 0x70, 0xbf,
  0x50, 0xb6, 0xa9, 0x99, 0x46, 0xbf, 0x50, 0xcb, 0x3c, 0xbc, 0x7c, 0xbf,
  0x50, 0xbf, 0x50, 0xbf, 0x50, 0xa3, 0x81, 0xd3, 0x5f, 0xa3, 0x81, 0xbc,
  0x7c, 0x99, 0x46, 0xbc, 0x7c, 0x99, 0x46, 0x8a, 0x40, 0xbf, 0x50, 0xd3,
  0x5f, 0xbf, 0x50, 0xd3, 0x5f, 0xbf, 0x50, 0xd3, 0x5f, 0xbf, 0x50, 0xad,
  0x52, 0xc9, 0x60, 0xbf, 0x50, 0x02, 0xdf, 0xa2, 0x8a, 0x40, 0x8a, 0x40,
  0xc8, 0x44, 0xdf, 0xa2, 0xb4, 0x92, 0xdf, 0xa2, 0xbf, 0x50, 0xbf, 0x50,
  0xc9, 0x60, 0xc8, 0x44, 0xad, 0x52, 0xb4, 0x92, 0xb4, 0x92, 0xc8, 0x44,
  0x03, 0xb7, 0x96, 0x8a, 0x40, 0x8a, 0x40, 0x97, 0x56, 0xb7, 0x96, 0xb1,
  0xbb, 0xb7, 0x96, 0x97, 0x56, 0xde, 0x81, 0xb1, 0xbb, 0xdd, 0xb8, 0xb1,
  0xbb, 0xa1, 0x7d, 0xdd, 0xb8, 0x83, 0x46, 0xa1, 0x7d, 0xef, 0x6e, 0x83,
  0x46, 0xe6, 0x5c, 0x83, 0x46, 0xbe, 0x9c, 0xdd, 0xb8, 0xc9, 0x61, 0xbe,
  0x9c, 0xa5, 0x76, 0xc9, 0x61, 0xd4, 0xae, 0xc9, 0x61, 0x92, 0x69, 0xa1,
  0x7d, 0xef, 0x6e, 0xa1, 0x7d, 0xe6, 0x5c, 0x90, 0x99, 0xbe, 0x9c, 0xa5,
  0x76, 0xbe, 0x9c, 0xd4, 0xae, 0xc9, 0xad, 0x92, 0x69, 0xa5, 0x5d, 0x90,
  0x99, 0xf7, 0xb7, 0x92, 0x69, 0xf8, 0xb7, 0x90, 0x99, 0xbd, 0x31, 0xc9,
  0x60, 0xe1, 0x78, 0xde, 0x81, 0xc9, 0xad, 0xa5, 0x5d, 0xbf, 0x50, 0xbf,
  0x50, 0xbd, 0x31, 0x97, 0x56, 0xe2, 0x78, 0xde, 0x81, 0xf7, 0xb7, 0xa5,
  0x5d, 0xbf, 0x50, 0xbf, 0x50, 0xbd, 0x31, 0x97, 0x56, 0xe3, 0x78, 0xde,
  0x81, 0xc9, 0xad, 0xf8, 0xb7, 0xbf, 0x50, 0xbf, 0x50, 0xbd, 0x31, 0x97,
  0x56, 0xe5, 0x78, 0xde, 0x81, 0xf7, 0xb7, 0xf8, 0xb7, 0xbf, 0x50, 0xbf,
  0x50, 0xbd, 0x31, 0x97, 0x56, 0xad, 0x52, 0xef, 0x6e, 0xa5, 0x76, 0xe1,
  0x78, 0xe1, 0x78, 0x97, 0x56, 0xe6, 0x5c, 0xa5, 0x76, 0xe2, 0x78, 0xe2,
  0x78, 0x97, 0x56, 0xef, 0x6e, 0xd4, 0xae, 0xe3, 0x78, 0xe3, 0x78, 0x97,
  0x56, 0xe6, 0x5c, 0xd4, 0xae, 0xe5, 0x78, 0xe5, 0x78, 0x97, 0x56, 0xad,
  0x52, 0xbc, 0x9b, 0xad, 0x52, 0xbc, 0x9b, 0xec, 0x4e, 0xed, 0x5a, 0xa6,
  0x5e, 0xbc, 0x9b, 0xf3, 0x57, 0x8d, 0x6b, 0xd1, 0x37, 0xd0, 0x56, 0xbd,
  0x61, 0xa3, 0x7b, 0xda, 0x96, 0xd0, 0x56, 0x85, 0xa3, 0xd0, 0x56, 0xd0,
  0x56, 0x87, 0xa3, 0xbd, 0x61, 0xbd, 0x61, 0x82, 0x40, 0x85, 0xa3, 0xdd,
  0x3c, 0x85, 0xa3, 0x82, 0x40, 0xb3, 0x38, 0x87, 0xa3, 0x87, 0xa3, 0xdd,
  0x3c, 0xc3, 0xaa, 0xd1, 0x37, 0x88, 0x3a, 0xda, 0x96, 0xda, 0x96, 0x82,
  0x40, 0xc3, 0xaa, 0xa6, 0xa4, 0xc3, 0xaa, 0xc3, 0xaa, 0xb9, 0x3d, 0xb9,
  0x3d, 0xa7, 0x57, 0xec, 0x53, 0xd5, 0x3e, 0xfb, 0x47, 0xa9, 0x57, 0xa6,
  0xa4, 0xfc, 0x65, 0xfc, 0x65, 0xd1, 0x37, 0xec, 0x53, 0xdd, 0x3c, 0xb3,
  0x38, 0xa9, 0x57, 0x88, 0x3a, 0xec, 0x53, 0xec, 0x53, 0xec, 0x53, 0x88,
  0x3a, 0xd5, 0x3e, 0xfb, 0x47, 0xec, 0x53, 0xa9, 0x57, 0xc3, 0xaa, 0xfc,
  0x65, 0xb9, 0x3d, 0xec, 0x53, 0xd5, 0x3e, 0xfb, 0x47, 0xb9, 0x3d, 0xb6,
  0x93, 0xfb, 0x47, 0xf3, 0x57, 0xfb, 0x47, 0x8d, 0x6b, 0xbc, 0x9b, 0xd5,
  0x3e, 0xb6, 0x93, 0xb6, 0x93, 0xf3, 0x57, 0xa7, 0x57, 0x8d, 0x6b, 0xbc,
  0x9b, 0xec, 0x4e, 0xf3, 0x57, 0xed, 0x5a, 0x8d, 0x6b, 0xec, 0x4e, 0xa7,
  0x57, 0xed, 0x5a, 0xbc, 0x9b, 0xed, 0x5a, 0xf8, 0x45, 0xec, 0x4e, 0x9f,
  0xac, 0x92, 0x6c, 0x8b, 0x46, 0xec, 0x4e, 0xa0, 0x88, 0xed, 0x5a, 0x8b,
  0x46, 0xa7, 0x57, 0xa0, 0x88, 0xf2, 0x5e, 0xfc, 0xb6, 0xa3, 0x7b, 0xc9,
  0x72, 0xae, 0x48, 0x90, 0x58, 0xa3, 0x81, 0xf2, 0x5e, 0xf0, 0x3f, 0x90,
  0x58, 0xf7, 0x38, 0xc1, 0x5f, 0xf7, 0x38, 0x90, 0x58, 0x90, 0x58, 0xf0,
  0x3f, 0xf0, 0x3f, 0xff, 0x87, 0xa3, 0x7b, 0xf2, 0x5e, 0xef, 0x33, 0xff,
  0x87, 0xff, 0x87, 0xf8, 0x45, 0x8b, 0x46, 0x9f, 0xac, 0x92, 0x6c, 0x97,
  0x85, 0xbb, 0x4c, 0xbb, 0x4c, 0xbb, 0x4c, 0xef, 0x33, 0xef, 0x33, 0xff,
  0x87, 0xc1, 0x5f, 0xc1, 0x5f, 0xc9, 0x72, 0xcc, 0x42, 0x9d, 0x69, 0xcc,
  0x42, 0xcc, 0x42, 0x9d, 0x69, 0xcc, 0x42, 0xc9, 0x72, 0x9d, 0x69, 0xc9,
  0x72, 0xc9, 0x72, 0x9d, 0x69, 0xeb, 0x75, 0xca, 0x39, 0xca, 0x39, 0x9e,
  0xbf, 0x9e, 0xbf, 0xa8, 0x57, 0xc9, 0x72, 0xa0, 0x88, 0xaf, 0x52, 0xd7,
  0xaa, 0xf4, 0x8d, 0xaf, 0x55, 0xd7, 0xaa, 0xaf, 0x55, 0xaf, 0x55, 0xd7,
  0xaa, 0xae, 0x52, 0xaf, 0x55, 0xae, 0x52, 0x92, 0x6c, 0x9c, 0x05, 0xf4,
  0x8d, 0xae, 0x52, 0x92, 0x6c, 0xaf, 0x52, 0xae, 0x52, 0xaf, 0x52, 0x92,
  0x6c, 0xd0, 0x87, 0xaf, 0x52, 0xd0, 0x87, 0xc4, 0xbf, 0xd5, 0x7a, 0xd0,
  0x87, 0xd5, 0x7a, 0xd0, 0x87, 0xd5, 0x7a, 0xd0, 0x87, 0xd5, 0x7a, 0xd0,
  0x87, 0xe6, 0x6e, 0xd5, 0x7a, 0xd0, 0xab, 0xd5, 0x7a, 0xd0, 0xab, 0xe6,
  0x6e, 0xd0, 0xab, 0xe6, 0x6e, 0xd0, 0xab, 0xe6, 0x6e, 0xd0, 0xab, 0xd1,
  0x1a, 0x00, 0x00, 0xe2, 0x00, 0x00, 0x00, 0x10, 0x00, 0x00, 0x00, 0xe2,
  0x00, 0x00, 0x00, 0x1e, 0x00, 0x00, 0x00, 0x32, 0x33, 0x02, 0x34, 0x02,
  0x3a, 0x07, 0x3b, 0x3c, 0x3d, 0x3e, 0x3f, 0x40, 0x41, 0x06, 0x02, 0x42,
  0x43, 0x22, 0x44, 0x02, 0x45, 0x07, 0x46, 0x06, 0x02, 0x47, 0x07, 0x48,
  0x49, 0x4a, 0x4b, 0x4c, 0x4d, 0x4e, 0x4f, 0x50, 0x51, 0x52, 0x53, 0x54,
  0x55, 0x56, 0x57, 0x58, 0x59, 0x5a, 0x5b, 0x5c, 0x5d, 0x5e, 0x5f, 0x60,
  0x61, 0x62, 0x63, 0x64, 0x65, 0x66, 0x67, 0x68, 0x69, 0x6a, 0x6b, 0x6c,
  0x6d, 0x6e, 0x6f, 0x70, 0x71, 0x72, 0x73, 0x74, 0x75, 0x76, 0x77, 0x78,
  0x79, 0x7a, 0x7b, 0x7c, 0x7d, 0x7e, 0x7f, 0x80, 0x81, 0x82, 0x83, 0x84,
  0x85, 0x86, 0x87, 0x88, 0x89, 0x8a, 0x8b, 0x8c, 0x8d, 0x8e, 0x8f, 0x90,
  0x91, 0x92, 0x93, 0x94, 0x95, 0x96, 0x97, 0x98, 0x99, 0x9a, 0x9b, 0x9c,
  0x9d, 0x9e, 0x9f, 0xa0, 0xa1, 0x06, 0x02, 0xc2, 0x07, 0xc3, 0xc4, 0xc5,
  0xc6, 0xc7, 0xc8, 0xc9, 0xca, 0xcb, 0xcc, 0x06, 0x02, 0xcd, 0x07, 0xce,
  0x06, 0x02, 0xa2, 0xb7, 0xa3, 0xa4, 0xb8, 0x06, 0x02, 0xa5, 0xa6, 0xa7,
  0xa8, 0xa9, 0xaa, 0xab, 0xd9, 0xda, 0xdb, 0xdc, 0xdd, 0xde, 0x06, 0x02,
  0x35, 0x07, 0xaf, 0xb0, 0xac, 0xad, 0xcf, 0xdf, 0x06, 0x02, 0x38, 0x07,
  0xe0, 0xf0, 0x06, 0x02, 0xf0, 0x07, 0xae, 0x36, 0xe1, 0x14, 0xfe, 0xf0,
  0xf0, 0xfe, 0x15, 0xf0, 0xfe, 0x16, 0xf0, 0xfe, 0x1c, 0xf0, 0xbf, 0xfe,
  0xf0, 0x13, 0xfe, 0xf0, 0xfe, 0xf0, 0xfe, 0xf0, 0xf0, 0xfe, 0xf0, 0xfe,
  0xf0, 0xfe, 0xf0, 0x14, 0xfe, 0xf0, 0xfe, 0x00, 0xe2, 0xfe, 0x00, 0xe3,
  0xfe, 0x00, 0x37, 0x25, 0x02, 0x10, 0x1d, 0x7a, 0x11, 0x12, 0x13, 0x7d,
  0x7f, 0x80, 0x81, 0x82, 0x83, 0x84, 0x85, 0x86, 0x4c, 0x9f, 0x8d, 0x9f,
  0x8d, 0x9f, 0x8d, 0x9f, 0x8d, 0xbc, 0x7c, 0xd1, 0x5f, 0xbc, 0x7c, 0xbc,
  0x7c, 0xd1, 0x5f, 0xd1, 0x5f, 0xd1, 0x5f, 0xe2, 0x32, 0x9f, 0x8d, 0xe2,
  0x32, 0xe2, 0x32, 0xb8, 0xdd, 0x00, 0x00, 0x7b, 0x0e, 0x00, 0x00, 0x8f,
  0x03, 0x00, 0x00, 0x7b, 0x0e, 0x00, 0x00, 0x21, 0x0a, 0x00, 0x00, 0xb4,
  0xf0, 0x02, 0x32, 0x33, 0x02, 0x34, 0x02, 0xf0, 0xf0, 0x07, 0xf0, 0xf0,
  0xf0, 0x0c, 0xe1, 0x0e, 0xf0, 0x0c, 0xe1, 0x0e, 0xf0, 0xf0, 0x0c, 0xe1,
  0x0e, 0xf0, 0x0c, 0xe1, 0x0e, 0xf0, 0xf0, 0x0c, 0xe1, 0x0e, 0xf0, 0xf0,
  0x0c, 0xe1, 0x0e, 0xf0, 0x0c, 0xe1, 0x0e, 0x06, 0x02, 0x3a, 0x07, 0x3b,
  0x3c, 0x3d, 0x3e, 0x3f, 0x40, 0x41, 0x06, 0x02, 0x42, 0x43, 0x22, 0x44,
  0x02, 0x45, 0x07, 0x46, 0x06, 0x02, 0x47, 0x07, 0x48, 0x49, 0x4a, 0x4b,
  0x4c, 0x4d, 0x4e, 0x4f, 0x50, 0x51, 0x52, 0x53, 0x54, 0x55, 0x56, 0x57,
  0x58, 0x59, 0x5a, 0x5b, 0x5c, 0x5d, 0x5e, 0x5f, 0x60, 0x61, 0x62, 0x63,
  0x64, 0x65, 0x66, 0x67, 0x68, 0x69, 0x6a, 0x6b, 0x6c, 0x6d, 0x6e, 0x6f,
  0x70, 0x71, 0x72, 0x73, 0x74, 0x75, 0x76, 0x77, 0x78, 0x79, 0x7a, 0x7b,
  0x7c, 0x7d, 0x7e, 0x7f, 0x80, 0x81, 0x82, 0x83, 0x84, 0x85, 0x86, 0x87,
  0x88, 0x89, 0x8a, 0x8b, 0x8c, 0x8d, 0x8e, 0x8f, 0x90, 0x91, 0x92, 0x93,
  0x94, 0x95, 0x96, 0x97, 0x98, 0x99, 0x9a, 0x9b, 0x9c, 0x9d, 0x9e, 0x9f,
  0xa0, 0xa1, 0x06, 0x02, 0xc2, 0x07, 0xc3, 0xc4, 0xc5, 0xc6, 0xc7, 0xc8,
  0xc9, 0xca, 0xcb, 0xcc, 0x06, 0x02, 0xcd, 0x07, 0xce, 0x06, 0x02, 0xf0,
  0x07, 0xf0, 0xf0, 0xf0, 0x06, 0x02, 0xf2, 0xf2, 0xf0, 0xfe, 0xf2, 0xf0,
  0xfe, 0xf2, 0xf0, 0xf0, 0xf0, 0xfe, 0xf0, 0xf0, 0xfe, 0xf0, 0xf1, 0xf1,
  0xf0, 0xfe, 0xf1, 0xf0, 0xf0, 0x22, 0xf0, 0x02, 0xf0, 0x07, 0xf0, 0x06,
  0x02, 0xf0, 0xf0, 0x22, 0xf0, 0x02, 0xf0, 0x07, 0xf0, 0x06, 0x02, 0xf0,
  0x07, 0xf0, 0x06, 0x02, 0xf0, 0xf0, 0xf0, 0xf0, 0xf2, 0xf2, 0xf1, 0xfe,
  0x21, 0xf1, 0xfe, 0x21, 0xb9, 0xfe, 0x21, 0xf1, 0xfe, 0x21, 0xf1, 0xfe,
  0x21, 0xf0, 0xfe, 0x21, 0xb9, 0xfe, 0x21, 0x02, 0xa2, 0xb7, 0xf0, 0xf0,
  0xf0, 0xa3, 0xa4, 0xb8, 0xf0, 0xf0, 0xf0, 0xf0, 0xf0, 0xf1, 0xf0, 0xf0,
  0xf0, 0xf0, 0xf0, 0xf0, 0xf0, 0xf0, 0xf0, 0x06, 0x02, 0xa5, 0xa6, 0xa7,
  0xa8, 0xa9, 0xaa, 0xab, 0x06, 0x02, 0xf0, 0xf0, 0xf0, 0x06, 0x02, 0xf0,
  0xfe, 0xf0, 0x02, 0x35, 0x07, 0xf0, 0x06, 0x02, 0x38, 0x07, 0xaf, 0xb0,
  0xac, 0xad, 0xcf, 0x06, 0x02, 0xf0, 0x07, 0xae, 0xf0, 0x36, 0x13, 0xfe,
  0xf0, 0x13, 0xfe, 0x00, 0xf0, 0x0c, 0x0b, 0xfe, 0xf0, 0x0e, 0x20, 0x0c,
  0x0b, 0xfe, 0xf0, 0x0e, 0x11, 0xfe, 0x00, 0x13, 0xfe, 0x27, 0xfe, 0x05,
  0xbf, 0xfe, 0xf0, 0x11, 0xfe, 0xf0, 0xfe, 0x03, 0xfe, 0xf0, 0x13, 0xfe,
  0xf0, 0xfe, 0x03, 0xfe, 0x05, 0x14, 0xfe, 0xf0, 0x1a, 0xfe, 0xf0, 0x1a,
  0xfe, 0xf0, 0x1a, 0xfe, 0xf0, 0x11, 0xfe, 0xf0, 0x13, 0xfe, 0x01, 0xfe,
  0xf0, 0xfe, 0x00, 0x13, 0xfe, 0x1f, 0xfe, 0xf0, 0xfe, 0x05, 0x11, 0xfe,
  0xf0, 0x11, 0xfe, 0x01, 0xfe, 0xd0, 0xfe, 0x00, 0x14, 0xfe, 0xf0, 0xfe,
  0x03, 0xfe, 0xf0, 0x13, 0xfe, 0xf0, 0xfe, 0xf0, 0xfe, 0xf0, 0x11, 0xfe,
  0x01, 0xfe, 0x15, 0x11, 0xfe, 0xf0, 0xfe, 0x16, 0x13, 0xfe, 0xf0, 0xfe,
  0xf0, 0xfe, 0xf0, 0xfe, 0x05, 0x11, 0xfe, 0x01, 0xfe, 0xd0, 0xfe, 0x00,
  0x11, 0xfe, 0x00, 0x14, 0xfe, 0x00, 0xf0, 0x0c, 0x0b, 0xfe, 0xf0, 0xe9,
  0xfe, 0xf0, 0x0d, 0x0a, 0xfe, 0x01, 0xfe, 0x00, 0x0a, 0xfe, 0xe8, 0x19,
  0x10, 0xe9, 0xfe, 0xf0, 0x0d, 0x0f, 0xfe, 0xeb, 0xfe, 0x03, 0xfe, 0xf0,
  0xf0, 0xfe, 0xf0, 0xfe, 0xd2, 0xfe, 0xf0, 0xf0, 0xfe, 0xf0, 0xfe, 0xd2,
  0xfe, 0xf0, 0xf0, 0xfe, 0xf0, 0xfe, 0x03, 0xfe, 0xf0, 0xd1, 0xfe, 0x01,
  0xfe, 0x15, 0xd1, 0xfe, 0xf0, 0xfe, 0x00, 0xd1, 0xfe, 0x01, 0xfe, 0x16,
  0xd1, 0xfe, 0xf0, 0xfe, 0x00, 0xf0, 0xfe, 0xf0, 0xfe, 0xf0, 0xfe, 0xf0,
  0xfe, 0xf0, 0xfe, 0xf0, 0xfe, 0xf0, 0xfe, 0xf0, 0xfe, 0xf0, 0xfe, 0xf0,
  0xfe, 0x00, 0xf0, 0xfe, 0xf0, 0xfe, 0xd0, 0xfe, 0xf0, 0xfe, 0xd0, 0xfe,
  0x03, 0xfe, 0xd0, 0xfe, 0x03, 0xfe, 0xd0, 0xfe, 0x03, 0xfe, 0xd0, 0xfe,
  0x05, 0xf0, 0xfe, 0x01, 0xfe, 0xf0, 0xfe, 0xf0, 0xfe, 0xf0, 0xfe, 0x1b,
  0xfe, 0xef, 0x0a, 0xfe, 0x01, 0xfe, 0x00, 0x0a, 0xfe, 0xf0, 0xfe, 0xd2,
  0xfe, 0xf0, 0xfe, 0x05, 0x19, 0x10, 0xe7, 0x0d, 0x0f, 0xfe, 0xeb, 0xfe,
  0x03, 0xfe, 0xf0, 0x0a, 0xfe, 0x01, 0xfe, 0x00, 0x0a, 0xfe, 0xf0, 0xfe,
  0xd2, 0xfe, 0xf0, 0x19, 0x10, 0xf0, 0xf0, 0x11, 0xfe, 0xf0, 0xfe, 0x05,
  0x11, 0xfe, 0xf0, 0xfe, 0xd9, 0xfe, 0xf0, 0xfe, 0xf0, 0xfe, 0xf0, 0x11,
  0xfe, 0x00, 0xf0, 0x0c, 0x17, 0xfe, 0x00, 0xe9, 0xfe, 0xf0, 0x0d, 0x0f,
  0xfe, 0xeb, 0xfe, 0x03, 0xfe, 0xf0, 0x0a, 0xfe, 0xf0, 0xfe, 0xd2, 0xfe,
  0xf0, 0xfe, 0xf0, 0xfe, 0xd2, 0xfe, 0xf0, 0xfe, 0xf0, 0xfe, 0xd2, 0xfe,
  0xf0, 0xfe, 0x1e, 0x10, 0xe7, 0x0d, 0x0f, 0xfe, 0xeb, 0xfe, 0x03, 0xfe,
  0xf0, 0x0a, 0xfe, 0xf0, 0xfe, 0xd2, 0xfe, 0xf1, 0x10, 0xd5, 0xfe, 0x00,
  0xd5, 0xfe, 0xf1, 0xfe, 0x05, 0xd5, 0xfe, 0xf1, 0xfe, 0x05, 0xd5, 0xfe,
  0xf1, 0xfe, 0xf1, 0xfe, 0x05, 0xd5, 0xfe, 0x00, 0x30, 0x0d, 0xd1, 0xfe,
  0xf0, 0xfe, 0xf0, 0xfe, 0x05, 0x0a, 0xfe, 0xf0, 0xfe, 0x00, 0xd1, 0xfe,
  0xf0, 0xfe, 0xf1, 0xfe, 0x05, 0xd1, 0xfe, 0xf0, 0xfe, 0x05, 0xd1, 0xfe,
  0xf0, 0xfe, 0xf0, 0xfe, 0x05, 0xd1, 0xfe, 0x00, 0xe0, 0xfe, 0xf1, 0x08,
  0x04, 0xfe, 0x01, 0xfe, 0x00, 0x09, 0x18, 0x08, 0x04, 0xfe, 0xf1, 0xfe,
  0x00, 0x09, 0xd1, 0xfe, 0x00, 0xf1, 0xfe, 0x03, 0xfe, 0xf1, 0xfe, 0x03,
  0xfe, 0xf0, 0xfe, 0xf1, 0x08, 0x04, 0xfe, 0xf1, 0xfe, 0x03, 0xfe, 0x05,
  0x29, 0x09, 0x18, 0x08, 0x04, 0xfe, 0x01, 0xfe, 0xd9, 0xfe, 0x00, 0xf0,
  0xfe, 0xf0, 0xfe, 0x12, 0xd6, 0xd4, 0xfe, 0xf0, 0xf0, 0xd7, 0x09, 0xd1,
  0xfe, 0xf0, 0xfe, 0xd8, 0xfe, 0x05, 0xd1, 0xfe, 0xf1, 0xfe, 0xd8, 0xfe,
  0xf1, 0xfe, 0xd8, 0xfe, 0xf1, 0x0a, 0xfe, 0xf0, 0xfe, 0xd0, 0xfe, 0xf1,
  0xfe, 0xf1, 0xfe, 0x03, 0xfe, 0x1e, 0x19, 0x31, 0x0b, 0xfe, 0xed, 0xfe,
  0xf1, 0xfe, 0xf0, 0xfe, 0xf1, 0xfe, 0xf0, 0x0e, 0x20, 0x0c, 0x0b, 0xfe,
  0x01, 0xfe, 0x00, 0x0e, 0x13, 0xfe, 0x00, 0xf0, 0x0c, 0xf1, 0x0d, 0xf1,
  0xfe, 0xf1, 0x0f, 0xfe, 0xf1, 0xfe, 0xf1, 0x0f, 0xfe, 0x01, 0xfe, 0xf1,
  0xfe, 0xf0, 0x0f, 0xfe, 0xf0, 0xfe, 0x03, 0xfe, 0xf1, 0xfe, 0xf1, 0x0f,
  0xfe, 0x01, 0xfe, 0xd8, 0xfe, 0x00, 0x0f, 0xfe, 0x01, 0xfe, 0xd9, 0xfe,
  0x00, 0x0a, 0xfe, 0xf1, 0xfe, 0xd8, 0xfe, 0xf1, 0xfe, 0xd8, 0xfe, 0xf0,
  0xfe, 0xd9, 0xfe, 0xf0, 0xfe, 0xd9, 0xfe, 0xf1, 0x19, 0x10, 0xe7, 0x0d,
  0x0f, 0xfe, 0x00, 0xe0, 0xfe, 0x12, 0x08, 0x04, 0xfe, 0xf1, 0xfe, 0xf1,
  0xfe, 0xf1, 0xfe, 0xf0, 0x09, 0x18, 0x08, 0x04, 0xfe, 0xf1, 0x09, 0x0f,
  0xfe, 0x00, 0xe0, 0xfe, 0x12, 0x08, 0xdf, 0xfe, 0x01, 0xfe, 0x16, 0xdf,
  0xfe, 0x01, 0xfe, 0x15, 0xdf, 0xfe, 0x01, 0xfe, 0x1c, 0x04, 0xfe, 0x01,
  0xfe, 0xf1, 0xfe, 0xd0, 0xfe, 0xf1, 0xfe, 0xd0, 0xfe, 0xf1, 0xfe, 0x1d,
  0xfe, 0xf1, 0xfe, 0xd0, 0xfe, 0xf1, 0xfe, 0xd0, 0xfe, 0xf0, 0xfe, 0xd0,
  0xfe, 0xf1, 0x09, 0x18, 0x08, 0x04, 0xfe, 0x01, 0xfe, 0x00, 0x09, 0x0a,
  0xfe, 0xf0, 0xfe, 0xf1, 0x19, 0x10, 0xf0, 0xf0, 0xb6, 0xfe, 0x00, 0x13,
  0xfe, 0xb5, 0xfe, 0xf1, 0xfe, 0x03, 0xfe, 0xf1, 0xfe, 0xf1, 0xfe, 0xf1,
  0xfe, 0xf1, 0xfe, 0xf1, 0xfe, 0xf0, 0xfe, 0xf0, 0xfe, 0xf0, 0xfe, 0xf0,
  0xfe, 0xf0, 0xfe, 0xf0, 0xfe, 0xf1, 0xfe, 0xd0, 0xfe, 0xf1, 0xfe, 0xf1,
  0xfe, 0xf0, 0xfe, 0xf0, 0xfe, 0xf0, 0xfe, 0xf0, 0xfe, 0xf0, 0xfe, 0xf0,
  0xfe, 0xf1, 0x13, 0xfe, 0x00, 0xf0, 0x0c, 0x17, 0xfe, 0x00, 0x30, 0x0d,
  0xf1, 0x08, 0xdf, 0xfe, 0xf2, 0xfe, 0x05, 0xba, 0xfe, 0x00, 0xf0, 0xfe,
  0xf1, 0xd6, 0xd4, 0xfe, 0xf2, 0xfe, 0xf2, 0xfe, 0xf1, 0xd7, 0xf0, 0xd6,
  0xd4, 0xfe, 0x01, 0xfe, 0x00, 0xd7, 0x04, 0xfe, 0x01, 0xfe, 0x00, 0x29,
  0x09, 0x0a, 0xfe, 0xf1, 0x19, 0x31, 0xd5, 0xfe, 0xf0, 0xfe, 0x03, 0xfe,
  0xe2, 0x0b, 0xfe, 0xf1, 0xf1, 0xfe, 0xf0, 0x0d, 0x0a, 0xfe, 0x01, 0xfe,
  0x00, 0x19, 0x10, 0xe9, 0xfe, 0xf0, 0x0d, 0x0a, 0xfe, 0x01, 0xfe, 0x00,
  0x19, 0x10, 0xd5, 0xfe, 0x00, 0xe9, 0xfe, 0xf0, 0x0d, 0xf2, 0xfe, 0xf1,
  0xf2, 0xfe, 0xf1, 0xfe, 0xf0, 0xfe, 0xf0, 0xfe, 0x1b, 0xfe, 0xf1, 0xd1,
  0xfe, 0x00, 0xf2, 0xfe, 0xf2, 0x08, 0xb3, 0xfe, 0x00, 0xf1, 0xd6, 0xf0,
  0xfe, 0xf1, 0xf0, 0xde, 0xfe, 0xf1, 0xf0, 0xf0, 0xf0, 0xfe, 0xf0, 0xfe,
  0xf0, 0xfe, 0xf0, 0xfe, 0xf0, 0xfe, 0x00, 0xf0, 0xfe, 0xf0, 0xfe, 0xf0,
  0xfe, 0xf1, 0xfe, 0xf1, 0xfe, 0xf1, 0xfe, 0xf1, 0xd4, 0xfe, 0xf0, 0xfe,
  0xf0, 0xfe, 0xf0, 0xfe, 0xf0, 0xfe, 0xf0, 0xfe, 0xf0, 0xfe, 0xf0, 0xfe,
  0xf0, 0xf0, 0xf1, 0xdf, 0xfe, 0x00, 0xf1, 0xd6, 0xf2, 0xfe, 0xf0, 0xfe,
  0xf1, 0xf0, 0xfe, 0x12, 0xf0, 0xdd, 0xfe, 0x01, 0xfe, 0xf0, 0xfe, 0xef,
  0xe3, 0xfe, 0xf0, 0xfe, 0xf1, 0xf0, 0xfe, 0xf0, 0xfe, 0xf0, 0xfe, 0xe4,
  0xfe, 0xf0, 0xfe, 0xf1, 0xfe, 0x05, 0xde, 0xfe, 0xf1, 0xfe, 0xd2, 0xfe,
  0xf0, 0xfe, 0x05, 0xf0, 0xf0, 0xf0, 0xf0, 0xf1, 0xfe, 0x12, 0xee, 0xf0,
  0xfe, 0x01, 0xfe, 0xf0, 0xfe, 0xef, 0xd3, 0xfe, 0xf0, 0xfe, 0xf1, 0xf0,
  0xfe, 0xf1, 0xfe, 0xf1, 0xfe, 0xf1, 0xf0, 0xfe, 0xf1, 0xfe, 0xf1, 0xf0,
  0xfe, 0xf1, 0xfe, 0x05, 0xd3, 0xfe, 0x01, 0xfe, 0x15, 0xd3, 0xfe, 0xf1,
  0xfe, 0x00, 0xd3, 0xfe, 0xf1, 0xfe, 0x00, 0xd3, 0xfe, 0xf1, 0xfe, 0x00,
  0xd3, 0xfe, 0x01, 0xfe, 0x16, 0xd3, 0xfe, 0xf1, 0xfe, 0x00, 0xd3, 0xfe,
  0xf1, 0xfe, 0x00, 0xd3, 0xfe, 0xf1, 0xfe, 0x00, 0xf0, 0xfe, 0xf1, 0xfe,
  0xf1, 0xfe, 0xf1, 0xfe, 0xf0, 0xfe, 0xf1, 0xf0, 0xfe, 0xf1, 0xfe, 0xf1,
  0xfe, 0xf1, 0xfe, 0xf0, 0xfe, 0xf1, 0xd3, 0xfe, 0x01, 0xfe, 0x15, 0xd3,
  0xfe, 0x01, 0xfe, 0x15, 0xd3, 0xfe, 0x01, 0xfe, 0x16, 0xd3, 0xfe, 0x01,
  0xfe, 0x16, 0xf0, 0xfe, 0xf0, 0xfe, 0xf0, 0xfe, 0x03, 0xfe, 0xf0, 0xfe,
  0xe4, 0xfe, 0xf0, 0xf0, 0xfe, 0xf0, 0xfe, 0xf0, 0xfe, 0x03, 0xfe, 0xf0,
  0xfe, 0xe4, 0xfe, 0xf0, 0xf0, 0xfe, 0xf0, 0xfe, 0xf0, 0xfe, 0x03, 0xfe,
  0xf0, 0xfe, 0xe4, 0xfe, 0xf0, 0xf0, 0xfe, 0xf0, 0xfe, 0xf0, 0xfe, 0x03,
  0xfe, 0xf0, 0xfe, 0xe4, 0xfe, 0xf0, 0xd3, 0xfe, 0xf0, 0xfe, 0x05, 0xf0,
  0xfe, 0xf0, 0xfe, 0x03, 0xfe, 0x03, 0xfe, 0x05, 0xf0, 0xfe, 0xf0, 0xfe,
  0x03, 0xfe, 0x03, 0xfe, 0x05, 0xf0, 0xfe, 0xf0, 0xfe, 0x03, 0xfe, 0x03,
  0xfe, 0x05, 0xf0, 0xfe, 0xf0, 0xfe, 0x03, 0xfe, 0x03, 0xfe, 0x05, 0xea,
  0xfe, 0xb5, 0xfe, 0xd0, 0xfe, 0xf0, 0xfe, 0xd2, 0xfe, 0xf0, 0xfe, 0xf1,
  0xfe, 0xd0, 0xfe, 0xf0, 0xfe, 0xd2, 0xfe, 0xf0, 0xfe, 0xf1, 0xfe, 0xd0,
  0xfe, 0xf0, 0xfe, 0xd2, 0xfe, 0xf0, 0xfe, 0xf1, 0xfe, 0xd0, 0xfe, 0xf0,
  0xfe, 0xd2, 0xfe, 0xf0, 0xfe, 0xf1, 0xf0, 0xf0, 0xf0, 0xd4, 0xfe, 0xf0,
  0xf0, 0xf1, 0xdf, 0xfe, 0xf2, 0x04, 0xfe, 0xf2, 0xfe, 0xf2, 0xfe, 0xd0,
  0xfe, 0xf2, 0x09, 0x18, 0x08, 0x04, 0xfe, 0xe8, 0x09, 0xd1, 0xfe, 0x00,
  0xf2, 0xfe, 0xf1, 0x08, 0xdf, 0xfe, 0x00, 0xf2, 0xd6, 0xf0, 0xfe, 0xf1,
  0xf0, 0xfe, 0xf1, 0xf0, 0xfe, 0xf1, 0xfe, 0xf1, 0xf0, 0xfe, 0x01, 0xfe,
  0xf1, 0xf0, 0xfe, 0x01, 0xfe, 0xf0, 0xfe, 0xef, 0xf0, 0xfe, 0x01, 0xfe,
  0xf0, 0xfe, 0xef, 0xdc, 0xfe, 0x01, 0xfe, 0x1c, 0xf0, 0xfe, 0xf0, 0xfe,
  0xf0, 0xfe, 0x05, 0xf0, 0xfe, 0xf0, 0xfe, 0xf0, 0xfe, 0xf1, 0xfe, 0x00,
  0xdc, 0xfe, 0xf1, 0xfe, 0x05, 0xdc, 0xfe, 0xf1, 0xfe, 0xf0, 0xfe, 0xf1,
  0xfe, 0x1d, 0xfe, 0x00, 0xdc, 0xfe, 0x1f, 0xfe, 0xf1, 0xfe, 0x00, 0xf0,
  0xfe, 0x00, 0xd4, 0xfe, 0x01, 0xfe, 0x00, 0xf0, 0xfe, 0x00, 0xdc, 0xfe,
  0x00, 0xf0, 0xfe, 0x00, 0xdc, 0xfe, 0x01, 0xfe, 0x00, 0xf0, 0xfe, 0xf1,
  0xf2, 0xf0, 0xf1, 0xfe, 0x2d, 0xfe, 0x12, 0xee, 0xea, 0xfe, 0x01, 0xfe,
  0xf0, 0xfe, 0xd0, 0xfe, 0x05, 0xf2, 0xfe, 0xf1, 0xfe, 0xf1, 0xfe, 0xf1,
  0xfe, 0xf1, 0xfe, 0x12, 0xe6, 0xda, 0xfe, 0xe8, 0xda, 0xfe, 0x01, 0xfe,
  0x00, 0xf0, 0xec, 0xea, 0xfe, 0xf1, 0xfe, 0x00, 0xea, 0xfe, 0xb2, 0xea,
  0xfe, 0x01, 0xfe, 0x00, 0xf2, 0xf0, 0xf1, 0xee, 0xea, 0xfe, 0xf0, 0xea,
  0xfe, 0x01, 0xfe, 0x00, 0xf0, 0xf0, 0xf0, 0xf0, 0xfe, 0xf1, 0xfe, 0xf1,
  0xd4, 0xfe, 0x01, 0xfe, 0xf1, 0xfe, 0x03, 0xfe, 0xe2, 0xd7, 0xf0, 0xd6,
  0xd4, 0xfe, 0xf0, 0xd7, 0x04, 0xfe, 0x01, 0xfe, 0x00, 0x09, 0x18, 0x08,
  0x04, 0xfe, 0xf0, 0x09, 0xd1, 0xfe, 0x01, 0xfe, 0xf2, 0xfe, 0x05, 0xe0,
  0xfe, 0xf0, 0x08, 0x04, 0xfe, 0x01, 0xfe, 0x00, 0x29, 0x09, 0x0a, 0xfe,
  0x01, 0xfe, 0x00, 0x10, 0xe7, 0x0d, 0x0a, 0xfe, 0xe8, 0x10, 0x17, 0xfe,
  0x27, 0xfe, 0xd9, 0xfe, 0x05, 0xd5, 0xfe, 0xf0, 0xfe, 0xf0, 0xd5, 0xfe,
  0xf0, 0xfe, 0x03, 0xfe, 0xe2, 0xd5, 0xfe, 0x01, 0xfe, 0xd0, 0xfe, 0x00,
  0xd5, 0xfe, 0xed, 0xfe, 0xf0, 0xfe, 0xd0, 0xfe, 0xf0, 0xfe, 0xd0, 0xfe,
  0xf0, 0xd5, 0xfe, 0xf0, 0xfe, 0x03, 0xfe, 0xe2, 0xd5, 0xfe, 0x01, 0xfe,
  0xd0, 0xfe, 0x00, 0x0b, 0xfe, 0x01, 0xfe, 0xf0, 0xfe, 0xf0, 0xfe, 0xf0,
  0xfe, 0xf0, 0xfe, 0xf0, 0xfe, 0xd0, 0xfe, 0x1d, 0xfe, 0xf0, 0xfe, 0xf0,
  0xfe, 0xf0, 0xfe, 0xf0, 0xfe, 0xf0, 0xfe, 0xd0, 0xfe, 0xf0, 0xfe, 0x24,
  0xfe, 0xf0, 0xfe, 0xf0, 0xfe, 0xf0, 0xfe, 0xd0, 0xfe, 0xf0, 0xfe, 0x24,
  0xfe, 0xf0, 0xfe, 0xf2, 0xfe, 0x1d, 0xfe, 0x1e, 0xf0, 0xf0, 0x13, 0xfe,
  0x00, 0xf0, 0x0c, 0xe9, 0xfe, 0x12, 0x0d, 0x0a, 0xfe, 0x01, 0xfe, 0x00,
  0x19, 0x10, 0x17, 0xfe, 0x00, 0x0b, 0xfe, 0x01, 0xfe, 0x00, 0x17, 0xfe,
  0x00, 0xbc, 0xfe, 0xbd, 0xfe, 0xf1, 0xfe, 0x01, 0xfe, 0x03, 0xfe, 0x39,
  0x0d, 0xd1, 0xfe, 0xf0, 0xfe, 0xf1, 0xfe, 0xf1, 0xf1, 0xfe, 0xf1, 0xfe,
  0xf1, 0x08, 0xba, 0xfe, 0x00, 0xf0, 0xfe, 0xf0, 0xd6, 0xf0, 0xfe, 0x27,
  0xfe, 0xf1, 0xfe, 0xf1, 0xdc, 0xfe, 0xf0, 0xfe, 0xf0, 0xdc, 0xfe, 0xf0,
  0xfe, 0x03, 0xfe, 0xe2, 0xdc, 0xfe, 0x01, 0xfe, 0xd0, 0xfe, 0x00, 0xdc,
  0xfe, 0xed, 0xfe, 0xf0, 0xfe, 0xd0, 0xfe, 0xf0, 0xfe, 0xd0, 0xfe, 0xf0,
  0xdc, 0xfe, 0xf1, 0xfe, 0xf1, 0xfe, 0xe2, 0xdc, 0xfe, 0x01, 0xfe, 0xd0,
  0xfe, 0x00, 0xd4, 0xfe, 0x01, 0xfe, 0xf0, 0xfe, 0xf0, 0xfe, 0xf0, 0xfe,
  0xf0, 0xfe, 0xf0, 0xfe, 0xd0, 0xfe, 0x1d, 0xfe, 0xf0, 0xfe, 0xf0, 0xfe,
  0xf0, 0xfe, 0xf0, 0xfe, 0xf0, 0xfe, 0xd0, 0xfe, 0xf0, 0xfe, 0x24, 0xfe,
  0xf0, 0xfe, 0xf0, 0xfe, 0xf0, 0xfe, 0xd0, 0xfe, 0xf0, 0xfe, 0x24, 0xfe,
  0xf0, 0xfe, 0xf1, 0xfe, 0xf1, 0xfe, 0xf1, 0xfe, 0x1e, 0xd7, 0xf0, 0xd6,
  0xd4, 0xfe, 0x01, 0xfe, 0x00, 0xd7, 0x04, 0xfe, 0x01, 0xfe, 0x00, 0x09,
  0x18, 0x08, 0x04, 0xfe, 0x01, 0xfe, 0x00, 0x09, 0x10, 0x0b, 0xfe, 0x01,
  0xfe, 0x00, 0xf0, 0xf0, 0x13, 0xfe, 0x00, 0xf1, 0x0c, 0xf1, 0xfe, 0xf1,
  0xfe, 0x03, 0xfe, 0xf1, 0xe5, 0xfe, 0xf0, 0xfe, 0xf1, 0xfe, 0xf1, 0xe5,
  0xfe, 0x01, 0xfe, 0xf1, 0xf1, 0xfe, 0xf1, 0xfe, 0xf1, 0xe5, 0xfe, 0x01,
  0xfe, 0xf0, 0xfe, 0xf1, 0xe5, 0xfe, 0x01, 0xfe, 0xf0, 0xfe, 0xf1, 0xe5,
  0xfe, 0x01, 0xfe, 0xd9, 0xfe, 0x00, 0x17, 0xfe, 0x00, 0x17, 0xfe, 0x00,
  0x0b, 0xfe, 0x01, 0xfe, 0x00, 0x0b, 0xfe, 0x01, 0xfe, 0x00, 0x17, 0xfe,
  0x00, 0xe5, 0xfe, 0x00, 0xd5, 0xfe, 0x00, 0xf0, 0xfe, 0x00, 0x2a, 0xfe,
  0x00, 0x17, 0xfe, 0x00, 0xd5, 0xfe, 0x00, 0xf0, 0xfe, 0x00, 0xe5, 0xfe,
  0x00, 0x2a, 0xfe, 0x00, 0xf1, 0xfe, 0x01, 0xfe, 0x2c, 0xfe, 0x2d, 0xfe,
  0x2c, 0xfe, 0x01, 0xfe, 0x03, 0xfe, 0x01, 0xfe, 0x03, 0xfe, 0x01, 0xfe,
  0x03, 0xfe, 0x01, 0xfe, 0x03, 0xfe, 0x01, 0xfe, 0x03, 0xfe, 0x01, 0xfe,
  0x03, 0xfe, 0x39, 0x0d, 0xf1, 0xfe, 0xf1, 0xfe, 0xf1, 0x23, 0xfe, 0x1f,
  0xfe, 0xf1, 0xfe, 0xf1, 0xfe, 0xf1, 0x23, 0xfe, 0xf1, 0xfe, 0xf1, 0x0f,
  0xfe, 0xf0, 0xfe, 0xf1, 0xd1, 0xfe, 0xf0, 0xfe, 0xf1, 0x0f, 0xfe, 0x27,
  0xfe, 0x05, 0xd1, 0xfe, 0xf0, 0xfe, 0x03, 0xfe, 0x05, 0xd1, 0xfe, 0x01,
  0xfe, 0xf1, 0xfe, 0xf1, 0xd1, 0xfe, 0xf1, 0xfe, 0xd0, 0xfe, 0xe2, 0x0f,
  0xfe, 0xf1, 0xd1, 0xfe, 0xf0, 0xfe, 0xd0, 0xfe, 0xf1, 0xfe, 0x03, 0xfe,
  0xf1, 0xfe, 0xf1, 0xd1, 0xfe, 0xf0, 0xfe, 0x03, 0xfe, 0xe2, 0xd1, 0xfe,
  0x00, 0xf1, 0x08, 0xc0, 0xfe, 0x01, 0xfe, 0xf1, 0xf1, 0xfe, 0xf1, 0xfe,
  0xf1, 0xf1, 0xfe, 0x01, 0xfe, 0xf1, 0xdf, 0xfe, 0x00, 0xf0, 0xfe, 0x12,
  0xd6, 0xd4, 0xfe, 0xf0, 0xfe, 0xf0, 0xd7, 0xf0, 0xd6, 0xd4, 0xfe, 0x01,
  0xfe, 0x00, 0xd7, 0xdf, 0xfe, 0x00, 0xf0, 0xfe, 0x12, 0xd6, 0xdc, 0xfe,
  0xf1, 0xfe, 0xf1, 0xfe, 0xf1, 0xfe, 0xf1, 0xfe, 0xf1, 0xd4, 0xfe, 0x01,
  0xfe, 0xf0, 0xfe, 0xd0, 0xfe, 0x05, 0xd7, 0xf0, 0xd6, 0xd4, 0xfe, 0x01,
  0xfe, 0x00, 0xd7, 0x04, 0xfe, 0x01, 0xfe, 0x00, 0x04, 0xfe, 0x01, 0xfe,
  0x00, 0x04, 0xfe, 0xf1, 0xfe, 0xf1, 0x04, 0xfe, 0x01, 0xfe, 0x00, 0x04,
  0xfe, 0x01, 0xfe, 0x00, 0x09, 0x18, 0x08, 0x04, 0xfe, 0x01, 0xfe, 0x00,
  0x04, 0xfe, 0x01, 0xfe, 0x00, 0x04, 0xfe, 0x01, 0xfe, 0x00, 0x04, 0xfe,
  0x01, 0xfe, 0x00, 0x04, 0xfe, 0x01, 0xfe, 0x00, 0x09, 0xf1, 0xfe, 0xf1,
  0xfe, 0xf0, 0x08, 0x04, 0xfe, 0x01, 0xfe, 0x00, 0x04, 0xfe, 0x01, 0xfe,
  0x00, 0x2e, 0x09, 0xf0, 0xfe, 0x01, 0xfe, 0xf0, 0xf0, 0xfe, 0x00, 0xf1,
  0xfe, 0x12, 0x08, 0x04, 0xfe, 0x01, 0xfe, 0xf0, 0x09, 0x18, 0x08, 0x04,
  0xfe, 0x01, 0xfe, 0x00, 0x09, 0xe0, 0xfe, 0x12, 0x08, 0x04, 0xfe, 0x01,
  0xfe, 0x00, 0x04, 0xfe, 0x01, 0xfe, 0x00, 0x2e, 0x09, 0x0f, 0xfe, 0x00,
  0xd1, 0xfe, 0x00, 0xe0, 0xfe, 0xf0, 0x08, 0xdf, 0xfe, 0x00, 0xf0, 0xfe,
  0x12, 0xd6, 0xdc, 0xfe, 0x00, 0xf0, 0xfe, 0x00, 0xf0, 0xfe, 0xf1, 0xf0,
  0xdd, 0xfe, 0xf1, 0xfe, 0xf1, 0xf0, 0xfe, 0x00, 0xf0, 0xee, 0xd3, 0xfe,
  0x01, 0xfe, 0x15, 0xd3, 0xfe, 0xf0, 0xfe, 0x05, 0xd3, 0xfe, 0x01, 0xfe,
  0x16, 0xd3, 0xfe, 0xf0, 0xfe, 0x05, 0xd3, 0xfe, 0x01, 0xfe, 0x1c, 0xd3,
  0xfe, 0xf0, 0xfe, 0xf1, 0xfe, 0xf1, 0xfe, 0xf0, 0xf0, 0xfe, 0xf0, 0xfe,
  0x12, 0xe6, 0xda, 0xfe, 0x1f, 0xfe, 0xf1, 0xf0, 0xec, 0xf0, 0xe6, 0xf0,
  0xfe, 0xf0, 0xfe, 0x12, 0xf0, 0xf0, 0xfe, 0x1f, 0xfe, 0xf1, 0xf0, 0xf0,
  0xf1, 0xf0, 0xf0, 0xfe, 0x1f, 0xfe, 0xf1, 0xf0, 0xf0, 0xf1, 0xec, 0xf1,
  0xf0, 0xf0, 0xfe, 0x01, 0xfe, 0xd9, 0xfe, 0x00, 0xde, 0xfe, 0xf0, 0xfe,
  0xf0, 0xde, 0xfe, 0x01, 0xfe, 0x00, 0xf0, 0xf0, 0xf0, 0xde, 0xfe, 0x01,
  0xfe, 0x00, 0xde, 0xfe, 0x01, 0xfe, 0x00, 0xf0, 0xf0, 0xfe, 0xf0, 0xfe,
  0xf1, 0xfe, 0x00, 0xf0, 0xfe, 0xf0, 0xfe, 0xf0, 0xfe, 0xf0, 0xfe, 0xf0,
  0xfe, 0x00, 0xf0, 0xfe, 0xf0, 0xfe, 0xf0, 0xfe, 0xbe, 0xfe, 0xf1, 0xfe,
  0xf1, 0xfe, 0xf1, 0xf0, 0xfe, 0xf0, 0xfe, 0xf0, 0xfe, 0xf0, 0xfe, 0xf0,
  0xfe, 0xf0, 0xfe, 0xf0, 0xfe, 0xf0, 0xfe, 0xf0, 0xdc, 0xfe, 0x00, 0xf1,
  0xf0, 0xf1, 0xfe, 0xf0, 0xfe, 0xf1, 0xf1, 0xfe, 0x12, 0xee, 0xf0, 0xfe,
  0x01, 0xfe, 0xf0, 0xfe, 0xef, 0xd3, 0xfe, 0xf0, 0xfe, 0xf1, 0xf0, 0xfe,
  0xf0, 0xfe, 0xf0, 0xfe, 0xe4, 0xfe, 0xf0, 0xfe, 0xf1, 0xfe, 0x05, 0xea,
  0xfe, 0xf1, 0xfe, 0xd2, 0xfe, 0xf0, 0xfe, 0x05, 0xf0, 0xf0, 0xf1, 0xee,
  0xf0, 0xfe, 0x12, 0xe6, 0xf2, 0xfe, 0x01, 0xfe, 0xf0, 0xfe, 0xef, 0xdb,
  0xfe, 0xf0, 0xfe, 0xf1, 0xf0, 0xfe, 0xf1, 0xfe, 0xf1, 0xfe, 0xf1, 0xf0,
  0xfe, 0xf1, 0xfe, 0xf1, 0xf0, 0xfe, 0xf1, 0xfe, 0x05, 0xdb, 0xfe, 0x01,
  0xfe, 0x15, 0xdb, 0xfe, 0xf1, 0xfe, 0x00, 0xdb, 0xfe, 0xf1, 0xfe, 0x00,
  0xdb, 0xfe, 0xf1, 0xfe, 0x00, 0xdb, 0xfe, 0x01, 0xfe, 0x16, 0xdb, 0xfe,
  0xf1, 0xfe, 0x00, 0xdb, 0xfe, 0xf1, 0xfe, 0x00, 0xdb, 0xfe, 0xf1, 0xfe,
  0x00, 0xf0, 0xfe, 0xf1, 0xfe, 0xf1, 0xfe, 0xf1, 0xfe, 0xf0, 0xfe, 0xf1,
  0xf0, 0xfe, 0xf1, 0xfe, 0xf1, 0xfe, 0xf1, 0xfe, 0xf0, 0xfe, 0xf1, 0xdb,
  0xfe, 0x01, 0xfe, 0x15, 0xdb, 0xfe, 0x01, 0xfe, 0x15, 0xdb, 0xfe, 0x01,
  0xfe, 0x16, 0xdb, 0xfe, 0x01, 0xfe, 0x16, 0xdb, 0xfe, 0xf0, 0xfe, 0x05,
  0xf0, 0xfe, 0xf0, 0xfe, 0xf0, 0xfe, 0x03, 0xfe, 0xf0, 0xfe, 0xe4, 0xfe,
  0xf0, 0xfe, 0x03, 0xfe, 0x05, 0xf0, 0xfe, 0xf0, 0xfe, 0xf0, 0xfe, 0x03,
  0xfe, 0xf0, 0xfe, 0xe4, 0xfe, 0xf0, 0xfe, 0x03, 0xfe, 0x05, 0xf0, 0xfe,
  0xf0, 0xfe, 0xf0, 0xfe, 0x03, 0xfe, 0xf0, 0xfe, 0xe4, 0xfe, 0xf0, 0xfe,
  0x03, 0xfe, 0x05, 0xf0, 0xfe, 0xf0, 0xfe, 0xf0, 0xfe, 0x03, 0xfe, 0xf0,
  0xfe, 0xe4, 0xfe, 0xf0, 0xfe, 0x03, 0xfe, 0x05, 0xda, 0xfe, 0xb5, 0xfe,
  0xd0, 0xfe, 0xf0, 0xfe, 0xd2, 0xfe, 0xf0, 0xfe, 0xf1, 0xfe, 0xd0, 0xfe,
  0xf0, 0xfe, 0xd2, 0xfe, 0xf0, 0xfe, 0xf1, 0xfe, 0xd0, 0xfe, 0xf0, 0xfe,
  0xd2, 0xfe, 0xf0, 0xfe, 0xf1, 0xfe, 0xd0, 0xfe, 0xf0, 0xfe, 0xd2, 0xfe,
  0xf0, 0xfe, 0xf1, 0xf0, 0xec, 0xf0, 0xde, 0xfe, 0xf0, 0xf0, 0xf1, 0xd4,
  0xfe, 0x01, 0xfe, 0x00, 0xd7, 0xf0, 0xd6, 0xd4, 0xfe, 0xe8, 0xd7, 0xba,
  0xfe, 0x00, 0xdf, 0xfe, 0x00, 0xf1, 0xfe, 0xf1, 0xfe, 0xf1, 0xd6, 0xf0,
  0xfe, 0x00, 0xdc, 0xfe, 0x00, 0xf1, 0xf0, 0xf0, 0xfe, 0xf1, 0xf0, 0xfe,
  0xf1, 0xf0, 0xfe, 0xf1, 0xfe, 0xf1, 0xf0, 0xfe, 0x01, 0xfe, 0xf1, 0xdd,
  0xfe, 0x01, 0xfe, 0xf0, 0xfe, 0xef, 0xdd, 0xfe, 0x01, 0xfe, 0xf0, 0xfe,
  0xef, 0xe3, 0xfe, 0x01, 0xfe, 0x1c, 0xdd, 0xfe, 0xf0, 0xfe, 0xf0, 0xfe,
  0x05, 0xdd, 0xfe, 0xf0, 0xfe, 0xf0, 0xfe, 0xf1, 0xfe, 0x00, 0xe3, 0xfe,
  0xf1, 0xfe, 0x05, 0xe3, 0xfe, 0xf1, 0xfe, 0xf0, 0xfe, 0xf1, 0xfe, 0x1d,
  0xfe, 0x00, 0xe3, 0xfe, 0x1f, 0xfe, 0xf1, 0xfe, 0x00, 0xdd, 0xfe, 0x00,
  0xde, 0xfe, 0x01, 0xfe, 0x00, 0xdd, 0xfe, 0x00, 0xe3, 0xfe, 0x00, 0xdd,
  0xfe, 0x00, 0xe3, 0xfe, 0x01, 0xfe, 0x00, 0xf0, 0xfe, 0xf1, 0xf1, 0xee,
  0xf0, 0xfe, 0x2d, 0xfe, 0x12, 0xe6, 0xda, 0xfe, 0x01, 0xfe, 0xf0, 0xfe,
  0xd0, 0xfe, 0x05, 0xf1, 0xfe, 0xf1, 0xfe, 0xf1, 0xfe, 0xf1, 0xfe, 0xf1,
  0xfe, 0x12, 0xf0, 0xf0, 0xfe, 0xe8, 0xf0, 0xfe, 0x01, 0xfe, 0x00, 0xf0,
  0xf0, 0xda, 0xfe, 0xf1, 0xfe, 0x00, 0xda, 0xfe, 0xb2, 0xda, 0xfe, 0x01,
  0xfe, 0x00, 0xf1, 0xec, 0xf0, 0xe6, 0xda, 0xfe, 0xf0, 0xda, 0xfe, 0x01,
  0xfe, 0x00, 0xf0, 0xec, 0xf0, 0xf0, 0xfe, 0xf1, 0xfe, 0xf1, 0xde, 0xfe,
  0x01, 0xfe, 0x00, 0xde, 0xfe, 0x01, 0xfe, 0xf1, 0xfe, 0xf1, 0xfe, 0x03,
  0xfe, 0xf1, 0xf0, 0xf0, 0xf0, 0xde, 0xfe, 0x01, 0xfe, 0x00, 0xde, 0xfe,
  0x01, 0xfe, 0x00, 0xf0, 0xd4, 0xfe, 0x01, 0xfe, 0x00, 0xd4, 0xfe, 0x01,
  0xfe, 0x00, 0xd7, 0xf0, 0xd6, 0xd4, 0xfe, 0x01, 0xfe, 0x00, 0xd4, 0xfe,
  0x01, 0xfe, 0x00, 0xd7, 0xf0, 0xfe, 0xf0, 0xd6, 0xd4, 0xfe, 0x01, 0xfe,
  0x00, 0xd4, 0xfe, 0x01, 0xfe, 0x00, 0xf1, 0xd7, 0x04, 0xfe, 0x01, 0xfe,
  0x00, 0x04, 0xfe, 0x01, 0xfe, 0x00, 0x09, 0x18, 0x08, 0x04, 0xfe, 0x01,
  0xfe, 0x00, 0x04, 0xfe, 0xe8, 0x09, 0x0f, 0xfe, 0x27, 0xfe, 0xd9, 0xfe,
  0x05, 0xd1, 0xfe, 0xf0, 0xfe, 0xf0, 0xd1, 0xfe, 0xf0, 0xfe, 0x03, 0xfe,
  0xe2, 0xd1, 0xfe, 0x01, 0xfe, 0xd0, 0xfe, 0x00, 0xd1, 0xfe, 0xed, 0xfe,
  0xf0, 0xfe, 0xd0, 0xfe, 0xf0, 0xfe, 0xd0, 0xfe, 0xf0, 0xd1, 0xfe, 0xf0,
  0xfe, 0x03, 0xfe, 0xe2, 0xd1, 0xfe, 0x01, 0xfe, 0xd0, 0xfe, 0x00, 0x0a,
  0xfe, 0x01, 0xfe, 0x00, 0x0a, 0xfe, 0x01, 0xfe, 0xf0, 0xfe, 0xf0, 0xfe,
  0xf0, 0xfe, 0xf0, 0xfe, 0xf0, 0xfe, 0xd0, 0xfe, 0x1d, 0xfe, 0xf0, 0xfe,
  0xf0, 0xfe, 0xf0, 0xfe, 0xf0, 0xfe, 0xf0, 0xfe, 0xd0, 0xfe, 0xf0, 0xfe,
  0x24, 0xfe, 0xf0, 0xfe, 0xf0, 0xfe, 0xf0, 0xfe, 0xd0, 0xfe, 0xf0, 0xfe,
  0x24, 0xfe, 0xf0, 0xfe, 0xf1, 0xfe, 0xf1, 0xfe, 0xf1, 0xfe, 0xf1, 0xfe,
  0xd0, 0xfe, 0x1d, 0xfe, 0x1d, 0xfe, 0x1e, 0x10, 0x17, 0xfe, 0x00, 0xf1,
  0x0d, 0xf0, 0xfe, 0x01, 0xfe, 0xf1, 0xf0, 0xfe, 0x00, 0xe0, 0xfe, 0x12,
  0x08, 0x04, 0xfe, 0xf1, 0x09, 0x18, 0x08, 0x04, 0xfe, 0x01, 0xfe, 0x00,
  0x09, 0x0f, 0xfe, 0x00, 0xe0, 0xfe, 0x12, 0x08, 0x04, 0xfe, 0xf0, 0xfe,
  0x03, 0xfe, 0xf1, 0xfe, 0xf1, 0x09, 0x18, 0x08, 0x04, 0xfe, 0x01, 0xfe,
  0x00, 0x09, 0x0a, 0xfe, 0x01, 0xfe, 0x00, 0x10, 0xe7, 0x0d, 0x0a, 0xfe,
  0x01, 0xfe, 0x00, 0x10, 0x0b, 0xfe, 0x01, 0xfe, 0x00, 0x0e, 0x20, 0x0c,
  0x0b, 0xfe, 0x01, 0xfe, 0x00, 0x0e, 0x14, 0xfe, 0xf0, 0xfe, 0xf0, 0x1a,
  0xfe, 0x26, 0xfe, 0x15, 0x1a, 0xfe, 0x2b, 0xfe, 0x16, 0x1a, 0xfe, 0x28,
  0xfe, 0x1c, 0x13, 0xfe, 0xed, 0xfe, 0xf1, 0x14, 0xfe, 0x01, 0xfe, 0x00,
  0x1a, 0xfe, 0x26, 0xfe, 0x15, 0x1a, 0xfe, 0x2b, 0xfe, 0x16, 0x1a, 0xfe,
  0x28, 0xfe, 0x1c, 0xf1, 0xfe, 0x00, 0xf2, 0x0c, 0xd5, 0xfe, 0xf2, 0xf2,
  0xfe, 0xf1, 0x2a, 0xfe, 0xf1, 0xfe, 0xf0, 0xfe, 0xf0, 0xfe, 0x1b, 0xfe,
  0xf1, 0x2f, 0xfe, 0x00, 0x30, 0x0d, 0xe0, 0xfe, 0xf1, 0x08, 0x04, 0xfe,
  0xf1, 0x29, 0x09, 0xf0, 0xfe, 0xf0, 0xfe, 0xf0, 0xfe, 0xf0, 0xfe, 0xf0,
  0xfe, 0x00, 0x0f, 0xfe, 0xf0, 0xfe, 0xf0, 0xfe, 0xf1, 0xfe, 0xf1, 0xfe,
  0xf1, 0xfe, 0xf1, 0x0a, 0xfe, 0xf0, 0xfe, 0xf0, 0xfe, 0xf0, 0xfe, 0xf0,
  0xfe, 0xf0, 0xfe, 0xf0, 0xfe, 0xf0, 0xfe, 0xf0, 0x19, 0x31, 0xf2, 0xfe,
  0x01, 0xfe, 0xf0, 0xfe, 0xef, 0xd5, 0xfe, 0x01, 0xfe, 0x15, 0x2f, 0xfe,
  0x00, 0x0b, 0xfe, 0x26, 0xfe, 0x00, 0xd5, 0xfe, 0x01, 0xfe, 0x16, 0x0b,
  0xfe, 0x2b, 0xfe, 0x00, 0xf2, 0xfe, 0xf2, 0xfe, 0xf2, 0x0d, 0xf2, 0xfe,
  0xf2, 0x10, 0xe7, 0x0d, 0xf2, 0xfe, 0xf2, 0xd1, 0xfe, 0xf2, 0xfe, 0xbb,
  0xfe, 0xf2, 0xfe, 0xbb, 0xfe, 0xf2, 0xfe, 0x00, 0xf2, 0xfe, 0x03, 0xfe,
  0x03, 0xfe, 0x03, 0xfe, 0xf2, 0x10, 0x0e, 0x37, 0x25, 0x02, 0x90, 0x91,
  0x92, 0x93, 0x0a, 0x94, 0x95, 0x0a, 0x96, 0x97, 0x0a, 0x98, 0x0a, 0x99,
  0x9a, 0x9b, 0x9c, 0x9d, 0x9e, 0x27, 0x28, 0x13, 0x29, 0x13, 0x2a, 0x9f,
  0xa0, 0x13, 0xa1, 0x13, 0xa2, 0xc7, 0xc8, 0x13, 0xc9, 0xa3, 0xa4, 0xa5,
  0xa6, 0xa7, 0xa8, 0xa9, 0xaa, 0xab, 0xac, 0xad, 0xae, 0xaf, 0xb0, 0xb1,
  0xb2, 0x2c, 0x2d, 0x63, 0x90, 0x91, 0x92, 0x13, 0xb3, 0xb4, 0xb5, 0xb6,
  0xb7, 0xb8, 0xb9, 0xba, 0x8f, 0xbb, 0xbc, 0xbd, 0xbe, 0xbf, 0xc0, 0xc1,
  0xc2, 0xc3, 0xc4, 0xc5, 0xc6, 0xc7, 0xc8, 0x88, 0xc9, 0xca, 0xcb, 0xcc,
  0xcd, 0xce, 0xcf, 0xd0, 0xd1, 0xd2, 0xd3, 0xd4, 0xd5, 0xd6, 0xd7, 0xd8,
  0xd9, 0xda, 0xdb, 0xdc, 0xdd, 0xde, 0xdf, 0x0b, 0x34, 0xe0, 0xe1, 0x19,
  0xe2, 0xe3, 0x1a, 0x35, 0x36, 0x37, 0xe4, 0x36, 0x37, 0xe5, 0x6f, 0xe6,
  0xe7, 0x0b, 0x0b, 0x24, 0xe8, 0xe9, 0xea, 0xeb, 0xec, 0xed, 0xee, 0xef,
  0xf0, 0x24, 0xf1, 0xf2, 0x24, 0xf3, 0x5c, 0x5d, 0xf4, 0x38, 0x35, 0xf5,
  0xf6, 0x39, 0x1b, 0xf7, 0xf8, 0xf9, 0xfa, 0x25, 0xfb, 0x1a, 0x26, 0xfc,
  0x38, 0x3a, 0xfd, 0x3a, 0xfe, 0x26, 0xff, 0x00, 0x01, 0x02, 0x03, 0x04,
  0x27, 0x3b, 0x0b, 0x27, 0x05, 0x1e, 0x27, 0x3b, 0x06, 0x07, 0x08, 0x09,
  0x65, 0x0a, 0x0b, 0x01, 0x28, 0x16, 0x5e, 0x1e, 0x0c, 0x0d, 0x0e, 0x0c,
  0x0f, 0x10, 0x11, 0x3c, 0x12, 0x29, 0x19, 0x13, 0x14, 0x15, 0x16, 0x17,
  0x18, 0x3d, 0x70, 0x19, 0x1a, 0x1b, 0x1c, 0x3e, 0x3e, 0x1d, 0x1e, 0x1f,
  0x20, 0x3d, 0x21, 0x22, 0x23, 0x24, 0x25, 0x26, 0x89, 0x27, 0x17, 0x28,
  0x39, 0x1b, 0x29, 0x2a, 0x2b, 0x2c, 0x2d, 0x2e, 0x3f, 0x40, 0x0d, 0x41,
  0x0d, 0x42, 0x2f, 0x30, 0x31, 0x3f, 0x40, 0x0d, 0x41, 0x0d, 0x42, 0x32,
  0x19, 0xca, 0x6a, 0x01, 0xcb, 0x6b, 0x6c, 0xcc, 0x05, 0xcd, 0x0e, 0x3f,
  0xce, 0x66, 0x68, 0x1a, 0x2e, 0xb9, 0x2f, 0xba, 0x5c, 0x5d, 0xbb, 0x30,
  0x31, 0xbc, 0x8a, 0xbd, 0x00, 0xbe, 0x63, 0x09, 0x50, 0x76, 0x77, 0x78,
  0x79, 0x03, 0x7a, 0x7b, 0xbf, 0xc0, 0xc1, 0xc2, 0x7c, 0x7d, 0x7e, 0x7f,
  0x80, 0x81, 0x82, 0x83, 0x5e, 0xc3, 0xbc, 0x32, 0x5f, 0x64, 0x8a, 0x00,
  0x04, 0x06, 0x66, 0x2f, 0x5a, 0x6b, 0x6c, 0x8d, 0xdc, 0x2e, 0x63, 0x09,
  0x6a, 0x00, 0x65, 0x14, 0x04, 0x06, 0x66, 0x23, 0xdd, 0xde, 0xdf, 0x23,
  0xe0, 0xe1, 0x23, 0xe2, 0x68, 0x69, 0x6a, 0x68, 0x69, 0x6a, 0x23, 0x6b,
  0x6c, 0x6d, 0x3c, 0x6e, 0x23, 0x6b, 0x6c, 0x6d, 0x3c, 0x6e, 0x23, 0x06,
  0x52, 0x12, 0x5b, 0x23, 0x06, 0x52, 0x12, 0x5b, 0x23, 0x06, 0x52, 0x12,
  0x5b, 0x23, 0x06, 0x52, 0x12, 0x5b, 0x51, 0x61, 0x33, 0x61, 0x33, 0x61,
  0x33, 0x61, 0x33, 0x53, 0x2e, 0xe3, 0x53, 0x2e, 0x6f, 0x53, 0x2e, 0x6f,
  0x53, 0x2e, 0xe4, 0x31, 0x15, 0x09, 0x16, 0x5e, 0xc3, 0x33, 0x34, 0x35,
  0x36, 0x37, 0x70, 0x38, 0x74, 0x71, 0x60, 0x72, 0x60, 0x73, 0x74, 0x60,
  0x75, 0x03, 0x04, 0x03, 0x04, 0x03, 0x54, 0x55, 0x03, 0x54, 0x55, 0x76,
  0x77, 0x78, 0x04, 0x79, 0x7a, 0x03, 0x03, 0x03, 0x74, 0x7b, 0x39, 0x00,
  0x65, 0x22, 0x3a, 0x7c, 0x7d, 0x7e, 0x7f, 0x18, 0x80, 0x3b, 0x15, 0x67,
  0x16, 0x31, 0x15, 0x09, 0x50, 0x81, 0x82, 0x83, 0x05, 0x16, 0x16, 0x3c,
  0x68, 0x06, 0x25, 0x0e, 0x46, 0x10, 0x47, 0x67, 0x48, 0x49, 0x4a, 0x4b,
  0x2c, 0x4c, 0x1f, 0x4d, 0x11, 0x07, 0x02, 0x10, 0x11, 0x07, 0x02, 0x4e,
  0x76, 0x69, 0x1b, 0x19, 0xcf, 0x0e, 0xd0, 0xd1, 0xd2, 0xd3, 0xd4, 0x01,
  0x1a, 0x03, 0xd5, 0xd6, 0x06, 0x25, 0x0e, 0x46, 0x10, 0x47, 0xd7, 0xd8,
  0x48, 0x49, 0x4a, 0x4b, 0x2c, 0x4c, 0x1f, 0x4d, 0x11, 0x07, 0x02, 0x10,
  0x11, 0x07, 0x02, 0x4e, 0xd9, 0xda, 0xdb, 0x05, 0x69, 0x1b, 0x33, 0x34,
  0x35, 0x36, 0x0c, 0x37, 0x38, 0x39, 0x3a, 0x3b, 0x3c, 0x43, 0x3d, 0x43,
  0x3e, 0x71, 0x71, 0x40, 0x41, 0x42, 0x43, 0x44, 0x45, 0x46, 0x93, 0x94,
  0x44, 0x47, 0x44, 0x48, 0x87, 0x49, 0x4a, 0x4b, 0x4c, 0x0c, 0x4d, 0x4e,
  0x4f, 0x0e, 0x50, 0x95, 0x96, 0x97, 0x98, 0x99, 0x9a, 0x01, 0x72, 0x73,
  0x05, 0x01, 0x51, 0x52, 0x53, 0x54, 0x55, 0x1f, 0x05, 0x9b, 0x9c, 0x56,
  0x57, 0x66, 0x0f, 0x45, 0x0f, 0x58, 0x45, 0x1a, 0x01, 0x74, 0x8a, 0x9d,
  0x00, 0x9e, 0x9f, 0x2a, 0x8b, 0x1e, 0x1e, 0x17, 0xa0, 0xa1, 0x29, 0x2d,
  0x75, 0xa2, 0x18, 0x4f, 0x59, 0x75, 0x1c, 0x08, 0xa3, 0x1d, 0x20, 0xa4,
  0x1c, 0x08, 0xa5, 0x1d, 0x20, 0xa6, 0xa7, 0x8c, 0x2a, 0x72, 0x73, 0x09,
  0x6a, 0x00, 0x09, 0x50, 0x5f, 0xa8, 0x50, 0x76, 0x77, 0x78, 0x79, 0x03,
  0x7a, 0x7b, 0xa9, 0xaa, 0xab, 0x60, 0x7c, 0x7d, 0x7e, 0x7f, 0x80, 0x81,
  0x82, 0x83, 0xac, 0x00, 0xad, 0x5f, 0x64, 0x65, 0x14, 0x04, 0x06, 0x66,
  0x61, 0x5a, 0x6b, 0x6c, 0x8d, 0xdc, 0x2e, 0x31, 0x15, 0x67, 0x2d, 0x2b,
  0x04, 0x06, 0x66, 0x62, 0xdd, 0xde, 0xdf, 0x62, 0xe0, 0xe1, 0x62, 0xe2,
  0x68, 0x69, 0x6a, 0x68, 0x69, 0x6a, 0x62, 0x6b, 0x6c, 0x6d, 0x3c, 0x6e,
  0x62, 0x6b, 0x6c, 0x6d, 0x3c, 0x6e, 0x51, 0x84, 0x5a, 0x52, 0x12, 0x21,
  0x84, 0x5a, 0x52, 0x12, 0x21, 0x84, 0x5a, 0x52, 0x12, 0x21, 0x84, 0x5a,
  0x52, 0x12, 0x21, 0x53, 0x2e, 0xe3, 0x53, 0x2e, 0x6f, 0x53, 0x2e, 0x6f,
  0x53, 0x2e, 0xe4, 0x18, 0x15, 0x16, 0x63, 0xae, 0x05, 0xaf, 0xb0, 0x70,
  0x03, 0xb1, 0x00, 0x2a, 0x71, 0x2f, 0x72, 0x2f, 0x73, 0x74, 0x2f, 0x75,
  0x04, 0x04, 0x54, 0x55, 0x54, 0x55, 0x76, 0x77, 0x78, 0x04, 0x79, 0x7a,
  0x2a, 0x7b, 0xb2, 0x2d, 0x22, 0xb3, 0x7c, 0x7d, 0x7e, 0x7f, 0x1c, 0x08,
  0x08, 0x1d, 0x20, 0x80, 0xb4, 0x4f, 0x16, 0x18, 0x15, 0x2b, 0x81, 0x82,
  0xb5, 0x83, 0xb6, 0x09, 0x6a, 0x00, 0x09, 0x05, 0x01, 0x68, 0xb7, 0x06,
  0x25, 0x0e, 0x46, 0x10, 0x47, 0x67, 0x48, 0x49, 0x4a, 0x4b, 0x2c, 0x4c,
  0x1f, 0x4d, 0x11, 0x07, 0x02, 0x10, 0x11, 0x07, 0x02, 0x4e, 0x59, 0x5a,
  0x5b, 0xb8, 0x5c, 0x0f, 0x5d, 0x0f, 0x5e, 0x34, 0x5f, 0x60, 0x33, 0x26,
  0x61, 0x62, 0x3d, 0x3e, 0x3f, 0xb9, 0xba, 0x5c, 0x5d, 0xbb, 0xbd, 0xbe,
  0x6f, 0x76, 0x77, 0x78, 0x79, 0x7a, 0x7b, 0xbf, 0xc0, 0xc1, 0xc2, 0x7c,
  0x7d, 0x7e, 0x7f, 0x80, 0x81, 0x82, 0x83, 0x40, 0x85, 0x41, 0x42, 0x43,
  0x44, 0x45, 0x77, 0x78, 0x46, 0x79, 0x7a, 0x47, 0x48, 0x02, 0x03, 0x04,
  0x05, 0x06, 0x07, 0x10, 0x1f, 0x20, 0x21, 0x22, 0x23, 0xb4, 0x17, 0xa3,
  0x81, 0x96, 0x40, 0x96, 0x40, 0x96, 0x40, 0xed, 0x89, 0xfc, 0xb6, 0x96,
  0x40, 0xfc, 0x99, 0xcc, 0x42, 0xa3, 0x81, 0xfc, 0xb6, 0xea, 0xaa, 0xfc,
  0xb6, 0xa3, 0x81, 0xed, 0x77, 0xed, 0x77, 0xed, 0x77, 0xed, 0x77, 0xd3,
  0xbf, 0x97, 0x85, 0xed, 0x77, 0xd3, 0xbf, 0xbb, 0x4c, 0xed, 0x77, 0xd3,
  0xbf, 0xa5, 0x4f, 0xf7, 0x38, 0xa5, 0x4f, 0xa5, 0x4f, 0xd0, 0x8a, 0xcc,
  0x42, 0xa5, 0x4f, 0xeb, 0x75, 0xbb, 0x4c, 0xd0, 0x8a, 0xbc, 0x97, 0xfc,
  0x99, 0xda, 0x6e, 0xfc, 0x99, 0xed, 0x70, 0xd0, 0x8a, 0xd0, 0x8a, 0xbb,
  0x4c, 0x9d, 0x69, 0xf7, 0x38, 0xf7, 0x38, 0xaa, 0x49, 0xe8, 0x5a, 0xed,
  0x89, 0xed, 0x89, 0xe8, 0x5a, 0x1f, 0xaa, 0x49, 0xed, 0x89, 0x9e, 0x3e,
  0xbc, 0x97, 0xda, 0x6e, 0xb4, 0xa5, 0x9e, 0x3e, 0x9e, 0x3e, 0xfa, 0x87,
  0x9e, 0x3e, 0x9e, 0x3e, 0xf7, 0x33, 0xbc, 0x97, 0xda, 0x6e, 0xf8, 0x6b,
  0xf7, 0x33, 0x9c, 0x75, 0xf8, 0x6b, 0x8a, 0x5a, 0xf7, 0x33, 0x93, 0x8a,
  0x8a, 0x5a, 0xc9, 0xb0, 0xb4, 0xa5, 0xfa, 0x87, 0xb4, 0xa5, 0xfa, 0x87,
  0xb4, 0xa5, 0xfa, 0x87, 0xb4, 0xa5, 0xfa, 0x87, 0xed, 0x89, 0xc8, 0x5f,
  0xc9, 0xb0, 0xc9, 0xb0, 0x9c, 0x75, 0x8a, 0x5a, 0xf8, 0x6b, 0x8a, 0x5a,
  0xf8, 0x6b, 0x93, 0x8a, 0x9c, 0x75, 0x93, 0x8a, 0xa9, 0x33, 0xc8, 0x5f,
  0xc8, 0x5f, 0xc8, 0x5f, 0xc8, 0x5f, 0xc8, 0x5f, 0xe8, 0x5a, 0xa9, 0x33,
  0xaa, 0x49, 0x9e, 0x3e, 0x9e, 0x3e, 0xa9, 0x33, 0xcb, 0x52, 0xbc, 0x97,
  0xda, 0x6e, 0xe8, 0x5a, 0x1f, 0xaa, 0x49, 0xcb, 0x52, 0xcb, 0x52, 0x8e,
  0xc3, 0xaa, 0x49, 0xc5, 0x74, 0xcc, 0x42, 0x8e, 0xc3, 0xf7, 0x38, 0x8e,
  0xc3, 0xe9, 0x4d, 0xcd, 0x3c, 0xed, 0x89, 0xe1, 0x3f, 0xbc, 0x97, 0xda,
  0x6e, 0xcd, 0x3c, 0xe1, 0x3f, 0xe1, 0x3f, 0xe8, 0x5a, 0xe1, 0x3f, 0xe1,
  0x3f, 0xe8, 0x5a, 0xe1, 0x3f, 0xe1, 0x3f, 0xe8, 0x5a, 0xcc, 0x52, 0xbc,
  0x97, 0xda, 0x6e, 0xcd, 0x3c, 0xcc, 0x52, 0xcc, 0x52, 0xf2, 0x33, 0xc8,
  0x31, 0x8e, 0xc3, 0xde, 0x8e, 0x9d, 0x69, 0xec, 0x75, 0xcd, 0x3c, 0xea,
  0xaa, 0xb7, 0x33, 0xda, 0x8c, 0xc8, 0x31, 0xc8, 0x31, 0xf2, 0x33, 0xde,
  0x8e, 0xcf, 0x35, 0xde, 0x8e, 0xf2, 0x33, 0xe8, 0x62, 0xec, 0x75, 0x97,
  0x51, 0xe8, 0x62, 0xe8, 0x62, 0x88, 0x82, 0xec, 0x75, 0x88, 0x82, 0x97,
  0x51, 0x88, 0x82, 0x97, 0x51, 0xf5, 0x48, 0xda, 0x8c, 0xcf, 0x35, 0xda,
  0x8c, 0xcf, 0x35, 0x88, 0x82, 0xb7, 0x33, 0xc8, 0x31, 0xde, 0x8e, 0xf5,
  0x48, 0xda, 0x8c, 0xcf, 0x35, 0xf5, 0x48, 0x88, 0x82, 0xb7, 0x33, 0x90,
  0xa7, 0xda, 0x8c, 0xcf, 0x35, 0xb1, 0x72, 0x88, 0x82, 0x90, 0xa7, 0xf5,
  0x48, 0x90, 0xa7, 0xb7, 0x33, 0xb1, 0x72, 0xb1, 0x72, 0xb1, 0x72, 0xc8,
  0x31, 0xde, 0x8e, 0xe9, 0x4d, 0xc5, 0x74, 0xb7, 0x33, 0xf2, 0x33, 0xf7,
  0x38, 0xe9, 0x4d, 0xc5, 0x74, 0xc9, 0x6e, 0xbb, 0x3e, 0xd6, 0xaa, 0xa3,
  0x81, 0xb8, 0xbb, 0xd6, 0xaa, 0xbb, 0x3e, 0x85, 0xb5, 0xd6, 0xaa, 0xa3,
  0x81, 0xbb, 0x3e, 0x9f, 0xc0, 0xa3, 0x81, 0xb8, 0xbb, 0x8c, 0x3e, 0xa3,
  0x81, 0xb8, 0xbb, 0xc9, 0x6e, 0x9f, 0xc0, 0x85, 0xb5, 0x8c, 0x3e, 0x85,
  0xb5, 0x8c, 0x3e, 0x85, 0xb5, 0x9f, 0xc0, 0x85, 0xb5, 0xac, 0x55, 0x04,
  0xac, 0x55, 0xa3, 0x81, 0xa3, 0x81, 0xa3, 0x81, 0xac, 0x55, 0xc1, 0x7d,
  0x05, 0xab, 0x9f, 0xa3, 0x81, 0xbe, 0x7a, 0xa3, 0x81, 0xb2, 0x5a, 0xa3,
  0x81, 0xc1, 0x7d, 0xac, 0x55, 0xab, 0x9f, 0xbe, 0x7a, 0xab, 0x9f, 0xb2,
  0x5a, 0xb2, 0x5a, 0xb2, 0x5a, 0xb2, 0x5a, 0xbe, 0x7a, 0xbe, 0x7a, 0xbe,
  0x7a, 0xab, 0x9f, 0xab, 0x9f, 0xc1, 0x7d, 0xac, 0x55, 0xc9, 0x6e, 0xc1,
  0x7d, 0xbb, 0x82, 0xd7, 0xbf, 0xed, 0x70, 0xea, 0xaa, 0xa3, 0x81, 0x9d,
  0x69, 0xa5, 0x4f, 0xa5, 0x4f, 0xeb, 0x75, 0xe9, 0x4d, 0xbb, 0x4c, 0xe9,
  0x4d, 0xbb, 0x4c, 0xe9, 0x4d, 0xbb, 0x4c, 0xe9, 0x4d, 0x97, 0x85, 0xc9,
  0x6e, 0xed, 0x70, 0x8e, 0xc3, 0x97, 0x85, 0x8e, 0xc3, 0x97, 0x85, 0x8e,
  0xc3, 0x97, 0x85, 0x8e, 0xc3, 0xc0, 0x55, 0x94, 0xb8, 0xab, 0xbb, 0xea,
  0xaa, 0xac, 0x52, 0xab, 0xbb, 0xac, 0x52, 0xea, 0xaa, 0xab, 0xbb, 0xac,
  0x52, 0xea, 0xaa, 0x94, 0xb8, 0xac, 0x52, 0x94, 0xb8, 0xde, 0x8b, 0xa3,
  0x81, 0x94, 0xb8, 0xbb, 0x82, 0xbb, 0x82, 0xc0, 0x55, 0xd7, 0xbf, 0xde,
  0x8b, 0xc0, 0x55, 0xd7, 0xbf, 0x86, 0x3d, 0xde, 0x8b, 0xfc, 0x96, 0x94,
  0x74, 0xfc, 0x96, 0xfc, 0x96, 0xfc, 0x96, 0xfc, 0x96, 0xbf, 0x8a, 0x94,
  0x74, 0xbf, 0x55, 0x94, 0x74, 0xbf, 0x55, 0xbc, 0x7c, 0x94, 0x74, 0x94,
  0x74, 0x94, 0x74, 0xa3, 0x81, 0xd3, 0x5f, 0xa3, 0x81, 0xbc, 0x7c, 0x94,
  0x74, 0xbc, 0x7c, 0x94, 0x74, 0xbf, 0x55, 0x94, 0x74, 0xd3, 0x5f, 0x94,
  0x74, 0xd3, 0x5f, 0x94, 0x74, 0xd3, 0x5f, 0x94, 0x74, 0xa4, 0x9a, 0xc9,
  0x60, 0x94, 0x74, 0x02, 0xdf, 0xa2, 0xbf, 0x55, 0xbf, 0x55, 0xc8, 0x44,
  0xdf, 0xa2, 0xb4, 0x92, 0xdf, 0xa2, 0x94, 0x74, 0x94, 0x74, 0xc9, 0x60,
  0xc8, 0x44, 0xa4, 0x9a, 0xb4, 0x92, 0xb4, 0x92, 0xc8, 0x44, 0x03, 0xb7,
  0x96, 0xbf, 0x55, 0xbf, 0x55, 0x97, 0x56, 0xb7, 0x96, 0xb1, 0xbb, 0xb7,
  0x96, 0x97, 0x56, 0xde, 0x81, 0xb1, 0xbb, 0xdd, 0xb8, 0xb1, 0xbb, 0xa1,
  0x7d, 0xdd, 0xb8, 0x83, 0x46, 0xa1, 0x7d, 0xef, 0x6e, 0x83, 0x46, 0xe6,
  0x5c, 0x83, 0x46, 0xbe, 0x9c, 0xdd, 0xb8, 0xc9, 0x61, 0xbe, 0x9c, 0xa5,
  0x76, 0xc9, 0x61, 0xd4, 0xae, 0xc9, 0x61, 0x92, 0x69, 0xa1, 0x7d, 0xef,
  0x6e, 0xa1, 0x7d, 0xe6, 0x5c, 0x90, 0x99, 0xbe, 0x9c, 0xa5, 0x76, 0xbe,
  0x9c, 0xd4, 0xae, 0xc9, 0xad, 0x92, 0x69, 0xa5, 0x5d, 0x90, 0x99, 0xf7,
  0xb7, 0x92, 0x69, 0xf8, 0xb7, 0x90, 0x99, 0xa3, 0x8f, 0xde, 0x81, 0xc9,
  0xad, 0xa5, 0x5d, 0x94, 0x74, 0x94, 0x74, 0xb3, 0xa0, 0xde, 0x81, 0xf7,
  0xb7, 0xa5, 0x5d, 0x94, 0x74, 0x94, 0x74, 0x9c, 0x7d, 0xde, 0x81, 0xc9,
  0xad, 0xf8, 0xb7, 0x94, 0x74, 0x94, 0x74, 0xa7, 0x55, 0xde, 0x81, 0xf7,
  0xb7, 0xf8, 0xb7, 0x94, 0x74, 0x94, 0x74, 0xbe, 0x31, 0xc9, 0x60, 0xe1,
  0x78, 0xa3, 0x8f, 0xbe, 0x31, 0x97, 0x56, 0xe2, 0x78, 0xb3, 0xa0, 0xbe,
  0x31, 0x97, 0x56, 0xe3, 0x78, 0x9c, 0x7d, 0xbe, 0x31, 0x97, 0x56, 0xe5,
  0x78, 0xa7, 0x55, 0xbe, 0x31, 0x97, 0x56, 0xa4, 0x9a, 0xef, 0x6e, 0xa5,
  0x76, 0xe1, 0x78, 0xe1, 0x78, 0x97, 0x56, 0xe6, 0x5c, 0xa5, 0x76, 0xe2,
  0x78, 0xe2, 0x78, 0x97, 0x56, 0xef, 0x6e, 0xd4, 0xae, 0xe3, 0x78, 0xe3,
  0x78, 0x97, 0x56, 0xe6, 0x5c, 0xd4, 0xae, 0xe5, 0x78, 0xe5, 0x78, 0x97,
  0x56, 0xa4, 0x9a, 0xd2, 0x72, 0xbf, 0x8a, 0xa4, 0x9a, 0xd2, 0x72, 0xd2,
  0x72, 0xbf, 0x8a, 0xe2, 0x4b, 0xbf, 0x8a, 0xad, 0x52, 0x9a, 0x65, 0xeb,
  0x88, 0xbd, 0x61, 0x94, 0xb8, 0xda, 0x96, 0xeb, 0x88, 0x85, 0xa3, 0xeb,
  0x88, 0xeb, 0x88, 0x86, 0xa3, 0xbd, 0x61, 0xbd, 0x61, 0x81, 0x40, 0x85,
  0xa3, 0xdd, 0x3c, 0x85, 0xa3, 0x81, 0x40, 0xb3, 0x38, 0x86, 0xa3, 0x86,
  0xa3, 0xdd, 0x3c, 0xc3, 0xaa, 0x9a, 0x65, 0x88, 0x3a, 0xda, 0x96, 0xda,
  0x96, 0x81, 0x40, 0xc3, 0xaa, 0xa6, 0xa4, 0xc3, 0xaa, 0xc3, 0xaa, 0xb9,
  0x3d, 0xb9, 0x3d, 0x07, 0xec, 0x53, 0xd5, 0x3e, 0xfb, 0x47, 0xa7, 0x57,
  0xa6, 0xa4, 0xfc, 0x65, 0xfc, 0x65, 0x9a, 0x65, 0xec, 0x53, 0xdd, 0x3c,
  0xb3, 0x38, 0xa7, 0x57, 0x88, 0x3a, 0xec, 0x53, 0xec, 0x53, 0xec, 0x53,
  0x88, 0x3a, 0xd5, 0x3e, 0xfb, 0x47, 0xec, 0x53, 0xa7, 0x57, 0xc3, 0xaa,
  0xfc, 0x65, 0xb9, 0x3d, 0xec, 0x53, 0xd5, 0x3e, 0xfb, 0x47, 0xb9, 0x3d,
  0xb6, 0x93, 0xfb, 0x47, 0xad, 0x52, 0xd5, 0x3e, 0xb6, 0x93, 0xb6, 0x93,
  0xad, 0x52, 0xe2, 0x4b, 0xad, 0x52, 0xe2, 0x4b, 0xb3, 0x6b, 0xbf, 0x8a,
  0xe2, 0x4b, 0xb3, 0x6b, 0xc0, 0x55, 0xd7, 0xbf, 0x86, 0x3d, 0xb3, 0x6b,
  0x86, 0x3d, 0xf2, 0x5e, 0xfc, 0xb6, 0x94, 0xb8, 0xc9, 0x72, 0xde, 0x8b,
  0x90, 0x58, 0xa3, 0x81, 0xf2, 0x5e, 0xf0, 0x3f, 0x90, 0x58, 0xf7, 0x38,
  0xc1, 0x5f, 0xf7, 0x38, 0x90, 0x58, 0x90, 0x58, 0xf0, 0x3f, 0xf0, 0x3f,
  0xff, 0x87, 0x94, 0xb8, 0xf2, 0x5e, 0xef, 0x33, 0xff, 0x87, 0xff, 0x87,
  0xc0, 0x55, 0xd7, 0xbf, 0x97, 0x85, 0xbb, 0x4c, 0xbb, 0x4c, 0xbb, 0x4c,
  0xef, 0x33, 0xef, 0x33, 0xff, 0x87, 0xc1, 0x5f, 0xc1, 0x5f, 0xc9, 0x72,
  0xcc, 0x42, 0x9d, 0x69, 0xcc, 0x42, 0xcc, 0x42, 0x9d, 0x69, 0xcc, 0x42,
  0xc9, 0x72, 0x9d, 0x69, 0xc9, 0x72, 0xc9, 0x72, 0x9d, 0x69, 0xeb, 0x75,
  0xc9, 0x72, 0x86, 0x3d, 0xad, 0x55, 0x06, 0xad, 0x55, 0xc0, 0x55, 0xcb,
  0x3c, 0xcb, 0x3c, 0xc0, 0x55, 0xaf, 0x52, 0xbf, 0x50, 0xbf, 0x50, 0xcb,
  0x3c, 0xaf, 0x52, 0xbf, 0x50, 0xaf, 0x64, 0xa3, 0x81, 0xbf, 0x50, 0xbf,
  0x50, 0xbb, 0x82, 0xae, 0x52, 0xaf, 0x64, 0x82, 0x8b, 0xfc, 0xb6, 0xbf,
  0x50, 0xca, 0x72, 0xaf, 0x64, 0x91, 0x58, 0xa3, 0x81, 0x82, 0x8b, 0xf1,
  0x3f, 0x91, 0x58, 0xf7, 0x38, 0xc2, 0x5f, 0xf7, 0x38, 0x91, 0x58, 0x91,
  0x58, 0xf1, 0x3f, 0xf1, 0x3f, 0x80, 0x88, 0xbf, 0x50, 0x82, 0x8b, 0xf0,
  0x33, 0x80, 0x88, 0x80, 0x88, 0xae, 0x52, 0xcb, 0x3c, 0x97, 0x85, 0xbb,
  0x4c, 0xbb, 0x4c, 0xbb, 0x4c, 0xf0, 0x33, 0xf0, 0x33, 0x80, 0x88, 0xc2,
  0x5f, 0xc2, 0x5f, 0xca, 0x72, 0xcc, 0x42, 0x9d, 0x69, 0xcc, 0x42, 0xcc,
  0x42, 0x9d, 0x69, 0xcc, 0x42, 0xca, 0x72, 0x9d, 0x69, 0xca, 0x72, 0xca,
  0x72, 0x9d, 0x69, 0xeb, 0x75, 0xbf, 0x50, 0xbf, 0x50, 0xca, 0x72, 0xae,
  0x52, 0xcb, 0x3c, 0xaf, 0x52, 0xae, 0x52, 0xaf, 0x52, 0xcb, 0x3c, 0xad,
  0x55, 0xcb, 0x3c, 0xd0, 0x87, 0xef, 0x44, 0xbc, 0x97, 0xfc, 0x99, 0xb1,
  0x3c, 0xef, 0x44, 0xef, 0x44, 0xb2, 0x65, 0xb1, 0x3c, 0xab, 0xab, 0xb1,
  0x3c, 0xb2, 0xa5, 0xab, 0xab, 0xb2, 0x65, 0xaa, 0x95, 0xab, 0xab, 0xb2,
  0x65, 0xa0, 0x9d, 0xb2, 0xa5, 0xaa, 0x95, 0xa8, 0x57, 0x92, 0x6c, 0xa8,
  0x57, 0x07, 0x92, 0x6c, 0xad, 0x55, 0xf8, 0x45, 0xc7, 0x6f, 0x89, 0x70,
  0xb4, 0x76, 0xb6, 0xa9, 0x9f, 0xac, 0x88, 0x70, 0xb1, 0x76, 0xb2, 0x76,
  0xb3, 0x76, 0xe7, 0x3e, 0xb2, 0xa5, 0xe7, 0x3e, 0xa0, 0x9d, 0xa8, 0x57,
  0xf8, 0x45, 0x88, 0x70, 0x89, 0x70, 0xb1, 0x76, 0xb4, 0x76, 0xb2, 0x76,
  0xc7, 0x6f, 0xb3, 0x76, 0xb6, 0xa9, 0x92, 0x6c, 0x9f, 0xac, 0xe7, 0x3e,
  0xc9, 0x8f, 0xe7, 0x3e, 0xca, 0x39, 0xc9, 0x8f, 0xe7, 0x3e, 0xe7, 0x3e,
  0xa6, 0x5e, 0xca, 0x39, 0xe2, 0x36, 0xca, 0x39, 0x9e, 0xbf, 0xca, 0x39,
  0xa3, 0x7b, 0xe2, 0x36, 0x93, 0x96, 0xe2, 0x36, 0xe2, 0x36, 0xf4, 0x33,
  0x93, 0x96, 0xca, 0x39, 0xbe, 0x84, 0xf4, 0x33, 0xf4, 0x33, 0xda, 0x86,
  0xd5, 0x71, 0xbe, 0x84, 0xbe, 0x84, 0xda, 0x86, 0xda, 0x86, 0x93, 0x96,
  0xae, 0x48, 0xa3, 0x81, 0xa3, 0x7b, 0xa9, 0x57, 0xb9, 0x91, 0xa6, 0x5e,
  0xb9, 0xab, 0xa6, 0x5e, 0x9d, 0x46, 0xb9, 0x91, 0xae, 0x55, 0x9d, 0x46,
  0xae, 0x55, 0xb9, 0xab, 0xae, 0x55, 0x88, 0x70, 0xb0, 0x52, 0x9d, 0x46,
  0xc0, 0x79, 0xca, 0x39, 0xa3, 0x7b, 0xca, 0x39, 0xca, 0x39, 0xb0, 0x52,
  0xd5, 0x71, 0xc0, 0x79, 0xc0, 0x79, 0xb0, 0x52, 0xd5, 0x71, 0xa9, 0x57,
  0xb0, 0x52, 0x89, 0x70, 0xae, 0x55, 0xb4, 0x76, 0xca, 0x39, 0xc7, 0x6f,
  0xb9, 0x91, 0xb6, 0xa9, 0xb9, 0xab, 0xa9, 0x57, 0xd5, 0x71, 0x89, 0x70,
  0x88, 0x70, 0xb4, 0x76, 0xb1, 0x76, 0xc7, 0x6f, 0xb2, 0x76, 0xb6, 0xa9,
  0xb3, 0x76, 0xca, 0x39, 0xbb, 0x82, 0xf8, 0x45, 0xa8, 0x57, 0x9f, 0xac,
  0x92, 0x6c, 0xe1, 0xa5, 0xae, 0x48, 0xaf, 0x55, 0xe1, 0xa5, 0xaf, 0x55,
  0xa9, 0x57, 0xaf, 0x55, 0xe1, 0xa5, 0xaf, 0x55, 0xf8, 0x45, 0xa8, 0x57,
  0x9f, 0xac, 0x92, 0x6c, 0x8b, 0x46, 0xa0, 0x88, 0xae, 0x48, 0xbc, 0x9b,
  0xb4, 0x76, 0xcc, 0x3c, 0xc0, 0x50, 0xc7, 0x6f, 0xde, 0xa3, 0xca, 0x39,
  0xc4, 0x6b, 0xc5, 0x6c, 0xde, 0xa3, 0xa3, 0x7c, 0xc5, 0x6c, 0xc9, 0x3c,
  0xde, 0xa3, 0xb5, 0x9d, 0xc9, 0x3c, 0xd2, 0x32, 0xde, 0xa3, 0x8d, 0x96,
  0xa3, 0x7c, 0xb5, 0x9d, 0xd2, 0x32, 0x8d, 0x96, 0xa3, 0x7c, 0xc4, 0x6b,
  0xc5, 0x6c, 0x8d, 0x96, 0xb5, 0x9d, 0xc4, 0x6b, 0xc9, 0x3c, 0xc4, 0x6b,
  0xd2, 0x32, 0x9f, 0xaa, 0xb6, 0xa9, 0xc4, 0x6b, 0xcc, 0x3c, 0x9f, 0xaa,
  0xc0, 0x50, 0x9f, 0xaa, 0xcc, 0x3c, 0x89, 0x70, 0xc0, 0x50, 0xb6, 0xa9,
  0x99, 0x46, 0xc0, 0x50, 0xcc, 0x3c, 0xbd, 0x7c, 0xc0, 0x50, 0xc0, 0x50,
  0xc0, 0x50, 0xa3, 0x81, 0xd4, 0x5f, 0xa3, 0x81, 0xbd, 0x7c, 0x99, 0x46,
  0xbd, 0x7c, 0x99, 0x46, 0x8a, 0x40, 0xc0, 0x50, 0xd4, 0x5f, 0xc0, 0x50,
  0xd4, 0x5f, 0xc0, 0x50, 0xd4, 0x5f, 0xc0, 0x50, 0xb2, 0x52, 0xca, 0x60,
  0xc0, 0x50, 0x02, 0xe0, 0xa2, 0x8a, 0x40, 0x8a, 0x40, 0xc9, 0x44, 0xe0,
  0xa2, 0xb5, 0x92, 0xe0, 0xa2, 0xc0, 0x50, 0xc0, 0x50, 0xca, 0x60, 0xc9,
  0x44, 0xb2, 0x52, 0xb5, 0x92, 0xb5, 0x92, 0xc9, 0x44, 0x03, 0xb8, 0x96,
  0x8a, 0x40, 0x8a, 0x40, 0x98, 0x56, 0xb8, 0x96, 0xb2, 0xbb, 0xb8, 0x96,
  0x98, 0x56, 0xe0, 0x81, 0xb2, 0xbb, 0xde, 0xb8, 0xb2, 0xbb, 0xa2, 0x7d,
  0xde, 0xb8, 0x84, 0x46, 0xa2, 0x7d, 0xf0, 0x6e, 0x84, 0x46, 0xe7, 0x5c,
  0x84, 0x46, 0xbf, 0x9c, 0xde, 0xb8, 0xca, 0x61, 0xbf, 0x9c, 0xa6, 0x76,
  0xca, 0x61, 0xd5, 0xae, 0xca, 0x61, 0x93, 0x69, 0xa2, 0x7d, 0xf0, 0x6e,
  0xa2, 0x7d, 0xe7, 0x5c, 0x91, 0x99, 0xbf, 0x9c, 0xa6, 0x76, 0xbf, 0x9c,
  0xd5, 0xae, 0xca, 0xad, 0x93, 0x69, 0xa6, 0x5d, 0x91, 0x99, 0xf9, 0xb7,
  0x93, 0x69, 0xfa, 0xb7, 0x91, 0x99, 0xbf, 0x31, 0xca, 0x60, 0xe6, 0x78,
  0xe0, 0x81, 0xca, 0xad, 0xa6, 0x5d, 0xc0, 0x50, 0xc0, 0x50, 0xbf, 0x31,
  0x98, 0x56, 0xe7, 0x78, 0xe0, 0x81, 0xf9, 0xb7, 0xa6, 0x5d, 0xc0, 0x50,
  0xc0, 0x50, 0xbf, 0x31, 0x98, 0x56, 0xe8, 0x78, 0xe0, 0x81, 0xca, 0xad,
  0xfa, 0xb7, 0xc0, 0x50, 0xc0, 0x50, 0xbf, 0x31, 0x98, 0x56, 0xe9, 0x78,
  0xe0, 0x81, 0xf9, 0xb7, 0xfa, 0xb7, 0xc0, 0x50, 0xc0, 0x50, 0xbf, 0x31,
  0x98, 0x56, 0xb2, 0x52, 0xf0, 0x6e, 0xa6, 0x76, 0xe6, 0x78, 0xe6, 0x78,
  0x98, 0x56, 0xe7, 0x5c, 0xa6, 0x76, 0xe7, 0x78, 0xe7, 0x78, 0x98, 0x56,
  0xf0, 0x6e, 0xd5, 0xae, 0xe8, 0x78, 0xe8, 0x78, 0x98, 0x56, 0xe7, 0x5c,
  0xd5, 0xae, 0xe9, 0x78, 0xe9, 0x78, 0x98, 0x56, 0xb2, 0x52, 0xbc, 0x9b,
  0xb2, 0x52, 0xbc, 0x9b, 0xec, 0x4e, 0xed, 0x5a, 0xa6, 0x5e, 0xbc, 0x9b,
  0xf3, 0x57, 0x8d, 0x6b, 0xd1, 0x37, 0xd0, 0x56, 0xbe, 0x61, 0xa3, 0x7b,
  0xdb, 0x96, 0xd0, 0x56, 0x88, 0xa3, 0xd0, 0x56, 0xd0, 0x56, 0x89, 0xa3,
  0xbe, 0x61, 0xbe, 0x61, 0x84, 0x40, 0x88, 0xa3, 0xde, 0x3c, 0x88, 0xa3,
  0x84, 0x40, 0xb4, 0x38, 0x89, 0xa3, 0x89, 0xa3, 0xde, 0x3c, 0xc4, 0xaa,
  0xd1, 0x37, 0x89, 0x3a, 0xdb, 0x96, 0xdb, 0x96, 0x84, 0x40, 0xc4, 0xaa,
  0xa7, 0xa4, 0xc4, 0xaa, 0xc4, 0xaa, 0xba, 0x3d, 0xba, 0x3d, 0xa8, 0x57,
  0xed, 0x53, 0xd6, 0x3e, 0xfc, 0x47, 0xaa, 0x57, 0xa7, 0xa4, 0xfd, 0x65,
  0xfd, 0x65, 0xd1, 0x37, 0xed, 0x53, 0xde, 0x3c, 0xb4, 0x38, 0xaa, 0x57,
  0x89, 0x3a, 0xed, 0x53, 0xed, 0x53, 0xed, 0x53, 0x89, 0x3a, 0xd6, 0x3e,
  0xfc, 0x47, 0xed, 0x53, 0xaa, 0x57, 0xc4, 0xaa, 0xfd, 0x65, 0xba, 0x3d,
  0xed, 0x53, 0xd6, 0x3e, 0xfc, 0x47, 0xba, 0x3d, 0xb7, 0x93, 0xfc, 0x47,
  0xf3, 0x57, 0xfc, 0x47, 0x8d, 0x6b, 0xbc, 0x9b, 0xd6, 0x3e, 0xb7, 0x93,
  0xb7, 0x93, 0xf3, 0x57, 0xa8, 0x57, 0x8d, 0x6b, 0xbc, 0x9b, 0xec, 0x4e,
  0xf3, 0x57, 0xed, 0x5a, 0x8d, 0x6b, 0xec, 0x4e, 0xa8, 0x57, 0xed, 0x5a,
  0xbc, 0x9b, 0xed, 0x5a, 0xf8, 0x45, 0xec, 0x4e, 0x9f, 0xac, 0x92, 0x6c,
  0x8b, 0x46, 0xec, 0x4e, 0xa0, 0x88, 0xed, 0x5a, 0x8b, 0x46, 0xa8, 0x57,
  0xa0, 0x88, 0xf3, 0x5e, 0xfc, 0xb6, 0xa3, 0x7b, 0xcb, 0x72, 0xae, 0x48,
  0x92, 0x58, 0xa3, 0x81, 0xf3, 0x5e, 0xf2, 0x3f, 0x92, 0x58, 0xf7, 0x38,
  0xc3, 0x5f, 0xf7, 0x38, 0x92, 0x58, 0x92, 0x58, 0xf2, 0x3f, 0xf2, 0x3f,
  0x81, 0x88, 0xa3, 0x7b, 0xf3, 0x5e, 0xf5, 0x33, 0x81, 0x88, 0x81, 0x88,
  0xf8, 0x45, 0x8b, 0x46, 0x9f, 0xac, 0x92, 0x6c, 0x97, 0x85, 0xbb, 0x4c,
  0xbb, 0x4c, 0xbb, 0x4c, 0xf5, 0x33, 0xf5, 0x33, 0x81, 0x88, 0xc3, 0x5f,
  0xc3, 0x5f, 0xcb, 0x72, 0xcc, 0x42, 0x9d, 0x69, 0xcc, 0x42, 0xcc, 0x42,
  0x9d, 0x69, 0xcc, 0x42, 0xcb, 0x72, 0x9d, 0x69, 0xcb, 0x72, 0xcb, 0x72,
  0x9d, 0x69, 0xeb, 0x75, 0xca, 0x39, 0xca, 0x39, 0x9e, 0xbf, 0x9e, 0xbf,
  0xa9, 0x57, 0xcb, 0x72, 0xa0, 0x88, 0xb4, 0x52, 0xd7, 0xaa, 0xaa, 0x95,
  0xb0, 0x55, 0xd7, 0xaa, 0xb0, 0x55, 0xb0, 0x55, 0xd7, 0xaa, 0xb3, 0x52,
  0xb0, 0x55, 0xb3, 0x52, 0x92, 0x6c, 0xb4, 0x17, 0xaa, 0x95, 0xb3, 0x52,
  0x92, 0x6c, 0xb4, 0x52, 0xb3, 0x52, 0xb4, 0x52, 0x92, 0x6c, 0xd0, 0x87,
  0xb4, 0x52, 0xd0, 0x87, 0xad, 0x55, 0xd5, 0x7a, 0xd0, 0x87, 0xd5, 0x7a,
  0xd0, 0x87, 0xd5, 0x7a, 0xd0, 0x87, 0xd5, 0x7a, 0xd0, 0x87, 0xe6, 0x6e,
  0xd5, 0x7a, 0xd0, 0xab, 0xd5, 0x7a, 0xd0, 0xab, 0xe6, 0x6e, 0xd0, 0xab,
  0xe6, 0x6e, 0xd0, 0xab, 0xe6, 0x6e, 0xd0, 0xab, 0x91, 0x7a, 0xfd, 0x96,
  0xb2, 0x37, 0xfd, 0x96, 0xfd, 0x96, 0xfd, 0x96, 0xfd, 0x96, 0xab, 0x8a,
  0xb2, 0x37, 0xab, 0x8a, 0xbf, 0x7c, 0xb2, 0x37, 0xb2, 0x37, 0xb2, 0x37,
  0xa3, 0x81, 0xd5, 0x5f, 0xa3, 0x81, 0xbf, 0x7c, 0xb2, 0x37, 0xbf, 0x7c,
  0xb2, 0x37, 0xab, 0x8a, 0xb2, 0x37, 0xd5, 0x5f, 0xb2, 0x37, 0xd5, 0x5f,
  0xb2, 0x37, 0xd5, 0x5f, 0xb2, 0x37, 0xbe, 0xa0, 0xab, 0x8a, 0xab, 0x8a,
  0xd2, 0xc4, 0xbe, 0xa0, 0xb8, 0x34, 0xb8, 0x34, 0xd2, 0xc4, 0xe6, 0x9a,
  0xbe, 0xa0, 0xb8, 0x34, 0xe6, 0x9a, 0xb8, 0x34, 0xb8, 0x34, 0x91, 0x7a,
  0x8a, 0x49, 0xe6, 0x53, 0xd2, 0xc4, 0x8a, 0x49, 0xe6, 0x9a, 0x8a, 0x49,
  0x91, 0x7a, 0xe6, 0x53, 0xe6, 0x53, 0xe6, 0x53, 0x91, 0x7a, 0x47, 0x20,
  0x00, 0x00, 0x47, 0x01, 0x00, 0x00, 0x2e, 0x00, 0x00, 0x00, 0x47, 0x01,
  0x00, 0x00, 0x64, 0x00, 0x00, 0x00, 0xb4, 0x02, 0x32, 0x33, 0x02, 0x34,
  0x02, 0xf0, 0xf0, 0xf0, 0x07, 0xf0, 0xf0, 0x25, 0x02, 0x3a, 0x07, 0x3b,
  0x3c, 0x3d, 0x3e, 0x3f, 0x40, 0x41, 0x06, 0x02, 0x42, 0x43, 0x22, 0x44,
  0x02, 0x45, 0x07, 0x46, 0x06, 0x02, 0xf0, 0xf0, 0x02, 0x47, 0x07, 0x48,
  0x49, 0x4a, 0x4b, 0x4c, 0x4d, 0x4e, 0x4f, 0x50, 0x51, 0x52, 0x53, 0x54,
  0x55, 0x56, 0x57, 0x58, 0x59, 0x5a, 0x5b, 0x5c, 0x5d, 0x5e, 0x5f, 0x60,
  0x61, 0x62, 0x63, 0x64, 0x65, 0x66, 0x67, 0x68, 0x69, 0x6a, 0x6b, 0x6c,
  0x6d, 0x6e, 0x6f, 0x70, 0x71, 0x72, 0x73, 0x74, 0x75, 0x76, 0x77, 0x78,
  0x79, 0x7a, 0x7b, 0x7c, 0x7d, 0x7e, 0x7f, 0x80, 0x81, 0x82, 0x83, 0x84,
  0x85, 0x86, 0x87, 0x88, 0x89, 0x8a, 0x8b, 0x8c, 0x8d, 0x8e, 0x8f, 0x90,
  0x91, 0x92, 0x93, 0x94, 0x95, 0x96, 0x97, 0x98, 0x99, 0x9a, 0x9b, 0x9c,
  0x9d, 0x9e, 0x9f, 0xa0, 0xa1, 0x06, 0x02, 0xc2, 0x07, 0xc3, 0xc4, 0xc5,
  0xc6, 0xc7, 0xc8, 0xc9, 0xca, 0xcb, 0xcc, 0x06, 0x02, 0xcd, 0x07, 0xce,
  0x06, 0x02, 0xa2, 0xb7, 0xa3, 0xa4, 0xb8, 0x06, 0x02, 0xa5, 0xa6, 0xa7,
  0xa8, 0xa9, 0xaa, 0xab, 0xd9, 0xda, 0xdb, 0xdc, 0xdd, 0xde, 0x06, 0x02,
  0x35, 0x07, 0xaf, 0xb0, 0xac, 0xad, 0xcf, 0xdf, 0xf0, 0xf0, 0xf0, 0x06,
  0x02, 0x38, 0x07, 0xe0, 0xf0, 0x06, 0x02, 0xf0, 0x07, 0xae, 0x36, 0xe1,
  0xb6, 0xfe, 0xf0, 0x14, 0xfe, 0xf0, 0xfe, 0xf0, 0xfe, 0xf0, 0xfe, 0xf0,
  0xfe, 0xf0, 0xf0, 0xfe, 0x15, 0xf0, 0xfe, 0x16, 0xf0, 0xfe, 0x1c, 0xf0,
  0xfe, 0xf0, 0xbf, 0xfe, 0xf0, 0x13, 0xfe, 0xf0, 0xfe, 0xf0, 0xfe, 0xf0,
  0xf0, 0xfe, 0xf0, 0xfe, 0xf0, 0xfe, 0xf0, 0x14, 0xfe, 0xf0, 0xfe, 0x00,
  0xe2, 0xfe, 0x00, 0xb6, 0xfe, 0xf0, 0x11, 0xfe, 0xf0, 0x11, 0xfe, 0xf0,
  0xfe, 0x00, 0x11, 0xfe, 0xf0, 0xfe, 0x00, 0x11, 0xfe, 0x01, 0xfe, 0xbb,
  0xfe, 0x05, 0x11, 0xfe, 0x01, 0xfe, 0xf0, 0x11, 0xfe, 0x1f, 0xfe, 0xbe,
  0xfe, 0xf0, 0xfe, 0x24, 0xfe, 0x1d, 0xfe, 0x05, 0x14, 0xfe, 0x01, 0xfe,
  0x00, 0x1a, 0xfe, 0x26, 0xfe, 0x00, 0xf0, 0xfe, 0xf0, 0xfe, 0x1d, 0xfe,
  0x05, 0xf0, 0xfe, 0xf0, 0xfe, 0xbb, 0xfe, 0xf0, 0xfe, 0x1e, 0xe3, 0xfe,
  0x00, 0xf0, 0xfe, 0x00, 0xf0, 0xf0, 0x37, 0x25, 0x02, 0x0b, 0x0c, 0x0d,
  0x0e, 0x0f, 0x1e, 0x1f, 0x20, 0x21, 0x22, 0x10, 0x1d, 0x23, 0x1c, 0x6d,
  0x6e, 0x6f, 0x4d, 0x11, 0x12, 0x13, 0x52, 0x7e, 0x7f, 0x80, 0x81, 0x82,
  0x83, 0x84, 0x85, 0x86, 0x4e, 0x24, 0x25, 0x26, 0x27, 0x28, 0x29, 0x2a,
  0x2b, 0x2c, 0x2d, 0x2e, 0x2f, 0x30, 0x31, 0xc6, 0x60, 0x9f, 0x8d, 0xc6,
  0x60, 0xc6, 0x60, 0xc6, 0x60, 0xc6, 0x60, 0x9f, 0x8d, 0x9f, 0x8d, 0x9f,
  0x8d, 0xc6, 0x60, 0xbc, 0x7c, 0xd1, 0x5f, 0xbc, 0x7c, 0xbc, 0x7c, 0xd1,
  0x5f, 0xd1, 0x5f, 0xd1, 0x5f, 0x96, 0x32, 0x9f, 0x8d, 0x96, 0x32, 0xbb,
  0x57, 0xc6, 0x6e, 0xa5, 0x92, 0xc6, 0x6e, 0xd6, 0x4a, 0xc6, 0x6e, 0x8c,
  0xb3, 0xa5, 0x92, 0xbb, 0x57, 0x92, 0xb8, 0x96, 0x32, 0xeb, 0xa0, 0x96,
  0x32, 0xd6, 0x4a, 0xd6, 0x4a, 0x8c, 0xb3, 0x92, 0xb8, 0x8a, 0x6c, 0x96,
  0x32, 0x8a, 0x6c, 0xeb, 0xa0, 0xeb, 0xa0, 0x8c, 0xb3, 0x92, 0xb8, 0xeb,
  0xa0, 0xa5, 0x92, 0xbb, 0x57, 0x92, 0xb8, 0x8a, 0x6c, 0xc6, 0x60, 0xcf,
  0x6a, 0x00, 0x00, 0x5a, 0x03, 0x00, 0x00, 0x6d, 0x00, 0x00, 0x00, 0x5a,
  0x03, 0x00, 0x00, 0xf9, 0x01, 0x00, 0x00, 0xb4, 0x02, 0x32, 0x33, 0x02,
  0x34, 0x02, 0xf0, 0xf0, 0xf0, 0x07, 0xf0, 0xf0, 0x25, 0x02, 0x3a, 0x07,
  0x3b, 0x3c, 0x3d, 0x3e, 0x3f, 0x40, 0x41, 0x06, 0x02, 0x42, 0x43, 0x22,
  0x44, 0x02, 0x45, 0x07, 0x46, 0x06, 0x02, 0x47, 0x07, 0x48, 0x49, 0x4a,
  0x4b, 0x4c, 0x4d, 0x4e, 0x4f, 0x50, 0x51, 0x52, 0x53, 0x54, 0x55, 0x56,
  0x57, 0x58, 0x59, 0x5a, 0x5b, 0x5c, 0x5d, 0x5e, 0x5f, 0x60, 0x61, 0x62,
  0x63, 0x64, 0x65, 0x66, 0x67, 0x68, 0x69, 0x6a, 0x6b, 0x6c, 0x6d, 0x6e,
  0x6f, 0x70, 0x71, 0x72, 0x73, 0x74, 0x75, 0x76, 0x77, 0x78, 0x79, 0x7a,
  0x7b, 0x7c, 0x7d, 0x7e, 0x7f, 0x80, 0x81, 0x82, 0x83, 0x84, 0x85, 0x86,
  0x87, 0x88, 0x89, 0x8a, 0x8b, 0x8c, 0x8d, 0x8e, 0x8f, 0x90, 0x91, 0x92,
  0x93, 0x94, 0x95, 0x96, 0x97, 0x98, 0x99, 0x9a, 0x9b, 0x9c, 0x9d, 0x9e,
  0x9f, 0xa0, 0xa1, 0x06, 0x02, 0xf0, 0x07, 0xf0, 0xf0, 0xf0, 0x06, 0x02,
  0xf0, 0x07, 0xf0, 0x06, 0x02, 0xf0, 0x07, 0xf0, 0x06, 0x02, 0xf0, 0x07,
  0xf0, 0x06, 0x02, 0xb9, 0xfe, 0x21, 0x02, 0xa2, 0xb7, 0xa3, 0xa4, 0xb8,
  0x06, 0x02, 0xa5, 0xa6, 0xa7, 0xa8, 0xa9, 0xaa, 0xab, 0xd9, 0xda, 0xdb,
  0xdc, 0xdd, 0xde, 0x06, 0x02, 0x35, 0x07, 0xaf, 0xb0, 0xac, 0xad, 0xdf,
  0x06, 0x02, 0x38, 0x07, 0xe0, 0xf0, 0xf0, 0xf0, 0x06, 0x02, 0xf0, 0x07,
  0xae, 0xf0, 0x36, 0xe1, 0x14, 0xfe, 0x00, 0xf0, 0x0c, 0x2a, 0xfe, 0xea,
  0xd6, 0xfe, 0x00, 0x2f, 0xfe, 0x00, 0x0b, 0xfe, 0xeb, 0xfe, 0xec, 0xfe,
  0xed, 0x0b, 0xfe, 0xe4, 0xd6, 0xfe, 0x00, 0x2f, 0xfe, 0x00, 0xbc, 0xfe,
  0xbd, 0xfe, 0xf0, 0xfe, 0x01, 0xfe, 0x03, 0xfe, 0x01, 0xfe, 0x03, 0xfe,
  0x39, 0x0d, 0xee, 0xfe, 0xef, 0x08, 0xf0, 0xfe, 0x01, 0xfe, 0x00, 0x04,
  0xfe, 0x28, 0xfe, 0x00, 0x04, 0xfe, 0x01, 0xfe, 0x00, 0x04, 0xfe, 0x01,
  0xfe, 0xf0, 0xfe, 0xf0, 0xfe, 0xf0, 0xfe, 0xf0, 0x09, 0x18, 0x08, 0x04,
  0xfe, 0x01, 0xfe, 0x00, 0x04, 0xfe, 0x01, 0xfe, 0x00, 0x09, 0x10, 0x0b,
  0xfe, 0x01, 0xfe, 0x00, 0x0e, 0x20, 0x0c, 0x0b, 0xfe, 0xe4, 0x0e, 0xf0,
  0xfe, 0xf0, 0x14, 0xfe, 0x00, 0xf0, 0xfe, 0x12, 0x0c, 0x17, 0xfe, 0x00,
  0x30, 0x0d, 0xf0, 0x08, 0xd5, 0xfe, 0xe5, 0xd5, 0xfe, 0xe6, 0xd5, 0xfe,
  0xe7, 0xd5, 0xfe, 0xf0, 0x04, 0xfe, 0xb5, 0xfe, 0xd0, 0xfe, 0xd1, 0xfe,
  0xd2, 0xfe, 0xd3, 0xfe, 0xd4, 0xfe, 0x1b, 0xfe, 0xe8, 0xfe, 0xd0, 0xfe,
  0xd1, 0xfe, 0xd2, 0xfe, 0xd3, 0xfe, 0xd4, 0xfe, 0x1b, 0xfe, 0xe9, 0xfe,
  0xd0, 0xfe, 0xd1, 0xfe, 0xd2, 0xfe, 0xd3, 0xfe, 0xd4, 0xfe, 0x1b, 0xfe,
  0xf0, 0xfe, 0xd0, 0xfe, 0xd1, 0xfe, 0xd2, 0xfe, 0xd3, 0xfe, 0xd4, 0xfe,
  0x1b, 0xfe, 0xf0, 0x29, 0x09, 0xd7, 0xfe, 0xe5, 0xd7, 0xfe, 0xe6, 0xd7,
  0xfe, 0xe7, 0x23, 0xfe, 0xf0, 0x23, 0xfe, 0x01, 0xfe, 0xf0, 0x0f, 0xfe,
  0x00, 0x0a, 0xfe, 0xf0, 0xfe, 0xd0, 0xfe, 0xd1, 0xfe, 0xd2, 0xfe, 0xd3,
  0xfe, 0xd4, 0xfe, 0x1b, 0xfe, 0xe8, 0xfe, 0xd0, 0xfe, 0xd1, 0xfe, 0xd2,
  0xfe, 0xd3, 0xfe, 0xd4, 0xfe, 0x1b, 0xfe, 0xe9, 0xfe, 0xd0, 0xfe, 0xd1,
  0xfe, 0xd2, 0xfe, 0xd3, 0xfe, 0xd4, 0xfe, 0x1b, 0xfe, 0xf0, 0xf0, 0xfe,
  0x01, 0xfe, 0x2c, 0xfe, 0x2d, 0xfe, 0xf0, 0x08, 0xb3, 0xfe, 0xf0, 0xfe,
  0xf0, 0xfe, 0xf0, 0xd5, 0xfe, 0xf0, 0xfe, 0xf0, 0x04, 0xfe, 0xf0, 0xfe,
  0xd0, 0xfe, 0xd1, 0xfe, 0xd2, 0xfe, 0xd3, 0xfe, 0xd4, 0xfe, 0x1b, 0xfe,
  0xf0, 0xfe, 0xb1, 0x04, 0xfe, 0xb2, 0x2e, 0x09, 0x0a, 0xfe, 0x01, 0xfe,
  0x00, 0x19, 0x31, 0x2f, 0xfe, 0x00, 0x0b, 0xfe, 0x26, 0xfe, 0x15, 0x0b,
  0xfe, 0x2b, 0xfe, 0x16, 0x0b, 0xfe, 0x28, 0xfe, 0x1c, 0x0b, 0xfe, 0x01,
  0xfe, 0x00, 0x0e, 0x20, 0x0c, 0x0b, 0xfe, 0x01, 0xfe, 0x00, 0x0e, 0x14,
  0xfe, 0xf0, 0xfe, 0xf0, 0xfe, 0xf0, 0xfe, 0xf0, 0x13, 0xfe, 0xf0, 0x13,
  0xfe, 0x00, 0xf0, 0x0c, 0x2a, 0xfe, 0xea, 0xd6, 0xfe, 0x00, 0x17, 0xfe,
  0x00, 0x0b, 0xfe, 0xeb, 0xfe, 0xec, 0xfe, 0xed, 0x0b, 0xfe, 0x01, 0xfe,
  0x00, 0xd6, 0xfe, 0x00, 0x17, 0xfe, 0x00, 0xbc, 0xfe, 0xbd, 0xfe, 0xf0,
  0xfe, 0x01, 0xfe, 0x03, 0xfe, 0x01, 0xfe, 0x03, 0xfe, 0x39, 0x0d, 0xee,
  0xfe, 0xef, 0x08, 0xf0, 0xfe, 0x01, 0xfe, 0x00, 0x04, 0xfe, 0x28, 0xfe,
  0x00, 0xb3, 0xfe, 0xf0, 0xfe, 0xf0, 0xfe, 0xf0, 0x04, 0xfe, 0x01, 0xfe,
  0x00, 0x04, 0xfe, 0x01, 0xfe, 0xf0, 0xfe, 0xf0, 0xfe, 0xf0, 0xfe, 0xf0,
  0xfe, 0xf0, 0xfe, 0xf0, 0xfe, 0xf0, 0x09, 0x18, 0x08, 0x04, 0xfe, 0x01,
  0xfe, 0x00, 0x04, 0xfe, 0x01, 0xfe, 0x00, 0x09, 0x10, 0x0b, 0xfe, 0x27,
  0xfe, 0x05, 0x0e, 0x20, 0x0c, 0x0b, 0xfe, 0x01, 0xfe, 0x00, 0x0e, 0x13,
  0xfe, 0x00, 0xf0, 0xfe, 0x12, 0x0c, 0x17, 0xfe, 0x00, 0x30, 0x0d, 0xf0,
  0x08, 0xba, 0xfe, 0xf0, 0xfe, 0xf0, 0xfe, 0xf0, 0xfe, 0xf0, 0x04, 0xfe,
  0x01, 0xfe, 0xf0, 0xfe, 0xf0, 0x29, 0x09, 0x0f, 0xfe, 0xf0, 0xfe, 0xf0,
  0xfe, 0xf0, 0xfe, 0xf0, 0x23, 0xfe, 0xf0, 0x23, 0xfe, 0x01, 0xfe, 0xf0,
  0x0f, 0xfe, 0x00, 0x0a, 0xfe, 0x01, 0xfe, 0x00, 0xf0, 0xfe, 0x01, 0xfe,
  0x2c, 0xfe, 0x2d, 0xfe, 0xf0, 0x08, 0xb3, 0xfe, 0xf0, 0xfe, 0xf0, 0xfe,
  0xf0, 0xc0, 0xfe, 0xf0, 0xfe, 0xc1, 0x04, 0xfe, 0xf0, 0xfe, 0xf0, 0xfe,
  0xf0, 0xfe, 0xd8, 0xfe, 0xf0, 0xfe, 0xf0, 0xfe, 0xf0, 0xfe, 0xf0, 0xfe,
  0xf0, 0xfe, 0xd8, 0xfe, 0xf0, 0xfe, 0xf0, 0xfe, 0xf0, 0xfe, 0xf0, 0xfe,
  0xf0, 0xfe, 0xf0, 0xfe, 0xf0, 0xfe, 0xd8, 0xfe, 0xf0, 0xfe, 0xd8, 0xfe,
  0xf0, 0xfe, 0xf0, 0xfe, 0xf0, 0xfe, 0x1d, 0xfe, 0xb1, 0x04, 0xfe, 0xb2,
  0x2e, 0x09, 0x0a, 0xfe, 0x01, 0xfe, 0x00, 0x19, 0x31, 0x0b, 0xfe, 0x01,
  0xfe, 0x00, 0x0e, 0x20, 0x0c, 0x0b, 0xfe, 0x01, 0xfe, 0x00, 0x0e, 0xf0,
  0xfe, 0x15, 0xf0, 0xfe, 0x16, 0xf0, 0xfe, 0x1c, 0xf0, 0xfe, 0x00, 0x14,
  0xfe, 0xf0, 0xfe, 0x00, 0xe2, 0xfe, 0x00, 0xe3, 0xfe, 0x00, 0x37, 0x25,
  0x02, 0x0b, 0x0c, 0x0d, 0x0e, 0x0f, 0x32, 0x33, 0x34, 0x35, 0x36, 0x37,
  0x38, 0x39, 0x3a, 0x3b, 0x10, 0x3c, 0x3d, 0x3e, 0x3f, 0x70, 0x4f, 0x00,
  0x40, 0x01, 0x41, 0x02, 0x53, 0x87, 0x14, 0x03, 0x42, 0x43, 0x44, 0x04,
  0x05, 0x45, 0x46, 0x06, 0x07, 0x08, 0x09, 0x0a, 0x47, 0x48, 0x49, 0x4a,
  0x7b, 0x71, 0x72, 0x7c, 0x54, 0x88, 0x4f, 0x00, 0x55, 0x01, 0x56, 0x57,
  0x58, 0x59, 0x5a, 0x5b, 0x5c, 0x02, 0x14, 0x03, 0x15, 0x16, 0x17, 0x18,
  0x5d, 0x5e, 0x15, 0x16, 0x17, 0x18, 0x04, 0x05, 0x06, 0x07, 0x08, 0x09,
  0x0a, 0x5f, 0x60, 0x61, 0x62, 0x63, 0x19, 0x1a, 0x19, 0x64, 0x65, 0x66,
  0x67, 0x68, 0x1a, 0x1b, 0x69, 0x6a, 0x6b, 0x1b, 0x6c, 0x11, 0x12, 0x13,
  0x89, 0x4c, 0x02, 0xbf, 0x8a, 0xa2, 0x97, 0xa7, 0x57, 0xfc, 0x65, 0xa7,
  0x57, 0xa2, 0x97, 0xa2, 0x97, 0xfc, 0x65, 0xf3, 0x57, 0x8d, 0x6b, 0xb9,
  0x3d, 0xb9, 0x3d, 0xa7, 0x57, 0xf3, 0x57, 0xfc, 0x65, 0x8d, 0x6b, 0xb9,
  0x3d, 0xb9, 0x3d, 0xa3, 0x66, 0xa7, 0x57, 0xa3, 0x66, 0xb9, 0x3d, 0xf3,
  0x57, 0xa3, 0x66, 0x8d, 0x6b, 0xfc, 0x65, 0xa3, 0x66, 0xa3, 0x66, 0xb9,
  0x3d, 0xf3, 0x57, 0xa7, 0x57, 0x8d, 0x6b, 0xfc, 0x65, 0xbf, 0x8a, 0xfc,
  0x65, 0xbf, 0x8a, 0xd5, 0x85, 0xd0, 0x87, 0xd5, 0x85, 0xe3, 0x87, 0xcb,
  0x6c, 0xd2, 0x75, 0xd3, 0x75, 0xd4, 0x75, 0xe3, 0x87, 0xcb, 0x6c, 0xbf,
  0x8a, 0xcb, 0x6c, 0xbf, 0x8a, 0xcb, 0x6c, 0xbf, 0x8a, 0xcb, 0x6c, 0xd2,
  0x75, 0xbf, 0x8a, 0xd2, 0x75, 0xbf, 0x8a, 0xd2, 0x75, 0xbf, 0x8a, 0xd2,
  0x75, 0xd3, 0x75, 0xbf, 0x8a, 0xd3, 0x75, 0xbf, 0x8a, 0xd3, 0x75, 0xbf,
  0x8a, 0xd3, 0x75, 0xd4, 0x75, 0xbf, 0x8a, 0xd4, 0x75, 0xbf, 0x8a, 0xd4,
  0x75, 0xbf, 0x8a, 0xd4, 0x75, 0xcc, 0x6c, 0xd5, 0x75, 0xd6, 0x75, 0xe9,
  0x38, 0xaa, 0xab, 0xe9, 0x38, 0x88, 0x4d, 0x88, 0x4d, 0xcc, 0x6c, 0xbf,
  0x8a, 0xcc, 0x6c, 0xbf, 0x8a, 0xcc, 0x6c, 0xbf, 0x8a, 0xcc, 0x6c, 0xd5,
  0x75, 0xbf, 0x8a, 0xd5, 0x75, 0xbf, 0x8a, 0xd5, 0x75, 0xbf, 0x8a, 0xd5,
  0x75, 0xd6, 0x75, 0xbf, 0x8a, 0xd6, 0x75, 0xbf, 0x8a, 0xd6, 0x75, 0xbf,
  0x8a, 0xd6, 0x75, 0xf6, 0x6a, 0xe9, 0x38, 0xf6, 0x6a, 0xaa, 0xab, 0xc1,
  0xc2, 0xf6, 0x6a, 0xf6, 0x6a, 0xd7, 0x75, 0xc1, 0xc2, 0x88, 0x4d, 0xd7,
  0x75, 0xbf, 0x8a, 0xd7, 0x75, 0xbf, 0x8a, 0xd7, 0x75, 0xbf, 0x8a, 0xd7,
  0x75, 0xc1, 0xc2, 0xf6, 0x6a, 0xe3, 0x87, 0x88, 0x4d, 0xdf, 0xab, 0xdf,
  0xab, 0xe3, 0x87, 0xdf, 0xab, 0xe3, 0x87, 0xdf, 0xab, 0xe3, 0x87, 0xd0,
  0x87, 0xdf, 0xab, 0xd0, 0x87, 0xbf, 0x8a, 0x9f, 0x8d, 0xd0, 0x87, 0xd0,
  0x87, 0xd0, 0x87, 0x84, 0x91, 0xac, 0x55, 0xa3, 0x97, 0xa8, 0x57, 0xfd,
  0x65, 0xa8, 0x57, 0xa3, 0x97, 0xa3, 0x97, 0xfd, 0x65, 0x84, 0x91, 0xf4,
  0x57, 0x8e, 0x6b, 0xba, 0x3d, 0xba, 0x3d, 0xa8, 0x57, 0xf4, 0x57, 0xfd,
  0x65, 0x8e, 0x6b, 0xba, 0x3d, 0xba, 0x3d, 0xa4, 0x66, 0xa8, 0x57, 0xa4,
  0x66, 0xba, 0x3d, 0x85, 0x3d, 0xa4, 0x66, 0xa4, 0x66, 0xf4, 0x57, 0xa4,
  0x66, 0x8e, 0x6b, 0xfd, 0x65, 0x85, 0x3d, 0x85, 0x3d, 0x85, 0x3d, 0x85,
  0x3d, 0x84, 0x91, 0xba, 0x3d, 0xf4, 0x57, 0xa8, 0x57, 0x8e, 0x6b, 0xfd,
  0x65, 0xac, 0x55, 0xfd, 0x65, 0xac, 0x55, 0x84, 0x91, 0xdf, 0xc3, 0xd5,
  0x85, 0xac, 0x52, 0x88, 0x38, 0xac, 0x55, 0xac, 0x55, 0xac, 0x55, 0xac,
  0x52, 0x88, 0x38, 0xac, 0x55, 0x81, 0x90, 0xac, 0x55, 0xac, 0x55, 0xac,
  0x55, 0xea, 0x38, 0xab, 0xab, 0xea, 0x38, 0x89, 0x4d, 0x89, 0x4d, 0x81,
  0x90, 0xf7, 0x6a, 0xea, 0x38, 0xf7, 0x6a, 0xab, 0xab, 0xc2, 0xc2, 0xf7,
  0x6a, 0xf7, 0x6a, 0xc2, 0x3d, 0xc2, 0xc2, 0x89, 0x4d, 0xc2, 0x3d, 0xc2,
  0x3d, 0xc2, 0x3d, 0xc2, 0x3d, 0xc2, 0x3d, 0xc2, 0x3d, 0xc2, 0x3d, 0xc2,
  0x3d, 0xc2, 0x3d, 0xc2, 0x3d, 0xc2, 0x3d, 0xc2, 0x3d, 0xc2, 0x3d, 0xc2,
  0x3d, 0xc2, 0x3d, 0xc2, 0x3d, 0xc2, 0x3d, 0xc2, 0x3d, 0xc2, 0x3d, 0xc2,
  0x3d, 0xc2, 0x3d, 0xc2, 0x3d, 0xac, 0x55, 0xc2, 0xc2, 0xf7, 0x6a, 0xac,
  0x52, 0x89, 0x4d, 0xdf, 0xc3, 0xac, 0x52, 0xdf, 0xc3, 0xac, 0x55, 0x9f,
  0x8d, 0x9f, 0x8d, 0x9f, 0x8d, 0xdf, 0xc3, 0xe2, 0x32, 0x9f, 0x8d, 0xe2,
  0x32, 0xe2, 0x32, 0xc4, 0x6e, 0x00, 0x00, 0xbf, 0x03, 0x00, 0x00, 0x8b,
  0x00, 0x00, 0x00, 0xbf, 0x03, 0x00, 0x00, 0x49, 0x02, 0x00, 0x00, 0xb4,
  0x02, 0x32, 0x33, 0x02, 0x34, 0x02, 0xf0, 0xf0, 0xf0, 0x07, 0xf0, 0xf0,
  0x25, 0x02, 0x3a, 0x07, 0x3b, 0x3c, 0x3d, 0x3e, 0x3f, 0x40, 0x41, 0x06,
  0x02, 0x42, 0x43, 0x22, 0x44, 0x02, 0x45, 0x07, 0x46, 0x06, 0x02, 0xf0,
  0xf0, 0x02, 0x47, 0x07, 0x48, 0x49, 0x4a, 0x4b, 0x4c, 0x4d, 0x4e, 0x4f,
  0x50, 0x51, 0x52, 0x53, 0x54, 0x55, 0x56, 0x57, 0x58, 0x59, 0x5a, 0x5b,
  0x5c, 0x5d, 0x5e, 0x5f, 0x60, 0x61, 0x62, 0x63, 0x64, 0x65, 0x66, 0x67,
  0x68, 0x69, 0x6a, 0x6b, 0x6c, 0x6d, 0x6e, 0x6f, 0x70, 0x71, 0x72, 0x73,
  0x74, 0x75, 0x76, 0x77, 0x78, 0x79, 0x7a, 0x7b, 0x7c, 0x7d, 0x7e, 0x7f,
  0x80, 0x81, 0x82, 0x83, 0x84, 0x85, 0x86, 0x87, 0x88, 0x89, 0x8a, 0x8b,
  0x8c, 0x8d, 0x8e, 0x8f, 0x90, 0x91, 0x92, 0x93, 0x94, 0x95, 0x96, 0x97,
  0x98, 0x99, 0x9a, 0x9b, 0x9c, 0x9d, 0x9e, 0x9f, 0xa0, 0xa1, 0x06, 0x02,
  0xf0, 0x07, 0xf0, 0xf0, 0xf0, 0x06, 0x02, 0xf0, 0x07, 0xf0, 0x06, 0x02,
  0xf0, 0x07, 0xf0, 0x06, 0x02, 0xf0, 0x07, 0xf0, 0x06, 0x02, 0xb9, 0xfe,
  0x21, 0x02, 0xa2, 0xb7, 0xa3, 0xa4, 0xb8, 0x06, 0x02, 0xa5, 0xa6, 0xa7,
  0xa8, 0xa9, 0xaa, 0xab, 0xd9, 0xda, 0xdb, 0xdc, 0xdd, 0xde, 0x06, 0x02,
  0x35, 0x07, 0xaf, 0xb0, 0xac, 0xad, 0xdf, 0xf0, 0xf0, 0xf0, 0x06, 0x02,
  0x38, 0x07, 0xe0, 0xf0, 0xf0, 0xf0, 0x06, 0x02, 0xf0, 0x07, 0xae, 0xf0,
  0x36, 0xe1, 0xb6, 0xfe, 0xf0, 0x14, 0xfe, 0x00, 0xf0, 0xfe, 0xf0, 0x0c,
  0x2a, 0xfe, 0xea, 0xd6, 0xfe, 0x00, 0x2f, 0xfe, 0x00, 0x0b, 0xfe, 0xeb,
  0xfe, 0xec, 0xfe, 0xed, 0x0b, 0xfe, 0xe4, 0xd6, 0xfe, 0x00, 0x2f, 0xfe,
  0x00, 0xbc, 0xfe, 0xbd, 0xfe, 0xf0, 0xfe, 0xf0, 0xfe, 0x01, 0xfe, 0x03,
  0xfe, 0x01, 0xfe, 0x03, 0xfe, 0x39, 0x0d, 0xee, 0xfe, 0xef, 0x08, 0xf0,
  0xfe, 0x01, 0xfe, 0x00, 0x04, 0xfe, 0x28, 0xfe, 0x00, 0x04, 0xfe, 0x01,
  0xfe, 0x00, 0x04, 0xfe, 0x01, 0xfe, 0xf0, 0xfe, 0xf0, 0xfe, 0xf0, 0xfe,
  0xf0, 0x09, 0x18, 0x08, 0x04, 0xfe, 0x01, 0xfe, 0x00, 0x04, 0xfe, 0x01,
  0xfe, 0x00, 0x09, 0x10, 0x0b, 0xfe, 0x01, 0xfe, 0x00, 0x0e, 0x20, 0x0c,
  0x0b, 0xfe, 0xe4, 0x0e, 0xf0, 0xfe, 0xf0, 0xfe, 0xf0, 0x14, 0xfe, 0x00,
  0xf0, 0xfe, 0x12, 0x0c, 0x17, 0xfe, 0x00, 0x30, 0x0d, 0xf0, 0x08, 0xd5,
  0xfe, 0xe5, 0xd5, 0xfe, 0xe6, 0xd5, 0xfe, 0xe7, 0xd5, 0xfe, 0xf0, 0x04,
  0xfe, 0xb5, 0xfe, 0xd0, 0xfe, 0xd1, 0xfe, 0xd2, 0xfe, 0xd3, 0xfe, 0xd4,
  0xfe, 0x1b, 0xfe, 0xe8, 0xfe, 0xd0, 0xfe, 0xd1, 0xfe, 0xd2, 0xfe, 0xd3,
  0xfe, 0xd4, 0xfe, 0x1b, 0xfe, 0xe9, 0xfe, 0xd0, 0xfe, 0xd1, 0xfe, 0xd2,
  0xfe, 0xd3, 0xfe, 0xd4, 0xfe, 0x1b, 0xfe, 0xf0, 0xfe, 0xd0, 0xfe, 0xd1,
  0xfe, 0xd2, 0xfe, 0xd3, 0xfe, 0xd4, 0xfe, 0x1b, 0xfe, 0xf0, 0x29, 0x09,
  0xd7, 0xfe, 0xe5, 0xd7, 0xfe, 0xe6, 0xd7, 0xfe, 0xe7, 0x23, 0xfe, 0xf0,
  0x23, 0xfe, 0x01, 0xfe, 0xf0, 0x0f, 0xfe, 0x00, 0x0a, 0xfe, 0xf0, 0xfe,
  0xd0, 0xfe, 0xd1, 0xfe, 0xd2, 0xfe, 0xd3, 0xfe, 0xd4, 0xfe, 0x1b, 0xfe,
  0xe8, 0xfe, 0xd0, 0xfe, 0xd1, 0xfe, 0xd2, 0xfe, 0xd3, 0xfe, 0xd4, 0xfe,
  0x1b, 0xfe, 0xe9, 0xfe, 0xd0, 0xfe, 0xd1, 0xfe, 0xd2, 0xfe, 0xd3, 0xfe,
  0xd4, 0xfe, 0x1b, 0xfe, 0xf0, 0xf0, 0xfe, 0x01, 0xfe, 0x2c, 0xfe, 0x2d,
  0xfe, 0xf0, 0x08, 0xb3, 0xfe, 0xf0, 0xfe, 0xf0, 0xfe, 0xf0, 0xd5, 0xfe,
  0xf0, 0xfe, 0xf0, 0x04, 0xfe, 0xf0, 0xfe, 0xd0, 0xfe, 0xd1, 0xfe, 0xd2,
  0xfe, 0xd3, 0xfe, 0xd4, 0xfe, 0x1b, 0xfe, 0xf0, 0xfe, 0xb1, 0x04, 0xfe,
  0xb2, 0x2e, 0x09, 0x0a, 0xfe, 0x01, 0xfe, 0x00, 0x19, 0x31, 0x2f, 0xfe,
  0x00, 0x0b, 0xfe, 0x26, 0xfe, 0x15, 0x0b, 0xfe, 0x2b, 0xfe, 0x16, 0x0b,
  0xfe, 0x28, 0xfe, 0x1c, 0x0b, 0xfe, 0x01, 0xfe, 0x00, 0x0e, 0x20, 0x0c,
  0x0b, 0xfe, 0x01, 0xfe, 0x00, 0x0e, 0x14, 0xfe, 0xf0, 0xfe, 0xf0, 0xfe,
  0xf0, 0xfe, 0xf0, 0xfe, 0xf0, 0xfe, 0xf0, 0xfe, 0xf0, 0xfe, 0xf0, 0x13,
  0xfe, 0xf0, 0x13, 0xfe, 0x00, 0xf0, 0xfe, 0xf0, 0x0c, 0x2a, 0xfe, 0xea,
  0xd6, 0xfe, 0x00, 0x17, 0xfe, 0x00, 0x0b, 0xfe, 0xeb, 0xfe, 0xec, 0xfe,
  0xed, 0x0b, 0xfe, 0x01, 0xfe, 0x00, 0xd6, 0xfe, 0x00, 0x17, 0xfe, 0x00,
  0xbc, 0xfe, 0xbd, 0xfe, 0xf0, 0xfe, 0xf0, 0xfe, 0x01, 0xfe, 0x03, 0xfe,
  0x01, 0xfe, 0x03, 0xfe, 0x39, 0x0d, 0xee, 0xfe, 0xef, 0x08, 0xf0, 0xfe,
  0x01, 0xfe, 0x00, 0x04, 0xfe, 0x28, 0xfe, 0x00, 0xb3, 0xfe, 0xf0, 0xfe,
  0xf0, 0xfe, 0xf0, 0x04, 0xfe, 0x01, 0xfe, 0x00, 0x04, 0xfe, 0x01, 0xfe,
  0xf0, 0xfe, 0xf0, 0xfe, 0xf0, 0xfe, 0xf0, 0xfe, 0xf0, 0xfe, 0xf0, 0xfe,
  0xf0, 0x09, 0x18, 0x08, 0x04, 0xfe, 0x01, 0xfe, 0x00, 0x04, 0xfe, 0x01,
  0xfe, 0x00, 0x09, 0x10, 0x0b, 0xfe, 0x27, 0xfe, 0x05, 0x0e, 0x20, 0x0c,
  0x0b, 0xfe, 0x01, 0xfe, 0x00, 0x0e, 0x13, 0xfe, 0x00, 0xf0, 0xfe, 0x12,
  0x0c, 0x17, 0xfe, 0x00, 0x30, 0x0d, 0xf0, 0x08, 0xba, 0xfe, 0xf0, 0xfe,
  0xf0, 0xfe, 0xf0, 0xfe, 0xf0, 0x04, 0xfe, 0x01, 0xfe, 0xf0, 0xfe, 0xf0,
  0x29, 0x09, 0x0f, 0xfe, 0xf0, 0xfe, 0xf0, 0xfe, 0xf0, 0xfe, 0xf0, 0x23,
  0xfe, 0xf0, 0x23, 0xfe, 0x01, 0xfe, 0xf0, 0x0f, 0xfe, 0x00, 0x0a, 0xfe,
  0x01, 0xfe, 0x00, 0xf0, 0xfe, 0x01, 0xfe, 0x2c, 0xfe, 0x2d, 0xfe, 0xf0,
  0x08, 0xb3, 0xfe, 0xf0, 0xfe, 0xf0, 0xfe, 0xf0, 0xc0, 0xfe, 0xf0, 0xfe,
  0xc1, 0x04, 0xfe, 0xf0, 0xfe, 0xf0, 0xfe, 0xf0, 0xfe, 0xd8, 0xfe, 0xf0,
  0xfe, 0xf0, 0xfe, 0xf0, 0xfe, 0xf0, 0xfe, 0xf0, 0xfe, 0xd8, 0xfe, 0xf0,
  0xfe, 0xf0, 0xfe, 0xf0, 0xfe, 0xf0, 0xfe, 0xf0, 0xfe, 0xf0, 0xfe, 0xf0,
  0xfe, 0xd8, 0xfe, 0xf0, 0xfe, 0xd8, 0xfe, 0xf0, 0xfe, 0xf0, 0xfe, 0xf0,
  0xfe, 0x1d, 0xfe, 0xb1, 0x04, 0xfe, 0xb2, 0x2e, 0x09, 0x0a, 0xfe, 0x01,
  0xfe, 0x00, 0x19, 0x31, 0x0b, 0xfe, 0x01, 0xfe, 0x00, 0x0e, 0x20, 0x0c,
  0x0b, 0xfe, 0x01, 0xfe, 0x00, 0x0e, 0xf0, 0xfe, 0x15, 0xf0, 0xfe, 0x16,
  0xf0, 0xfe, 0x1c, 0xf0, 0xfe, 0xf0, 0xfe, 0x00, 0x14, 0xfe, 0xf0, 0xfe,
  0x00, 0xe2, 0xfe, 0x00, 0xb6, 0xfe, 0xf0, 0x11, 0xfe, 0xf0, 0x11, 0xfe,
  0xf0, 0xfe, 0x00, 0x11, 0xfe, 0xf0, 0xfe, 0x00, 0x11, 0xfe, 0x01, 0xfe,
  0xbb, 0xfe, 0x05, 0x11, 0xfe, 0x01, 0xfe, 0xf0, 0x11, 0xfe, 0x1f, 0xfe,
  0xbe, 0xfe, 0xf0, 0xfe, 0x24, 0xfe, 0x1d, 0xfe, 0x05, 0x14, 0xfe, 0x01,
  0xfe, 0x00, 0x1a, 0xfe, 0x26, 0xfe, 0x00, 0xf0, 0xfe, 0xf0, 0xfe, 0x1d,
  0xfe, 0x05, 0xf0, 0xfe, 0xf0, 0xfe, 0xbb, 0xfe, 0xf0, 0xfe, 0x1e, 0xe3,
  0xfe, 0x00, 0xf0, 0xfe, 0x00, 0xf0, 0xf0, 0x37, 0x25, 0x02, 0x0b, 0x0c,
  0x0d, 0x0e, 0x0f, 0x1e, 0x1f, 0x32, 0x33, 0x34, 0x35, 0x36, 0x37, 0x38,
  0x39, 0x3a, 0x3b, 0x20, 0x21, 0x22, 0x10, 0x3c, 0x3d, 0x3e, 0x3f, 0x23,
  0x4b, 0x73, 0x50, 0x51, 0x00, 0x40, 0x01, 0x41, 0x02, 0x53, 0x1c, 0x8a,
  0x14, 0x03, 0x42, 0x43, 0x44, 0x04, 0x05, 0x45, 0x46, 0x06, 0x07, 0x08,
  0x09, 0x0a, 0x47, 0x48, 0x49, 0x4a, 0x1c, 0x74, 0x75, 0x76, 0x77, 0x78,
  0x79, 0x4d, 0x54, 0x4b, 0x8b, 0x50, 0x51, 0x00, 0x55, 0x01, 0x56, 0x57,
  0x58, 0x59, 0x5a, 0x5b, 0x5c, 0x02, 0x14, 0x03, 0x15, 0x16, 0x17, 0x18,
  0x5d, 0x5e, 0x15, 0x16, 0x17, 0x18, 0x04, 0x05, 0x06, 0x07, 0x08, 0x09,
  0x0a, 0x5f, 0x60, 0x61, 0x62, 0x63, 0x19, 0x1a, 0x19, 0x64, 0x65, 0x66,
  0x67, 0x68, 0x1a, 0x1b, 0x69, 0x6a, 0x6b, 0x1b, 0x6c, 0x11, 0x12, 0x13,
  0x52, 0x8c, 0x4e, 0x24, 0x25, 0x26, 0x27, 0x28, 0x29, 0x2a, 0x2b, 0x2c,
  0x2d, 0x2e, 0x2f, 0x30, 0x31, 0x02, 0xc6, 0x60, 0xbf, 0x8a, 0xc6, 0x60,
  0xa2, 0x97, 0xa7, 0x57, 0xfc, 0x65, 0xa7, 0x57, 0xa2, 0x97, 0xa2, 0x97,
  0xfc, 0x65, 0xf3, 0x57, 0x8d, 0x6b, 0xb9, 0x3d, 0xb9, 0x3d, 0xc6, 0x60,
  0xa7, 0x57, 0xf3, 0x57, 0xfc, 0x65, 0x8d, 0x6b, 0xb9, 0x3d, 0xb9, 0x3d,
  0xa3, 0x66, 0xa7, 0x57, 0xa3, 0x66, 0xb9, 0x3d, 0xf3, 0x57, 0xa3, 0x66,
  0x8d, 0x6b, 0xfc, 0x65, 0xa3, 0x66, 0xa3, 0x66, 0xb9, 0x3d, 0xf3, 0x57,
  0xa7, 0x57, 0x8d, 0x6b, 0xfc, 0x65, 0xbf, 0x8a, 0xfc, 0x65, 0xbf, 0x8a,
  0xd5, 0x85, 0xc6, 0x60, 0xd0, 0x87, 0xd5, 0x85, 0xe3, 0x87, 0xcb, 0x6c,
  0xd2, 0x75, 0xd3, 0x75, 0xd4, 0x75, 0xe3, 0x87, 0xcb, 0x6c, 0xbf, 0x8a,
  0xcb, 0x6c, 0xbf, 0x8a, 0xcb, 0x6c, 0xbf, 0x8a, 0xcb, 0x6c, 0xd2, 0x75,
  0xbf, 0x8a, 0xd2, 0x75, 0xbf, 0x8a, 0xd2, 0x75, 0xbf, 0x8a, 0xd2, 0x75,
  0xd3, 0x75, 0xbf, 0x8a, 0xd3, 0x75, 0xbf, 0x8a, 0xd3, 0x75, 0xbf, 0x8a,
  0xd3, 0x75, 0xd4, 0x75, 0xbf, 0x8a, 0xd4, 0x75, 0xbf, 0x8a, 0xd4, 0x75,
  0xbf, 0x8a, 0xd4, 0x75, 0xcc, 0x6c, 0xd5, 0x75, 0xd6, 0x75, 0xe9, 0x38,
  0xaa, 0xab, 0xe9, 0x38, 0x88, 0x4d, 0x88, 0x4d, 0xcc, 0x6c, 0xbf, 0x8a,
  0xcc, 0x6c, 0xbf, 0x8a, 0xcc, 0x6c, 0xbf, 0x8a, 0xcc, 0x6c, 0xd5, 0x75,
  0xbf, 0x8a, 0xd5, 0x75, 0xbf, 0x8a, 0xd5, 0x75, 0xbf, 0x8a, 0xd5, 0x75,
  0xd6, 0x75, 0xbf, 0x8a, 0xd6, 0x75, 0xbf, 0x8a, 0xd6, 0x75, 0xbf, 0x8a,
  0xd6, 0x75, 0xf6, 0x6a, 0xe9, 0x38, 0xf6, 0x6a, 0xaa, 0xab, 0xc1, 0xc2,
  0xf6, 0x6a, 0xf6, 0x6a, 0xd7, 0x75, 0xc1, 0xc2, 0x88, 0x4d, 0xd7, 0x75,
  0xbf, 0x8a, 0xd7, 0x75, 0xbf, 0x8a, 0xd7, 0x75, 0xbf, 0x8a, 0xd7, 0x75,
  0xc1, 0xc2, 0xf6, 0x6a, 0xe3, 0x87, 0x88, 0x4d, 0xdf, 0xab, 0xdf, 0xab,
  0xe3, 0x87, 0xdf, 0xab, 0xe3, 0x87, 0xdf, 0xab, 0xe3, 0x87, 0xd0, 0x87,
  0xdf, 0xab, 0xd0, 0x87, 0xbf, 0x8a, 0x9f, 0x8d, 0xc6, 0x60, 0xd0, 0x87,
  0xc6, 0x60, 0xd0, 0x87, 0xc6, 0x60, 0xd0, 0x87, 0xc6, 0x60, 0x84, 0x91,
  0xac, 0x55, 0xc6, 0x60, 0xa3, 0x97, 0xa8, 0x57, 0xfd, 0x65, 0xa8, 0x57,
  0xa3, 0x97, 0xa3, 0x97, 0xfd, 0x65, 0x84, 0x91, 0xf4, 0x57, 0x8e, 0x6b,
  0xba, 0x3d, 0xba, 0x3d, 0xc6, 0x60, 0xa8, 0x57, 0xf4, 0x57, 0xfd, 0x65,
  0x8e, 0x6b, 0xba, 0x3d, 0xba, 0x3d, 0xa4, 0x66, 0xa8, 0x57, 0xa4, 0x66,
  0xba, 0x3d, 0x85, 0x3d, 0xa4, 0x66, 0xa4, 0x66, 0xf4, 0x57, 0xa4, 0x66,
  0x8e, 0x6b, 0xfd, 0x65, 0x85, 0x3d, 0x85, 0x3d, 0x85, 0x3d, 0x85, 0x3d,
  0x84, 0x91, 0xba, 0x3d, 0xf4, 0x57, 0xa8, 0x57, 0x8e, 0x6b, 0xfd, 0x65,
  0xac, 0x55, 0xfd, 0x65, 0xac, 0x55, 0x84, 0x91, 0xdf, 0xc3, 0xd5, 0x85,
  0xac, 0x52, 0x88, 0x38, 0xac, 0x55, 0xac, 0x55, 0xac, 0x55, 0xac, 0x52,
  0x88, 0x38, 0xac, 0x55, 0x81, 0x90, 0xac, 0x55, 0xac, 0x55, 0xac, 0x55,
  0xea, 0x38, 0xab, 0xab, 0xea, 0x38, 0x89, 0x4d, 0x89, 0x4d, 0x81, 0x90,
  0xf7, 0x6a, 0xea, 0x38, 0xf7, 0x6a, 0xab, 0xab, 0xc2, 0xc2, 0xf7, 0x6a,
  0xf7, 0x6a, 0xc2, 0x3d, 0xc2, 0xc2, 0x89, 0x4d, 0xc2, 0x3d, 0xc2, 0x3d,
  0xc2, 0x3d, 0xc2, 0x3d, 0xc2, 0x3d, 0xc2, 0x3d, 0xc2, 0x3d, 0xc2, 0x3d,
  0xc2, 0x3d, 0xc2, 0x3d, 0xc2, 0x3d, 0xc2, 0x3d, 0xc2, 0x3d, 0xc2, 0x3d,
  0xc2, 0x3d, 0xc2, 0x3d, 0xc2, 0x3d, 0xc2, 0x3d, 0xc2, 0x3d, 0xc2, 0x3d,
  0xc2, 0x3d, 0xc2, 0x3d, 0xac, 0x55, 0xc2, 0xc2, 0xf7, 0x6a, 0xac, 0x52,
  0x89, 0x4d, 0xdf, 0xc3, 0xac, 0x52, 0xdf, 0xc3, 0xac, 0x55, 0x9f, 0x8d,
  0x9f, 0x8d, 0x9f, 0x8d, 0xc6, 0x60, 0xdf, 0xc3, 0x96, 0x32, 0x9f, 0x8d,
  0x96, 0x32, 0xbb, 0x57, 0xc6, 0x6e, 0xa5, 0x92, 0xc6, 0x6e, 0xd6, 0x4a,
  0xc6, 0x6e, 0x8f, 0xb3, 0xa5, 0x92, 0xbb, 0x57, 0x92, 0xb8, 0x96, 0x32,
  0xeb, 0xa0, 0x96, 0x32, 0xd6, 0x4a, 0xd6, 0x4a, 0x8f, 0xb3, 0x92, 0xb8,
  0x8a, 0x6c, 0x96, 0x32, 0x8a, 0x6c, 0xeb, 0xa0, 0xeb, 0xa0, 0x8f, 0xb3,
  0x92, 0xb8, 0xeb, 0xa0, 0xa5, 0x92, 0xbb, 0x57, 0x92, 0xb8, 0x8a, 0x6c,
  0xc6, 0x60, 0x0e, 0x70, 0x00, 0x00, 0x7f, 0x03, 0x00, 0x00, 0x75, 0x00,
  0x00, 0x00, 0x7f, 0x03, 0x00, 0x00, 0x07, 0x02, 0x00, 0x00, 0xb4, 0x02,
  0x32, 0x33, 0x02, 0x34, 0x02, 0xf0, 0xf0, 0xf0, 0x07, 0xf0, 0xf0, 0x25,
  0x02, 0x3a, 0x07, 0x3b, 0x3c, 0x3d, 0x3e, 0x3f, 0x40, 0x41, 0x06, 0x02,
  0x42, 0x43, 0x22, 0x44, 0x02, 0x45, 0x07, 0x46, 0x06, 0x02, 0x47, 0x07,
  0x48, 0x49, 0x4a, 0x4b, 0x4c, 0x4d, 0x4e, 0x4f, 0x50, 0x51, 0x52, 0x53,
  0x54, 0x55, 0x56, 0x57, 0x58, 0x59, 0x5a, 0x5b, 0x5c, 0x5d, 0x5e, 0x5f,
  0x60, 0x61, 0x62, 0x63, 0x64, 0x65, 0x66, 0x67, 0x68, 0x69, 0x6a, 0x6b,
  0x6c, 0x6d, 0x6e, 0x6f, 0x70, 0x71, 0x72, 0x73, 0x74, 0x75, 0x76, 0x77,
  0x78, 0x79, 0x7a, 0x7b, 0x7c, 0x7d, 0x7e, 0x7f, 0x80, 0x81, 0x82, 0x83,
  0x84, 0x85, 0x86, 0x87, 0x88, 0x89, 0x8a, 0x8b, 0x8c, 0x8d, 0x8e, 0x8f,
  0x90, 0x91, 0x92, 0x93, 0x94, 0x95, 0x96, 0x97, 0x98, 0x99, 0x9a, 0x9b,
  0x9c, 0x9d, 0x9e, 0x9f, 0xa0, 0xa1, 0x06, 0x02, 0xf0, 0x07, 0xf0, 0xf0,
  0xf0, 0x06, 0x02, 0xf0, 0x07, 0xf0, 0x06, 0x02, 0xf0, 0x07, 0xf0, 0x06,
  0x02, 0xf0, 0x07, 0xf0, 0x06, 0x02, 0xc2, 0x07, 0xc3, 0xc4, 0xc5, 0xc6,
  0xc7, 0xc8, 0xc9, 0xca, 0xcb, 0xcc, 0x06, 0x02, 0xcd, 0x07, 0xce, 0x06,
  0x02, 0xb9, 0xfe, 0x21, 0x02, 0xa2, 0xb7, 0xa3, 0xa4, 0xb8, 0x06, 0x02,
  0xa5, 0xa6, 0xa7, 0xa8, 0xa9, 0xaa, 0xab, 0xd9, 0xda, 0xdb, 0xdc, 0xdd,
  0xde, 0x06, 0x02, 0x35, 0x07, 0xaf, 0xb0, 0xac, 0xad, 0xcf, 0xdf, 0x06,
  0x02, 0x38, 0x07, 0xe0, 0xf0, 0xf0, 0xf0, 0x06, 0x02, 0xf0, 0x07, 0xae,
  0xf0, 0x36, 0xe1, 0x14, 0xfe, 0x00, 0xf0, 0x0c, 0x2a, 0xfe, 0xea, 0xd6,
  0xfe, 0x00, 0x2f, 0xfe, 0x00, 0x0b, 0xfe, 0xeb, 0xfe, 0xec, 0xfe, 0xed,
  0x0b, 0xfe, 0xe4, 0xd6, 0xfe, 0x00, 0x2f, 0xfe, 0x00, 0xbc, 0xfe, 0xbd,
  0xfe, 0xf0, 0xfe, 0x01, 0xfe, 0x03, 0xfe, 0x01, 0xfe, 0x03, 0xfe, 0x39,
  0x0d, 0xee, 0xfe, 0xef, 0x08, 0xf0, 0xfe, 0x01, 0xfe, 0x00, 0x04, 0xfe,
  0x28, 0xfe, 0x00, 0x04, 0xfe, 0x01, 0xfe, 0x00, 0x04, 0xfe, 0x01, 0xfe,
  0xf0, 0xfe, 0xf0, 0xfe, 0xf0, 0xfe, 0xf0, 0x09, 0x18, 0x08, 0x04, 0xfe,
  0x01, 0xfe, 0x00, 0x04, 0xfe, 0x01, 0xfe, 0x00, 0x09, 0x10, 0x0b, 0xfe,
  0x01, 0xfe, 0x00, 0x0e, 0x20, 0x0c, 0x0b, 0xfe, 0xe4, 0x0e, 0xf0, 0xfe,
  0xf0, 0x14, 0xfe, 0x00, 0xf0, 0xfe, 0x12, 0x0c, 0x17, 0xfe, 0x00, 0x30,
  0x0d, 0xf0, 0x08, 0xd5, 0xfe, 0xe5, 0xd5, 0xfe, 0xe6, 0xd5, 0xfe, 0xe7,
  0xd5, 0xfe, 0xf0, 0x04, 0xfe, 0xb5, 0xfe, 0xd0, 0xfe, 0xd1, 0xfe, 0xd2,
  0xfe, 0xd3, 0xfe, 0xd4, 0xfe, 0x1b, 0xfe, 0xe8, 0xfe, 0xd0, 0xfe, 0xd1,
  0xfe, 0xd2, 0xfe, 0xd3, 0xfe, 0xd4, 0xfe, 0x1b, 0xfe, 0xe9, 0xfe, 0xd0,
  0xfe, 0xd1, 0xfe, 0xd2, 0xfe, 0xd3, 0xfe, 0xd4, 0xfe, 0x1b, 0xfe, 0xf0,
  0xfe, 0xd0, 0xfe, 0xd1, 0xfe, 0xd2, 0xfe, 0xd3, 0xfe, 0xd4, 0xfe, 0x1b,
  0xfe, 0xf0, 0x29, 0x09, 0xd7, 0xfe, 0xe5, 0xd7, 0xfe, 0xe6, 0xd7, 0xfe,
  0xe7, 0x23, 0xfe, 0xf0, 0x23, 0xfe, 0x01, 0xfe, 0xf0, 0x0f, 0xfe, 0x00,
  0x0a, 0xfe, 0xf0, 0xfe, 0xd0, 0xfe, 0xd1, 0xfe, 0xd2, 0xfe, 0xd3, 0xfe,
  0xd4, 0xfe, 0x1b, 0xfe, 0xe8, 0xfe, 0xd0, 0xfe, 0xd1, 0xfe, 0xd2, 0xfe,
  0xd3, 0xfe, 0xd4, 0xfe, 0x1b, 0xfe, 0xe9, 0xfe, 0xd0, 0xfe, 0xd1, 0xfe,
  0xd2, 0xfe, 0xd3, 0xfe, 0xd4, 0xfe, 0x1b, 0xfe, 0xf0, 0xf0, 0xfe, 0x01,
  0xfe, 0x2c, 0xfe, 0x2d, 0xfe, 0xf0, 0x08, 0xb3, 0xfe, 0xf0, 0xfe, 0xf0,
  0xfe, 0xf0, 0xd5, 0xfe, 0xf0, 0xfe, 0xf0, 0x04, 0xfe, 0xf0, 0xfe, 0xd0,
  0xfe, 0xd1, 0xfe, 0xd2, 0xfe, 0xd3, 0xfe, 0xd4, 0xfe, 0x1b, 0xfe, 0xf0,
  0xfe, 0xb1, 0x04, 0xfe, 0xb2, 0x2e, 0x09, 0x0a, 0xfe, 0x01, 0xfe, 0x00,
  0x19, 0x31, 0x2f, 0xfe, 0x00, 0x0b, 0xfe, 0x26, 0xfe, 0x15, 0x0b, 0xfe,
  0x2b, 0xfe, 0x16, 0x0b, 0xfe, 0x28, 0xfe, 0x1c, 0x0b, 0xfe, 0x01, 0xfe,
  0x00, 0x0e, 0x20, 0x0c, 0x0b, 0xfe, 0x01, 0xfe, 0x00, 0x0e, 0x14, 0xfe,
  0xf0, 0xfe, 0xf0, 0xfe, 0xf0, 0xfe, 0xf0, 0x13, 0xfe, 0xf0, 0x13, 0xfe,
  0x00, 0xf0, 0x0c, 0x2a, 0xfe, 0xea, 0xd6, 0xfe, 0x00, 0x17, 0xfe, 0x00,
  0x0b, 0xfe, 0xeb, 0xfe, 0xec, 0xfe, 0xed, 0x0b, 0xfe, 0x01, 0xfe, 0x00,
  0xd6, 0xfe, 0x00, 0x17, 0xfe, 0x00, 0xbc, 0xfe, 0xbd, 0xfe, 0xf0, 0xfe,
  0x01, 0xfe, 0x03, 0xfe, 0x01, 0xfe, 0x03, 0xfe, 0x39, 0x0d, 0xee, 0xfe,
  0xef, 0x08, 0xf0, 0xfe, 0x01, 0xfe, 0x00, 0x04, 0xfe, 0x28, 0xfe, 0x00,
  0xb3, 0xfe, 0xf0, 0xfe, 0xf0, 0xfe, 0xf0, 0x04, 0xfe, 0x01, 0xfe, 0x00,
  0x04, 0xfe, 0x01, 0xfe, 0xf0, 0xfe, 0xf0, 0xfe, 0xf0, 0xfe, 0xf0, 0xfe,
  0xf0, 0xfe, 0xf0, 0xfe, 0xf0, 0x09, 0x18, 0x08, 0x04, 0xfe, 0x01, 0xfe,
  0x00, 0x04, 0xfe, 0x01, 0xfe, 0x00, 0x09, 0x10, 0x0b, 0xfe, 0x27, 0xfe,
  0x05, 0x0e, 0x20, 0x0c, 0x0b, 0xfe, 0x01, 0xfe, 0x00, 0x0e, 0x13, 0xfe,
  0x00, 0xf0, 0xfe, 0x12, 0x0c, 0x17, 0xfe, 0x00, 0x30, 0x0d, 0xf0, 0x08,
  0xba, 0xfe, 0xf0, 0xfe, 0xf0, 0xfe, 0xf0, 0xfe, 0xf0, 0x04, 0xfe, 0x01,
  0xfe, 0xf0, 0xfe, 0xf0, 0x29, 0x09, 0x0f, 0xfe, 0xf0, 0xfe, 0xf0, 0xfe,
  0xf0, 0xfe, 0xf0, 0x23, 0xfe, 0xf0, 0x23, 0xfe, 0x01, 0xfe, 0xf0, 0x0f,
  0xfe, 0x00, 0x0a, 0xfe, 0x01, 0xfe, 0x00, 0xf0, 0xfe, 0x01, 0xfe, 0x2c,
  0xfe, 0x2d, 0xfe, 0xf0, 0x08, 0xb3, 0xfe, 0xf0, 0xfe, 0xf0, 0xfe, 0xf0,
  0xc0, 0xfe, 0xf0, 0xfe, 0xc1, 0x04, 0xfe, 0xf0, 0xfe, 0xf0, 0xfe, 0xf0,
  0xfe, 0xd8, 0xfe, 0xf0, 0xfe, 0xf0, 0xfe, 0xf0, 0xfe, 0xf0, 0xfe, 0xf0,
  0xfe, 0xd8, 0xfe, 0xf0, 0xfe, 0xf0, 0xfe, 0xf0, 0xfe, 0xf0, 0xfe, 0xf0,
  0xfe, 0xf0, 0xfe, 0xf0, 0xfe, 0xd8, 0xfe, 0xf0, 0xfe, 0xd8, 0xfe, 0xf0,
  0xfe, 0xf0, 0xfe, 0xf0, 0xfe, 0x1d, 0xfe, 0xb1, 0x04, 0xfe, 0xb2, 0x2e,
  0x09, 0x0a, 0xfe, 0x01, 0xfe, 0x00, 0x19, 0x31, 0x0b, 0xfe, 0x01, 0xfe,
  0x00, 0x0e, 0x20, 0x0c, 0x0b, 0xfe, 0x01, 0xfe, 0x00, 0x0e, 0xf0, 0xfe,
  0x15, 0xf0, 0xfe, 0x16, 0xf0, 0xfe, 0x1c, 0xf0, 0xfe, 0x00, 0xbf, 0xfe,
  0xf0, 0x13, 0xfe, 0xf0, 0xfe, 0xf0, 0xfe, 0xf0, 0xf0, 0xfe, 0xf0, 0xfe,
  0xf0, 0xfe, 0xf0, 0x14, 0xfe, 0xf0, 0xfe, 0x00, 0xe2, 0xfe, 0x00, 0xe3,
  0xfe, 0x00, 0x37, 0x25, 0x02, 0x0b, 0x0c, 0x0d, 0x0e, 0x0f, 0x32, 0x33,
  0x34, 0x35, 0x36, 0x37, 0x38, 0x39, 0x3a, 0x3b, 0x10, 0x3c, 0x3d, 0x3e,
  0x3f, 0x70, 0x4f, 0x00, 0x40, 0x01, 0x41, 0x02, 0x53, 0x87, 0x14, 0x03,
  0x42, 0x43, 0x44, 0x04, 0x05, 0x45, 0x46, 0x06, 0x07, 0x08, 0x09, 0x0a,
  0x47, 0x48, 0x49, 0x4a, 0x7b, 0x71, 0x72, 0x7c, 0x54, 0x88, 0x4f, 0x00,
  0x55, 0x01, 0x56, 0x57, 0x58, 0x59, 0x5a, 0x5b, 0x5c, 0x02, 0x14, 0x03,
  0x15, 0x16, 0x17, 0x18, 0x5d, 0x5e, 0x15, 0x16, 0x17, 0x18, 0x04, 0x05,
  0x06, 0x07, 0x08, 0x09, 0x0a, 0x5f, 0x60, 0x61, 0x62, 0x63, 0x19, 0x1a,
  0x19, 0x64, 0x65, 0x66, 0x67, 0x68, 0x1a, 0x1b, 0x69, 0x6a, 0x6b, 0x1b,
  0x6c, 0x11, 0x12, 0x13, 0x89, 0x7f, 0x80, 0x81, 0x82, 0x83, 0x84, 0x85,
  0x86, 0x4c, 0x02, 0xbf, 0x8a, 0xa2, 0x97, 0xa7, 0x57, 0xfc, 0x65, 0xa7,
  0x57, 0xa2, 0x97, 0xa2, 0x97, 0xfc, 0x65, 0xf3, 0x57, 0x8d, 0x6b, 0xb9,
  0x3d, 0xb9, 0x3d, 0xa7, 0x57, 0xf3, 0x57, 0xfc, 0x65, 0x8d, 0x6b, 0xb9,
  0x3d, 0xb9, 0x3d, 0xa3, 0x66, 0xa7, 0x57, 0xa3, 0x66, 0xb9, 0x3d, 0xf3,
  0x57, 0xa3, 0x66, 0x8d, 0x6b, 0xfc, 0x65, 0xa3, 0x66, 0xa3, 0x66, 0xb9,
  0x3d, 0xf3, 0x57, 0xa7, 0x57, 0x8d, 0x6b, 0xfc, 0x65, 0xbf, 0x8a, 0xfc,
  0x65, 0xbf, 0x8a, 0xd5, 0x85, 0xd0, 0x87, 0xd5, 0x85, 0xe3, 0x87, 0xcb,
  0x6c, 0xd2, 0x75, 0xd3, 0x75, 0xd4, 0x75, 0xe3, 0x87, 0xcb, 0x6c, 0xbf,
  0x8a, 0xcb, 0x6c, 0xbf, 0x8a, 0xcb, 0x6c, 0xbf, 0x8a, 0xcb, 0x6c, 0xd2,
  0x75, 0xbf, 0x8a, 0xd2, 0x75, 0xbf, 0x8a, 0xd2, 0x75, 0xbf, 0x8a, 0xd2,
  0x75, 0xd3, 0x75, 0xbf, 0x8a, 0xd3, 0x75, 0xbf, 0x8a, 0xd3, 0x75, 0xbf,
  0x8a, 0xd3, 0x75, 0xd4, 0x75, 0xbf, 0x8a, 0xd4, 0x75, 0xbf, 0x8a, 0xd4,
  0x75, 0xbf, 0x8a, 0xd4, 0x75, 0xcc, 0x6c, 0xd5, 0x75, 0xd6, 0x75, 0xe9,
  0x38, 0xaa, 0xab, 0xe9, 0x38, 0x88, 0x4d, 0x88, 0x4d, 0xcc, 0x6c, 0xbf,
  0x8a, 0xcc, 0x6c, 0xbf, 0x8a, 0xcc, 0x6c, 0xbf, 0x8a, 0xcc, 0x6c, 0xd5,
  0x75, 0xbf, 0x8a, 0xd5, 0x75, 0xbf, 0x8a, 0xd5, 0x75, 0xbf, 0x8a, 0xd5,
  0x75, 0xd6, 0x75, 0xbf, 0x8a, 0xd6, 0x75, 0xbf, 0x8a, 0xd6, 0x75, 0xbf,
  0x8a, 0xd6, 0x75, 0xf6, 0x6a, 0xe9, 0x38, 0xf6, 0x6a, 0xaa, 0xab, 0xc1,
  0xc2, 0xf6, 0x6a, 0xf6, 0x6a, 0xd7, 0x75, 0xc1, 0xc2, 0x88, 0x4d, 0xd7,
  0x75, 0xbf, 0x8a, 0xd7, 0x75, 0xbf, 0x8a, 0xd7, 0x75, 0xbf, 0x8a, 0xd7,
  0x75, 0xc1, 0xc2, 0xf6, 0x6a, 0xe3, 0x87, 0x88, 0x4d, 0xdf, 0xab, 0xdf,
  0xab, 0xe3, 0x87, 0xdf, 0xab, 0xe3, 0x87, 0xdf, 0xab, 0xe3, 0x87, 0xd0,
  0x87, 0xdf, 0xab, 0xd0, 0x87, 0xbf, 0x8a, 0x9f, 0x8d, 0xd0, 0x87, 0xd0,
  0x87, 0xd0, 0x87, 0x84, 0x91, 0xac, 0x55, 0xa3, 0x97, 0xa8, 0x57, 0xfd,
  0x65, 0xa8, 0x57, 0xa3, 0x97, 0xa3, 0x97, 0xfd, 0x65, 0x84, 0x91, 0xf4,
  0x57, 0x8e, 0x6b, 0xba, 0x3d, 0xba, 0x3d, 0xa8, 0x57, 0xf4, 0x57, 0xfd,
  0x65, 0x8e, 0x6b, 0xba, 0x3d, 0xba, 0x3d, 0xa4, 0x66, 0xa8, 0x57, 0xa4,
  0x66, 0xba, 0x3d, 0x85, 0x3d, 0xa4, 0x66, 0xa4, 0x66, 0xf4, 0x57, 0xa4,
  0x66, 0x8e, 0x6b, 0xfd, 0x65, 0x85, 0x3d, 0x85, 0x3d, 0x85, 0x3d, 0x85,
  0x3d, 0x84, 0x91, 0xba, 0x3d, 0xf4, 0x57, 0xa8, 0x57, 0x8e, 0x6b, 0xfd,
  0x65, 0xac, 0x55, 0xfd, 0x65, 0xac, 0x55, 0x84, 0x91, 0xdf, 0xc3, 0xd5,
  0x85, 0xac, 0x52, 0x88, 0x38, 0xac, 0x55, 0xac, 0x55, 0xac, 0x55, 0xac,
  0x52, 0x88, 0x38, 0xac, 0x55, 0x81, 0x90, 0xac, 0x55, 0xac, 0x55, 0xac,
  0x55, 0xea, 0x38, 0xab, 0xab, 0xea, 0x38, 0x89, 0x4d, 0x89, 0x4d, 0x81,
  0x90, 0xf7, 0x6a, 0xea, 0x38, 0xf7, 0x6a, 0xab, 0xab, 0xc2, 0xc2, 0xf7,
  0x6a, 0xf7, 0x6a, 0xc2, 0x3d, 0xc2, 0xc2, 0x89, 0x4d, 0xc2, 0x3d, 0xc2,
  0x3d, 0xc2, 0x3d, 0xc2, 0x3d, 0xc2, 0x3d, 0xc2, 0x3d, 0xc2, 0x3d, 0xc2,
  0x3d, 0xc2, 0x3d, 0xc2, 0x3d, 0xc2, 0x3d, 0xc2, 0x3d, 0xc2, 0x3d, 0xc2,
  0x3d, 0xc2, 0x3d, 0xc2, 0x3d, 0xc2, 0x3d, 0xc2, 0x3d, 0xc2, 0x3d, 0xc2,
  0x3d, 0xc2, 0x3d, 0xc2, 0x3d, 0xac, 0x55, 0xc2, 0xc2, 0xf7, 0x6a, 0xac,
  0x52, 0x89, 0x4d, 0xdf, 0xc3, 0xac, 0x52, 0xdf, 0xc3, 0xac, 0x55, 0x9f,
  0x8d, 0x9f, 0x8d, 0x9f, 0x8d, 0xdf, 0xc3, 0xbc, 0x7c, 0xd1, 0x5f, 0xbc,
  0x7c, 0xbc, 0x7c, 0xd1, 0x5f, 0xd1, 0x5f, 0xd1, 0x5f, 0xe2, 0x32, 0x9f,
  0x8d, 0xe2, 0x32, 0xe2, 0x32, 0x03, 0x74, 0x00, 0x00, 0xe4, 0x03, 0x00,
  0x00, 0x93, 0x00, 0x00, 0x00, 0xe4, 0x03, 0x00, 0x00, 0x57, 0x02, 0x00,
  0x00, 0xb4, 0x02, 0x32, 0x33, 0x02, 0x34, 0x02, 0xf0, 0xf0, 0xf0, 0x07,
  0xf0, 0xf0, 0x25, 0x02, 0x3a, 0x07, 0x3b, 0x3c, 0x3d, 0x3e, 0x3f, 0x40,
  0x41, 0x06, 0x02, 0x42, 0x43, 0x22, 0x44, 0x02, 0x45, 0x07, 0x46, 0x06,
  0x02, 0xf0, 0xf0, 0x02, 0x47, 0x07, 0x48, 0x49, 0x4a, 0x4b, 0x4c, 0x4d,
  0x4e, 0x4f, 0x50, 0x51, 0x52, 0x53, 0x54, 0x55, 0x56, 0x57, 0x58, 0x59,
  0x5a, 0x5b, 0x5c, 0x5d, 0x5e, 0x5f, 0x60, 0x61, 0x62, 0x63, 0x64, 0x65,
  0x66, 0x67, 0x68, 0x69, 0x6a, 0x6b, 0x6c, 0x6d, 0x6e, 0x6f, 0x70, 0x71,
  0x72, 0x73, 0x74, 0x75, 0x76, 0x77, 0x78, 0x79, 0x7a, 0x7b, 0x7c, 0x7d,
  0x7e, 0x7f, 0x80, 0x81, 0x82, 0x83, 0x84, 0x85, 0x86, 0x87, 0x88, 0x89,
  0x8a, 0x8b, 0x8c, 0x8d, 0x8e, 0x8f, 0x90, 0x91, 0x92, 0x93, 0x94, 0x95,
  0x96, 0x97, 0x98, 0x99, 0x9a, 0x9b, 0x9c, 0x9d, 0x9e, 0x9f, 0xa0, 0xa1,
  0x06, 0x02, 0xf0, 0x07, 0xf0, 0xf0, 0xf0, 0x06, 0x02, 0xf0, 0x07, 0xf0,
  0x06, 0x02, 0xf0, 0x07, 0xf0, 0x06, 0x02, 0xf0, 0x07, 0xf0, 0x06, 0x02,
  0xc2, 0x07, 0xc3, 0xc4, 0xc5, 0xc6, 0xc7, 0xc8, 0xc9, 0xca, 0xcb, 0xcc,
  0x06, 0x02, 0xcd, 0x07, 0xce, 0x06, 0x02, 0xb9, 0xfe, 0x21, 0x02, 0xa2,
  0xb7, 0xa3, 0xa4, 0xb8, 0x06, 0x02, 0xa5, 0xa6, 0xa7, 0xa8, 0xa9, 0xaa,
  0xab, 0xd9, 0xda, 0xdb, 0xdc, 0xdd, 0xde, 0x06, 0x02, 0x35, 0x07, 0xaf,
  0xb0, 0xac, 0xad, 0xcf, 0xdf, 0xf0, 0xf0, 0xf0, 0x06, 0x02, 0x38, 0x07,
  0xe0, 0xf0, 0xf0, 0xf0, 0x06, 0x02, 0xf0, 0x07, 0xae, 0xf0, 0x36, 0xe1,
  0xb6, 0xfe, 0xf0, 0x14, 0xfe, 0x00, 0xf0, 0xfe, 0xf0, 0x0c, 0x2a, 0xfe,
  0xea, 0xd6, 0xfe, 0x00, 0x2f, 0xfe, 0x00, 0x0b, 0xfe, 0xeb, 0xfe, 0xec,
  0xfe, 0xed, 0x0b, 0xfe, 0xe4, 0xd6, 0xfe, 0x00, 0x2f, 0xfe, 0x00, 0xbc,
  0xfe, 0xbd, 0xfe, 0xf0, 0xfe, 0xf0, 0xfe, 0x01, 0xfe, 0x03, 0xfe, 0x01,
  0xfe, 0x03, 0xfe, 0x39, 0x0d, 0xee, 0xfe, 0xef, 0x08, 0xf0, 0xfe, 0x01,
  0xfe, 0x00, 0x04, 0xfe, 0x28, 0xfe, 0x00, 0x04, 0xfe, 0x01, 0xfe, 0x00,
  0x04, 0xfe, 0x01, 0xfe, 0xf0, 0xfe, 0xf0, 0xfe, 0xf0, 0xfe, 0xf0, 0x09,
  0x18, 0x08, 0x04, 0xfe, 0x01, 0xfe, 0x00, 0x04, 0xfe, 0x01, 0xfe, 0x00,
  0x09, 0x10, 0x0b, 0xfe, 0x01, 0xfe, 0x00, 0x0e, 0x20, 0x0c, 0x0b, 0xfe,
  0xe4, 0x0e, 0xf0, 0xfe, 0xf0, 0xfe, 0xf0, 0x14, 0xfe, 0x00, 0xf0, 0xfe,
  0x12, 0x0c, 0x17, 0xfe, 0x00, 0x30, 0x0d, 0xf0, 0x08, 0xd5, 0xfe, 0xe5,
  0xd5, 0xfe, 0xe6, 0xd5, 0xfe, 0xe7, 0xd5, 0xfe, 0xf0, 0x04, 0xfe, 0xb5,
  0xfe, 0xd0, 0xfe, 0xd1, 0xfe, 0xd2, 0xfe, 0xd3, 0xfe, 0xd4, 0xfe, 0x1b,
  0xfe, 0xe8, 0xfe, 0xd0, 0xfe, 0xd1, 0xfe, 0xd2, 0xfe, 0xd3, 0xfe, 0xd4,
  0xfe, 0x1b, 0xfe, 0xe9, 0xfe, 0xd0, 0xfe, 0xd1, 0xfe, 0xd2, 0xfe, 0xd3,
  0xfe, 0xd4, 0xfe, 0x1b, 0xfe, 0xf0, 0xfe, 0xd0, 0xfe, 0xd1, 0xfe, 0xd2,
  0xfe, 0xd3, 0xfe, 0xd4, 0xfe, 0x1b, 0xfe, 0xf0, 0x29, 0x09, 0xd7, 0xfe,
  0xe5, 0xd7, 0xfe, 0xe6, 0xd7, 0xfe, 0xe7, 0x23, 0xfe, 0xf0, 0x23, 0xfe,
  0x01, 0xfe, 0xf0, 0x0f, 0xfe, 0x00, 0x0a, 0xfe, 0xf0, 0xfe, 0xd0, 0xfe,
  0xd1, 0xfe, 0xd2, 0xfe, 0xd3, 0xfe, 0xd4, 0xfe, 0x1b, 0xfe, 0xe8, 0xfe,
  0xd0, 0xfe, 0xd1, 0xfe, 0xd2, 0xfe, 0xd3, 0xfe, 0xd4, 0xfe, 0x1b, 0xfe,
  0xe9, 0xfe, 0xd0, 0xfe, 0xd1, 0xfe, 0xd2, 0xfe, 0xd3, 0xfe, 0xd4, 0xfe,
  0x1b, 0xfe, 0xf0, 0xf0, 0xfe, 0x01, 0xfe, 0x2c, 0xfe, 0x2d, 0xfe, 0xf0,
  0x08, 0xb3, 0xfe, 0xf0, 0xfe, 0xf0, 0xfe, 0xf0, 0xd5, 0xfe, 0xf0, 0xfe,
  0xf0, 0x04, 0xfe, 0xf0, 0xfe, 0xd0, 0xfe, 0xd1, 0xfe, 0xd2, 0xfe, 0xd3,
  0xfe, 0xd4, 0xfe, 0x1b, 0xfe, 0xf0, 0xfe, 0xb1, 0x04, 0xfe, 0xb2, 0x2e,
  0x09, 0x0a, 0xfe, 0x01, 0xfe, 0x00, 0x19, 0x31, 0x2f, 0xfe, 0x00, 0x0b,
  0xfe, 0x26, 0xfe, 0x15, 0x0b, 0xfe, 0x2b, 0xfe, 0x16, 0x0b, 0xfe, 0x28,
  0xfe, 0x1c, 0x0b, 0xfe, 0x01, 0xfe, 0x00, 0x0e, 0x20, 0x0c, 0x0b, 0xfe,
  0x01, 0xfe, 0x00, 0x0e, 0x14, 0xfe, 0xf0, 0xfe, 0xf0, 0xfe, 0xf0, 0xfe,
  0xf0, 0xfe, 0xf0, 0xfe, 0xf0, 0xfe, 0xf0, 0xfe, 0xf0, 0x13, 0xfe, 0xf0,
  0x13, 0xfe, 0x00, 0xf0, 0xfe, 0xf0, 0x0c, 0x2a, 0xfe, 0xea, 0xd6, 0xfe,
  0x00, 0x17, 0xfe, 0x00, 0x0b, 0xfe, 0xeb, 0xfe, 0xec, 0xfe, 0xed, 0x0b,
  0xfe, 0x01, 0xfe, 0x00, 0xd6, 0xfe, 0x00, 0x17, 0xfe, 0x00, 0xbc, 0xfe,
  0xbd, 0xfe, 0xf0, 0xfe, 0xf0, 0xfe, 0x01, 0xfe, 0x03, 0xfe, 0x01, 0xfe,
  0x03, 0xfe, 0x39, 0x0d, 0xee, 0xfe, 0xef, 0x08, 0xf0, 0xfe, 0x01, 0xfe,
  0x00, 0x04, 0xfe, 0x28, 0xfe, 0x00, 0xb3, 0xfe, 0xf0, 0xfe, 0xf0, 0xfe,
  0xf0, 0x04, 0xfe, 0x01, 0xfe, 0x00, 0x04, 0xfe, 0x01, 0xfe, 0xf0, 0xfe,
  0xf0, 0xfe, 0xf0, 0xfe, 0xf0, 0xfe, 0xf0, 0xfe, 0xf0, 0xfe, 0xf0, 0x09,
  0x18, 0x08, 0x04, 0xfe, 0x01, 0xfe, 0x00, 0x04, 0xfe, 0x01, 0xfe, 0x00,
  0x09, 0x10, 0x0b, 0xfe, 0x27, 0xfe, 0x05, 0x0e, 0x20, 0x0c, 0x0b, 0xfe,
  0x01, 0xfe, 0x00, 0x0e, 0x13, 0xfe, 0x00, 0xf0, 0xfe, 0x12, 0x0c, 0x17,
  0xfe, 0x00, 0x30, 0x0d, 0xf0, 0x08, 0xba, 0xfe, 0xf0, 0xfe, 0xf0, 0xfe,
  0xf0, 0xfe, 0xf0, 0x04, 0xfe, 0x01, 0xfe, 0xf0, 0xfe, 0xf0, 0x29, 0x09,
  0x0f, 0xfe, 0xf0, 0xfe, 0xf0, 0xfe, 0xf0, 0xfe, 0xf0, 0x23, 0xfe, 0xf0,
  0x23, 0xfe, 0x01, 0xfe, 0xf0, 0x0f, 0xfe, 0x00, 0x0a, 0xfe, 0x01, 0xfe,
  0x00, 0xf0, 0xfe, 0x01, 0xfe, 0x2c, 0xfe, 0x2d, 0xfe, 0xf0, 0x08, 0xb3,
  0xfe, 0xf0, 0xfe, 0xf0, 0xfe, 0xf0, 0xc0, 0xfe, 0xf0, 0xfe, 0xc1, 0x04,
  0xfe, 0xf0, 0xfe, 0xf0, 0xfe, 0xf0, 0xfe, 0xd8, 0xfe, 0xf0, 0xfe, 0xf0,
  0xfe, 0xf0, 0xfe, 0xf0, 0xfe, 0xf0, 0xfe, 0xd8, 0xfe, 0xf0, 0xfe, 0xf0,
  0xfe, 0xf0, 0xfe, 0xf0, 0xfe, 0xf0, 0xfe, 0xf0, 0xfe, 0xf0, 0xfe, 0xd8,
  0xfe, 0xf0, 0xfe, 0xd8, 0xfe, 0xf0, 0xfe, 0xf0, 0xfe, 0xf0, 0xfe, 0x1d,
  0xfe, 0xb1, 0x04, 0xfe, 0xb2, 0x2e, 0x09, 0x0a, 0xfe, 0x01, 0xfe, 0x00,
  0x19, 0x31, 0x0b, 0xfe, 0x01, 0xfe, 0x00, 0x0e, 0x20, 0x0c, 0x0b, 0xfe,
  0x01, 0xfe, 0x00, 0x0e, 0xf0, 0xfe, 0x15, 0xf0, 0xfe, 0x16, 0xf0, 0xfe,
  0x1c, 0xf0, 0xfe, 0xf0, 0xfe, 0x00, 0xbf, 0xfe, 0xf0, 0x13, 0xfe, 0xf0,
  0xfe, 0xf0, 0xfe, 0xf0, 0xf0, 0xfe, 0xf0, 0xfe, 0xf0, 0xfe, 0xf0, 0x14,
  0xfe, 0xf0, 0xfe, 0x00, 0xe2, 0xfe, 0x00, 0xb6, 0xfe, 0xf0, 0x11, 0xfe,
  0xf0, 0x11, 0xfe, 0xf0, 0xfe, 0x00, 0x11, 0xfe, 0xf0, 0xfe, 0x00, 0x11,
  0xfe, 0x01, 0xfe, 0xbb, 0xfe, 0x05, 0x11, 0xfe, 0x01, 0xfe, 0xf0, 0x11,
  0xfe, 0x1f, 0xfe, 0xbe, 0xfe, 0xf0, 0xfe, 0x24, 0xfe, 0x1d, 0xfe, 0x05,
  0x14, 0xfe, 0x01, 0xfe, 0x00, 0x1a, 0xfe, 0x26, 0xfe, 0x00, 0xf0, 0xfe,
  0xf0, 0xfe, 0x1d, 0xfe, 0x05, 0xf0, 0xfe, 0xf0, 0xfe, 0xbb, 0xfe, 0xf0,
  0xfe, 0x1e, 0xe3, 0xfe, 0x00, 0xf0, 0xfe, 0x00, 0xf0, 0xf0, 0x37, 0x25,
  0x02, 0x0b, 0x0c, 0x0d, 0x0e, 0x0f, 0x1e, 0x1f, 0x32, 0x33, 0x34, 0x35,
  0x36, 0x37, 0x38, 0x39, 0x3a, 0x3b, 0x20, 0x21, 0x22, 0x10, 0x3c, 0x3d,
  0x3e, 0x3f, 0x23, 0x4b, 0x73, 0x50, 0x51, 0x00, 0x40, 0x01, 0x41, 0x02,
  0x53, 0x1c, 0x8a, 0x14, 0x03, 0x42, 0x43, 0x44, 0x04, 0x05, 0x45, 0x46,
  0x06, 0x07, 0x08, 0x09, 0x0a, 0x47, 0x48, 0x49, 0x4a, 0x1c, 0x74, 0x75,
  0x76, 0x77, 0x78, 0x79, 0x4d, 0x54, 0x4b, 0x8b, 0x50, 0x51, 0x00, 0x55,
  0x01, 0x56, 0x57, 0x58, 0x59, 0x5a, 0x5b, 0x5c, 0x02, 0x14, 0x03, 0x15,
  0x16, 0x17, 0x18, 0x5d, 0x5e, 0x15, 0x16, 0x17, 0x18, 0x04, 0x05, 0x06,
  0x07, 0x08, 0x09, 0x0a, 0x5f, 0x60, 0x61, 0x62, 0x63, 0x19, 0x1a, 0x19,
  0x64, 0x65, 0x66, 0x67, 0x68, 0x1a, 0x1b, 0x69, 0x6a, 0x6b, 0x1b, 0x6c,
  0x11, 0x12, 0x13, 0x52, 0x8c, 0x7f, 0x80, 0x81, 0x82, 0x83, 0x84, 0x85,
  0x86, 0x4e, 0x24, 0x25, 0x26, 0x27, 0x28, 0x29, 0x2a, 0x2b, 0x2c, 0x2d,
  0x2e, 0x2f, 0x30, 0x31, 0x02, 0xc6, 0x60, 0xbf, 0x8a, 0xc6, 0x60, 0xa2,
  0x97, 0xa7, 0x57, 0xfc, 0x65, 0xa7, 0x57, 0xa2, 0x97, 0xa2, 0x97, 0xfc,
  0x65, 0xf3, 0x57, 0x8d, 0x6b, 0xb9, 0x3d, 0xb9, 0x3d, 0xc6, 0x60, 0xa7,
  0x57, 0xf3, 0x57, 0xfc, 0x65, 0x8d, 0x6b, 0xb9, 0x3d, 0xb9, 0x3d, 0xa3,
  0x66, 0xa7, 0x57, 0xa3, 0x66, 0xb9, 0x3d, 0xf3, 0x57, 0xa3, 0x66, 0x8d,
  0x6b, 0xfc, 0x65, 0xa3, 0x66, 0xa3, 0x66, 0xb9, 0x3d, 0xf3, 0x57, 0xa7,
  0x57, 0x8d, 0x6b, 0xfc, 0x65, 0xbf, 0x8a, 0xfc, 0x65, 0xbf, 0x8a, 0xd5,
  0x85, 0xc6, 0x60, 0xd0, 0x87, 0xd5, 0x85, 0xe3, 0x87, 0xcb, 0x6c, 0xd2,
  0x75, 0xd3, 0x75, 0xd4, 0x75, 0xe3, 0x87, 0xcb, 0x6c, 0xbf, 0x8a, 0xcb,
  0x6c, 0xbf, 0x8a, 0xcb, 0x6c, 0xbf, 0x8a, 0xcb, 0x6c, 0xd2, 0x75, 0xbf,
  0x8a, 0xd2, 0x75, 0xbf, 0x8a, 0xd2, 0x75, 0xbf, 0x8a, 0xd2, 0x75, 0xd3,
  0x75, 0xbf, 0x8a, 0xd3, 0x75, 0xbf, 0x8a, 0xd3, 0x75, 0xbf, 0x8a, 0xd3,
  0x75, 0xd4, 0x75, 0xbf, 0x8a, 0xd4, 0x75, 0xbf, 0x8a, 0xd4, 0x75, 0xbf,
  0x8a, 0xd4, 0x75, 0xcc, 0x6c, 0xd5, 0x75, 0xd6, 0x75, 0xe9, 0x38, 0xaa,
  0xab, 0xe9, 0x38, 0x88, 0x4d, 0x88, 0x4d, 0xcc, 0x6c, 0xbf, 0x8a, 0xcc,
  0x6c, 0xbf, 0x8a, 0xcc, 0x6c, 0xbf, 0x8a, 0xcc, 0x6c, 0xd5, 0x75, 0xbf,
  0x8a, 0xd5, 0x75, 0xbf, 0x8a, 0xd5, 0x75, 0xbf, 0x8a, 0xd5, 0x75, 0xd6,
  0x75, 0xbf, 0x8a, 0xd6, 0x75, 0xbf, 0x8a, 0xd6, 0x75, 0xbf, 0x8a, 0xd6,
  0x75, 0xf6, 0x6a, 0xe9, 0x38, 0xf6, 0x6a, 0xaa, 0xab, 0xc1, 0xc2, 0xf6,
  0x6a, 0xf6, 0x6a, 0xd7, 0x75, 0xc1, 0xc2, 0x88, 0x4d, 0xd7, 0x75, 0xbf,
  0x8a, 0xd7, 0x75, 0xbf, 0x8a, 0xd7, 0x75, 0xbf, 0x8a, 0xd7, 0x75, 0xc1,
  0xc2, 0xf6, 0x6a, 0xe3, 0x87, 0x88, 0x4d, 0xdf, 0xab, 0xdf, 0xab, 0xe3,
  0x87, 0xdf, 0xab, 0xe3, 0x87, 0xdf, 0xab, 0xe3, 0x87, 0xd0, 0x87, 0xdf,
  0xab, 0xd0, 0x87, 0xbf, 0x8a, 0x9f, 0x8d, 0xc6, 0x60, 0xd0, 0x87, 0xc6,
  0x60, 0xd0, 0x87, 0xc6, 0x60, 0xd0, 0x87, 0xc6, 0x60, 0x84, 0x91, 0xac,
  0x55, 0xc6, 0x60, 0xa3, 0x97, 0xa8, 0x57, 0xfd, 0x65, 0xa8, 0x57, 0xa3,
  0x97, 0xa3, 0x97, 0xfd, 0x65, 0x84, 0x91, 0xf4, 0x57, 0x8e, 0x6b, 0xba,
  0x3d, 0xba, 0x3d, 0xc6, 0x60, 0xa8, 0x57, 0xf4, 0x57, 0xfd, 0x65, 0x8e,
  0x6b, 0xba, 0x3d, 0xba, 0x3d, 0xa4, 0x66, 0xa8, 0x57, 0xa4, 0x66, 0xba,
  0x3d, 0x85, 0x3d, 0xa4, 0x66, 0xa4, 0x66, 0xf4, 0x57, 0xa4, 0x66, 0x8e,
  0x6b, 0xfd, 0x65, 0x85, 0x3d, 0x85, 0x3d, 0x85, 0x3d, 0x85, 0x3d, 0x84,
  0x91, 0xba, 0x3d, 0xf4, 0x57, 0xa8, 0x57, 0x8e, 0x6b, 0xfd, 0x65, 0xac,
  0x55, 0xfd, 0x65, 0xac, 0x55, 0x84, 0x91, 0xdf, 0xc3, 0xd5, 0x85, 0xac,
  0x52, 0x88, 0x38, 0xac, 0x55, 0xac, 0x55, 0xac, 0x55, 0xac, 0x52, 0x88,
  0x38, 0xac, 0x55, 0x81, 0x90, 0xac, 0x55, 0xac, 0x55, 0xac, 0x55, 0xea,
  0x38, 0xab, 0xab, 0xea, 0x38, 0x89, 0x4d, 0x89, 0x4d, 0x81, 0x90, 0xf7,
  0x6a, 0xea, 0x38, 0xf7, 0x6a, 0xab, 0xab, 0xc2, 0xc2, 0xf7, 0x6a, 0xf7,
  0x6a, 0xc2, 0x3d, 0xc2, 0xc2, 0x89, 0x4d, 0xc2, 0x3d, 0xc2, 0x3d, 0xc2,
  0x3d, 0xc2, 0x3d, 0xc2, 0x3d, 0xc2, 0x3d, 0xc2, 0x3d, 0xc2, 0x3d, 0xc2,
  0x3d, 0xc2, 0x3d, 0xc2, 0x3d, 0xc2, 0x3d, 0xc2, 0x3d, 0xc2, 0x3d, 0xc2,
  0x3d, 0xc2, 0x3d, 0xc2, 0x3d, 0xc2, 0x3d, 0xc2, 0x3d, 0xc2, 0x3d, 0xc2,
  0x3d, 0xc2, 0x3d, 0xac, 0x55, 0xc2, 0xc2, 0xf7, 0x6a, 0xac, 0x52, 0x89,
  0x4d, 0xdf, 0xc3, 0xac, 0x52, 0xdf, 0xc3, 0xac, 0x55, 0x9f, 0x8d, 0x9f,
  0x8d, 0x9f, 0x8d, 0xc6, 0x60, 0xdf, 0xc3, 0xbc, 0x7c, 0xd1, 0x5f, 0xbc,
  0x7c, 0xbc, 0x7c, 0xd1, 0x5f, 0xd1, 0x5f, 0xd1, 0x5f, 0x96, 0x32, 0x9f,
  0x8d, 0x96, 0x32, 0xbb, 0x57, 0xc6, 0x6e, 0xa5, 0x92, 0xc6, 0x6e, 0xd6,
  0x4a, 0xc6, 0x6e, 0x8f, 0xb3, 0xa5, 0x92, 0xbb, 0x57, 0x92, 0xb8, 0x96,
  0x32, 0xeb, 0xa0, 0x96, 0x32, 0xd6, 0x4a, 0xd6, 0x4a, 0x8f, 0xb3, 0x92,
  0xb8, 0x8a, 0x6c, 0x96, 0x32, 0x8a, 0x6c, 0xeb, 0xa0, 0xeb, 0xa0, 0x8f,
  0xb3, 0x92, 0xb8, 0xeb, 0xa0, 0xa5, 0x92, 0xbb, 0x57, 0x92, 0xb8, 0x8a,
  0x6c, 0xc6, 0x60, 0x72, 0x13, 0x00, 0x00, 0xab, 0x00, 0x00, 0x00, 0x02,
  0x00, 0x00, 0x00, 0xab, 0x00, 0x00, 0x00, 0x06, 0x00, 0x00, 0x00, 0x32,
  0x33, 0x02, 0x34, 0x02, 0x3a, 0x07, 0x3b, 0x3c, 0x3d, 0x3e, 0x3f, 0x40,
  0x41, 0x06, 0x02, 0x42, 0x43, 0x22, 0x44, 0x02, 0x45, 0x07, 0x46, 0x06,
  0x02, 0x47, 0x07, 0x48, 0x49, 0x4a, 0x4b, 0x4c, 0x4d, 0x4e, 0x4f, 0x50,
  0x51, 0x52, 0x53, 0x54, 0x55, 0x56, 0x57, 0x58, 0x59, 0x5a, 0x5b, 0x5c,
  0x5d, 0x5e, 0x5f, 0x60, 0x61, 0x62, 0x63, 0x64, 0x65, 0x66, 0x67, 0x68,
  0x69, 0x6a, 0x6b, 0x6c, 0x6d, 0x6e, 0x6f, 0x70, 0x71, 0x72, 0x73, 0x74,
  0x75, 0x76, 0x77, 0x78, 0x79, 0x7a, 0x7b, 0x7c, 0x7d, 0x7e, 0x7f, 0x80,
  0x81, 0x82, 0x83, 0x84, 0x85, 0x86, 0x87, 0x88, 0x89, 0x8a, 0x8b, 0x8c,
  0x8d, 0x8e, 0x8f, 0x90, 0x91, 0x92, 0x93, 0x94, 0x95, 0x96, 0x97, 0x98,
  0x99, 0x9a, 0x9b, 0x9c, 0x9d, 0x9e, 0x9f, 0xa0, 0xa1, 0x06, 0x02, 0xa2,
  0xa3, 0xa4, 0x06, 0x02, 0xa5, 0xa6, 0xa7, 0xa8, 0xa9, 0xaa, 0xab, 0xd9,
  0xda, 0xdb, 0xdc, 0xdd, 0xde, 0x06, 0x02, 0x35, 0x07, 0xaf, 0xb0, 0xac,
  0xad, 0xdf, 0x06, 0x02, 0x38, 0x07, 0xe0, 0x06, 0x02, 0xf0, 0x07, 0xae,
  0x36, 0xe1, 0x14, 0xfe, 0xf0, 0xe2, 0xfe, 0x00, 0xe3, 0xfe, 0x00, 0x37,
  0x25, 0x02, 0x1d, 0x93, 0xe2, 0x32, 0xe2, 0x32, 0xe2, 0x32, 0x93, 0x00,
  0x00, 0x00, 0x09, 0x00, 0x00, 0x00, 0x01, 0x00, 0x00, 0x00, 0x09, 0x00,
  0x00, 0x00, 0x00, 0x00, 0x00, 0x00, 0x32, 0x33, 0x02, 0x34, 0x02, 0xf2,
  0x07, 0x25, 0x02, 0x9b, 0xf4, 0x18, 0x00, 0x00, 0x0e, 0x01, 0x00, 0x00,
  0x1f, 0x00, 0x00, 0x00, 0x0e, 0x01, 0x00, 0x00, 0x4a, 0x00, 0x00, 0x00,
  0xb4, 0x02, 0x32, 0x33, 0x02, 0x34, 0x02, 0xf0, 0xf0, 0xf0, 0x07, 0xf0,
  0xf0, 0x25, 0x02, 0x3a, 0x07, 0x3b, 0x3c, 0x3d, 0x3e, 0x3f, 0x40, 0x41,
  0x06, 0x02, 0x42, 0x43, 0x22, 0x44, 0x02, 0x45, 0x07, 0x46, 0x06, 0x02,
  0xf0, 0xf0, 0x02, 0x47, 0x07, 0x48, 0x49, 0x4a, 0x4b, 0x4c, 0x4d, 0x4e,
  0x4f, 0x50, 0x51, 0x52, 0x53, 0x54, 0x55, 0x56, 0x57, 0x58, 0x59, 0x5a,
  0x5b, 0x5c, 0x5d, 0x5e, 0x5f, 0x60, 0x61, 0x62, 0x63, 0x64, 0x65, 0x66,
  0x67, 0x68, 0x69, 0x6a, 0x6b, 0x6c, 0x6d, 0x6e, 0x6f, 0x70, 0x71, 0x72,
  0x73, 0x74, 0x75, 0x76, 0x77, 0x78, 0x79, 0x7a, 0x7b, 0x7c, 0x7d, 0x7e,
  0x7f, 0x80, 0x81, 0x82, 0x83, 0x84, 0x85, 0x86, 0x87, 0x88, 0x89, 0x8a,
  0x8b, 0x8c, 0x8d, 0x8e, 0x8f, 0x90, 0x91, 0x92, 0x93, 0x94, 0x95, 0x96,
  0x97, 0x98, 0x99, 0x9a, 0x9b, 0x9c, 0x9d, 0x9e, 0x9f, 0xa0, 0xa1, 0x06,
  0x02, 0xa2, 0xa3, 0xa4, 0x06, 0x02, 0xa5, 0xa6, 0xa7, 0xa8, 0xa9, 0xaa,
  0xab, 0xd9, 0xda, 0xdb, 0xdc, 0xdd, 0xde, 0x06, 0x02, 0x35, 0x07, 0xaf,
  0xb0, 0xac, 0xad, 0xdf, 0xf0, 0xf0, 0xf0, 0x06, 0x02, 0x38, 0x07, 0xe0,
  0x06, 0x02, 0xf0, 0x07, 0xae, 0x36, 0xe1, 0xb6, 0xfe, 0xf0, 0x14, 0xfe,
  0xf0, 0xfe, 0xf0, 0xfe, 0xf0, 0xfe, 0xf0, 0xfe, 0xf0, 0xe2, 0xfe, 0x00,
  0xb6, 0xfe, 0xf0, 0x11, 0xfe, 0xf0, 0x11, 0xfe, 0xf0, 0xfe, 0x00, 0x11,
  0xfe, 0xf0, 0xfe, 0x00, 0x11, 0xfe, 0x01, 0xfe, 0xbb, 0xfe, 0x05, 0x11,
  0xfe, 0x01, 0xfe, 0xf0, 0x11, 0xfe, 0x1f, 0xfe, 0xbe, 0xfe, 0xf0, 0xfe,
  0x24, 0xfe, 0x1d, 0xfe, 0x05, 0x14, 0xfe, 0x01, 0xfe, 0x00, 0x1a, 0xfe,
  0x26, 0xfe, 0x00, 0xf0, 0xfe, 0xf0, 0xfe, 0x1d, 0xfe, 0x05, 0xf0, 0xfe,
  0xf0, 0xfe, 0xbb, 0xfe, 0xf0, 0xfe, 0x1e, 0xe3, 0xfe, 0x00, 0xf0, 0xfe,
  0x00, 0xf0, 0xf0, 0x37, 0x25, 0x02, 0x0b, 0x0c, 0x0d, 0x0e, 0x0f, 0x1e,
  0x1f, 0x20, 0x21, 0x22, 0x1d, 0x23, 0x8f, 0x6d, 0x6e, 0x6f, 0x90, 0x24,
  0x25, 0x26, 0x27, 0x28, 0x29, 0x2a, 0x2b, 0x2c, 0x2d, 0x2e, 0x2f, 0x30,
  0x31, 0xc6, 0x60, 0x96, 0x32, 0xc6, 0x60, 0xc6, 0x60, 0xc6, 0x60, 0xc6,
  0x60, 0x96, 0x32, 0xbb, 0x57, 0xc6, 0x6e, 0xa5, 0x92, 0xc6, 0x6e, 0xd6,
  0x4a, 0xc6, 0x6e, 0x8c, 0xb3, 0xa5, 0x92, 0xbb, 0x57, 0x92, 0xb8, 0x96,
  0x32, 0xeb, 0xa0, 0x96, 0x32, 0xd6, 0x4a, 0xd6, 0x4a, 0x8c, 0xb3, 0x92,
  0xb8, 0x8a, 0x6c, 0x96, 0x32, 0x8a, 0x6c, 0xeb, 0xa0, 0xeb, 0xa0, 0x8c,
  0xb3, 0x92, 0xb8, 0xeb, 0xa0, 0xa5, 0x92, 0xbb, 0x57, 0x92, 0xb8, 0x8a,
  0x6c, 0xc6, 0x60, 0x6c, 0x26, 0x00, 0x00, 0x2a, 0x02, 0x00, 0x00, 0x30,
  0x00, 0x00, 0x00, 0x2a, 0x02, 0x00, 0x00, 0x15, 0x01, 0x00, 0x00, 0xb4,
  0x02, 0x32, 0x33, 0x02, 0x34, 0x02, 0xf0, 0xf0, 0xf0, 0x07, 0xf0, 0xf0,
  0x25, 0x02, 0x3a, 0x07, 0x3b, 0x3c, 0x3d, 0x3e, 0x3f, 0x40, 0x41, 0x06,
  0x02, 0x42, 0x43, 0x22, 0x44, 0x02, 0x45, 0x07, 0x46, 0x06, 0x02, 0x47,
  0x07, 0x48, 0x49, 0x4a, 0x4b, 0x4c, 0x4d, 0x4e, 0x4f, 0x50, 0x51, 0x52,
  0x53, 0x54, 0x55, 0x56, 0x57, 0x58, 0x59, 0x5a, 0x5b, 0x5c, 0x5d, 0x5e,
  0x5f, 0x60, 0x61, 0x62, 0x63, 0x64, 0x65, 0x66, 0x67, 0x68, 0x69, 0x6a,
  0x6b, 0x6c, 0x6d, 0x6e, 0x6f, 0x70, 0x71, 0x72, 0x73, 0x74, 0x75, 0x76,
  0x77, 0x78, 0x79, 0x7a, 0x7b, 0x7c, 0x7d, 0x7e, 0x7f, 0x80, 0x81, 0x82,
  0x83, 0x84, 0x85, 0x86, 0x87, 0x88, 0x89, 0x8a, 0x8b, 0x8c, 0x8d, 0x8e,
  0x8f, 0x90, 0x91, 0x92, 0x93, 0x94, 0x95, 0x96, 0x97, 0x98, 0x99, 0x9a,
  0x9b, 0x9c, 0x9d, 0x9e, 0x9f, 0xa0, 0xa1, 0x06, 0x02, 0xf0, 0x07, 0xf0,
  0xf0, 0xf0, 0x06, 0x02, 0xf0, 0x07, 0xf0, 0x06, 0x02, 0xf0, 0x07, 0xf0,
  0x06, 0x02, 0xf0, 0x07, 0xf0, 0x06, 0x02, 0xb9, 0xfe, 0x21, 0x02, 0xa2,
  0xa3, 0xa4, 0x06, 0x02, 0xa5, 0xa6, 0xa7, 0xa8, 0xa9, 0xaa, 0xab, 0xd9,
  0xda, 0xdb, 0xdc, 0xdd, 0xde, 0x06, 0x02, 0x35, 0x07, 0xaf, 0xb0, 0xac,
  0xad, 0xdf, 0x06, 0x02, 0x38, 0x07, 0xe0, 0xf0, 0xf0, 0x06, 0x02, 0xf0,
  0x07, 0xae, 0xf0, 0x36, 0xe1, 0x14, 0xfe, 0x00, 0xf0, 0x0c, 0x2a, 0xfe,
  0xea, 0xd6, 0xfe, 0x00, 0x2f, 0xfe, 0x00, 0x0b, 0xfe, 0xeb, 0xfe, 0xec,
  0xfe, 0xed, 0x0b, 0xfe, 0xe4, 0xd6, 0xfe, 0x00, 0x2f, 0xfe, 0x00, 0xbc,
  0xfe, 0xbd, 0xfe, 0xf0, 0xfe, 0x01, 0xfe, 0x03, 0xfe, 0x01, 0xfe, 0x03,
  0xfe, 0x39, 0x0d, 0xee, 0xfe, 0xef, 0x08, 0xf0, 0xfe, 0x01, 0xfe, 0x00,
  0x04, 0xfe, 0x28, 0xfe, 0x00, 0x04, 0xfe, 0x01, 0xfe, 0x00, 0x04, 0xfe,
  0x01, 0xfe, 0xf0, 0xfe, 0xf0, 0xfe, 0xf0, 0xfe, 0xf0, 0x09, 0x18, 0x08,
  0x04, 0xfe, 0x01, 0xfe, 0x00, 0x04, 0xfe, 0x01, 0xfe, 0x00, 0x09, 0x10,
  0x0b, 0xfe, 0x01, 0xfe, 0x00, 0x0e, 0x20, 0x0c, 0x0b, 0xfe, 0xe4, 0x0e,
  0x14, 0xfe, 0x00, 0xf0, 0x0c, 0x17, 0xfe, 0x00, 0x30, 0x0d, 0xf0, 0x08,
  0xd5, 0xfe, 0xe5, 0xd5, 0xfe, 0xe6, 0xd5, 0xfe, 0xe7, 0xd5, 0xfe, 0xf0,
  0x04, 0xfe, 0xb5, 0xfe, 0xd0, 0xfe, 0xd1, 0xfe, 0xd2, 0xfe, 0xd3, 0xfe,
  0xd4, 0xfe, 0x1b, 0xfe, 0xe8, 0xfe, 0xd0, 0xfe, 0xd1, 0xfe, 0xd2, 0xfe,
  0xd3, 0xfe, 0xd4, 0xfe, 0x1b, 0xfe, 0xe9, 0xfe, 0xd0, 0xfe, 0xd1, 0xfe,
  0xd2, 0xfe, 0xd3, 0xfe, 0xd4, 0xfe, 0x1b, 0xfe, 0xf0, 0xfe, 0xd0, 0xfe,
  0xd1, 0xfe, 0xd2, 0xfe, 0xd3, 0xfe, 0xd4, 0xfe, 0x1b, 0xfe, 0xf0, 0x29,
  0x09, 0xd7, 0xfe, 0xe5, 0xd7, 0xfe, 0xe6, 0xd7, 0xfe, 0xe7, 0x23, 0xfe,
  0xf0, 0x23, 0xfe, 0x01, 0xfe, 0xf0, 0x0f, 0xfe, 0x00, 0x0a, 0xfe, 0xf0,
  0xfe, 0xd0, 0xfe, 0xd1, 0xfe, 0xd2, 0xfe, 0xd3, 0xfe, 0xd4, 0xfe, 0x1b,
  0xfe, 0xe8, 0xfe, 0xd0, 0xfe, 0xd1, 0xfe, 0xd2, 0xfe, 0xd3, 0xfe, 0xd4,
  0xfe, 0x1b, 0xfe, 0xe9, 0xfe, 0xd0, 0xfe, 0xd1, 0xfe, 0xd2, 0xfe, 0xd3,
  0xfe, 0xd4, 0xfe, 0x1b, 0xfe, 0xf0, 0xf0, 0xfe, 0x01, 0xfe, 0x2c, 0xfe,
  0x2d, 0xfe, 0xf0, 0x08, 0xb3, 0xfe, 0xf0, 0xfe, 0xf0, 0xfe, 0xf0, 0xd5,
  0xfe, 0xf0, 0xfe, 0xf0, 0x04, 0xfe, 0xf0, 0xfe, 0xd0, 0xfe, 0xd1, 0xfe,
  0xd2, 0xfe, 0xd3, 0xfe, 0xd4, 0xfe, 0x1b, 0xfe, 0xf0, 0xfe, 0xb1, 0x04,
  0xfe, 0xb2, 0x2e, 0x09, 0x0a, 0xfe, 0x01, 0xfe, 0x00, 0x19, 0x31, 0x2f,
  0xfe, 0x00, 0x0b, 0xfe, 0x26, 0xfe, 0x15, 0x0b, 0xfe, 0x2b, 0xfe, 0x16,
  0x0b, 0xfe, 0x28, 0xfe, 0x1c, 0x0b, 0xfe, 0x01, 0xfe, 0x00, 0x0e, 0x20,
  0x0c, 0x0b, 0xfe, 0x01, 0xfe, 0x00, 0x0e, 0x14, 0xfe, 0xf0, 0xfe, 0xf0,
  0xfe, 0xf0, 0xfe, 0xf0, 0xe2, 0xfe, 0x00, 0xe3, 0xfe, 0x00, 0x37, 0x25,
  0x02, 0x0b, 0x0c, 0x0d, 0x0e, 0x0f, 0x32, 0x33, 0x34, 0x35, 0x36, 0x37,
  0x38, 0x39, 0x3a, 0x3b, 0x3c, 0x3d, 0x3e, 0x3f, 0x70, 0x4f, 0x00, 0x40,
  0x01, 0x41, 0x02, 0x91, 0x03, 0x42, 0x43, 0x44, 0x04, 0x05, 0x45, 0x46,
  0x06, 0x07, 0x08, 0x09, 0x0a, 0x47, 0x48, 0x49, 0x4a, 0x94, 0x71, 0x72,
  0x95, 0x02, 0xbf, 0x8a, 0xa2, 0x97, 0xa7, 0x57, 0xfc, 0x65, 0xa7, 0x57,
  0xa2, 0x97, 0xa2, 0x97, 0xfc, 0x65, 0xf3, 0x57, 0x8d, 0x6b, 0xb9, 0x3d,
  0xb9, 0x3d, 0xa7, 0x57, 0xf3, 0x57, 0xfc, 0x65, 0x8d, 0x6b, 0xb9, 0x3d,
  0xb9, 0x3d, 0xa3, 0x66, 0xa7, 0x57, 0xa3, 0x66, 0xb9, 0x3d, 0xf3, 0x57,
  0xa3, 0x66, 0x8d, 0x6b, 0xfc, 0x65, 0xa3, 0x66, 0xa3, 0x66, 0xb9, 0x3d,
  0xf3, 0x57, 0xa7, 0x57, 0x8d, 0x6b, 0xfc, 0x65, 0xbf, 0x8a, 0xfc, 0x65,
  0xbf, 0x8a, 0xd0, 0x87, 0xe3, 0x87, 0xcb, 0x6c, 0xd2, 0x75, 0xd3, 0x75,
  0xd4, 0x75, 0xe3, 0x87, 0xcb, 0x6c, 0xbf, 0x8a, 0xcb, 0x6c, 0xbf, 0x8a,
  0xcb, 0x6c, 0xbf, 0x8a, 0xcb, 0x6c, 0xd2, 0x75, 0xbf, 0x8a, 0xd2, 0x75,
  0xbf, 0x8a, 0xd2, 0x75, 0xbf, 0x8a, 0xd2, 0x75, 0xd3, 0x75, 0xbf, 0x8a,
  0xd3, 0x75, 0xbf, 0x8a, 0xd3, 0x75, 0xbf, 0x8a, 0xd3, 0x75, 0xd4, 0x75,
  0xbf, 0x8a, 0xd4, 0x75, 0xbf, 0x8a, 0xd4, 0x75, 0xbf, 0x8a, 0xd4, 0x75,
  0xcc, 0x6c, 0xd5, 0x75, 0xd6, 0x75, 0xe9, 0x38, 0xaa, 0xab, 0xe9, 0x38,
  0x88, 0x4d, 0x88, 0x4d, 0xcc, 0x6c, 0xbf, 0x8a, 0xcc, 0x6c, 0xbf, 0x8a,
  0xcc, 0x6c, 0xbf, 0x8a, 0xcc, 0x6c, 0xd5, 0x75, 0xbf, 0x8a, 0xd5, 0x75,
  0xbf, 0x8a, 0xd5, 0x75, 0xbf, 0x8a, 0xd5, 0x75, 0xd6, 0x75, 0xbf, 0x8a,
  0xd6, 0x75, 0xbf, 0x8a, 0xd6, 0x75, 0xbf, 0x8a, 0xd6, 0x75, 0xf6, 0x6a,
  0xe9, 0x38, 0xf6, 0x6a, 0xaa, 0xab, 0xc1, 0xc2, 0xf6, 0x6a, 0xf6, 0x6a,
  0xd7, 0x75, 0xc1, 0xc2, 0x88, 0x4d, 0xd7, 0x75, 0xbf, 0x8a, 0xd7, 0x75,
  0xbf, 0x8a, 0xd7, 0x75, 0xbf, 0x8a, 0xd7, 0x75, 0xc1, 0xc2, 0xf6, 0x6a,
  0xe3, 0x87, 0x88, 0x4d, 0xdf, 0xab, 0xdf, 0xab, 0xe3, 0x87, 0xdf, 0xab,
  0xe3, 0x87, 0xdf, 0xab, 0xe3, 0x87, 0xd0, 0x87, 0xdf, 0xab, 0xd0, 0x87,
  0xbf, 0x8a, 0xe2, 0x32, 0xd0, 0x87, 0xd0, 0x87, 0xd0, 0x87, 0xe2, 0x32,
  0xe2, 0x32, 0x85, 0x2a, 0x00, 0x00, 0x89, 0x02, 0x00, 0x00, 0x4b, 0x00,
  0x00, 0x00, 0x89, 0x02, 0x00, 0x00, 0x5f, 0x01, 0x00, 0x00, 0xb4, 0x02,
  0x32, 0x33, 0x02, 0x34, 0x02, 0xf0, 0xf0, 0xf0, 0x07, 0xf0, 0xf0, 0x25,
  0x02, 0x3a, 0x07, 0x3b, 0x3c, 0x3d, 0x3e, 0x3f, 0x40, 0x41, 0x06, 0x02,
  0x42, 0x43, 0x22, 0x44, 0x02, 0x45, 0x07, 0x46, 0x06, 0x02, 0xf0, 0xf0,
  0x02, 0x47, 0x07, 0x48, 0x49, 0x4a, 0x4b, 0x4c, 0x4d, 0x4e, 0x4f, 0x50,
  0x51, 0x52, 0x53, 0x54, 0x55, 0x56, 0x57, 0x58, 0x59, 0x5a, 0x5b, 0x5c,
  0x5d, 0x5e, 0x5f, 0x60, 0x61, 0x62, 0x63, 0x64, 0x65, 0x66, 0x67, 0x68,
  0x69, 0x6a, 0x6b, 0x6c, 0x6d, 0x6e, 0x6f, 0x70, 0x71, 0x72, 0x73, 0x74,
  0x75, 0x76, 0x77, 0x78, 0x79, 0x7a, 0x7b, 0x7c, 0x7d, 0x7e, 0x7f, 0x80,
  0x81, 0x82, 0x83, 0x84, 0x85, 0x86, 0x87, 0x88, 0x89, 0x8a, 0x8b, 0x8c,
  0x8d, 0x8e, 0x8f, 0x90, 0x91, 0x92, 0x93, 0x94, 0x95, 0x96, 0x97, 0x98,
  0x99, 0x9a, 0x9b, 0x9c, 0x9d, 0x9e, 0x9f, 0xa0, 0xa1, 0x06, 0x02, 0xf0,
  0x07, 0xf0, 0xf0, 0xf0, 0x06, 0x02, 0xf0, 0x07, 0xf0, 0x06, 0x02, 0xf0,
  0x07, 0xf0, 0x06, 0x02, 0xf0, 0x07, 0xf0, 0x06, 0x02, 0xb9, 0xfe, 0x21,
  0x02, 0xa2, 0xa3, 0xa4, 0x06, 0x02, 0xa5, 0xa6, 0xa7, 0xa8, 0xa9, 0xaa,
  0xab, 0xd9, 0xda, 0xdb, 0xdc, 0xdd, 0xde, 0x06, 0x02, 0x35, 0x07, 0xaf,
  0xb0, 0xac, 0xad, 0xdf, 0xf0, 0xf0, 0xf0, 0x06, 0x02, 0x38, 0x07, 0xe0,
  0xf0, 0xf0, 0x06, 0x02, 0xf0, 0x07, 0xae, 0xf0, 0x36, 0xe1, 0xb6, 0xfe,
  0xf0, 0x14, 0xfe, 0x00, 0xf0, 0xfe, 0xf0, 0x0c, 0x2a, 0xfe, 0xea, 0xd6,
  0xfe, 0x00, 0x2f, 0xfe, 0x00, 0x0b, 0xfe, 0xeb, 0xfe, 0xec, 0xfe, 0xed,
  0x0b, 0xfe, 0xe4, 0xd6, 0xfe, 0x00, 0x2f, 0xfe, 0x00, 0xbc, 0xfe, 0xbd,
  0xfe, 0xf0, 0xfe, 0xf0, 0xfe, 0x01, 0xfe, 0x03, 0xfe, 0x01, 0xfe, 0x03,
  0xfe, 0x39, 0x0d, 0xee, 0xfe, 0xef, 0x08, 0xf0, 0xfe, 0x01, 0xfe, 0x00,
  0x04, 0xfe, 0x28, 0xfe, 0x00, 0x04, 0xfe, 0x01, 0xfe, 0x00, 0x04, 0xfe,
  0x01, 0xfe, 0xf0, 0xfe, 0xf0, 0xfe, 0xf0, 0xfe, 0xf0, 0x09, 0x18, 0x08,
  0x04, 0xfe, 0x01, 0xfe, 0x00, 0x04, 0xfe, 0x01, 0xfe, 0x00, 0x09, 0x10,
  0x0b, 0xfe, 0x01, 0xfe, 0x00, 0x0e, 0x20, 0x0c, 0x0b, 0xfe, 0xe4, 0x0e,
  0x14, 0xfe, 0x00, 0xf0, 0xfe, 0xf0, 0x0c, 0x17, 0xfe, 0x00, 0x30, 0x0d,
  0xf0, 0x08, 0xd5, 0xfe, 0xe5, 0xd5, 0xfe, 0xe6, 0xd5, 0xfe, 0xe7, 0xd5,
  0xfe, 0xf0, 0x04, 0xfe, 0xb5, 0xfe, 0xd0, 0xfe, 0xd1, 0xfe, 0xd2, 0xfe,
  0xd3, 0xfe, 0xd4, 0xfe, 0x1b, 0xfe, 0xe8, 0xfe, 0xd0, 0xfe, 0xd1, 0xfe,
  0xd2, 0xfe, 0xd3, 0xfe, 0xd4, 0xfe, 0x1b, 0xfe, 0xe9, 0xfe, 0xd0, 0xfe,
  0xd1, 0xfe, 0xd2, 0xfe, 0xd3, 0xfe, 0xd4, 0xfe, 0x1b, 0xfe, 0xf0, 0xfe,
  0xd0, 0xfe, 0xd1, 0xfe, 0xd2, 0xfe, 0xd3, 0xfe, 0xd4, 0xfe, 0x1b, 0xfe,
  0xf0, 0x29, 0x09, 0xd7, 0xfe, 0xe5, 0xd7, 0xfe, 0xe6, 0xd7, 0xfe, 0xe7,
  0x23, 0xfe, 0xf0, 0x23, 0xfe, 0x01, 0xfe, 0xf0, 0x0f, 0xfe, 0x00, 0x0a,
  0xfe, 0xf0, 0xfe, 0xd0, 0xfe, 0xd1, 0xfe, 0xd2, 0xfe, 0xd3, 0xfe, 0xd4,
  0xfe, 0x1b, 0xfe, 0xe8, 0xfe, 0xd0, 0xfe, 0xd1, 0xfe, 0xd2, 0xfe, 0xd3,
  0xfe, 0xd4, 0xfe, 0x1b, 0xfe, 0xe9, 0xfe, 0xd0, 0xfe, 0xd1, 0xfe, 0xd2,
  0xfe, 0xd3, 0xfe, 0xd4, 0xfe, 0x1b, 0xfe, 0xf0, 0xf0, 0xfe, 0x01, 0xfe,
  0x2c, 0xfe, 0x2d, 0xfe, 0xf0, 0x08, 0xb3, 0xfe, 0xf0, 0xfe, 0xf0, 0xfe,
  0xf0, 0xd5, 0xfe, 0xf0, 0xfe, 0xf0, 0x04, 0xfe, 0xf0, 0xfe, 0xd0, 0xfe,
  0xd1, 0xfe, 0xd2, 0xfe, 0xd3, 0xfe, 0xd4, 0xfe, 0x1b, 0xfe, 0xf0, 0xfe,
  0xb1, 0x04, 0xfe, 0xb2, 0x2e, 0x09, 0x0a, 0xfe, 0x01, 0xfe, 0x00, 0x19,
  0x31, 0x2f, 0xfe, 0x00, 0x0b, 0xfe, 0x26, 0xfe, 0x15, 0x0b, 0xfe, 0x2b,
  0xfe, 0x16, 0x0b, 0xfe, 0x28, 0xfe, 0x1c, 0x0b, 0xfe, 0x01, 0xfe, 0x00,
  0x0e, 0x20, 0x0c, 0x0b, 0xfe, 0x01, 0xfe, 0x00, 0x0e, 0x14, 0xfe, 0xf0,
  0xfe, 0xf0, 0xfe, 0xf0, 0xfe, 0xf0, 0xfe, 0xf0, 0xfe, 0xf0, 0xfe, 0xf0,
  0xfe, 0xf0, 0xe2, 0xfe, 0x00, 0xb6, 0xfe, 0xf0, 0x11, 0xfe, 0xf0, 0x11,
  0xfe, 0xf0, 0xfe, 0x00, 0x11, 0xfe, 0xf0, 0xfe, 0x00, 0x11, 0xfe, 0x01,
  0xfe, 0xbb, 0xfe, 0x05, 0x11, 0xfe, 0x01, 0xfe, 0xf0, 0x11, 0xfe, 0x1f,
  0xfe, 0xbe, 0xfe, 0xf0, 0xfe, 0x24, 0xfe, 0x1d, 0xfe, 0x05, 0x14, 0xfe,
  0x01, 0xfe, 0x00, 0x1a, 0xfe, 0x26, 0xfe, 0x00, 0xf0, 0xfe, 0xf0, 0xfe,
  0x1d, 0xfe, 0x05, 0xf0, 0xfe, 0xf0, 0xfe, 0xbb, 0xfe, 0xf0, 0xfe, 0x1e,
  0xe3, 0xfe, 0x00, 0xf0, 0xfe, 0x00, 0xf0, 0xf0, 0x37, 0x25, 0x02, 0x0b,
  0x0c, 0x0d, 0x0e, 0x0f, 0x1e, 0x1f, 0x32, 0x33, 0x34, 0x35, 0x36, 0x37,
  0x38, 0x39, 0x3a, 0x3b, 0x20, 0x21, 0x22, 0x3c, 0x3d, 0x3e, 0x3f, 0x23,
  0x4b, 0x73, 0x50, 0x51, 0x00, 0x40, 0x01, 0x41, 0x02, 0x4b, 0x92, 0x03,
  0x42, 0x43, 0x44, 0x04, 0x05, 0x45, 0x46, 0x06, 0x07, 0x08, 0x09, 0x0a,
  0x47, 0x48, 0x49, 0x4a, 0x8f, 0x74, 0x75, 0x76, 0x77, 0x78, 0x79, 0x90,
  0x24, 0x25, 0x26, 0x27, 0x28, 0x29, 0x2a, 0x2b, 0x2c, 0x2d, 0x2e, 0x2f,
  0x30, 0x31, 0x02, 0xc6, 0x60, 0xbf, 0x8a, 0xc6, 0x60, 0xa2, 0x97, 0xa7,
  0x57, 0xfc, 0x65, 0xa7, 0x57, 0xa2, 0x97, 0xa2, 0x97, 0xfc, 0x65, 0xf3,
  0x57, 0x8d, 0x6b, 0xb9, 0x3d, 0xb9, 0x3d, 0xc6, 0x60, 0xa7, 0x57, 0xf3,
  0x57, 0xfc, 0x65, 0x8d, 0x6b, 0xb9, 0x3d, 0xb9, 0x3d, 0xa3, 0x66, 0xa7,
  0x57, 0xa3, 0x66, 0xb9, 0x3d, 0xf3, 0x57, 0xa3, 0x66, 0x8d, 0x6b, 0xfc,
  0x65, 0xa3, 0x66, 0xa3, 0x66, 0xb9, 0x3d, 0xf3, 0x57, 0xa7, 0x57, 0x8d,
  0x6b, 0xfc, 0x65, 0xbf, 0x8a, 0xfc, 0x65, 0xbf, 0x8a, 0xd0, 0x87, 0xc6,
  0x60, 0xe3, 0x87, 0xcb, 0x6c, 0xd2, 0x75, 0xd3, 0x75, 0xd4, 0x75, 0xe3,
  0x87, 0xcb, 0x6c, 0xbf, 0x8a, 0xcb, 0x6c, 0xbf, 0x8a, 0xcb, 0x6c, 0xbf,
  0x8a, 0xcb, 0x6c, 0xd2, 0x75, 0xbf, 0x8a, 0xd2, 0x75, 0xbf, 0x8a, 0xd2,
  0x75, 0xbf, 0x8a, 0xd2, 0x75, 0xd3, 0x75, 0xbf, 0x8a, 0xd3, 0x75, 0xbf,
  0x8a, 0xd3, 0x75, 0xbf, 0x8a, 0xd3, 0x75, 0xd4, 0x75, 0xbf, 0x8a, 0xd4,
  0x75, 0xbf, 0x8a, 0xd4, 0x75, 0xbf, 0x8a, 0xd4, 0x75, 0xcc, 0x6c, 0xd5,
  0x75, 0xd6, 0x75, 0xe9, 0x38, 0xaa, 0xab, 0xe9, 0x38, 0x88, 0x4d, 0x88,
  0x4d, 0xcc, 0x6c, 0xbf, 0x8a, 0xcc, 0x6c, 0xbf, 0x8a, 0xcc, 0x6c, 0xbf,
  0x8a, 0xcc, 0x6c, 0xd5, 0x75, 0xbf, 0x8a, 0xd5, 0x75, 0xbf, 0x8a, 0xd5,
  0x75, 0xbf, 0x8a, 0xd5, 0x75, 0xd6, 0x75, 0xbf, 0x8a, 0xd6, 0x75, 0xbf,
  0x8a, 0xd6, 0x75, 0xbf, 0x8a, 0xd6, 0x75, 0xf6, 0x6a, 0xe9, 0x38, 0xf6,
  0x6a, 0xaa, 0xab, 0xc1, 0xc2, 0xf6, 0x6a, 0xf6, 0x6a, 0xd7, 0x75, 0xc1,
  0xc2, 0x88, 0x4d, 0xd7, 0x75, 0xbf, 0x8a, 0xd7, 0x75, 0xbf, 0x8a, 0xd7,
  0x75, 0xbf, 0x8a, 0xd7, 0x75, 0xc1, 0xc2, 0xf6, 0x6a, 0xe3, 0x87, 0x88,
  0x4d, 0xdf, 0xab, 0xdf, 0xab, 0xe3, 0x87, 0xdf, 0xab, 0xe3, 0x87, 0xdf,
  0xab, 0xe3, 0x87, 0xd0, 0x87, 0xdf, 0xab, 0xd0, 0x87, 0xbf, 0x8a, 0x96,
  0x32, 0xc6, 0x60, 0xd0, 0x87, 0xc6, 0x60, 0xd0, 0x87, 0xc6, 0x60, 0xd0,
  0x87, 0xc6, 0x60, 0x96, 0x32, 0xbb, 0x57, 0xc6, 0x6e, 0xa5, 0x92, 0xc6,
  0x6e, 0xd6, 0x4a, 0xc6, 0x6e, 0x8c, 0xb3, 0xa5, 0x92, 0xbb, 0x57, 0x92,
  0xb8, 0x96, 0x32, 0xeb, 0xa0, 0x96, 0x32, 0xd6, 0x4a, 0xd6, 0x4a, 0x8c,
  0xb3, 0x92, 0xb8, 0x8a, 0x6c, 0x96, 0x32, 0x8a, 0x6c, 0xeb, 0xa0, 0xeb,
  0xa0, 0x8c, 0xb3, 0x92, 0xb8, 0xeb, 0xa0, 0xa5, 0x92, 0xbb, 0x57, 0x92,
  0xb8, 0x8a, 0x6c, 0xc6, 0x60, 0xe6, 0x6a, 0x00, 0x00, 0x95, 0x06, 0x00,
  0x00, 0x74, 0x01, 0x00, 0x00, 0x95, 0x06, 0x00, 0x00, 0x2b, 0x04, 0x00,
  0x00, 0xb4, 0xf0, 0x02, 0x32, 0x33, 0x02, 0x34, 0x02, 0xf0, 0xf0, 0x07,
  0xf0, 0xf0, 0xf0, 0x0c, 0xe1, 0x0e, 0xf0, 0x0c, 0xe1, 0x0e, 0xf0, 0xf0,
  0x0c, 0xe1, 0x0e, 0xf0, 0x0c, 0xe1, 0x0e, 0xf0, 0xf0, 0x0c, 0xe1, 0x0e,
  0xf0, 0xf0, 0x0c, 0xe1, 0x0e, 0xf0, 0x0c, 0xe1, 0x0e, 0x06, 0x02, 0x3a,
  0x07, 0x3b, 0x3c, 0x3d, 0x3e, 0x3f, 0x40, 0x41, 0x06, 0x02, 0x42, 0x43,
  0x22, 0x44, 0x02, 0x45, 0x07, 0x46, 0x06, 0x02, 0x47, 0x07, 0x48, 0x49,
  0x4a, 0x4b, 0x4c, 0x4d, 0x4e, 0x4f, 0x50, 0x51, 0x52, 0x53, 0x54, 0x55,
  0x56, 0x57, 0x58, 0x59, 0x5a, 0x5b, 0x5c, 0x5d, 0x5e, 0x5f, 0x60, 0x61,
  0x62, 0x63, 0x64, 0x65, 0x66, 0x67, 0x68, 0x69, 0x6a, 0x6b, 0x6c, 0x6d,
  0x6e, 0x6f, 0x70, 0x71, 0x72, 0x73, 0x74, 0x75, 0x76, 0x77, 0x78, 0x79,
  0x7a, 0x7b, 0x7c, 0x7d, 0x7e, 0x7f, 0x80, 0x81, 0x82, 0x83, 0x84, 0x85,
  0x86, 0x87, 0x88, 0x89, 0x8a, 0x8b, 0x8c, 0x8d, 0x8e, 0x8f, 0x90, 0x91,
  0x92, 0x93, 0x94, 0x95, 0x96, 0x97, 0x98, 0x99, 0x9a, 0x9b, 0x9c, 0x9d,
  0x9e, 0x9f, 0xa0, 0xa1, 0x06, 0x02, 0xf0, 0x07, 0xf0, 0xf0, 0xf0, 0x06,
  0x02, 0xf0, 0xf0, 0xf0, 0xfe, 0xf0, 0xf0, 0xfe, 0xf0, 0xf0, 0xf0, 0x22,
  0xf0, 0x02, 0xf0, 0x07, 0xf0, 0x06, 0x02, 0xf0, 0xf0, 0x22, 0xf0, 0x02,
  0xf0, 0x07, 0xf0, 0x06, 0x02, 0xf0, 0x07, 0xf0, 0x06, 0x02, 0xf0, 0xf0,
  0xf0, 0xf0, 0xb9, 0xfe, 0x21, 0x02, 0xa2, 0xb7, 0xf0, 0xf0, 0xf0, 0xa3,
  0xa4, 0xb8, 0xf0, 0xf0, 0xf0, 0xf0, 0xf0, 0xf1, 0xf0, 0xf0, 0xf0, 0xf0,
  0xf0, 0xf0, 0xf0, 0xf0, 0xf0, 0x06, 0x02, 0xa5, 0xa6, 0xa7, 0xa8, 0xa9,
  0xaa, 0xab, 0x06, 0x02, 0xf0, 0xf0, 0xf0, 0x06, 0x02, 0xf0, 0xfe, 0xf0,
  0x02, 0x35, 0x07, 0xf0, 0x06, 0x02, 0x38, 0x07, 0xaf, 0xb0, 0xac, 0xad,
  0x06, 0x02, 0xf0, 0x07, 0xae, 0xf0, 0x36, 0x13, 0xfe, 0xf0, 0x13, 0xfe,
  0x00, 0xf0, 0x0c, 0x0b, 0xfe, 0xf0, 0x0e, 0x20, 0x0c, 0x0b, 0xfe, 0xf0,
  0x0e, 0x11, 0xfe, 0x00, 0x13, 0xfe, 0x27, 0xfe, 0x05, 0xbf, 0xfe, 0xf0,
  0x11, 0xfe, 0xf0, 0xfe, 0x03, 0xfe, 0xf0, 0x13, 0xfe, 0xf0, 0xfe, 0x03,
  0xfe, 0x05, 0x14, 0xfe, 0xf0, 0x1a, 0xfe, 0xf0, 0x1a, 0xfe, 0xf0, 0x1a,
  0xfe, 0xf0, 0x11, 0xfe, 0xf0, 0x13, 0xfe, 0x01, 0xfe, 0xf0, 0xfe, 0x00,
  0x13, 0xfe, 0x1f, 0xfe, 0xf0, 0xfe, 0x05, 0x11, 0xfe, 0xf0, 0x11, 0xfe,
  0x01, 0xfe, 0xd0, 0xfe, 0x00, 0x14, 0xfe, 0xf0, 0xfe, 0x03, 0xfe, 0xf0,
  0x13, 0xfe, 0xf0, 0xfe, 0xf0, 0xfe, 0xf0, 0x11, 0xfe, 0x01, 0xfe, 0x15,
  0x11, 0xfe, 0xf0, 0xfe, 0x16, 0x13, 0xfe, 0xf0, 0xfe, 0xf0, 0xfe, 0xf0,
  0xfe, 0x05, 0x11, 0xfe, 0x01, 0xfe, 0xd0, 0xfe, 0x00, 0x11, 0xfe, 0x00,
  0x14, 0xfe, 0x00, 0xf0, 0x0c, 0x0b, 0xfe, 0xf0, 0xe9, 0xfe, 0xf0, 0x0d,
  0x0a, 0xfe, 0x01, 0xfe, 0x00, 0x0a, 0xfe, 0xe8, 0x19, 0x10, 0xe9, 0xfe,
  0xf0, 0x0d, 0x0f, 0xfe, 0xeb, 0xfe, 0x03, 0xfe, 0xf0, 0xf0, 0xfe, 0xf0,
  0xfe, 0xd2, 0xfe, 0xf0, 0xf0, 0xfe, 0xf0, 0xfe, 0xd2, 0xfe, 0xf0, 0xf0,
  0xfe, 0xf0, 0xfe, 0x03, 0xfe, 0xf0, 0xd1, 0xfe, 0x01, 0xfe, 0x15, 0xd1,
  0xfe, 0xf0, 0xfe, 0x00, 0xd1, 0xfe, 0x01, 0xfe, 0x16, 0xd1, 0xfe, 0xf0,
  0xfe, 0x00, 0xf0, 0xfe, 0xf0, 0xfe, 0xf0, 0xfe, 0xf0, 0xfe, 0xf0, 0xfe,
  0xf0, 0xfe, 0xf0, 0xfe, 0xf0, 0xfe, 0xf0, 0xfe, 0xf0, 0xfe, 0x00, 0xf0,
  0xfe, 0xf0, 0xfe, 0xd0, 0xfe, 0xf0, 0xfe, 0xd0, 0xfe, 0x03, 0xfe, 0xd0,
  0xfe, 0x03, 0xfe, 0xd0, 0xfe, 0x03, 0xfe, 0xd0, 0xfe, 0x05, 0xf0, 0xfe,
  0x01, 0xfe, 0xf0, 0xfe, 0xf0, 0xfe, 0xf0, 0xfe, 0x1b, 0xfe, 0xef, 0x0a,
  0xfe, 0x01, 0xfe, 0x00, 0x0a, 0xfe, 0xf0, 0xfe, 0xd2, 0xfe, 0xf0, 0xfe,
  0x05, 0x19, 0x10, 0xe7, 0x0d, 0x0f, 0xfe, 0xeb, 0xfe, 0x03, 0xfe, 0xf0,
  0x0a, 0xfe, 0x01, 0xfe, 0x00, 0x0a, 0xfe, 0xf0, 0xfe, 0xd2, 0xfe, 0xf0,
  0x19, 0x10, 0xf0, 0xf0, 0x11, 0xfe, 0xf0, 0xfe, 0x05, 0x11, 0xfe, 0xf0,
  0xfe, 0xd9, 0xfe, 0xf0, 0xfe, 0xf0, 0xfe, 0xf0, 0x11, 0xfe, 0x00, 0xf0,
  0x0c, 0x17, 0xfe, 0x00, 0xe9, 0xfe, 0xf0, 0x0d, 0x0f, 0xfe, 0xeb, 0xfe,
  0x03, 0xfe, 0xf0, 0x0a, 0xfe, 0xf0, 0xfe, 0xd2, 0xfe, 0xf0, 0xfe, 0xf0,
  0xfe, 0xd2, 0xfe, 0xf0, 0xfe, 0xf0, 0xfe, 0xd2, 0xfe, 0xf0, 0xfe, 0x1e,
  0x10, 0xe7, 0x0d, 0x0f, 0xfe, 0xeb, 0xfe, 0x03, 0xfe, 0xf0, 0x0a, 0xfe,
  0xf0, 0xfe, 0xd2, 0xfe, 0xf1, 0x10, 0xd5, 0xfe, 0x00, 0xd5, 0xfe, 0xf1,
  0xfe, 0x05, 0xd5, 0xfe, 0xf1, 0xfe, 0x05, 0xd5, 0xfe, 0xf1, 0xfe, 0xf1,
  0xfe, 0x05, 0xd5, 0xfe, 0x00, 0x30, 0x0d, 0xd1, 0xfe, 0xf0, 0xfe, 0xf0,
  0xfe, 0x05, 0x0a, 0xfe, 0xf0, 0xfe, 0x00, 0xd1, 0xfe, 0xf0, 0xfe, 0xf1,
  0xfe, 0x05, 0xd1, 0xfe, 0xf0, 0xfe, 0x05, 0xd1, 0xfe, 0xf0, 0xfe, 0xf0,
  0xfe, 0x05, 0xd1, 0xfe, 0x00, 0xe0, 0xfe, 0xf1, 0x08, 0x04, 0xfe, 0x01,
  0xfe, 0x00, 0x09, 0x18, 0x08, 0x04, 0xfe, 0xf1, 0xfe, 0x00, 0x09, 0xd1,
  0xfe, 0x00, 0xf1, 0xfe, 0x03, 0xfe, 0xf1, 0xfe, 0x03, 0xfe, 0xf0, 0xfe,
  0xf1, 0x08, 0x04, 0xfe, 0xf1, 0xfe, 0x03, 0xfe, 0x05, 0x29, 0x09, 0x18,
  0x08, 0x04, 0xfe, 0x01, 0xfe, 0xd9, 0xfe, 0x00, 0xf0, 0xfe, 0xf0, 0xfe,
  0x12, 0xd6, 0xd4, 0xfe, 0xf0, 0xf0, 0xd7, 0x09, 0xd1, 0xfe, 0xf0, 0xfe,
  0xd8, 0xfe, 0x05, 0xd1, 0xfe, 0xf1, 0xfe, 0xd8, 0xfe, 0xf1, 0xfe, 0xd8,
  0xfe, 0xf1, 0x0a, 0xfe, 0xf0, 0xfe, 0xd0, 0xfe, 0xf1, 0xfe, 0xf1, 0xfe,
  0x03, 0xfe, 0x1e, 0x19, 0x31, 0x0b, 0xfe, 0xed, 0xfe, 0xf1, 0xfe, 0xf0,
  0xfe, 0xf1, 0xfe, 0xf0, 0x0e, 0x20, 0x0c, 0x0b, 0xfe, 0x01, 0xfe, 0x00,
  0x0e, 0x13, 0xfe, 0x00, 0xf0, 0x0c, 0xf1, 0x0d, 0xf1, 0xfe, 0xf1, 0x0f,
  0xfe, 0xf1, 0xfe, 0xf1, 0x0f, 0xfe, 0x01, 0xfe, 0xf1, 0xfe, 0xf0, 0x0f,
  0xfe, 0xf0, 0xfe, 0x03, 0xfe, 0xf1, 0xfe, 0xf1, 0x0f, 0xfe, 0x01, 0xfe,
  0xd8, 0xfe, 0x00, 0x0f, 0xfe, 0x01, 0xfe, 0xd9, 0xfe, 0x00, 0x0a, 0xfe,
  0xf1, 0xfe, 0xd8, 0xfe, 0xf1, 0xfe, 0xd8, 0xfe, 0xf0, 0xfe, 0xd9, 0xfe,
  0xf0, 0xfe, 0xd9, 0xfe, 0xf1, 0x19, 0x10, 0xe7, 0x0d, 0x0f, 0xfe, 0x00,
  0xe0, 0xfe, 0x12, 0x08, 0x04, 0xfe, 0xf1, 0xfe, 0xf1, 0xfe, 0xf1, 0xfe,
  0xf0, 0x09, 0x18, 0x08, 0x04, 0xfe, 0xf1, 0x09, 0x0f, 0xfe, 0x00, 0xe0,
  0xfe, 0x12, 0x08, 0xdf, 0xfe, 0x01, 0xfe, 0x16, 0xdf, 0xfe, 0x01, 0xfe,
  0x15, 0xdf, 0xfe, 0x01, 0xfe, 0x1c, 0x04, 0xfe, 0x01, 0xfe, 0xf1, 0xfe,
  0xd0, 0xfe, 0xf1, 0xfe, 0xd0, 0xfe, 0xf1, 0xfe, 0x1d, 0xfe, 0xf1, 0xfe,
  0xd0, 0xfe, 0xf1, 0xfe, 0xd0, 0xfe, 0xf0, 0xfe, 0xd0, 0xfe, 0xf1, 0x09,
  0x18, 0x08, 0x04, 0xfe, 0x01, 0xfe, 0x00, 0x09, 0x0a, 0xfe, 0xf0, 0xfe,
  0xf1, 0x19, 0x10, 0xf0, 0xf0, 0x13, 0xfe, 0xb5, 0xfe, 0xf1, 0xfe, 0x03,
  0xfe, 0xf1, 0xfe, 0xf1, 0xfe, 0xf1, 0xfe, 0xf1, 0xfe, 0xf1, 0xfe, 0xf0,
  0xfe, 0xf0, 0xfe, 0xf0, 0xfe, 0xf0, 0xfe, 0xf0, 0xfe, 0xf0, 0xfe, 0xf1,
  0xfe, 0xd0, 0xfe, 0xf1, 0xfe, 0xf1, 0xfe, 0xf0, 0xfe, 0xf0, 0xfe, 0xf0,
  0xfe, 0xf0, 0xfe, 0xf0, 0xfe, 0xf0, 0xfe, 0xf1, 0x13, 0xfe, 0x00, 0xf1,
  0x0c, 0xf1, 0xfe, 0xf1, 0xfe, 0x03, 0xfe, 0xf1, 0xe5, 0xfe, 0xf0, 0xfe,
  0xf1, 0xfe, 0xf1, 0xe5, 0xfe, 0x01, 0xfe, 0xf1, 0xf1, 0xfe, 0xf1, 0xfe,
  0xf1, 0xe5, 0xfe, 0x01, 0xfe, 0xf0, 0xfe, 0xf1, 0xe5, 0xfe, 0x01, 0xfe,
  0xf0, 0xfe, 0xf1, 0xe5, 0xfe, 0x01, 0xfe, 0xd9, 0xfe, 0x00, 0x2a, 0xfe,
  0xf1, 0x17, 0xfe, 0x00, 0x0b, 0xfe, 0x01, 0xfe, 0x00, 0x17, 0xfe, 0x00,
  0xf1, 0xfe, 0x01, 0xfe, 0x2c, 0xfe, 0x2d, 0xfe, 0x2c, 0xfe, 0x01, 0xfe,
  0x03, 0xfe, 0x39, 0x0d, 0xf1, 0xfe, 0xf1, 0xfe, 0xf1, 0x23, 0xfe, 0x1f,
  0xfe, 0xf1, 0xfe, 0xf1, 0xfe, 0xf1, 0x0f, 0xfe, 0xf0, 0xfe, 0xf1, 0xd1,
  0xfe, 0xf0, 0xfe, 0xf1, 0x0f, 0xfe, 0x27, 0xfe, 0x05, 0xd1, 0xfe, 0xf0,
  0xfe, 0x03, 0xfe, 0x05, 0xd1, 0xfe, 0x01, 0xfe, 0xf1, 0xfe, 0xf1, 0xd1,
  0xfe, 0xf1, 0xfe, 0xd0, 0xfe, 0xe2, 0x0f, 0xfe, 0xf1, 0xd1, 0xfe, 0xf0,
  0xfe, 0xd0, 0xfe, 0xf1, 0xfe, 0x03, 0xfe, 0xf1, 0xfe, 0xf1, 0xd1, 0xfe,
  0xf0, 0xfe, 0x03, 0xfe, 0xe2, 0xd1, 0xfe, 0x00, 0xf1, 0x08, 0xdf, 0xfe,
  0x00, 0xf2, 0xfe, 0xf2, 0xd6, 0xdc, 0xfe, 0xf1, 0xfe, 0xf1, 0xfe, 0xf1,
  0xfe, 0xf1, 0xfe, 0xf1, 0xd4, 0xfe, 0x01, 0xfe, 0xf0, 0xfe, 0xd0, 0xfe,
  0x05, 0xd7, 0xf0, 0xd6, 0xd4, 0xfe, 0x01, 0xfe, 0x00, 0xd7, 0x04, 0xfe,
  0x01, 0xfe, 0x00, 0x09, 0x18, 0x08, 0x04, 0xfe, 0x01, 0xfe, 0x00, 0x09,
  0xf1, 0xfe, 0xf1, 0xfe, 0xf0, 0x08, 0x04, 0xfe, 0x01, 0xfe, 0x00, 0x2e,
  0x09, 0xf0, 0xfe, 0x01, 0xfe, 0xf0, 0xf0, 0xfe, 0x00, 0xf1, 0xfe, 0x12,
  0x08, 0x04, 0xfe, 0x01, 0xfe, 0xf0, 0x09, 0x18, 0x08, 0x04, 0xfe, 0x01,
  0xfe, 0x00, 0x09, 0xe0, 0xfe, 0x12, 0x08, 0x04, 0xfe, 0x01, 0xfe, 0x00,
  0x2e, 0x09, 0x0f, 0xfe, 0x27, 0xfe, 0xd9, 0xfe, 0x05, 0xd1, 0xfe, 0xf0,
  0xfe, 0xf0, 0xd1, 0xfe, 0xf0, 0xfe, 0x03, 0xfe, 0xe2, 0xd1, 0xfe, 0x01,
  0xfe, 0xd0, 0xfe, 0x00, 0xd1, 0xfe, 0xed, 0xfe, 0xf0, 0xfe, 0xd0, 0xfe,
  0xf0, 0xfe, 0xd0, 0xfe, 0xf0, 0xd1, 0xfe, 0xf0, 0xfe, 0x03, 0xfe, 0xe2,
  0xd1, 0xfe, 0x01, 0xfe, 0xd0, 0xfe, 0x00, 0x0a, 0xfe, 0x01, 0xfe, 0xf0,
  0xfe, 0xf0, 0xfe, 0xf0, 0xfe, 0xf0, 0xfe, 0xf0, 0xfe, 0xd0, 0xfe, 0x1d,
  0xfe, 0xf0, 0xfe, 0xf0, 0xfe, 0xf0, 0xfe, 0xf0, 0xfe, 0xf0, 0xfe, 0xd0,
  0xfe, 0xf0, 0xfe, 0x24, 0xfe, 0xf0, 0xfe, 0xf0, 0xfe, 0xf0, 0xfe, 0xd0,
  0xfe, 0xf0, 0xfe, 0x24, 0xfe, 0xf0, 0xfe, 0xf1, 0xfe, 0xf1, 0xfe, 0xf1,
  0xfe, 0xf2, 0xfe, 0xd0, 0xfe, 0x1d, 0xfe, 0x1e, 0x10, 0x17, 0xfe, 0x00,
  0xf1, 0x0d, 0xf0, 0xfe, 0x01, 0xfe, 0xf1, 0xf0, 0xfe, 0x00, 0xe0, 0xfe,
  0x12, 0x08, 0x04, 0xfe, 0xf1, 0x09, 0x18, 0x08, 0x04, 0xfe, 0x01, 0xfe,
  0x00, 0x09, 0x0f, 0xfe, 0x00, 0xe0, 0xfe, 0x12, 0x08, 0x04, 0xfe, 0xf0,
  0xfe, 0x03, 0xfe, 0xf1, 0xfe, 0xf1, 0x09, 0x18, 0x08, 0x04, 0xfe, 0x01,
  0xfe, 0x00, 0x09, 0x0a, 0xfe, 0x01, 0xfe, 0x00, 0x10, 0xe7, 0x0d, 0x0a,
  0xfe, 0x01, 0xfe, 0x00, 0x10, 0x0b, 0xfe, 0x01, 0xfe, 0x00, 0x0e, 0x20,
  0x0c, 0x0b, 0xfe, 0x01, 0xfe, 0x00, 0x0e, 0x14, 0xfe, 0xf0, 0xfe, 0xf0,
  0x1a, 0xfe, 0x26, 0xfe, 0x15, 0x1a, 0xfe, 0x2b, 0xfe, 0x16, 0x1a, 0xfe,
  0x28, 0xfe, 0x1c, 0x13, 0xfe, 0xed, 0xfe, 0xf1, 0x14, 0xfe, 0x01, 0xfe,
  0x00, 0x1a, 0xfe, 0x26, 0xfe, 0x15, 0x1a, 0xfe, 0x2b, 0xfe, 0x16, 0x1a,
  0xfe, 0x28, 0xfe, 0x1c, 0xf1, 0xfe, 0x00, 0x13, 0xfe, 0xf1, 0x14, 0xfe,
  0x00, 0xf0, 0x0c, 0xd5, 0xfe, 0xf1, 0xfe, 0x05, 0xe9, 0xfe, 0xf1, 0x0d,
  0x0a, 0xfe, 0xf1, 0x19, 0x10, 0xe9, 0xfe, 0xf1, 0x0d, 0x0a, 0xfe, 0xf1,
  0x19, 0x10, 0xd5, 0xfe, 0xf1, 0xfe, 0x16, 0xd5, 0xfe, 0x00, 0xf1, 0xfe,
  0xf1, 0x0d, 0x0a, 0xfe, 0xf1, 0xfe, 0xf1, 0xfe, 0x00, 0x10, 0xe7, 0x0d,
  0x0a, 0xfe, 0xf1, 0x10, 0xd5, 0xfe, 0xf1, 0xfe, 0xf1, 0xfe, 0xf1, 0x17,
  0xfe, 0x00, 0xf1, 0x0d, 0xf1, 0xfe, 0xf1, 0x0a, 0xfe, 0xf1, 0xfe, 0xf1,
  0xfe, 0xf1, 0xfe, 0xf1, 0xfe, 0xf1, 0x10, 0xe7, 0x0d, 0x0a, 0xfe, 0xf1,
  0x10, 0x17, 0xfe, 0x01, 0xfe, 0xf1, 0xfe, 0x05, 0x17, 0xfe, 0x00, 0xf1,
  0x0d, 0x0a, 0xfe, 0x01, 0xfe, 0xf2, 0xfe, 0xf2, 0xfe, 0xf1, 0xfe, 0xf1,
  0x10, 0xe7, 0x0d, 0x0a, 0xfe, 0x01, 0xfe, 0x00, 0x10, 0x0b, 0xfe, 0xf0,
  0xfe, 0x03, 0xfe, 0x05, 0xf0, 0xf0, 0x14, 0xfe, 0xf1, 0x13, 0xfe, 0x1f,
  0xfe, 0xf1, 0xfe, 0xf1, 0xfe, 0xf2, 0xf2, 0xfe, 0x15, 0xf2, 0xfe, 0x16,
  0xf2, 0xfe, 0x1c, 0x37, 0x25, 0x02, 0x90, 0x91, 0x92, 0x93, 0x0a, 0x94,
  0x95, 0x0a, 0x96, 0x97, 0x0a, 0x98, 0x0a, 0x99, 0x9a, 0x9b, 0x9c, 0x9d,
  0x9e, 0x9f, 0xa0, 0x13, 0xa1, 0x13, 0xa2, 0xa3, 0xa4, 0xa5, 0xa6, 0xa7,
  0xa8, 0xa9, 0xaa, 0xab, 0xac, 0xad, 0xae, 0xaf, 0xb0, 0xb1, 0xb2, 0xb3,
  0xb4, 0xb5, 0xb6, 0xb7, 0xb8, 0xb9, 0xba, 0x8f, 0xbb, 0xbc, 0xbd, 0xbe,
  0xbf, 0xc0, 0xc1, 0xc2, 0xc3, 0xc4, 0xc5, 0xc6, 0xc7, 0xc8, 0x88, 0xc9,
  0xca, 0xcb, 0xcc, 0xcd, 0xce, 0xcf, 0xd0, 0xd1, 0xd2, 0xd3, 0xd4, 0xd5,
  0xd6, 0xd7, 0xd8, 0xd9, 0xda, 0xdb, 0xdc, 0xdd, 0xde, 0xdf, 0x0b, 0x34,
  0xe0, 0xe1, 0x19, 0xe2, 0xe3, 0x1a, 0x35, 0x36, 0x37, 0xe4, 0x36, 0x37,
  0xe5, 0x6f, 0xe6, 0xe7, 0x0b, 0x0b, 0x24, 0xe8, 0xe9, 0xea, 0xeb, 0xec,
  0xed, 0xee, 0xef, 0xf0, 0x24, 0xf1, 0xf2, 0x24, 0xf3, 0x5c, 0x5d, 0xf4,
  0x38, 0x35, 0xf5, 0xf6, 0x39, 0x1b, 0xf7, 0xf8, 0xf9, 0xfa, 0x25, 0xfb,
  0x1a, 0x26, 0xfc, 0x38, 0x3a, 0xfd, 0x3a, 0xfe, 0x26, 0xff, 0x00, 0x01,
  0x02, 0x03, 0x04, 0x27, 0x3b, 0x0b, 0x27, 0x05, 0x1e, 0x27, 0x3b, 0x06,
  0x07, 0x08, 0x09, 0x65, 0x0a, 0x0b, 0x01, 0x28, 0x16, 0x5e, 0x1e, 0x0c,
  0x0d, 0x0e, 0x0c, 0x0f, 0x10, 0x11, 0x3c, 0x12, 0x29, 0x19, 0x13, 0x14,
  0x15, 0x16, 0x17, 0x18, 0x3d, 0x70, 0x19, 0x1a, 0x1b, 0x1c, 0x3e, 0x3e,
  0x1d, 0x1e, 0x1f, 0x20, 0x3d, 0x21, 0x22, 0x23, 0x24, 0x25, 0x26, 0x89,
  0x27, 0x17, 0x28, 0x39, 0x1b, 0x29, 0x2a, 0x2b, 0x2c, 0x2d, 0x2e, 0x3f,
  0x40, 0x0d, 0x41, 0x0d, 0x42, 0x2f, 0x30, 0x31, 0x3f, 0x40, 0x0d, 0x41,
  0x0d, 0x42, 0x32, 0x33, 0x34, 0x35, 0x36, 0x0c, 0x37, 0x38, 0x39, 0x3a,
  0x3b, 0x3c, 0x43, 0x3d, 0x43, 0x3e, 0x3f, 0x40, 0x41, 0x42, 0x43, 0x44,
  0x45, 0x46, 0x44, 0x47, 0x44, 0x48, 0x87, 0x49, 0x4a, 0x4b, 0x4c, 0x0c,
  0x4d, 0x4e, 0x4f, 0x0e, 0x50, 0x24, 0x25, 0x51, 0x52, 0x53, 0x54, 0x55,
  0x1f, 0x05, 0x56, 0x57, 0x66, 0x0f, 0x45, 0x0f, 0x58, 0x45, 0x06, 0x25,
  0x0e, 0x46, 0x10, 0x47, 0x67, 0x48, 0x49, 0x4a, 0x4b, 0x2c, 0x4c, 0x1f,
  0x4d, 0x11, 0x07, 0x02, 0x10, 0x11, 0x07, 0x02, 0x4e, 0x59, 0x5a, 0x5b,
  0x26, 0x5c, 0x0f, 0x5d, 0x0f, 0x5e, 0x34, 0x5f, 0x60, 0x33, 0x26, 0x61,
  0x62, 0xe5, 0x19, 0xe6, 0xe7, 0x84, 0xe8, 0x84, 0xe9, 0xea, 0xeb, 0xec,
  0xed, 0xee, 0xef, 0x85, 0xf0, 0xf1, 0xf2, 0xf3, 0xf4, 0xf5, 0xf6, 0xf7,
  0xf8, 0xf9, 0xfa, 0xfb, 0x6d, 0x6e, 0x85, 0xfc, 0x33, 0x69, 0x1b, 0xfd,
  0xfe, 0xff, 0x00, 0x01, 0x02, 0x03, 0x02, 0x03, 0x04, 0x83, 0x16, 0xa3,
  0x81, 0x96, 0x40, 0x96, 0x40, 0x96, 0x40, 0xed, 0x89, 0xfc, 0xb6, 0x96,
  0x40, 0xfc, 0x99, 0xcc, 0x42, 0xa3, 0x81, 0xfc, 0xb6, 0xea, 0xaa, 0xfc,
  0xb6, 0xa3, 0x81, 0xed, 0x77, 0xed, 0x77, 0xed, 0x77, 0xed, 0x77, 0xd3,
  0xbf, 0x97, 0x85, 0xed, 0x77, 0xd3, 0xbf, 0xbb, 0x4c, 0xed, 0x77, 0xd3,
  0xbf, 0xa5, 0x4f, 0xf7, 0x38, 0xa5, 0x4f, 0xa5, 0x4f, 0xd0, 0x8a, 0xcc,
  0x42, 0xa5, 0x4f, 0xeb, 0x75, 0xbb, 0x4c, 0xd0, 0x8a, 0xbc, 0x97, 0xfc,
  0x99, 0xda, 0x6e, 0xfc, 0x99, 0xed, 0x70, 0xd0, 0x8a, 0xd0, 0x8a, 0xbb,
  0x4c, 0x9d, 0x69, 0xf7, 0x38, 0xf7, 0x38, 0xaa, 0x49, 0xe8, 0x5a, 0xed,
  0x89, 0xed, 0x89, 0xe8, 0x5a, 0x04, 0xaa, 0x49, 0xed, 0x89, 0x9e, 0x3e,
  0xbc, 0x97, 0xda, 0x6e, 0xb4, 0xa5, 0x9e, 0x3e, 0x9e, 0x3e, 0xfa, 0x87,
  0x9e, 0x3e, 0x9e, 0x3e, 0xf7, 0x33, 0xbc, 0x97, 0xda, 0x6e, 0xf8, 0x6b,
  0xf7, 0x33, 0x9c, 0x75, 0xf8, 0x6b, 0x8a, 0x5a, 0xf7, 0x33, 0x93, 0x8a,
  0x8a, 0x5a, 0xc9, 0xb0, 0xb4, 0xa5, 0xfa, 0x87, 0xb4, 0xa5, 0xfa, 0x87,
  0xb4, 0xa5, 0xfa, 0x87, 0xb4, 0xa5, 0xfa, 0x87, 0xed, 0x89, 0xc8, 0x5f,
  0xc9, 0xb0, 0xc9, 0xb0, 0x9c, 0x75, 0x8a, 0x5a, 0xf8, 0x6b, 0x8a, 0x5a,
  0xf8, 0x6b, 0x93, 0x8a, 0x9c, 0x75, 0x93, 0x8a, 0xa9, 0x33, 0xc8, 0x5f,
  0xc8, 0x5f, 0xc8, 0x5f, 0xc8, 0x5f, 0xc8, 0x5f, 0xe8, 0x5a, 0xa9, 0x33,
  0xaa, 0x49, 0x9e, 0x3e, 0x9e, 0x3e, 0xa9, 0x33, 0xcb, 0x52, 0xbc, 0x97,
  0xda, 0x6e, 0xe8, 0x5a, 0x04, 0xaa, 0x49, 0xcb, 0x52, 0xcb, 0x52, 0x8e,
  0xc3, 0xaa, 0x49, 0xc5, 0x74, 0xcc, 0x42, 0x8e, 0xc3, 0xf7, 0x38, 0x8e,
  0xc3, 0xe9, 0x4d, 0xcd, 0x3c, 0xed, 0x89, 0xe1, 0x3f, 0xbc, 0x97, 0xda,
  0x6e, 0xcd, 0x3c, 0xe1, 0x3f, 0xe1, 0x3f, 0xe8, 0x5a, 0xe1, 0x3f, 0xe1,
  0x3f, 0xe8, 0x5a, 0xe1, 0x3f, 0xe1, 0x3f, 0xe8, 0x5a, 0xcc, 0x52, 0xbc,
  0x97, 0xda, 0x6e, 0xcd, 0x3c, 0xcc, 0x52, 0xcc, 0x52, 0xf2, 0x33, 0xc8,
  0x31, 0x8e, 0xc3, 0xde, 0x8e, 0x9d, 0x69, 0xec, 0x75, 0xcd, 0x3c, 0xea,
  0xaa, 0xb7, 0x33, 0xda, 0x8c, 0xc8, 0x31, 0xc8, 0x31, 0xf2, 0x33, 0xde,
  0x8e, 0xcf, 0x35, 0xde, 0x8e, 0xf2, 0x33, 0xe8, 0x62, 0xec, 0x75, 0x97,
  0x51, 0xe8, 0x62, 0xe8, 0x62, 0x88, 0x82, 0xec, 0x75, 0x88, 0x82, 0x97,
  0x51, 0x88, 0x82, 0x97, 0x51, 0xf5, 0x48, 0xda, 0x8c, 0xcf, 0x35, 0xda,
  0x8c, 0xcf, 0x35, 0x88, 0x82, 0xb7, 0x33, 0xc8, 0x31, 0xde, 0x8e, 0xf5,
  0x48, 0xda, 0x8c, 0xcf, 0x35, 0xf5, 0x48, 0x88, 0x82, 0xb7, 0x33, 0x90,
  0xa7, 0xda, 0x8c, 0xcf, 0x35, 0xb1, 0x72, 0x88, 0x82, 0x90, 0xa7, 0xf5,
  0x48, 0x90, 0xa7, 0xb7, 0x33, 0xb1, 0x72, 0xb1, 0x72, 0xb1, 0x72, 0xc8,
  0x31, 0xde, 0x8e, 0xe9, 0x4d, 0xc5, 0x74, 0xb7, 0x33, 0xf2, 0x33, 0xf7,
  0x38, 0xe9, 0x4d, 0xc5, 0x74, 0xc9, 0x6e, 0xbb, 0x3e, 0xd6, 0xaa, 0xa3,
  0x81, 0xb8, 0xbb, 0xd6, 0xaa, 0xbb, 0x3e, 0x85, 0xb5, 0xd6, 0xaa, 0xa3,
  0x81, 0xbb, 0x3e, 0x9f, 0xc0, 0xa3, 0x81, 0xb8, 0xbb, 0x8c, 0x3e, 0xa3,
  0x81, 0xb8, 0xbb, 0xc9, 0x6e, 0x9f, 0xc0, 0x85, 0xb5, 0x8c, 0x3e, 0x85,
  0xb5, 0x8c, 0x3e, 0x85, 0xb5, 0x9f, 0xc0, 0x85, 0xb5, 0xac, 0x55, 0x02,
  0xac, 0x55, 0xa3, 0x81, 0xa3, 0x81, 0xa3, 0x81, 0xac, 0x55, 0xc1, 0x7d,
  0x03, 0xab, 0x9f, 0xa3, 0x81, 0xbe, 0x7a, 0xa3, 0x81, 0xb2, 0x5a, 0xa3,
  0x81, 0xc1, 0x7d, 0xac, 0x55, 0xab, 0x9f, 0xbe, 0x7a, 0xab, 0x9f, 0xb2,
  0x5a, 0xb2, 0x5a, 0xb2, 0x5a, 0xb2, 0x5a, 0xbe, 0x7a, 0xbe, 0x7a, 0xbe,
  0x7a, 0xab, 0x9f, 0xab, 0x9f, 0xc1, 0x7d, 0xac, 0x55, 0xc9, 0x6e, 0xc1,
  0x7d, 0xc4, 0xbf, 0xed, 0x70, 0xea, 0xaa, 0xa3, 0x81, 0x9d, 0x69, 0xa5,
  0x4f, 0xa5, 0x4f, 0xeb, 0x75, 0xe9, 0x4d, 0xbb, 0x4c, 0xe9, 0x4d, 0xbb,
  0x4c, 0xe9, 0x4d, 0xbb, 0x4c, 0xe9, 0x4d, 0x97, 0x85, 0xc9, 0x6e, 0xed,
  0x70, 0x8e, 0xc3, 0x97, 0x85, 0x8e, 0xc3, 0x97, 0x85, 0x8e, 0xc3, 0x97,
  0x85, 0x8e, 0xc3, 0xd0, 0x87, 0xef, 0x44, 0xbc, 0x97, 0xfc, 0x99, 0xb1,
  0x3c, 0xef, 0x44, 0xef, 0x44, 0xb2, 0x65, 0xb1, 0x3c, 0xab, 0xab, 0xb1,
  0x3c, 0xb2, 0xa5, 0xab, 0xab, 0xb2, 0x65, 0xf4, 0x8d, 0xab, 0xab, 0xb2,
  0x65, 0xfe, 0x4b, 0xb2, 0xa5, 0xf4, 0x8d, 0xcb, 0x59, 0x88, 0x4d, 0x88,
  0x4d, 0xc4, 0xbf, 0x85, 0x61, 0xf6, 0x6a, 0xb2, 0xa5, 0xf6, 0x6a, 0xfe,
  0x4b, 0x88, 0x4d, 0x85, 0x61, 0xf6, 0x6a, 0xc9, 0x8f, 0xf6, 0x6a, 0xca,
  0x39, 0xc9, 0x8f, 0xf6, 0x6a, 0xf6, 0x6a, 0xea, 0x9f, 0xca, 0x39, 0x9e,
  0xbf, 0xca, 0x39, 0xa3, 0x7b, 0xea, 0x9f, 0x93, 0x96, 0xea, 0x9f, 0xea,
  0x9f, 0xf4, 0x33, 0x93, 0x96, 0xca, 0x39, 0xbe, 0x84, 0xf4, 0x33, 0xf4,
  0x33, 0xda, 0x86, 0xd5, 0x71, 0xbe, 0x84, 0xbe, 0x84, 0xda, 0x86, 0xda,
  0x86, 0x93, 0x96, 0xbe, 0x4f, 0xa3, 0x81, 0xa3, 0x7b, 0xac, 0x8a, 0xac,
  0x52, 0xca, 0x39, 0xc0, 0x79, 0xca, 0x39, 0xa3, 0x7b, 0xca, 0x39, 0xca,
  0x39, 0xac, 0x52, 0xd5, 0x71, 0xc0, 0x79, 0xc0, 0x79, 0xac, 0x52, 0xd5,
  0x71, 0xac, 0x8a, 0xac, 0x52, 0xac, 0x8a, 0xd5, 0x71, 0xca, 0x39, 0xcb,
  0x59, 0x85, 0x61, 0x88, 0x4d, 0xe1, 0xa5, 0xbe, 0x4f, 0xad, 0x55, 0xe1,
  0xa5, 0xad, 0x55, 0xac, 0x8a, 0xad, 0x55, 0xe1, 0xa5, 0xad, 0x55, 0x85,
  0x61, 0x88, 0x4d, 0x82, 0x8b, 0xfc, 0xb6, 0xa3, 0x7b, 0xc9, 0x72, 0xbe,
  0x4f, 0x90, 0x58, 0xa3, 0x81, 0x82, 0x8b, 0xf0, 0x3f, 0x90, 0x58, 0xf7,
  0x38, 0xc1, 0x5f, 0xf7, 0x38, 0x90, 0x58, 0x90, 0x58, 0xf0, 0x3f, 0xf0,
  0x3f, 0xff, 0x87, 0xa3, 0x7b, 0x82, 0x8b, 0xef, 0x33, 0xff, 0x87, 0xff,
  0x87, 0x85, 0x61, 0x88, 0x4d, 0x97, 0x85, 0xbb, 0x4c, 0xbb, 0x4c, 0xbb,
  0x4c, 0xef, 0x33, 0xef, 0x33, 0xff, 0x87, 0xc1, 0x5f, 0xc1, 0x5f, 0xc9,
  0x72, 0xcc, 0x42, 0x9d, 0x69, 0xcc, 0x42, 0xcc, 0x42, 0x9d, 0x69, 0xcc,
  0x42, 0xc9, 0x72, 0x9d, 0x69, 0xc9, 0x72, 0xc9, 0x72, 0x9d, 0x69, 0xeb,
  0x75, 0xca, 0x39, 0xca, 0x39, 0x9e, 0xbf, 0x9e, 0xbf, 0xac, 0x8a, 0xc9,
  0x72, 0xae, 0x52, 0xd7, 0xaa, 0xf4, 0x8d, 0xae, 0x55, 0xd7, 0xaa, 0xae,
  0x55, 0xae, 0x55, 0xd7, 0xaa, 0xad, 0x52, 0xae, 0x55, 0xad, 0x52, 0x88,
  0x4d, 0x83, 0x16, 0xf4, 0x8d, 0xad, 0x52, 0x88, 0x4d, 0xae, 0x52, 0xad,
  0x52, 0xae, 0x52, 0x88, 0x4d, 0xd0, 0x87, 0xae, 0x52, 0xd0, 0x87, 0xc4,
  0xbf, 0xd5, 0x7a, 0xd0, 0x87, 0xd5, 0x7a, 0xd0, 0x87, 0xd5, 0x7a, 0xd0,
  0x87, 0xd5, 0x7a, 0xd0, 0x87, 0xe6, 0x6e, 0xd5, 0x7a, 0xd0, 0xab, 0xd5,
  0x7a, 0xd0, 0xab, 0xe6, 0x6e, 0xd0, 0xab, 0xe6, 0x6e, 0xd0, 0xab, 0xe6,
  0x6e, 0xd0, 0xab, 0xa9, 0x7e, 0xae, 0xa2, 0xd5, 0x9c, 0xa9, 0x7e, 0xd5,
  0x9c, 0xae, 0xa2, 0xd5, 0x9c, 0xae, 0xa2, 0xb7, 0x72, 0xa9, 0x7e, 0x8f,
  0x3a, 0xb7, 0x72, 0x8f, 0x3a, 0xb7, 0x72, 0xb7, 0x72, 0x8f, 0x3a, 0x8f,
  0x57, 0x8f, 0x3a, 0xd5, 0x9c, 0xb3, 0x4a, 0xfd, 0x3d, 0xb3, 0x4a, 0xa9,
  0x7e, 0xfd, 0x3d, 0xfd, 0x3d, 0xd5, 0x9c, 0xb3, 0x4a, 0x86, 0x71, 0xb3,
  0x4a, 0x8f, 0x57, 0xd1, 0x87, 0xd1, 0x87, 0x86, 0x71, 0xa9, 0x7e, 0x8f,
  0x3a, 0xd5, 0x9c, 0xd1, 0x87, 0x86, 0x71, 0xae, 0xa2, 0xd1, 0x87, 0x8f,
  0x57, 0x85, 0x7a, 0xa4, 0x31, 0x85, 0x7a, 0xae, 0xa2, 0xae, 0xa2, 0xa4,
  0x31, 0xa4, 0x31, 0xa4, 0x31, 0x72, 0x7c, 0x00, 0x00, 0x3a, 0x08, 0x00,
  0x00, 0xd1, 0x01, 0x00, 0x00, 0x3a, 0x08, 0x00, 0x00, 0x6f, 0x05, 0x00,
  0x00, 0xb4, 0xf0, 0x02, 0x32, 0x33, 0x02, 0x34, 0x02, 0xf0, 0xf0, 0x07,
  0xf0, 0xf0, 0xf0, 0x0c, 0xe1, 0x0e, 0xf0, 0x0c, 0xe1, 0x0e, 0xf0, 0xf0,
  0x0c, 0xe1, 0x0e, 0xf0, 0x0c, 0xe1, 0x0e, 0xf0, 0xf0, 0x0c, 0xe1, 0x0e,
  0xf0, 0xf0, 0x0c, 0xe1, 0x0e, 0xf0, 0x0c, 0xe1, 0x0e, 0x06, 0x02, 0x3a,
  0x07, 0x3b, 0x3c, 0x3d, 0x3e, 0x3f, 0x40, 0x41, 0x06, 0x02, 0x42, 0x43,
  0x22, 0x44, 0x02, 0x45, 0x07, 0x46, 0x06, 0x02, 0x47, 0x07, 0x48, 0x49,
  0x4a, 0x4b, 0x4c, 0x4d, 0x4e, 0x4f, 0x50, 0x51, 0x52, 0x53, 0x54, 0x55,
  0x56, 0x57, 0x58, 0x59, 0x5a, 0x5b, 0x5c, 0x5d, 0x5e, 0x5f, 0x60, 0x61,
  0x62, 0x63, 0x64, 0x65, 0x66, 0x67, 0x68, 0x69, 0x6a, 0x6b, 0x6c, 0x6d,
  0x6e, 0x6f, 0x70, 0x71, 0x72, 0x73, 0x74, 0x75, 0x76, 0x77, 0x78, 0x79,
  0x7a, 0x7b, 0x7c, 0x7d, 0x7e, 0x7f, 0x80, 0x81, 0x82, 0x83, 0x84, 0x85,
  0x86, 0x87, 0x88, 0x89, 0x8a, 0x8b, 0x8c, 0x8d, 0x8e, 0x8f, 0x90, 0x91,
  0x92, 0x93, 0x94, 0x95, 0x96, 0x97, 0x98, 0x99, 0x9a, 0x9b, 0x9c, 0x9d,
  0x9e, 0x9f, 0xa0, 0xa1, 0x06, 0x02, 0xf0, 0x07, 0xf0, 0xf0, 0xf0, 0x06,
  0x02, 0xf0, 0xf0, 0xf0, 0xfe, 0xf0, 0xf0, 0xfe, 0xf0, 0xf1, 0xf1, 0xf0,
  0xfe, 0xf1, 0xf0, 0xf0, 0x22, 0xf0, 0x02, 0xf0, 0x07, 0xf0, 0x06, 0x02,
  0xf0, 0xf0, 0x22, 0xf0, 0x02, 0xf0, 0x07, 0xf0, 0x06, 0x02, 0xf0, 0x07,
  0xf0, 0x06, 0x02, 0xf0, 0xf0, 0xf0, 0xf0, 0xb9, 0xfe, 0x21, 0x02, 0xa2,
  0xb7, 0xf0, 0xf0, 0xf0, 0xa3, 0xa4, 0xb8, 0xf0, 0xf0, 0xf0, 0xf0, 0xf0,
  0xf1, 0xf0, 0xf0, 0xf0, 0xf0, 0xf0, 0xf0, 0xf0, 0xf0, 0xf0, 0x06, 0x02,
  0xa5, 0xa6, 0xa7, 0xa8, 0xa9, 0xaa, 0xab, 0x06, 0x02, 0xf0, 0xf0, 0xf0,
  0x06, 0x02, 0xf0, 0xfe, 0xf0, 0x02, 0x35, 0x07, 0xf0, 0x06, 0x02, 0x38,
  0x07, 0xaf, 0xb0, 0xac, 0xad, 0x06, 0x02, 0xf0, 0x07, 0xae, 0xf0, 0x36,
  0x13, 0xfe, 0xf0, 0x13, 0xfe, 0x00, 0xf0, 0x0c, 0x0b, 0xfe, 0xf0, 0x0e,
  0x20, 0x0c, 0x0b, 0xfe, 0xf0, 0x0e, 0x11, 0xfe, 0x00, 0x13, 0xfe, 0x27,
  0xfe, 0x05, 0xbf, 0xfe, 0xf0, 0x11, 0xfe, 0xf0, 0xfe, 0x03, 0xfe, 0xf0,
  0x13, 0xfe, 0xf0, 0xfe, 0x03, 0xfe, 0x05, 0x14, 0xfe, 0xf0, 0x1a, 0xfe,
  0xf0, 0x1a, 0xfe, 0xf0, 0x1a, 0xfe, 0xf0, 0x11, 0xfe, 0xf0, 0x13, 0xfe,
  0x01, 0xfe, 0xf0, 0xfe, 0x00, 0x13, 0xfe, 0x1f, 0xfe, 0xf0, 0xfe, 0x05,
  0x11, 0xfe, 0xf0, 0x11, 0xfe, 0x01, 0xfe, 0xd0, 0xfe, 0x00, 0x14, 0xfe,
  0xf0, 0xfe, 0x03, 0xfe, 0xf0, 0x13, 0xfe, 0xf0, 0xfe, 0xf0, 0xfe, 0xf0,
  0x11, 0xfe, 0x01, 0xfe, 0x15, 0x11, 0xfe, 0xf0, 0xfe, 0x16, 0x13, 0xfe,
  0xf0, 0xfe, 0xf0, 0xfe, 0xf0, 0xfe, 0x05, 0x11, 0xfe, 0x01, 0xfe, 0xd0,
  0xfe, 0x00, 0x11, 0xfe, 0x00, 0x14, 0xfe, 0x00, 0xf0, 0x0c, 0x0b, 0xfe,
  0xf0, 0xe9, 0xfe, 0xf0, 0x0d, 0x0a, 0xfe, 0x01, 0xfe, 0x00, 0x0a, 0xfe,
  0xe8, 0x19, 0x10, 0xe9, 0xfe, 0xf0, 0x0d, 0x0f, 0xfe, 0xeb, 0xfe, 0x03,
  0xfe, 0xf0, 0xf0, 0xfe, 0xf0, 0xfe, 0xd2, 0xfe, 0xf0, 0xf0, 0xfe, 0xf0,
  0xfe, 0xd2, 0xfe, 0xf0, 0xf0, 0xfe, 0xf0, 0xfe, 0x03, 0xfe, 0xf0, 0xd1,
  0xfe, 0x01, 0xfe, 0x15, 0xd1, 0xfe, 0xf0, 0xfe, 0x00, 0xd1, 0xfe, 0x01,
  0xfe, 0x16, 0xd1, 0xfe, 0xf0, 0xfe, 0x00, 0xf0, 0xfe, 0xf0, 0xfe, 0xf0,
  0xfe, 0xf0, 0xfe, 0xf0, 0xfe, 0xf0, 0xfe, 0xf0, 0xfe, 0xf0, 0xfe, 0xf0,
  0xfe, 0xf0, 0xfe, 0x00, 0xf0, 0xfe, 0xf0, 0xfe, 0xd0, 0xfe, 0xf0, 0xfe,
  0xd0, 0xfe, 0x03, 0xfe, 0xd0, 0xfe, 0x03, 0xfe, 0xd0, 0xfe, 0x03, 0xfe,
  0xd0, 0xfe, 0x05, 0xf0, 0xfe, 0x01, 0xfe, 0xf0, 0xfe, 0xf0, 0xfe, 0xf0,
  0xfe, 0x1b, 0xfe, 0xef, 0x0a, 0xfe, 0x01, 0xfe, 0x00, 0x0a, 0xfe, 0xf0,
  0xfe, 0xd2, 0xfe, 0xf0, 0xfe, 0x05, 0x19, 0x10, 0xe7, 0x0d, 0x0f, 0xfe,
  0xeb, 0xfe, 0x03, 0xfe, 0xf0, 0x0a, 0xfe, 0x01, 0xfe, 0x00, 0x0a, 0xfe,
  0xf0, 0xfe, 0xd2, 0xfe, 0xf0, 0x19, 0x10, 0xf0, 0xf0, 0x11, 0xfe, 0xf0,
  0xfe, 0x05, 0x11, 0xfe, 0xf0, 0xfe, 0xd9, 0xfe, 0xf0, 0xfe, 0xf0, 0xfe,
  0xf0, 0x11, 0xfe, 0x00, 0xf0, 0x0c, 0x17, 0xfe, 0x00, 0xe9, 0xfe, 0xf0,
  0x0d, 0x0f, 0xfe, 0xeb, 0xfe, 0x03, 0xfe, 0xf0, 0x0a, 0xfe, 0xf0, 0xfe,
  0xd2, 0xfe, 0xf0, 0xfe, 0xf0, 0xfe, 0xd2, 0xfe, 0xf0, 0xfe, 0xf0, 0xfe,
  0xd2, 0xfe, 0xf0, 0xfe, 0x1e, 0x10, 0xe7, 0x0d, 0x0f, 0xfe, 0xeb, 0xfe,
  0x03, 0xfe, 0xf0, 0x0a, 0xfe, 0xf0, 0xfe, 0xd2, 0xfe, 0xf1, 0x10, 0xd5,
  0xfe, 0x00, 0xd5, 0xfe, 0xf1, 0xfe, 0x05, 0xd5, 0xfe, 0xf1, 0xfe, 0x05,
  0xd5, 0xfe, 0xf1, 0xfe, 0xf1, 0xfe, 0x05, 0xd5, 0xfe, 0x00, 0x30, 0x0d,
  0xd1, 0xfe, 0xf0, 0xfe, 0xf0, 0xfe, 0x05, 0x0a, 0xfe, 0xf0, 0xfe, 0x00,
  0xd1, 0xfe, 0xf0, 0xfe, 0xf1, 0xfe, 0x05, 0xd1, 0xfe, 0xf0, 0xfe, 0x05,
  0xd1, 0xfe, 0xf0, 0xfe, 0xf0, 0xfe, 0x05, 0xd1, 0xfe, 0x00, 0xe0, 0xfe,
  0xf1, 0x08, 0x04, 0xfe, 0x01, 0xfe, 0x00, 0x09, 0x18, 0x08, 0x04, 0xfe,
  0xf1, 0xfe, 0x00, 0x09, 0xd1, 0xfe, 0x00, 0xf1, 0xfe, 0x03, 0xfe, 0xf1,
  0xfe, 0x03, 0xfe, 0xf0, 0xfe, 0xf1, 0x08, 0x04, 0xfe, 0xf1, 0xfe, 0x03,
  0xfe, 0x05, 0x29, 0x09, 0x18, 0x08, 0x04, 0xfe, 0x01, 0xfe, 0xd9, 0xfe,
  0x00, 0xf0, 0xfe, 0xf0, 0xfe, 0x12, 0xd6, 0xd4, 0xfe, 0xf0, 0xf0, 0xd7,
  0x09, 0xd1, 0xfe, 0xf0, 0xfe, 0xd8, 0xfe, 0x05, 0xd1, 0xfe, 0xf1, 0xfe,
  0xd8, 0xfe, 0xf1, 0xfe, 0xd8, 0xfe, 0xf1, 0x0a, 0xfe, 0xf0, 0xfe, 0xd0,
  0xfe, 0xf1, 0xfe, 0xf1, 0xfe, 0x03, 0xfe, 0x1e, 0x19, 0x31, 0x0b, 0xfe,
  0xed, 0xfe, 0xf1, 0xfe, 0xf0, 0xfe, 0xf1, 0xfe, 0xf0, 0x0e, 0x20, 0x0c,
  0x0b, 0xfe, 0x01, 0xfe, 0x00, 0x0e, 0x13, 0xfe, 0x00, 0xf0, 0x0c, 0xf1,
  0x0d, 0xf1, 0xfe, 0xf1, 0x0f, 0xfe, 0xf1, 0xfe, 0xf1, 0x0f, 0xfe, 0x01,
  0xfe, 0xf1, 0xfe, 0xf0, 0x0f, 0xfe, 0xf0, 0xfe, 0x03, 0xfe, 0xf1, 0xfe,
  0xf1, 0x0f, 0xfe, 0x01, 0xfe, 0xd8, 0xfe, 0x00, 0x0f, 0xfe, 0x01, 0xfe,
  0xd9, 0xfe, 0x00, 0x0a, 0xfe, 0xf1, 0xfe, 0xd8, 0xfe, 0xf1, 0xfe, 0xd8,
  0xfe, 0xf0, 0xfe, 0xd9, 0xfe, 0xf0, 0xfe, 0xd9, 0xfe, 0xf1, 0x19, 0x10,
  0xe7, 0x0d, 0x0f, 0xfe, 0x00, 0xe0, 0xfe, 0x12, 0x08, 0x04, 0xfe, 0xf1,
  0xfe, 0xf1, 0xfe, 0xf1, 0xfe, 0xf0, 0x09, 0x18, 0x08, 0x04, 0xfe, 0xf1,
  0x09, 0x0f, 0xfe, 0x00, 0xe0, 0xfe, 0x12, 0x08, 0xdf, 0xfe, 0x01, 0xfe,
  0x16, 0xdf, 0xfe, 0x01, 0xfe, 0x15, 0xdf, 0xfe, 0x01, 0xfe, 0x1c, 0x04,
  0xfe, 0x01, 0xfe, 0xf1, 0xfe, 0xd0, 0xfe, 0xf1, 0xfe, 0xd0, 0xfe, 0xf1,
  0xfe, 0x1d, 0xfe, 0xf1, 0xfe, 0xd0, 0xfe, 0xf1, 0xfe, 0xd0, 0xfe, 0xf0,
  0xfe, 0xd0, 0xfe, 0xf1, 0x09, 0x18, 0x08, 0x04, 0xfe, 0x01, 0xfe, 0x00,
  0x09, 0x0a, 0xfe, 0xf0, 0xfe, 0xf1, 0x19, 0x10, 0xf0, 0xf0, 0x13, 0xfe,
  0x00, 0x14, 0xfe, 0x00, 0xb6, 0xfe, 0x00, 0x13, 0xfe, 0xb5, 0xfe, 0xf1,
  0xfe, 0x03, 0xfe, 0xf1, 0xfe, 0xf1, 0xfe, 0xf1, 0xfe, 0xf1, 0xfe, 0xf1,
  0xfe, 0xf0, 0xfe, 0xf0, 0xfe, 0xf0, 0xfe, 0xf0, 0xfe, 0xf0, 0xfe, 0xf0,
  0xfe, 0xf1, 0xfe, 0xd0, 0xfe, 0xf1, 0xfe, 0xf1, 0xfe, 0xf0, 0xfe, 0xf0,
  0xfe, 0xf0, 0xfe, 0xf0, 0xfe, 0xf0, 0xfe, 0xf0, 0xfe, 0xf1, 0x13, 0xfe,
  0x00, 0xf0, 0x0c, 0x0b, 0xfe, 0xf2, 0x0b, 0xfe, 0xf1, 0x17, 0xfe, 0x00,
  0x30, 0x0d, 0xf1, 0x08, 0xdf, 0xfe, 0xf0, 0xfe, 0x03, 0xfe, 0x05, 0xba,
  0xfe, 0x00, 0xf0, 0xfe, 0xf1, 0xd6, 0xd4, 0xfe, 0xf2, 0xfe, 0xf2, 0xfe,
  0xf0, 0xfe, 0xd0, 0xfe, 0xf1, 0xd7, 0xf0, 0xd6, 0xd4, 0xfe, 0x01, 0xfe,
  0x00, 0xd7, 0x04, 0xfe, 0x01, 0xfe, 0x00, 0x29, 0x09, 0x0a, 0xfe, 0x01,
  0xfe, 0x00, 0x19, 0x31, 0xd5, 0xfe, 0xf0, 0xfe, 0x03, 0xfe, 0xe2, 0x0b,
  0xfe, 0xf1, 0xf1, 0xfe, 0xf0, 0x0d, 0x0a, 0xfe, 0x01, 0xfe, 0x00, 0x19,
  0x10, 0xe9, 0xfe, 0xf0, 0x0d, 0x0a, 0xfe, 0x01, 0xfe, 0x00, 0x19, 0x10,
  0x17, 0xfe, 0x27, 0xfe, 0xd9, 0xfe, 0x05, 0xd5, 0xfe, 0xf0, 0xfe, 0xf0,
  0xd5, 0xfe, 0xf0, 0xfe, 0x03, 0xfe, 0xe2, 0xd5, 0xfe, 0x01, 0xfe, 0xd0,
  0xfe, 0x00, 0xd5, 0xfe, 0xed, 0xfe, 0xf0, 0xfe, 0xd0, 0xfe, 0xf0, 0xfe,
  0xd0, 0xfe, 0xf0, 0xd5, 0xfe, 0xf0, 0xfe, 0x03, 0xfe, 0xe2, 0xd5, 0xfe,
  0x01, 0xfe, 0xd0, 0xfe, 0x00, 0x0b, 0xfe, 0x01, 0xfe, 0xf0, 0xfe, 0xf0,
  0xfe, 0xf0, 0xfe, 0xf0, 0xfe, 0xf0, 0xfe, 0xd0, 0xfe, 0x1d, 0xfe, 0xf0,
  0xfe, 0xf0, 0xfe, 0xf0, 0xfe, 0xf0, 0xfe, 0xf0, 0xfe, 0xd0, 0xfe, 0xf0,
  0xfe, 0x24, 0xfe, 0xf0, 0xfe, 0xf0, 0xfe, 0xf0, 0xfe, 0xd0, 0xfe, 0xf0,
  0xfe, 0x24, 0xfe, 0xf0, 0xfe, 0xf0, 0xfe, 0xf2, 0xfe, 0xf2, 0xfe, 0x1e,
  0xf0, 0xf0, 0x13, 0xfe, 0x00, 0xf0, 0x0c, 0xe9, 0xfe, 0x12, 0x0d, 0x0a,
  0xfe, 0x01, 0xfe, 0x00, 0x19, 0x10, 0x17, 0xfe, 0x00, 0x0b, 0xfe, 0x01,
  0xfe, 0x00, 0x17, 0xfe, 0x00, 0xbc, 0xfe, 0xbd, 0xfe, 0xf1, 0xfe, 0x01,
  0xfe, 0x03, 0xfe, 0x39, 0x0d, 0xd1, 0xfe, 0xf0, 0xfe, 0xf1, 0xfe, 0xf1,
  0xf1, 0xfe, 0xf1, 0xfe, 0xf1, 0x08, 0xba, 0xfe, 0x00, 0xf0, 0xfe, 0xf0,
  0xd6, 0xf0, 0xfe, 0x27, 0xfe, 0xf1, 0xfe, 0xf1, 0xdc, 0xfe, 0xf0, 0xfe,
  0xf0, 0xdc, 0xfe, 0xf0, 0xfe, 0x03, 0xfe, 0xe2, 0xdc, 0xfe, 0x01, 0xfe,
  0xd0, 0xfe, 0x00, 0xdc, 0xfe, 0xed, 0xfe, 0xf0, 0xfe, 0xd0, 0xfe, 0xf0,
  0xfe, 0xd0, 0xfe, 0xf0, 0xdc, 0xfe, 0xf1, 0xfe, 0xf1, 0xfe, 0xe2, 0xdc,
  0xfe, 0x01, 0xfe, 0xd0, 0xfe, 0x00, 0xd4, 0xfe, 0x01, 0xfe, 0xf0, 0xfe,
  0xf0, 0xfe, 0xf0, 0xfe, 0xf0, 0xfe, 0xf0, 0xfe, 0xd0, 0xfe, 0x1d, 0xfe,
  0xf0, 0xfe, 0xf0, 0xfe, 0xf0, 0xfe, 0xf0, 0xfe, 0xf0, 0xfe, 0xd0, 0xfe,
  0xf0, 0xfe, 0x24, 0xfe, 0xf0, 0xfe, 0xf0, 0xfe, 0xf0, 0xfe, 0xd0, 0xfe,
  0xf0, 0xfe, 0x24, 0xfe, 0xf0, 0xfe, 0xf1, 0xfe, 0xf1, 0xfe, 0xf1, 0xfe,
  0x1e, 0xd7, 0xf0, 0xd6, 0xd4, 0xfe, 0x01, 0xfe, 0x00, 0xd7, 0x04, 0xfe,
  0x01, 0xfe, 0x00, 0x09, 0x18, 0x08, 0x04, 0xfe, 0x01, 0xfe, 0x00, 0x09,
  0x10, 0x0b, 0xfe, 0x01, 0xfe, 0x00, 0xf0, 0xf0, 0x13, 0xfe, 0x00, 0xf1,
  0x0c, 0xf1, 0xfe, 0xf1, 0xfe, 0x03, 0xfe, 0xf1, 0xe5, 0xfe, 0xf0, 0xfe,
  0xf1, 0xfe, 0xf1, 0xe5, 0xfe, 0x01, 0xfe, 0xf1, 0xf1, 0xfe, 0xf1, 0xfe,
  0xf1, 0xe5, 0xfe, 0x01, 0xfe, 0xf0, 0xfe, 0xf1, 0xe5, 0xfe, 0x01, 0xfe,
  0xf0, 0xfe, 0xf1, 0xe5, 0xfe, 0x01, 0xfe, 0xd9, 0xfe, 0x00, 0x17, 0xfe,
  0x00, 0x0b, 0xfe, 0x01, 0xfe, 0x00, 0x17, 0xfe, 0x00, 0xf1, 0xfe, 0x01,
  0xfe, 0x2c, 0xfe, 0x2d, 0xfe, 0x2c, 0xfe, 0x01, 0xfe, 0x03, 0xfe, 0x39,
  0x0d, 0xf1, 0xfe, 0xf1, 0xfe, 0xf1, 0x23, 0xfe, 0x1f, 0xfe, 0xf1, 0xfe,
  0xf1, 0xfe, 0xf1, 0x0f, 0xfe, 0xf0, 0xfe, 0xf1, 0xd1, 0xfe, 0xf0, 0xfe,
  0xf1, 0x0f, 0xfe, 0x27, 0xfe, 0x05, 0xd1, 0xfe, 0xf0, 0xfe, 0x03, 0xfe,
  0x05, 0xd1, 0xfe, 0x01, 0xfe, 0xf1, 0xfe, 0xf1, 0xd1, 0xfe, 0xf1, 0xfe,
  0xd0, 0xfe, 0xe2, 0x0f, 0xfe, 0xf1, 0xd1, 0xfe, 0xf0, 0xfe, 0xd0, 0xfe,
  0xf1, 0xfe, 0x03, 0xfe, 0xf1, 0xfe, 0xf1, 0xd1, 0xfe, 0xf0, 0xfe, 0x03,
  0xfe, 0xe2, 0xd1, 0xfe, 0x00, 0xf1, 0x08, 0xdf, 0xfe, 0x00, 0xf2, 0xfe,
  0xf2, 0xd6, 0xdc, 0xfe, 0xf1, 0xfe, 0xf1, 0xfe, 0xf1, 0xfe, 0xf1, 0xfe,
  0xf1, 0xd4, 0xfe, 0x01, 0xfe, 0xf0, 0xfe, 0xd0, 0xfe, 0x05, 0xd7, 0xf0,
  0xd6, 0xd4, 0xfe, 0x01, 0xfe, 0x00, 0xd7, 0x04, 0xfe, 0x01, 0xfe, 0x00,
  0x09, 0x18, 0x08, 0x04, 0xfe, 0x01, 0xfe, 0x00, 0x09, 0xf1, 0xfe, 0xf1,
  0xfe, 0xf0, 0x08, 0x04, 0xfe, 0x01, 0xfe, 0x00, 0x2e, 0x09, 0xf0, 0xfe,
  0x01, 0xfe, 0xf0, 0xf0, 0xfe, 0x00, 0xf1, 0xfe, 0x12, 0x08, 0x04, 0xfe,
  0x01, 0xfe, 0xf0, 0x09, 0x18, 0x08, 0x04, 0xfe, 0x01, 0xfe, 0x00, 0x09,
  0xe0, 0xfe, 0x12, 0x08, 0x04, 0xfe, 0x01, 0xfe, 0x00, 0x2e, 0x09, 0x0f,
  0xfe, 0x27, 0xfe, 0xd9, 0xfe, 0x05, 0xd1, 0xfe, 0xf0, 0xfe, 0xf0, 0xd1,
  0xfe, 0xf0, 0xfe, 0x03, 0xfe, 0xe2, 0xd1, 0xfe, 0x01, 0xfe, 0xd0, 0xfe,
  0x00, 0xd1, 0xfe, 0xed, 0xfe, 0xf0, 0xfe, 0xd0, 0xfe, 0xf0, 0xfe, 0xd0,
  0xfe, 0xf0, 0xd1, 0xfe, 0xf0, 0xfe, 0x03, 0xfe, 0xe2, 0xd1, 0xfe, 0x01,
  0xfe, 0xd0, 0xfe, 0x00, 0x0a, 0xfe, 0x01, 0xfe, 0xf0, 0xfe, 0xf0, 0xfe,
  0xf0, 0xfe, 0xf0, 0xfe, 0xf0, 0xfe, 0xd0, 0xfe, 0x1d, 0xfe, 0xf0, 0xfe,
  0xf0, 0xfe, 0xf0, 0xfe, 0xf0, 0xfe, 0xf0, 0xfe, 0xd0, 0xfe, 0xf0, 0xfe,
  0x24, 0xfe, 0xf0, 0xfe, 0xf0, 0xfe, 0xf0, 0xfe, 0xd0, 0xfe, 0xf0, 0xfe,
  0x24, 0xfe, 0xf0, 0xfe, 0xf1, 0xfe, 0xf1, 0xfe, 0xf1, 0xfe, 0xf2, 0xfe,
  0xd0, 0xfe, 0x1d, 0xfe, 0x1e, 0x10, 0x17, 0xfe, 0x00, 0xf1, 0x0d, 0xf0,
  0xfe, 0x01, 0xfe, 0xf1, 0xf0, 0xfe, 0x00, 0xe0, 0xfe, 0x12, 0x08, 0x04,
  0xfe, 0xf1, 0x09, 0x18, 0x08, 0x04, 0xfe, 0x01, 0xfe, 0x00, 0x09, 0x0f,
  0xfe, 0x00, 0xe0, 0xfe, 0x12, 0x08, 0x04, 0xfe, 0xf0, 0xfe, 0x03, 0xfe,
  0xf1, 0xfe, 0xf1, 0x09, 0x18, 0x08, 0x04, 0xfe, 0x01, 0xfe, 0x00, 0x09,
  0x0a, 0xfe, 0x01, 0xfe, 0x00, 0x10, 0xe7, 0x0d, 0x0a, 0xfe, 0x01, 0xfe,
  0x00, 0x10, 0x0b, 0xfe, 0x01, 0xfe, 0x00, 0x0e, 0x20, 0x0c, 0x0b, 0xfe,
  0x01, 0xfe, 0x00, 0x0e, 0x14, 0xfe, 0xf0, 0xfe, 0xf0, 0x1a, 0xfe, 0x26,
  0xfe, 0x15, 0x1a, 0xfe, 0x2b, 0xfe, 0x16, 0x1a, 0xfe, 0x28, 0xfe, 0x1c,
  0x13, 0xfe, 0xed, 0xfe, 0xf1, 0x14, 0xfe, 0x01, 0xfe, 0x00, 0x1a, 0xfe,
  0x26, 0xfe, 0x15, 0x1a, 0xfe, 0x2b, 0xfe, 0x16, 0x1a, 0xfe, 0x28, 0xfe,
  0x1c, 0xf1, 0xfe, 0x00, 0x13, 0xfe, 0xf1, 0x14, 0xfe, 0x00, 0xf0, 0x0c,
  0xd5, 0xfe, 0xf1, 0xfe, 0x05, 0xe9, 0xfe, 0xf1, 0x0d, 0x0a, 0xfe, 0xf1,
  0x19, 0x10, 0xe9, 0xfe, 0xf1, 0x0d, 0x0a, 0xfe, 0xf1, 0x19, 0x10, 0xd5,
  0xfe, 0xf1, 0xfe, 0x16, 0xd5, 0xfe, 0x00, 0xf1, 0xfe, 0xf1, 0x0d, 0x0a,
  0xfe, 0xf1, 0xfe, 0xf1, 0xfe, 0x00, 0x10, 0xe7, 0x0d, 0x0a, 0xfe, 0xf1,
  0x10, 0xd5, 0xfe, 0xf1, 0xfe, 0xf1, 0xfe, 0xf1, 0x17, 0xfe, 0x00, 0xf1,
  0x0d, 0xf1, 0xfe, 0xf1, 0x0a, 0xfe, 0xf1, 0xfe, 0xf1, 0xfe, 0xf1, 0xfe,
  0xf1, 0xfe, 0xf1, 0x10, 0xe7, 0x0d, 0x0a, 0xfe, 0xf1, 0x10, 0x17, 0xfe,
  0x01, 0xfe, 0xf1, 0xfe, 0x05, 0x17, 0xfe, 0x00, 0xf1, 0x0d, 0x0a, 0xfe,
  0x01, 0xfe, 0xf2, 0xfe, 0xf2, 0xfe, 0xf1, 0xfe, 0xf2, 0xfe, 0xf1, 0xfe,
  0xf1, 0x10, 0xe7, 0x0d, 0x0a, 0xfe, 0x01, 0xfe, 0x00, 0x10, 0x0b, 0xfe,
  0xf0, 0xfe, 0x03, 0xfe, 0x05, 0xf0, 0xf0, 0x14, 0xfe, 0xf1, 0x13, 0xfe,
  0x1f, 0xfe, 0xf1, 0xfe, 0xf1, 0xfe, 0xf2, 0xf2, 0xfe, 0x15, 0xf2, 0xfe,
  0x16, 0xf2, 0xfe, 0x1c, 0x37, 0x25, 0x02, 0x90, 0x91, 0x92, 0x93, 0x0a,
  0x94, 0x95, 0x0a, 0x96, 0x97, 0x0a, 0x98, 0x0a, 0x99, 0x9a, 0x9b, 0x9c,
  0x9d, 0x9e, 0x9f, 0xa0, 0x13, 0xa1, 0x13, 0xa2, 0xc7, 0xc8, 0x13, 0xc9,
  0xa3, 0xa4, 0xa5, 0xa6, 0xa7, 0xa8, 0xa9, 0xaa, 0xab, 0xac, 0xad, 0xae,
  0xaf, 0xb0, 0xb1, 0xb2, 0xb3, 0xb4, 0xb5, 0xb6, 0xb7, 0xb8, 0xb9, 0xba,
  0x8f, 0xbb, 0xbc, 0xbd, 0xbe, 0xbf, 0xc0, 0xc1, 0xc2, 0xc3, 0xc4, 0xc5,
  0xc6, 0xc7, 0xc8, 0x88, 0xc9, 0xca, 0xcb, 0xcc, 0xcd, 0xce, 0xcf, 0xd0,
  0xd1, 0xd2, 0xd3, 0xd4, 0xd5, 0xd6, 0xd7, 0xd8, 0xd9, 0xda, 0xdb, 0xdc,
  0xdd, 0xde, 0xdf, 0x0b, 0x34, 0xe0, 0xe1, 0x19, 0xe2, 0xe3, 0x1a, 0x35,
  0x36, 0x37, 0xe4, 0x36, 0x37, 0xe5, 0x6f, 0xe6, 0xe7, 0x0b, 0x0b, 0x24,
  0xe8, 0xe9, 0xea, 0xeb, 0xec, 0xed, 0xee, 0xef, 0xf0, 0x24, 0xf1, 0xf2,
  0x24, 0xf3, 0x5c, 0x5d, 0xf4, 0x38, 0x35, 0xf5, 0xf6, 0x39, 0x1b, 0xf7,
  0xf8, 0xf9, 0xfa, 0x25, 0xfb, 0x1a, 0x26, 0xfc, 0x38, 0x3a, 0xfd, 0x3a,
  0xfe, 0x26, 0xff, 0x00, 0x01, 0x02, 0x03, 0x04, 0x27, 0x3b, 0x0b, 0x27,
  0x05, 0x1e, 0x27, 0x3b, 0x06, 0x07, 0x08, 0x09, 0x65, 0x0a, 0x0b, 0x01,
  0x28, 0x16, 0x5e, 0x1e, 0x0c, 0x0d, 0x0e, 0x0c, 0x0f, 0x10, 0x11, 0x3c,
  0x12, 0x29, 0x19, 0x13, 0x14, 0x15, 0x16, 0x17, 0x18, 0x3d, 0x70, 0x19,
  0x1a, 0x1b, 0x1c, 0x3e, 0x3e, 0x1d, 0x1e, 0x1f, 0x20, 0x3d, 0x21, 0x22,
  0x23, 0x24, 0x25, 0x26, 0x89, 0x27, 0x17, 0x28, 0x39, 0x1b, 0x29, 0x2a,
  0x2b, 0x2c, 0x2d, 0x2e, 0x3f, 0x40, 0x0d, 0x41, 0x0d, 0x42, 0x2f, 0x30,
  0x31, 0x3f, 0x40, 0x0d, 0x41, 0x0d, 0x42, 0x32, 0x19, 0x6f, 0xcd, 0xca,
  0x87, 0x01, 0xcb, 0x70, 0x71, 0x07, 0xcc, 0x05, 0x0e, 0x3f, 0xce, 0x66,
  0x68, 0x06, 0x25, 0x0e, 0x46, 0x10, 0x47, 0x67, 0x48, 0x49, 0x4a, 0x4b,
  0x2c, 0x4c, 0x1f, 0x4d, 0x11, 0x07, 0x02, 0x10, 0x11, 0x07, 0x02, 0x4e,
  0x02, 0x9c, 0x72, 0x69, 0x1b, 0x19, 0xcf, 0x0e, 0xd0, 0xd1, 0xd2, 0xd3,
  0xd4, 0x01, 0x1a, 0x03, 0xd5, 0xd6, 0x06, 0x25, 0x0e, 0x46, 0x10, 0x47,
  0xd7, 0xd8, 0x48, 0x49, 0x4a, 0x4b, 0x2c, 0x4c, 0x1f, 0x4d, 0x11, 0x07,
  0x02, 0x10, 0x11, 0x07, 0x02, 0x4e, 0xd9, 0xda, 0xdb, 0x05, 0x69, 0x1b,
  0x33, 0x34, 0x35, 0x36, 0x0c, 0x37, 0x38, 0x39, 0x3a, 0x3b, 0x3c, 0x43,
  0x3d, 0x43, 0x3e, 0x40, 0x41, 0x42, 0x43, 0x44, 0x45, 0x46, 0x44, 0x47,
  0x44, 0x48, 0x87, 0x49, 0x4a, 0x4b, 0x4c, 0x0c, 0x4d, 0x4e, 0x4f, 0x0e,
  0x50, 0x24, 0x25, 0x51, 0x52, 0x53, 0x54, 0x55, 0x1f, 0x05, 0x56, 0x57,
  0x66, 0x0f, 0x45, 0x0f, 0x58, 0x45, 0x06, 0x25, 0x0e, 0x46, 0x10, 0x47,
  0x67, 0x48, 0x49, 0x4a, 0x4b, 0x2c, 0x4c, 0x1f, 0x4d, 0x11, 0x07, 0x02,
  0x10, 0x11, 0x07, 0x02, 0x4e, 0x59, 0x5a, 0x5b, 0x26, 0x5c, 0x0f, 0x5d,
  0x0f, 0x5e, 0x34, 0x5f, 0x60, 0x33, 0x26, 0x61, 0x62, 0xe5, 0x19, 0xe6,
  0xe7, 0x84, 0xe8, 0x84, 0xe9, 0xea, 0xeb, 0xec, 0xed, 0xee, 0xef, 0x85,
  0xf0, 0xf1, 0xf2, 0xf3, 0xf4, 0xf5, 0xf6, 0xf7, 0xf8, 0xf9, 0xfa, 0xfb,
  0x49, 0x73, 0x8d, 0x74, 0x85, 0xfc, 0x33, 0x69, 0x1b, 0xfd, 0xfe, 0xff,
  0x00, 0x01, 0x02, 0x03, 0x02, 0x03, 0x04, 0x05, 0xb0, 0x13, 0xa3, 0x81,
  0x96, 0x40, 0x96, 0x40, 0x96, 0x40, 0xed, 0x89, 0xfc, 0xb6, 0x96, 0x40,
  0xfc, 0x99, 0xcc, 0x42, 0xa3, 0x81, 0xfc, 0xb6, 0xea, 0xaa, 0xfc, 0xb6,
  0xa3, 0x81, 0xed, 0x77, 0xed, 0x77, 0xed, 0x77, 0xed, 0x77, 0xd3, 0xbf,
  0x97, 0x85, 0xed, 0x77, 0xd3, 0xbf, 0xbb, 0x4c, 0xed, 0x77, 0xd3, 0xbf,
  0xa5, 0x4f, 0xf7, 0x38, 0xa5, 0x4f, 0xa5, 0x4f, 0xd0, 0x8a, 0xcc, 0x42,
  0xa5, 0x4f, 0xeb, 0x75, 0xbb, 0x4c, 0xd0, 0x8a, 0xbc, 0x97, 0xfc, 0x99,
  0xda, 0x6e, 0xfc, 0x99, 0xed, 0x70, 0xd0, 0x8a, 0xd0, 0x8a, 0xbb, 0x4c,
  0x9d, 0x69, 0xf7, 0x38, 0xf7, 0x38, 0xaa, 0x49, 0xe8, 0x5a, 0xed, 0x89,
  0xed, 0x89, 0xe8, 0x5a, 0x05, 0xaa, 0x49, 0xed, 0x89, 0x9e, 0x3e, 0xbc,
  0x97, 0xda, 0x6e, 0xb4, 0xa5, 0x9e, 0x3e, 0x9e, 0x3e, 0xfa, 0x87, 0x9e,
  0x3e, 0x9e, 0x3e, 0xf7, 0x33, 0xbc, 0x97, 0xda, 0x6e, 0xf8, 0x6b, 0xf7,
  0x33, 0x9c, 0x75, 0xf8, 0x6b, 0x8a, 0x5a, 0xf7, 0x33, 0x93, 0x8a, 0x8a,
  0x5a, 0xc9, 0xb0, 0xb4, 0xa5, 0xfa, 0x87, 0xb4, 0xa5, 0xfa, 0x87, 0xb4,
  0xa5, 0xfa, 0x87, 0xb4, 0xa5, 0xfa, 0x87, 0xed, 0x89, 0xc8, 0x5f, 0xc9,
  0xb0, 0xc9, 0xb0, 0x9c, 0x75, 0x8a, 0x5a, 0xf8, 0x6b, 0x8a, 0x5a, 0xf8,
  0x6b, 0x93, 0x8a, 0x9c, 0x75, 0x93, 0x8a, 0xa9, 0x33, 0xc8, 0x5f, 0xc8,
  0x5f, 0xc8, 0x5f, 0xc8, 0x5f, 0xc8, 0x5f, 0xe8, 0x5a, 0xa9, 0x33, 0xaa,
  0x49, 0x9e, 0x3e, 0x9e, 0x3e, 0xa9, 0x33, 0xcb, 0x52, 0xbc, 0x97, 0xda,
  0x6e, 0xe8, 0x5a, 0x05, 0xaa, 0x49, 0xcb, 0x52, 0xcb, 0x52, 0x8e, 0xc3,
  0xaa, 0x49, 0xc5, 0x74, 0xcc, 0x42, 0x8e, 0xc3, 0xf7, 0x38, 0x8e, 0xc3,
  0xe9, 0x4d, 0xcd, 0x3c, 0xed, 0x89, 0xe1, 0x3f, 0xbc, 0x97, 0xda, 0x6e,
  0xcd, 0x3c, 0xe1, 0x3f, 0xe1, 0x3f, 0xe8, 0x5a, 0xe1, 0x3f, 0xe1, 0x3f,
  0xe8, 0x5a, 0xe1, 0x3f, 0xe1, 0x3f, 0xe8, 0x5a, 0xcc, 0x52, 0xbc, 0x97,
  0xda, 0x6e, 0xcd, 0x3c, 0xcc, 0x52, 0xcc, 0x52, 0xf2, 0x33, 0xc8, 0x31,
  0x8e, 0xc3, 0xde, 0x8e, 0x9d, 0x69, 0xec, 0x75, 0xcd, 0x3c, 0xea, 0xaa,
  0xb7, 0x33, 0xda, 0x8c, 0xc8, 0x31, 0xc8, 0x31, 0xf2, 0x33, 0xde, 0x8e,
  0xcf, 0x35, 0xde, 0x8e, 0xf2, 0x33, 0xe8, 0x62, 0xec, 0x75, 0x97, 0x51,
  0xe8, 0x62, 0xe8, 0x62, 0x88, 0x82, 0xec, 0x75, 0x88, 0x82, 0x97, 0x51,
  0x88, 0x82, 0x97, 0x51, 0xf5, 0x48, 0xda, 0x8c, 0xcf, 0x35, 0xda, 0x8c,
  0xcf, 0x35, 0x88, 0x82, 0xb7, 0x33, 0xc8, 0x31, 0xde, 0x8e, 0xf5, 0x48,
  0xda, 0x8c, 0xcf, 0x35, 0xf5, 0x48, 0x88, 0x82, 0xb7, 0x33, 0x90, 0xa7,
  0xda, 0x8c, 0xcf, 0x35, 0xb1, 0x72, 0x88, 0x82, 0x90, 0xa7, 0xf5, 0x48,
  0x90, 0xa7, 0xb7, 0x33, 0xb1, 0x72, 0xb1, 0x72, 0xb1, 0x72, 0xc8, 0x31,
  0xde, 0x8e, 0xe9, 0x4d, 0xc5, 0x74, 0xb7, 0x33, 0xf2, 0x33, 0xf7, 0x38,
  0xe9, 0x4d, 0xc5, 0x74, 0xc9, 0x6e, 0xbb, 0x3e, 0xd6, 0xaa, 0xa3, 0x81,
  0xb8, 0xbb, 0xd6, 0xaa, 0xbb, 0x3e, 0x85, 0xb5, 0xd6, 0xaa, 0xa3, 0x81,
  0xbb, 0x3e, 0x9f, 0xc0, 0xa3, 0x81, 0xb8, 0xbb, 0x8c, 0x3e, 0xa3, 0x81,
  0xb8, 0xbb, 0xc9, 0x6e, 0x9f, 0xc0, 0x85, 0xb5, 0x8c, 0x3e, 0x85, 0xb5,
  0x8c, 0x3e, 0x85, 0xb5, 0x9f, 0xc0, 0x85, 0xb5, 0xac, 0x55, 0x02, 0xac,
  0x55, 0xa3, 0x81, 0xa3, 0x81, 0xa3, 0x81, 0xac, 0x55, 0xc1, 0x7d, 0x03,
  0xab, 0x9f, 0xa3, 0x81, 0xbe, 0x7a, 0xa3, 0x81, 0xb2, 0x5a, 0xa3, 0x81,
  0xc1, 0x7d, 0xac, 0x55, 0xab, 0x9f, 0xbe, 0x7a, 0xab, 0x9f, 0xb2, 0x5a,
  0xb2, 0x5a, 0xb2, 0x5a, 0xb2, 0x5a, 0xbe, 0x7a, 0xbe, 0x7a, 0xbe, 0x7a,
  0xab, 0x9f, 0xab, 0x9f, 0xc1, 0x7d, 0xac, 0x55, 0xc9, 0x6e, 0xc1, 0x7d,
  0xa3, 0x6a, 0x8b, 0x7a, 0xbb, 0x82, 0xd7, 0xbf, 0xed, 0x70, 0xea, 0xaa,
  0xa3, 0x81, 0x9d, 0x69, 0xa5, 0x4f, 0xa5, 0x4f, 0xeb, 0x75, 0xe9, 0x4d,
  0xbb, 0x4c, 0xe9, 0x4d, 0xbb, 0x4c, 0xe9, 0x4d, 0xbb, 0x4c, 0xe9, 0x4d,
  0x97, 0x85, 0xc9, 0x6e, 0xed, 0x70, 0x8e, 0xc3, 0x97, 0x85, 0x8e, 0xc3,
  0x97, 0x85, 0x8e, 0xc3, 0x97, 0x85, 0x8e, 0xc3, 0xbf, 0x55, 0x8b, 0x7a,
  0xa3, 0x6a, 0x94, 0xb8, 0xab, 0xbb, 0xa3, 0x6a, 0xea, 0xaa, 0xac, 0x52,
  0xab, 0xbb, 0xac, 0x52, 0xa3, 0x6a, 0xea, 0xaa, 0xa3, 0x6a, 0xab, 0xbb,
  0xac, 0x52, 0xea, 0xaa, 0x94, 0xb8, 0xac, 0x52, 0x94, 0xb8, 0xa3, 0x6a,
  0xde, 0x8b, 0xa3, 0x81, 0x94, 0xb8, 0xbb, 0x82, 0xbb, 0x82, 0xbf, 0x55,
  0xd7, 0xbf, 0xde, 0x8b, 0xbf, 0x55, 0xd7, 0xbf, 0x82, 0x8b, 0xfc, 0xb6,
  0x94, 0xb8, 0xc9, 0x72, 0xde, 0x8b, 0x90, 0x58, 0xa3, 0x81, 0x82, 0x8b,
  0xf0, 0x3f, 0x90, 0x58, 0xf7, 0x38, 0xc1, 0x5f, 0xf7, 0x38, 0x90, 0x58,
  0x90, 0x58, 0xf0, 0x3f, 0xf0, 0x3f, 0xff, 0x87, 0x94, 0xb8, 0x82, 0x8b,
  0xef, 0x33, 0xff, 0x87, 0xff, 0x87, 0xbf, 0x55, 0xd7, 0xbf, 0x97, 0x85,
  0xbb, 0x4c, 0xbb, 0x4c, 0xbb, 0x4c, 0xef, 0x33, 0xef, 0x33, 0xff, 0x87,
  0xc1, 0x5f, 0xc1, 0x5f, 0xc9, 0x72, 0xcc, 0x42, 0x9d, 0x69, 0xcc, 0x42,
  0xcc, 0x42, 0x9d, 0x69, 0xcc, 0x42, 0xc9, 0x72, 0x9d, 0x69, 0xc9, 0x72,
  0xc9, 0x72, 0x9d, 0x69, 0xeb, 0x75, 0x8b, 0x7a, 0x8b, 0x7a, 0xc9, 0x72,
  0xad, 0x55, 0x04, 0xad, 0x55, 0xbf, 0x55, 0xcb, 0x3c, 0xcb, 0x3c, 0xbf,
  0x55, 0xae, 0x52, 0xbf, 0x50, 0xbf, 0x50, 0xcb, 0x3c, 0xae, 0x52, 0xbf,
  0x50, 0xaf, 0x64, 0xa3, 0x81, 0xbf, 0x50, 0xbf, 0x50, 0xbb, 0x82, 0xad,
  0x52, 0xaf, 0x64, 0x83, 0x8b, 0xfc, 0xb6, 0xbf, 0x50, 0xca, 0x72, 0xaf,
  0x64, 0x91, 0x58, 0xa3, 0x81, 0x83, 0x8b, 0xf1, 0x3f, 0x91, 0x58, 0xf7,
  0x38, 0xc2, 0x5f, 0xf7, 0x38, 0x91, 0x58, 0x91, 0x58, 0xf1, 0x3f, 0xf1,
  0x3f, 0x80, 0x88, 0xbf, 0x50, 0x83, 0x8b, 0xf0, 0x33, 0x80, 0x88, 0x80,
  0x88, 0xad, 0x52, 0xcb, 0x3c, 0x97, 0x85, 0xbb, 0x4c, 0xbb, 0x4c, 0xbb,
  0x4c, 0xf0, 0x33, 0xf0, 0x33, 0x80, 0x88, 0xc2, 0x5f, 0xc2, 0x5f, 0xca,
  0x72, 0xcc, 0x42, 0x9d, 0x69, 0xcc, 0x42, 0xcc, 0x42, 0x9d, 0x69, 0xcc,
  0x42, 0xca, 0x72, 0x9d, 0x69, 0xca, 0x72, 0xca, 0x72, 0x9d, 0x69, 0xeb,
  0x75, 0xbf, 0x50, 0xbf, 0x50, 0xca, 0x72, 0xad, 0x52, 0xcb, 0x3c, 0xae,
  0x52, 0xad, 0x52, 0xae, 0x52, 0xcb, 0x3c, 0xad, 0x55, 0xcb, 0x3c, 0xd0,
  0x87, 0xef, 0x44, 0xbc, 0x97, 0xfc, 0x99, 0xb1, 0x3c, 0xef, 0x44, 0xef,
  0x44, 0xb2, 0x65, 0xb1, 0x3c, 0xab, 0xab, 0xb1, 0x3c, 0xb2, 0xa5, 0xab,
  0xab, 0xb2, 0x65, 0xaa, 0x95, 0xab, 0xab, 0xb2, 0x65, 0xa0, 0x9d, 0xb2,
  0xa5, 0xaa, 0x95, 0x88, 0x4d, 0x88, 0x4d, 0xad, 0x55, 0x85, 0x61, 0xf6,
  0x6a, 0xb2, 0xa5, 0xf6, 0x6a, 0xa0, 0x9d, 0x88, 0x4d, 0x85, 0x61, 0xf6,
  0x6a, 0xc9, 0x8f, 0xf6, 0x6a, 0xca, 0x39, 0xc9, 0x8f, 0xf6, 0x6a, 0xf6,
  0x6a, 0xea, 0x9f, 0xca, 0x39, 0x9e, 0xbf, 0xca, 0x39, 0xa3, 0x7b, 0xea,
  0x9f, 0x93, 0x96, 0xea, 0x9f, 0xea, 0x9f, 0xf4, 0x33, 0x93, 0x96, 0xca,
  0x39, 0xbe, 0x84, 0xf4, 0x33, 0xf4, 0x33, 0xda, 0x86, 0xd5, 0x71, 0xbe,
  0x84, 0xbe, 0x84, 0xda, 0x86, 0xda, 0x86, 0x93, 0x96, 0xbe, 0x4f, 0xa3,
  0x81, 0xa3, 0x7b, 0xac, 0x8a, 0xaf, 0x52, 0xca, 0x39, 0xc0, 0x79, 0xca,
  0x39, 0xa3, 0x7b, 0xca, 0x39, 0xca, 0x39, 0xaf, 0x52, 0xd5, 0x71, 0xc0,
  0x79, 0xc0, 0x79, 0xaf, 0x52, 0xd5, 0x71, 0xac, 0x8a, 0xaf, 0x52, 0xac,
  0x8a, 0xd5, 0x71, 0xca, 0x39, 0xbb, 0x82, 0x85, 0x61, 0x88, 0x4d, 0xe1,
  0xa5, 0xbe, 0x4f, 0xae, 0x55, 0xe1, 0xa5, 0xae, 0x55, 0xac, 0x8a, 0xae,
  0x55, 0xe1, 0xa5, 0xae, 0x55, 0x85, 0x61, 0x88, 0x4d, 0x84, 0x8b, 0xfc,
  0xb6, 0xa3, 0x7b, 0xcb, 0x72, 0xbe, 0x4f, 0x92, 0x58, 0xa3, 0x81, 0x84,
  0x8b, 0xf2, 0x3f, 0x92, 0x58, 0xf7, 0x38, 0xc3, 0x5f, 0xf7, 0x38, 0x92,
  0x58, 0x92, 0x58, 0xf2, 0x3f, 0xf2, 0x3f, 0x81, 0x88, 0xa3, 0x7b, 0x84,
  0x8b, 0xf5, 0x33, 0x81, 0x88, 0x81, 0x88, 0x85, 0x61, 0x88, 0x4d, 0x97,
  0x85, 0xbb, 0x4c, 0xbb, 0x4c, 0xbb, 0x4c, 0xf5, 0x33, 0xf5, 0x33, 0x81,
  0x88, 0xc3, 0x5f, 0xc3, 0x5f, 0xcb, 0x72, 0xcc, 0x42, 0x9d, 0x69, 0xcc,
  0x42, 0xcc, 0x42, 0x9d, 0x69, 0xcc, 0x42, 0xcb, 0x72, 0x9d, 0x69, 0xcb,
  0x72, 0xcb, 0x72, 0x9d, 0x69, 0xeb, 0x75, 0xca, 0x39, 0xca, 0x39, 0x9e,
  0xbf, 0x9e, 0xbf, 0xac, 0x8a, 0xcb, 0x72, 0xb1, 0x52, 0xd7, 0xaa, 0xaa,
  0x95, 0xaf, 0x55, 0xd7, 0xaa, 0xaf, 0x55, 0xaf, 0x55, 0xd7, 0xaa, 0xb0,
  0x52, 0xaf, 0x55, 0xb0, 0x52, 0x88, 0x4d, 0xb0, 0x13, 0xaa, 0x95, 0xb0,
  0x52, 0x88, 0x4d, 0xb1, 0x52, 0xb0, 0x52, 0xb1, 0x52, 0x88, 0x4d, 0xd0,
  0x87, 0xb1, 0x52, 0xd0, 0x87, 0xad, 0x55, 0xd5, 0x7a, 0xd0, 0x87, 0xd5,
  0x7a, 0xd0, 0x87, 0xd5, 0x7a, 0xd0, 0x87, 0xd5, 0x7a, 0xd0, 0x87, 0xe6,
  0x6e, 0xd5, 0x7a, 0xd0, 0xab, 0xd5, 0x7a, 0xd0, 0xab, 0xe6, 0x6e, 0xd0,
  0xab, 0xe6, 0x6e, 0xd0, 0xab, 0xe6, 0x6e, 0xd0, 0xab, 0xa9, 0x7e, 0xae,
  0xa2, 0xd5, 0x9c, 0xa9, 0x7e, 0xd5, 0x9c, 0xae, 0xa2, 0xd5, 0x9c, 0xae,
  0xa2, 0xb7, 0x72, 0xa9, 0x7e, 0x8f, 0x3a, 0xb7, 0x72, 0x8f, 0x3a, 0xb7,
  0x72, 0xb7, 0x72, 0x8f, 0x3a, 0x8f, 0x57, 0x8f, 0x3a, 0xd5, 0x9c, 0xb3,
  0x4a, 0xff, 0x3d, 0xb3, 0x4a, 0xa9, 0x7e, 0xff, 0x3d, 0xff, 0x3d, 0xd5,
  0x9c, 0xb3, 0x4a, 0x86, 0x71, 0xb3, 0x4a, 0x8f, 0x57, 0xd1, 0x87, 0xd1,
  0x87, 0x86, 0x71, 0x8b, 0x7a, 0xa9, 0x7e, 0xa3, 0x6a, 0x8f, 0x3a, 0xd5,
  0x9c, 0xd1, 0x87, 0x86, 0x71, 0xae, 0xa2, 0xd1, 0x87, 0x8f, 0x57, 0x85,
  0x7a, 0xa4, 0x31, 0x85, 0x7a, 0xae, 0xa2, 0xae, 0xa2, 0xa4, 0x31, 0xa4,
  0x31, 0xa4, 0x31, 0xdd, 0xa1, 0x00, 0x00, 0x61, 0x0a, 0x00, 0x00, 0x6a,
  0x02, 0x00, 0x00, 0x61, 0x0a, 0x00, 0x00, 0xf1, 0x06, 0x00, 0x00, 0xb4,
  0xf0, 0x02, 0x32, 0x33, 0x02, 0x34, 0x02, 0xf0, 0xf0, 0x07, 0xf0, 0xf0,
  0xf0, 0x0c, 0xe1, 0x0e, 0xf0, 0x0c, 0xe1, 0x0e, 0xf0, 0xf0, 0x0c, 0xe1,
  0x0e, 0xf0, 0x0c, 0xe1, 0x0e, 0xf0, 0xf0, 0x0c, 0xe1, 0x0e, 0xf0, 0xf0,
  0x0c, 0xe1, 0x0e, 0xf0, 0x0c, 0xe1, 0x0e, 0x06, 0x02, 0x3a, 0x07, 0x3b,
  0x3c, 0x3d, 0x3e, 0x3f, 0x40, 0x41, 0x06, 0x02, 0x42, 0x43, 0x22, 0x44,
  0x02, 0x45, 0x07, 0x46, 0x06, 0x02, 0x47, 0x07, 0x48, 0x49, 0x4a, 0x4b,
  0x4c, 0x4d, 0x4e, 0x4f, 0x50, 0x51, 0x52, 0x53, 0x54, 0x55, 0x56, 0x57,
  0x58, 0x59, 0x5a, 0x5b, 0x5c, 0x5d, 0x5e, 0x5f, 0x60, 0x61, 0x62, 0x63,
  0x64, 0x65, 0x66, 0x67, 0x68, 0x69, 0x6a, 0x6b, 0x6c, 0x6d, 0x6e, 0x6f,
  0x70, 0x71, 0x72, 0x73, 0x74, 0x75, 0x76, 0x77, 0x78, 0x79, 0x7a, 0x7b,
  0x7c, 0x7d, 0x7e, 0x7f, 0x80, 0x81, 0x82, 0x83, 0x84, 0x85, 0x86, 0x87,
  0x88, 0x89, 0x8a, 0x8b, 0x8c, 0x8d, 0x8e, 0x8f, 0x90, 0x91, 0x92, 0x93,
  0x94, 0x95, 0x96, 0x97, 0x98, 0x99, 0x9a, 0x9b, 0x9c, 0x9d, 0x9e, 0x9f,
  0xa0, 0xa1, 0x06, 0x02, 0xc2, 0x07, 0xc3, 0xc4, 0xc5, 0xc6, 0xc7, 0xc8,
  0xc9, 0xca, 0xcb, 0xcc, 0x06, 0x02, 0xcd, 0x07, 0xce, 0x06, 0x02, 0xf0,
  0x07, 0xf0, 0xf0, 0xf0, 0x06, 0x02, 0xf2, 0xf2, 0xf0, 0xfe, 0xf2, 0xf0,
  0xfe, 0xf2, 0xf0, 0xf0, 0xf0, 0xfe, 0xf0, 0xf0, 0xfe, 0xf0, 0xf0, 0xf0,
  0x22, 0xf0, 0x02, 0xf0, 0x07, 0xf0, 0x06, 0x02, 0xf0, 0xf0, 0x22, 0xf0,
  0x02, 0xf0, 0x07, 0xf0, 0x06, 0x02, 0xf0, 0x07, 0xf0, 0x06, 0x02, 0xf0,
  0xf0, 0xf0, 0xf0, 0xf1, 0xfe, 0x21, 0xf1, 0xfe, 0x21, 0xb9, 0xfe, 0x21,
  0xf1, 0xfe, 0x21, 0xf1, 0xfe, 0x21, 0xf0, 0xfe, 0x21, 0x02, 0xa2, 0xb7,
  0xf0, 0xf0, 0xf0, 0xa3, 0xa4, 0xb8, 0xf0, 0xf0, 0xf0, 0xf0, 0xf0, 0xf1,
  0xf0, 0xf0, 0xf0, 0xf0, 0xf0, 0xf0, 0xf0, 0xf0, 0xf0, 0x06, 0x02, 0xa5,
  0xa6, 0xa7, 0xa8, 0xa9, 0xaa, 0xab, 0x06, 0x02, 0xf0, 0xf0, 0xf0, 0x06,
  0x02, 0xf0, 0xfe, 0xf0, 0x02, 0x35, 0x07, 0xf0, 0x06, 0x02, 0x38, 0x07,
  0xaf, 0xb0, 0xac, 0xad, 0x06, 0x02, 0xf0, 0x07, 0xae, 0xf0, 0x36, 0x13,
  0xfe, 0xf0, 0x13, 0xfe, 0x00, 0xf0, 0x0c, 0x0b, 0xfe, 0xf0, 0x0e, 0x20,
  0x0c, 0x0b, 0xfe, 0xf0, 0x0e, 0x11, 0xfe, 0x00, 0x13, 0xfe, 0x27, 0xfe,
  0x05, 0xbf, 0xfe, 0xf0, 0x11, 0xfe, 0xf0, 0xfe, 0x03, 0xfe, 0xf0, 0x13,
  0xfe, 0xf0, 0xfe, 0x03, 0xfe, 0x05, 0x14, 0xfe, 0xf0, 0x1a, 0xfe, 0xf0,
  0x1a, 0xfe, 0xf0, 0x1a, 0xfe, 0xf0, 0x11, 0xfe, 0xf0, 0x13, 0xfe, 0x01,
  0xfe, 0xf0, 0xfe, 0x00, 0x13, 0xfe, 0x1f, 0xfe, 0xf0, 0xfe, 0x05, 0x11,
  0xfe, 0xf0, 0x11, 0xfe, 0x01, 0xfe, 0xd0, 0xfe, 0x00, 0x14, 0xfe, 0xf0,
  0xfe, 0x03, 0xfe, 0xf0, 0x13, 0xfe, 0xf0, 0xfe, 0xf0, 0xfe, 0xf0, 0x11,
  0xfe, 0x01, 0xfe, 0x15, 0x11, 0xfe, 0xf0, 0xfe, 0x16, 0x13, 0xfe, 0xf0,
  0xfe, 0xf0, 0xfe, 0xf0, 0xfe, 0x05, 0x11, 0xfe, 0x01, 0xfe, 0xd0, 0xfe,
  0x00, 0x11, 0xfe, 0x00, 0x14, 0xfe, 0x00, 0xf0, 0x0c, 0x0b, 0xfe, 0xf0,
  0xe9, 0xfe, 0xf0, 0x0d, 0x0a, 0xfe, 0x01, 0xfe, 0x00, 0x0a, 0xfe, 0xe8,
  0x19, 0x10, 0xe9, 0xfe, 0xf0, 0x0d, 0x0f, 0xfe, 0xeb, 0xfe, 0x03, 0xfe,
  0xf0, 0xf0, 0xfe, 0xf0, 0xfe, 0xd2, 0xfe, 0xf0, 0xf0, 0xfe, 0xf0, 0xfe,
  0xd2, 0xfe, 0xf0, 0xf0, 0xfe, 0xf0, 0xfe, 0x03, 0xfe, 0xf0, 0xd1, 0xfe,
  0x01, 0xfe, 0x15, 0xd1, 0xfe, 0xf0, 0xfe, 0x00, 0xd1, 0xfe, 0x01, 0xfe,
  0x16, 0xd1, 0xfe, 0xf0, 0xfe, 0x00, 0xf0, 0xfe, 0xf0, 0xfe, 0xf0, 0xfe,
  0xf0, 0xfe, 0xf0, 0xfe, 0xf0, 0xfe, 0xf0, 0xfe, 0xf0, 0xfe, 0xf0, 0xfe,
  0xf0, 0xfe, 0x00, 0xf0, 0xfe, 0xf0, 0xfe, 0xd0, 0xfe, 0xf0, 0xfe, 0xd0,
  0xfe, 0x03, 0xfe, 0xd0, 0xfe, 0x03, 0xfe, 0xd0, 0xfe, 0x03, 0xfe, 0xd0,
  0xfe, 0x05, 0xf0, 0xfe, 0x01, 0xfe, 0xf0, 0xfe, 0xf0, 0xfe, 0xf0, 0xfe,
  0x1b, 0xfe, 0xef, 0x0a, 0xfe, 0x01, 0xfe, 0x00, 0x0a, 0xfe, 0xf0, 0xfe,
  0xd2, 0xfe, 0xf0, 0xfe, 0x05, 0x19, 0x10, 0xe7, 0x0d, 0x0f, 0xfe, 0xeb,
  0xfe, 0x03, 0xfe, 0xf0, 0x0a, 0xfe, 0x01, 0xfe, 0x00, 0x0a, 0xfe, 0xf0,
  0xfe, 0xd2, 0xfe, 0xf0, 0x19, 0x10, 0xf0, 0xf0, 0x11, 0xfe, 0xf0, 0xfe,
  0x05, 0x11, 0xfe, 0xf0, 0xfe, 0xd9, 0xfe, 0xf0, 0xfe, 0xf0, 0xfe, 0xf0,
  0x11, 0xfe, 0x00, 0xf0, 0x0c, 0x17, 0xfe, 0x00, 0xe9, 0xfe, 0xf0, 0x0d,
  0x0f, 0xfe, 0xeb, 0xfe, 0x03, 0xfe, 0xf0, 0x0a, 0xfe, 0xf0, 0xfe, 0xd2,
  0xfe, 0xf0, 0xfe, 0xf0, 0xfe, 0xd2, 0xfe, 0xf0, 0xfe, 0xf0, 0xfe, 0xd2,
  0xfe, 0xf0, 0xfe, 0x1e, 0x10, 0xe7, 0x0d, 0x0f, 0xfe, 0xeb, 0xfe, 0x03,
  0xfe, 0xf0, 0x0a, 0xfe, 0xf0, 0xfe, 0xd2, 0xfe, 0xf1, 0x10, 0xd5, 0xfe,
  0x00, 0xd5, 0xfe, 0xf1, 0xfe, 0x05, 0xd5, 0xfe, 0xf1, 0xfe, 0x05, 0xd5,
  0xfe, 0xf1, 0xfe, 0xf1, 0xfe, 0x05, 0xd5, 0xfe, 0x00, 0x30, 0x0d, 0xd1,
  0xfe, 0xf0, 0xfe, 0xf0, 0xfe, 0x05, 0x0a, 0xfe, 0xf0, 0xfe, 0x00, 0xd1,
  0xfe, 0xf0, 0xfe, 0xf1, 0xfe, 0x05, 0xd1, 0xfe, 0xf0, 0xfe, 0x05, 0xd1,
  0xfe, 0xf0, 0xfe, 0xf0, 0xfe, 0x05, 0xd1, 0xfe, 0x00, 0xe0, 0xfe, 0xf1,
  0x08, 0x04, 0xfe, 0x01, 0xfe, 0x00, 0x09, 0x18, 0x08, 0x04, 0xfe, 0xf1,
  0xfe, 0x00, 0x09, 0xd1, 0xfe, 0x00, 0xf1, 0xfe, 0x03, 0xfe, 0xf1, 0xfe,
  0x03, 0xfe, 0xf0, 0xfe, 0xf1, 0x08, 0x04, 0xfe, 0xf1, 0xfe, 0x03, 0xfe,
  0x05, 0x29, 0x09, 0x18, 0x08, 0x04, 0xfe, 0x01, 0xfe, 0xd9, 0xfe, 0x00,
  0xf0, 0xfe, 0xf0, 0xfe, 0x12, 0xd6, 0xd4, 0xfe, 0xf0, 0xf0, 0xd7, 0x09,
  0xd1, 0xfe, 0xf0, 0xfe, 0xd8, 0xfe, 0x05, 0xd1, 0xfe, 0xf1, 0xfe, 0xd8,
  0xfe, 0xf1, 0xfe, 0xd8, 0xfe, 0xf1, 0x0a, 0xfe, 0xf0, 0xfe, 0xd0, 0xfe,
  0xf1, 0xfe, 0xf1, 0xfe, 0x03, 0xfe, 0x1e, 0x19, 0x31, 0x0b, 0xfe, 0xed,
  0xfe, 0xf1, 0xfe, 0xf0, 0xfe, 0xf1, 0xfe, 0xf0, 0x0e, 0x20, 0x0c, 0x0b,
  0xfe, 0x01, 0xfe, 0x00, 0x0e, 0x13, 0xfe, 0x00, 0xf0, 0x0c, 0xf1, 0x0d,
  0xf1, 0xfe, 0xf1, 0x0f, 0xfe, 0xf1, 0xfe, 0xf1, 0x0f, 0xfe, 0x01, 0xfe,
  0xf1, 0xfe, 0xf0, 0x0f, 0xfe, 0xf0, 0xfe, 0x03, 0xfe, 0xf1, 0xfe, 0xf1,
  0x0f, 0xfe, 0x01, 0xfe, 0xd8, 0xfe, 0x00, 0x0f, 0xfe, 0x01, 0xfe, 0xd9,
  0xfe, 0x00, 0x0a, 0xfe, 0xf1, 0xfe, 0xd8, 0xfe, 0xf1, 0xfe, 0xd8, 0xfe,
  0xf0, 0xfe, 0xd9, 0xfe, 0xf0, 0xfe, 0xd9, 0xfe, 0xf1, 0x19, 0x10, 0xe7,
  0x0d, 0x0f, 0xfe, 0x00, 0xe0, 0xfe, 0x12, 0x08, 0x04, 0xfe, 0xf1, 0xfe,
  0xf1, 0xfe, 0xf1, 0xfe, 0xf0, 0x09, 0x18, 0x08, 0x04, 0xfe, 0xf1, 0x09,
  0x0f, 0xfe, 0x00, 0xe0, 0xfe, 0x12, 0x08, 0xdf, 0xfe, 0x01, 0xfe, 0x16,
  0xdf, 0xfe, 0x01, 0xfe, 0x15, 0xdf, 0xfe, 0x01, 0xfe, 0x1c, 0x04, 0xfe,
  0x01, 0xfe, 0xf1, 0xfe, 0xd0, 0xfe, 0xf1, 0xfe, 0xd0, 0xfe, 0xf1, 0xfe,
  0x1d, 0xfe, 0xf1, 0xfe, 0xd0, 0xfe, 0xf1, 0xfe, 0xd0, 0xfe, 0xf0, 0xfe,
  0xd0, 0xfe, 0xf1, 0x09, 0x18, 0x08, 0x04, 0xfe, 0x01, 0xfe, 0x00, 0x09,
  0x0a, 0xfe, 0xf0, 0xfe, 0xf1, 0x19, 0x10, 0xf0, 0xf0, 0x13, 0xfe, 0xb5,
  0xfe, 0xf1, 0xfe, 0x03, 0xfe, 0xf1, 0xfe, 0xf1, 0xfe, 0xf1, 0xfe, 0xf1,
  0xfe, 0xf1, 0xfe, 0xf0, 0xfe, 0xf0, 0xfe, 0xf0, 0xfe, 0xf0, 0xfe, 0xf0,
  0xfe, 0xf0, 0xfe, 0xf1, 0xfe, 0xd0, 0xfe, 0xf1, 0xfe, 0xf1, 0xfe, 0xf0,
  0xfe, 0xf0, 0xfe, 0xf0, 0xfe, 0xf0, 0xfe, 0xf0, 0xfe, 0xf0, 0xfe, 0xf1,
  0x13, 0xfe, 0x00, 0xf1, 0x0c, 0xf1, 0xfe, 0xf1, 0xfe, 0x03, 0xfe, 0xf1,
  0xe5, 0xfe, 0xf0, 0xfe, 0xf1, 0xfe, 0xf1, 0xe5, 0xfe, 0x01, 0xfe, 0xf1,
  0xf1, 0xfe, 0xf1, 0xfe, 0xf1, 0xe5, 0xfe, 0x01, 0xfe, 0xf0, 0xfe, 0xf1,
  0xe5, 0xfe, 0x01, 0xfe, 0xf0, 0xfe, 0xf1, 0xe5, 0xfe, 0x01, 0xfe, 0xd9,
  0xfe, 0x00, 0x2a, 0xfe, 0xf1, 0x17, 0xfe, 0x00, 0x17, 0xfe, 0x00, 0x0b,
  0xfe, 0x01, 0xfe, 0x00, 0x0b, 0xfe, 0x01, 0xfe, 0x00, 0x17, 0xfe, 0x00,
  0xe5, 0xfe, 0x00, 0xd5, 0xfe, 0x00, 0xf0, 0xfe, 0x00, 0x2a, 0xfe, 0x00,
  0x17, 0xfe, 0x00, 0xd5, 0xfe, 0x00, 0xf0, 0xfe, 0x00, 0xe5, 0xfe, 0x00,
  0x2a, 0xfe, 0x00, 0xf1, 0xfe, 0x01, 0xfe, 0x2c, 0xfe, 0x2d, 0xfe, 0x2c,
  0xfe, 0x01, 0xfe, 0x03, 0xfe, 0x01, 0xfe, 0x03, 0xfe, 0x01, 0xfe, 0x03,
  0xfe, 0x01, 0xfe, 0x03, 0xfe, 0x01, 0xfe, 0x03, 0xfe, 0x01, 0xfe, 0x03,
  0xfe, 0x39, 0x0d, 0xf1, 0xfe, 0xf1, 0xfe, 0xf1, 0x23, 0xfe, 0x1f, 0xfe,
  0xf1, 0xfe, 0xf1, 0xfe, 0xf1, 0x23, 0xfe, 0xf1, 0xfe, 0xf1, 0x0f, 0xfe,
  0xf0, 0xfe, 0xf1, 0xd1, 0xfe, 0xf0, 0xfe, 0xf1, 0x0f, 0xfe, 0x27, 0xfe,
  0x05, 0xd1, 0xfe, 0xf0, 0xfe, 0x03, 0xfe, 0x05, 0xd1, 0xfe, 0x01, 0xfe,
  0xf1, 0xfe, 0xf1, 0xd1, 0xfe, 0xf1, 0xfe, 0xd0, 0xfe, 0xe2, 0x0f, 0xfe,
  0xf1, 0xd1, 0xfe, 0xf0, 0xfe, 0xd0, 0xfe, 0xf1, 0xfe, 0x03, 0xfe, 0xf1,
  0xfe, 0xf1, 0xd1, 0xfe, 0xf0, 0xfe, 0x03, 0xfe, 0xe2, 0xd1, 0xfe, 0x00,
  0xf1, 0x08, 0xc0, 0xfe, 0x01, 0xfe, 0xf1, 0xf1, 0xfe, 0xf1, 0xfe, 0xf1,
  0xf1, 0xfe, 0x01, 0xfe, 0xf1, 0xdf, 0xfe, 0x00, 0xf0, 0xfe, 0x12, 0xd6,
  0xd4, 0xfe, 0xf0, 0xfe, 0xf0, 0xd7, 0xf0, 0xd6, 0xd4, 0xfe, 0x01, 0xfe,
  0x00, 0xd7, 0xdf, 0xfe, 0x00, 0xf0, 0xfe, 0x12, 0xd6, 0xdc, 0xfe, 0xf1,
  0xfe, 0xf1, 0xfe, 0xf1, 0xfe, 0xf1, 0xfe, 0xf1, 0xd4, 0xfe, 0x01, 0xfe,
  0xf0, 0xfe, 0xd0, 0xfe, 0x05, 0xd7, 0xf0, 0xd6, 0xd4, 0xfe, 0x01, 0xfe,
  0x00, 0xd7, 0x04, 0xfe, 0x01, 0xfe, 0x00, 0x04, 0xfe, 0x01, 0xfe, 0x00,
  0x04, 0xfe, 0xf1, 0xfe, 0xf1, 0x04, 0xfe, 0x01, 0xfe, 0x00, 0x04, 0xfe,
  0x01, 0xfe, 0x00, 0x09, 0x18, 0x08, 0x04, 0xfe, 0x01, 0xfe, 0x00, 0x04,
  0xfe, 0x01, 0xfe, 0x00, 0x04, 0xfe, 0x01, 0xfe, 0x00, 0x04, 0xfe, 0x01,
  0xfe, 0x00, 0x04, 0xfe, 0x01, 0xfe, 0x00, 0x09, 0xf1, 0xfe, 0xf1, 0xfe,
  0xf0, 0x08, 0x04, 0xfe, 0x01, 0xfe, 0x00, 0x04, 0xfe, 0x01, 0xfe, 0x00,
  0x2e, 0x09, 0xf0, 0xfe, 0x01, 0xfe, 0xf0, 0xf0, 0xfe, 0x00, 0xf1, 0xfe,
  0x12, 0x08, 0x04, 0xfe, 0x01, 0xfe, 0xf0, 0x09, 0x18, 0x08, 0x04, 0xfe,
  0x01, 0xfe, 0x00, 0x09, 0xe0, 0xfe, 0x12, 0x08, 0x04, 0xfe, 0x01, 0xfe,
  0x00, 0x04, 0xfe, 0x01, 0xfe, 0x00, 0x2e, 0x09, 0x0f, 0xfe, 0x00, 0xd1,
  0xfe, 0x00, 0xe0, 0xfe, 0xf0, 0x08, 0xdf, 0xfe, 0x00, 0xf0, 0xfe, 0x12,
  0xd6, 0xdc, 0xfe, 0x00, 0xf0, 0xfe, 0x00, 0xf0, 0xfe, 0xf1, 0xf0, 0xdd,
  0xfe, 0xf1, 0xfe, 0xf1, 0xf0, 0xfe, 0x00, 0xf0, 0xee, 0xd3, 0xfe, 0x01,
  0xfe, 0x15, 0xd3, 0xfe, 0xf0, 0xfe, 0x05, 0xd3, 0xfe, 0x01, 0xfe, 0x16,
  0xd3, 0xfe, 0xf0, 0xfe, 0x05, 0xd3, 0xfe, 0x01, 0xfe, 0x1c, 0xd3, 0xfe,
  0xf0, 0xfe, 0xf1, 0xfe, 0xf1, 0xfe, 0xf0, 0xf0, 0xfe, 0xf0, 0xfe, 0x12,
  0xe6, 0xda, 0xfe, 0x1f, 0xfe, 0xf1, 0xf0, 0xec, 0xf0, 0xe6, 0xf0, 0xfe,
  0xf0, 0xfe, 0x12, 0xf0, 0xf0, 0xfe, 0x1f, 0xfe, 0xf1, 0xf0, 0xf0, 0xf1,
  0xf0, 0xf0, 0xfe, 0x1f, 0xfe, 0xf1, 0xf0, 0xf0, 0xf1, 0xec, 0xf1, 0xf0,
  0xf0, 0xfe, 0x01, 0xfe, 0xd9, 0xfe, 0x00, 0xde, 0xfe, 0xf0, 0xfe, 0xf0,
  0xde, 0xfe, 0x01, 0xfe, 0x00, 0xf0, 0xf0, 0xf0, 0xde, 0xfe, 0x01, 0xfe,
  0x00, 0xde, 0xfe, 0x01, 0xfe, 0x00, 0xf0, 0xf0, 0xfe, 0xf0, 0xfe, 0xf1,
  0xfe, 0x00, 0xf0, 0xfe, 0xf0, 0xfe, 0xf0, 0xfe, 0xf0, 0xfe, 0xf0, 0xfe,
  0x00, 0xf0, 0xfe, 0xf0, 0xfe, 0xf0, 0xfe, 0xbe, 0xfe, 0xf1, 0xfe, 0xf1,
  0xfe, 0xf1, 0xf0, 0xfe, 0xf0, 0xfe, 0xf0, 0xfe, 0xf0, 0xfe, 0xf0, 0xfe,
  0xf0, 0xfe, 0xf0, 0xfe, 0xf0, 0xfe, 0xf0, 0xdc, 0xfe, 0x00, 0xf1, 0xf0,
  0xf1, 0xfe, 0xf0, 0xfe, 0xf1, 0xf1, 0xfe, 0x12, 0xee, 0xf0, 0xfe, 0x01,
  0xfe, 0xf0, 0xfe, 0xef, 0xd3, 0xfe, 0xf0, 0xfe, 0xf1, 0xf0, 0xfe, 0xf0,
  0xfe, 0xf0, 0xfe, 0xe4, 0xfe, 0xf0, 0xfe, 0xf1, 0xfe, 0x05, 0xea, 0xfe,
  0xf1, 0xfe, 0xd2, 0xfe, 0xf0, 0xfe, 0x05, 0xf0, 0xf0, 0xf1, 0xee, 0xf0,
  0xfe, 0x12, 0xe6, 0xf2, 0xfe, 0x01, 0xfe, 0xf0, 0xfe, 0xef, 0xdb, 0xfe,
  0xf0, 0xfe, 0xf1, 0xf0, 0xfe, 0xf1, 0xfe, 0xf1, 0xfe, 0xf1, 0xf0, 0xfe,
  0xf1, 0xfe, 0xf1, 0xf0, 0xfe, 0xf1, 0xfe, 0x05, 0xdb, 0xfe, 0x01, 0xfe,
  0x15, 0xdb, 0xfe, 0xf1, 0xfe, 0x00, 0xdb, 0xfe, 0xf1, 0xfe, 0x00, 0xdb,
  0xfe, 0xf1, 0xfe, 0x00, 0xdb, 0xfe, 0x01, 0xfe, 0x16, 0xdb, 0xfe, 0xf1,
  0xfe, 0x00, 0xdb, 0xfe, 0xf1, 0xfe, 0x00, 0xdb, 0xfe, 0xf1, 0xfe, 0x00,
  0xf0, 0xfe, 0xf1, 0xfe, 0xf1, 0xfe, 0xf1, 0xfe, 0xf0, 0xfe, 0xf1, 0xf0,
  0xfe, 0xf1, 0xfe, 0xf1, 0xfe, 0xf1, 0xfe, 0xf0, 0xfe, 0xf1, 0xdb, 0xfe,
  0x01, 0xfe, 0x15, 0xdb, 0xfe, 0x01, 0xfe, 0x15, 0xdb, 0xfe, 0x01, 0xfe,
  0x16, 0xdb, 0xfe, 0x01, 0xfe, 0x16, 0xdb, 0xfe, 0xf0, 0xfe, 0x05, 0xf0,
  0xfe, 0xf0, 0xfe, 0xf0, 0xfe, 0x03, 0xfe, 0xf0, 0xfe, 0xe4, 0xfe, 0xf0,
  0xfe, 0x03, 0xfe, 0x05, 0xf0, 0xfe, 0xf0, 0xfe, 0xf0, 0xfe, 0x03, 0xfe,
  0xf0, 0xfe, 0xe4, 0xfe, 0xf0, 0xfe, 0x03, 0xfe, 0x05, 0xf0, 0xfe, 0xf0,
  0xfe, 0xf0, 0xfe, 0x03, 0xfe, 0xf0, 0xfe, 0xe4, 0xfe, 0xf0, 0xfe, 0x03,
  0xfe, 0x05, 0xf0, 0xfe, 0xf0, 0xfe, 0xf0, 0xfe, 0x03, 0xfe, 0xf0, 0xfe,
  0xe4, 0xfe, 0xf0, 0xfe, 0x03, 0xfe, 0x05, 0xda, 0xfe, 0xb5, 0xfe, 0xd0,
  0xfe, 0xf0, 0xfe, 0xd2, 0xfe, 0xf0, 0xfe, 0xf1, 0xfe, 0xd0, 0xfe, 0xf0,
  0xfe, 0xd2, 0xfe, 0xf0, 0xfe, 0xf1, 0xfe, 0xd0, 0xfe, 0xf0, 0xfe, 0xd2,
  0xfe, 0xf0, 0xfe, 0xf1, 0xfe, 0xd0, 0xfe, 0xf0, 0xfe, 0xd2, 0xfe, 0xf0,
  0xfe, 0xf1, 0xf0, 0xec, 0xf0, 0xde, 0xfe, 0xf0, 0xf0, 0xf1, 0xd4, 0xfe,
  0x01, 0xfe, 0x00, 0xd7, 0xf0, 0xd6, 0xd4, 0xfe, 0xe8, 0xd7, 0xba, 0xfe,
  0x00, 0xdf, 0xfe, 0x00, 0xf1, 0xfe, 0xf1, 0xfe, 0xf1, 0xd6, 0xf0, 0xfe,
  0x00, 0xdc, 0xfe, 0x00, 0xf1, 0xf0, 0xf0, 0xfe, 0xf1, 0xf0, 0xfe, 0xf1,
  0xf0, 0xfe, 0xf1, 0xfe, 0xf1, 0xf0, 0xfe, 0x01, 0xfe, 0xf1, 0xdd, 0xfe,
  0x01, 0xfe, 0xf0, 0xfe, 0xef, 0xdd, 0xfe, 0x01, 0xfe, 0xf0, 0xfe, 0xef,
  0xe3, 0xfe, 0x01, 0xfe, 0x1c, 0xdd, 0xfe, 0xf0, 0xfe, 0xf0, 0xfe, 0x05,
  0xdd, 0xfe, 0xf0, 0xfe, 0xf0, 0xfe, 0xf1, 0xfe, 0x00, 0xe3, 0xfe, 0xf1,
  0xfe, 0x05, 0xe3, 0xfe, 0xf1, 0xfe, 0xf0, 0xfe, 0xf1, 0xfe, 0x1d, 0xfe,
  0x00, 0xe3, 0xfe, 0x1f, 0xfe, 0xf1, 0xfe, 0x00, 0xdd, 0xfe, 0x00, 0xde,
  0xfe, 0x01, 0xfe, 0x00, 0xdd, 0xfe, 0x00, 0xe3, 0xfe, 0x00, 0xdd, 0xfe,
  0x00, 0xe3, 0xfe, 0x01, 0xfe, 0x00, 0xf0, 0xfe, 0xf1, 0xf1, 0xee, 0xf0,
  0xfe, 0x2d, 0xfe, 0x12, 0xe6, 0xda, 0xfe, 0x01, 0xfe, 0xf0, 0xfe, 0xd0,
  0xfe, 0x05, 0xf1, 0xfe, 0xf1, 0xfe, 0xf1, 0xfe, 0xf1, 0xfe, 0xf1, 0xfe,
  0x12, 0xf0, 0xf0, 0xfe, 0xe8, 0xf0, 0xfe, 0x01, 0xfe, 0x00, 0xf0, 0xf0,
  0xda, 0xfe, 0xf1, 0xfe, 0x00, 0xda, 0xfe, 0xb2, 0xda, 0xfe, 0x01, 0xfe,
  0x00, 0xf1, 0xec, 0xf0, 0xe6, 0xda, 0xfe, 0xf0, 0xda, 0xfe, 0x01, 0xfe,
  0x00, 0xf0, 0xec, 0xf0, 0xf0, 0xfe, 0xf1, 0xfe, 0xf1, 0xde, 0xfe, 0x01,
  0xfe, 0x00, 0xde, 0xfe, 0x01, 0xfe, 0xf1, 0xfe, 0xf1, 0xfe, 0x03, 0xfe,
  0xf1, 0xf0, 0xf0, 0xf0, 0xde, 0xfe, 0x01, 0xfe, 0x00, 0xde, 0xfe, 0x01,
  0xfe, 0x00, 0xf0, 0xd4, 0xfe, 0x01, 0xfe, 0x00, 0xd4, 0xfe, 0x01, 0xfe,
  0x00, 0xd7, 0xf0, 0xd6, 0xd4, 0xfe, 0x01, 0xfe, 0x00, 0xd4, 0xfe, 0x01,
  0xfe, 0x00, 0xd7, 0xf0, 0xfe, 0xf0, 0xd6, 0xd4, 0xfe, 0x01, 0xfe, 0x00,
  0xd4, 0xfe, 0x01, 0xfe, 0x00, 0xf1, 0xd7, 0x04, 0xfe, 0x01, 0xfe, 0x00,
  0x04, 0xfe, 0x01, 0xfe, 0x00, 0x09, 0x18, 0x08, 0x04, 0xfe, 0x01, 0xfe,
  0x00, 0x04, 0xfe, 0xe8, 0x09, 0x0f, 0xfe, 0x27, 0xfe, 0xd9, 0xfe, 0x05,
  0xd1, 0xfe, 0xf0, 0xfe, 0xf0, 0xd1, 0xfe, 0xf0, 0xfe, 0x03, 0xfe, 0xe2,
  0xd1, 0xfe, 0x01, 0xfe, 0xd0, 0xfe, 0x00, 0xd1, 0xfe, 0xed, 0xfe, 0xf0,
  0xfe, 0xd0, 0xfe, 0xf0, 0xfe, 0xd0, 0xfe, 0xf0, 0xd1, 0xfe, 0xf0, 0xfe,
  0x03, 0xfe, 0xe2, 0xd1, 0xfe, 0x01, 0xfe, 0xd0, 0xfe, 0x00, 0x0a, 0xfe,
  0x01, 0xfe, 0x00, 0x0a, 0xfe, 0x01, 0xfe, 0xf0, 0xfe, 0xf0, 0xfe, 0xf0,
  0xfe, 0xf0, 0xfe, 0xf0, 0xfe, 0xd0, 0xfe, 0x1d, 0xfe, 0xf0, 0xfe, 0xf0,
  0xfe, 0xf0, 0xfe, 0xf0, 0xfe, 0xf0, 0xfe, 0xd0, 0xfe, 0xf0, 0xfe, 0x24,
  0xfe, 0xf0, 0xfe, 0xf0, 0xfe, 0xf0, 0xfe, 0xd0, 0xfe, 0xf0, 0xfe, 0x24,
  0xfe, 0xf0, 0xfe, 0xf1, 0xfe, 0xf1, 0xfe, 0xf1, 0xfe, 0xf1, 0xfe, 0xd0,
  0xfe, 0x1d, 0xfe, 0x1d, 0xfe, 0x1e, 0x10, 0x17, 0xfe, 0x00, 0xf1, 0x0d,
  0xf0, 0xfe, 0x01, 0xfe, 0xf1, 0xf0, 0xfe, 0x00, 0xe0, 0xfe, 0x12, 0x08,
  0x04, 0xfe, 0xf1, 0x09, 0x18, 0x08, 0x04, 0xfe, 0x01, 0xfe, 0x00, 0x09,
  0x0f, 0xfe, 0x00, 0xe0, 0xfe, 0x12, 0x08, 0x04, 0xfe, 0xf0, 0xfe, 0x03,
  0xfe, 0xf1, 0xfe, 0xf1, 0x09, 0x18, 0x08, 0x04, 0xfe, 0x01, 0xfe, 0x00,
  0x09, 0x0a, 0xfe, 0x01, 0xfe, 0x00, 0x10, 0xe7, 0x0d, 0x0a, 0xfe, 0x01,
  0xfe, 0x00, 0x10, 0x0b, 0xfe, 0x01, 0xfe, 0x00, 0x0e, 0x20, 0x0c, 0x0b,
  0xfe, 0x01, 0xfe, 0x00, 0x0e, 0x14, 0xfe, 0xf0, 0xfe, 0xf0, 0x1a, 0xfe,
  0x26, 0xfe, 0x15, 0x1a, 0xfe, 0x2b, 0xfe, 0x16, 0x1a, 0xfe, 0x28, 0xfe,
  0x1c, 0x13, 0xfe, 0xed, 0xfe, 0xf1, 0x14, 0xfe, 0x01, 0xfe, 0x00, 0x1a,
  0xfe, 0x26, 0xfe, 0x15, 0x1a, 0xfe, 0x2b, 0xfe, 0x16, 0x1a, 0xfe, 0x28,
  0xfe, 0x1c, 0xf1, 0xfe, 0x00, 0x13, 0xfe, 0xf1, 0x14, 0xfe, 0x00, 0xf0,
  0x0c, 0xd5, 0xfe, 0xf1, 0xfe, 0x05, 0xe9, 0xfe, 0xf1, 0x0d, 0x0a, 0xfe,
  0xf1, 0x19, 0x10, 0xe9, 0xfe, 0xf1, 0x0d, 0x0a, 0xfe, 0xf1, 0x19, 0x10,
  0xd5, 0xfe, 0xf1, 0xfe, 0x16, 0xd5, 0xfe, 0x00, 0xf1, 0xfe, 0xf1, 0x0d,
  0x0a, 0xfe, 0xf1, 0xfe, 0xf1, 0xfe, 0x00, 0x10, 0xe7, 0x0d, 0x0a, 0xfe,
  0xf1, 0x10, 0xd5, 0xfe, 0xf1, 0xfe, 0xf1, 0xfe, 0xf1, 0x17, 0xfe, 0x00,
  0xf1, 0x0d, 0xf1, 0xfe, 0xf1, 0x0a, 0xfe, 0xf1, 0xfe, 0xf1, 0xfe, 0xf1,
  0xfe, 0xf1, 0xfe, 0xf1, 0x10, 0xe7, 0x0d, 0x0a, 0xfe, 0xf1, 0x10, 0x17,
  0xfe, 0x01, 0xfe, 0xf1, 0xfe, 0x05, 0x17, 0xfe, 0x00, 0xf1, 0x0d, 0x0a,
  0xfe, 0x01, 0xfe, 0xf2, 0xfe, 0xf2, 0xfe, 0xf1, 0xfe, 0xf1, 0x10, 0xe7,
  0x0d, 0x0a, 0xfe, 0x01, 0xfe, 0x00, 0x10, 0x0b, 0xfe, 0xf0, 0xfe, 0x03,
  0xfe, 0x05, 0xf0, 0xf0, 0x14, 0xfe, 0xf1, 0x13, 0xfe, 0x1f, 0xfe, 0xf1,
  0xfe, 0xf1, 0xfe, 0xf2, 0xf2, 0xfe, 0x15, 0xf2, 0xfe, 0x16, 0xf2, 0xfe,
  0x1c, 0x37, 0x25, 0x02, 0x90, 0x91, 0x92, 0x93, 0x0a, 0x94, 0x95, 0x0a,
  0x96, 0x97, 0x0a, 0x98, 0x0a, 0x99, 0x9a, 0x9b, 0x9c, 0x9d, 0x9e, 0x27,
  0x28, 0x13, 0x29, 0x13, 0x2a, 0x9f, 0xa0, 0x13, 0xa1, 0x13, 0xa2, 0xa3,
  0xa4, 0xa5, 0xa6, 0xa7, 0xa8, 0xa9, 0xaa, 0xab, 0xac, 0xad, 0xae, 0xaf,
  0xb0, 0xb1, 0xb2, 0x63, 0x90, 0x91, 0x92, 0x13, 0xb3, 0xb4, 0xb5, 0xb6,
  0xb7, 0xb8, 0xb9, 0xba, 0x8f, 0xbb, 0xbc, 0xbd, 0xbe, 0xbf, 0xc0, 0xc1,
  0xc2, 0xc3, 0xc4, 0xc5, 0xc6, 0xc7, 0xc8, 0x88, 0xc9, 0xca, 0xcb, 0xcc,
  0xcd, 0xce, 0xcf, 0xd0, 0xd1, 0xd2, 0xd3, 0xd4, 0xd5, 0xd6, 0xd7, 0xd8,
  0xd9, 0xda, 0xdb, 0xdc, 0xdd, 0xde, 0xdf, 0x0b, 0x34, 0xe0, 0xe1, 0x19,
  0xe2, 0xe3, 0x1a, 0x35, 0x36, 0x37, 0xe4, 0x36, 0x37, 0xe5, 0x6f, 0xe6,
  0xe7, 0x0b, 0x0b, 0x24, 0xe8, 0xe9, 0xea, 0xeb, 0xec, 0xed, 0xee, 0xef,
  0xf0, 0x24, 0xf1, 0xf2, 0x24, 0xf3, 0x5c, 0x5d, 0xf4, 0x38, 0x35, 0xf5,
  0xf6, 0x39, 0x1b, 0xf7, 0xf8, 0xf9, 0xfa, 0x25, 0xfb, 0x1a, 0x26, 0xfc,
  0x38, 0x3a, 0xfd, 0x3a, 0xfe, 0x26, 0xff, 0x00, 0x01, 0x02, 0x03, 0x04,
  0x27, 0x3b, 0x0b, 0x27, 0x05, 0x1e, 0x27, 0x3b, 0x06, 0x07, 0x08, 0x09,
  0x65, 0x0a, 0x0b, 0x01, 0x28, 0x16, 0x5e, 0x1e, 0x0c, 0x0d, 0x0e, 0x0c,
  0x0f, 0x10, 0x11, 0x3c, 0x12, 0x29, 0x19, 0x13, 0x14, 0x15, 0x16, 0x17,
  0x18, 0x3d, 0x70, 0x19, 0x1a, 0x1b, 0x1c, 0x3e, 0x3e, 0x1d, 0x1e, 0x1f,
  0x20, 0x3d, 0x21, 0x22, 0x23, 0x24, 0x25, 0x26, 0x89, 0x27, 0x17, 0x28,
  0x39, 0x1b, 0x29, 0x2a, 0x2b, 0x2c, 0x2d, 0x2e, 0x3f, 0x40, 0x0d, 0x41,
  0x0d, 0x42, 0x2f, 0x30, 0x31, 0x3f, 0x40, 0x0d, 0x41, 0x0d, 0x42, 0x32,
  0x33, 0x34, 0x35, 0x36, 0x0c, 0x37, 0x38, 0x39, 0x3a, 0x3b, 0x3c, 0x43,
  0x3d, 0x43, 0x3e, 0x3f, 0x71, 0x71, 0x40, 0x41, 0x42, 0x43, 0x44, 0x45,
  0x46, 0x93, 0x94, 0x44, 0x47, 0x44, 0x48, 0x87, 0x49, 0x4a, 0x4b, 0x4c,
  0x0c, 0x4d, 0x4e, 0x4f, 0x0e, 0x50, 0x95, 0x96, 0x97, 0x98, 0x99, 0x9a,
  0x01, 0x72, 0x73, 0x05, 0x01, 0x51, 0x52, 0x53, 0x54, 0x55, 0x1f, 0x05,
  0x9b, 0x9c, 0x56, 0x57, 0x66, 0x0f, 0x45, 0x0f, 0x58, 0x45, 0x1a, 0x01,
  0x74, 0x8a, 0x9d, 0x00, 0x9e, 0x9f, 0x2a, 0x8b, 0x1e, 0x1e, 0x17, 0xa0,
  0xa1, 0x29, 0x2d, 0x75, 0xa2, 0x18, 0x4f, 0x59, 0x75, 0x1c, 0x08, 0xa3,
  0x1d, 0x20, 0xa4, 0x1c, 0x08, 0xa5, 0x1d, 0x20, 0xa6, 0xa7, 0x8c, 0x2a,
  0x72, 0x73, 0x09, 0x6a, 0x00, 0x09, 0x50, 0x5f, 0xa8, 0x50, 0x76, 0x77,
  0x78, 0x79, 0x03, 0x7a, 0x7b, 0xa9, 0xaa, 0xab, 0x60, 0x7c, 0x7d, 0x7e,
  0x7f, 0x80, 0x81, 0x82, 0x83, 0xac, 0x00, 0xad, 0x5f, 0x64, 0x65, 0x14,
  0x04, 0x06, 0x66, 0x61, 0x5a, 0x6b, 0x6c, 0x8d, 0xdc, 0x2e, 0x31, 0x15,
  0x67, 0x2d, 0x2b, 0x04, 0x06, 0x66, 0x62, 0xdd, 0xde, 0xdf, 0x62, 0xe0,
  0xe1, 0x62, 0xe2, 0x68, 0x69, 0x6a, 0x68, 0x69, 0x6a, 0x62, 0x6b, 0x6c,
  0x6d, 0x3c, 0x6e, 0x62, 0x6b, 0x6c, 0x6d, 0x3c, 0x6e, 0x51, 0x84, 0x5a,
  0x52, 0x12, 0x21, 0x84, 0x5a, 0x52, 0x12, 0x21, 0x84, 0x5a, 0x52, 0x12,
  0x21, 0x84, 0x5a, 0x52, 0x12, 0x21, 0x53, 0x2e, 0xe3, 0x53, 0x2e, 0x6f,
  0x53, 0x2e, 0x6f, 0x53, 0x2e, 0xe4, 0x18, 0x15, 0x16, 0x63, 0xae, 0x05,
  0xaf, 0xb0, 0x70, 0x03, 0xb1, 0x00, 0x2a, 0x71, 0x2f, 0x72, 0x2f, 0x73,
  0x74, 0x2f, 0x75, 0x04, 0x04, 0x54, 0x55, 0x54, 0x55, 0x76, 0x77, 0x78,
  0x04, 0x79, 0x7a, 0x2a, 0x7b, 0xb2, 0x2d, 0x22, 0xb3, 0x7c, 0x7d, 0x7e,
  0x7f, 0x1c, 0x08, 0x08, 0x1d, 0x20, 0x80, 0xb4, 0x4f, 0x16, 0x18, 0x15,
  0x2b, 0x81, 0x82, 0xb5, 0x83, 0xb6, 0x09, 0x6a, 0x00, 0x09, 0x05, 0x01,
  0x68, 0xb7, 0x06, 0x25, 0x0e, 0x46, 0x10, 0x47, 0x67, 0x48, 0x49, 0x4a,
  0x4b, 0x2c, 0x4c, 0x1f, 0x4d, 0x11, 0x07, 0x02, 0x10, 0x11, 0x07, 0x02,
  0x4e, 0x59, 0x5a, 0x5b, 0xb8, 0x5c, 0x0f, 0x5d, 0x0f, 0x5e, 0x34, 0x5f,
  0x60, 0x33, 0x26, 0x61, 0x62, 0xe5, 0x19, 0xe6, 0xe7, 0x84, 0xe8, 0x84,
  0xe9, 0xea, 0xeb, 0xec, 0xed, 0xee, 0xef, 0x85, 0xf0, 0xf1, 0xf2, 0xf3,
  0xf4, 0xf5, 0xf6, 0xf7, 0xf8, 0xf9, 0xfa, 0xfb, 0x6d, 0x6e, 0x85, 0xfc,
  0x33, 0x69, 0x1b, 0xfd, 0xfe, 0xff, 0x00, 0x01, 0x02, 0x03, 0x02, 0x03,
  0x04, 0x05, 0x06, 0x07, 0x0f, 0x10, 0x1c, 0x1f, 0x84, 0x06, 0xa3, 0x81,
  0x96, 0x40, 0x96, 0x40, 0x96, 0x40, 0xed, 0x89, 0xfc, 0xb6, 0x96, 0x40,
  0xfc, 0x99, 0xcc, 0x42, 0xa3, 0x81, 0xfc, 0xb6, 0xea, 0xaa, 0xfc, 0xb6,
  0xa3, 0x81, 0xed, 0x77, 0xed, 0x77, 0xed, 0x77, 0xed, 0x77, 0xd3, 0xbf,
  0x97, 0x85, 0xed, 0x77, 0xd3, 0xbf, 0xbb, 0x4c, 0xed, 0x77, 0xd3, 0xbf,
  0xa5, 0x4f, 0xf7, 0x38, 0xa5, 0x4f, 0xa5, 0x4f, 0xd0, 0x8a, 0xcc, 0x42,
  0xa5, 0x4f, 0xeb, 0x75, 0xbb, 0x4c, 0xd0, 0x8a, 0xbc, 0x97, 0xfc, 0x99,
  0xda, 0x6e, 0xfc, 0x99, 0xed, 0x70, 0xd0, 0x8a, 0xd0, 0x8a, 0xbb, 0x4c,
  0x9d, 0x69, 0xf7, 0x38, 0xf7, 0x38, 0xaa, 0x49, 0xe8, 0x5a, 0xed, 0x89,
  0xed, 0x89, 0xe8, 0x5a, 0x0f, 0xaa, 0x49, 0xed, 0x89, 0x9e, 0x3e, 0xbc,
  0x97, 0xda, 0x6e, 0xb4, 0xa5, 0x9e, 0x3e, 0x9e, 0x3e, 0xfa, 0x87, 0x9e,
  0x3e, 0x9e, 0x3e, 0xf7, 0x33, 0xbc, 0x97, 0xda, 0x6e, 0xf8, 0x6b, 0xf7,
  0x33, 0x9c, 0x75, 0xf8, 0x6b, 0x8a, 0x5a, 0xf7, 0x33, 0x93, 0x8a, 0x8a,
  0x5a, 0xc9, 0xb0, 0xb4, 0xa5, 0xfa, 0x87, 0xb4, 0xa5, 0xfa, 0x87, 0xb4,
  0xa5, 0xfa, 0x87, 0xb4, 0xa5, 0xfa, 0x87, 0xed, 0x89, 0xc8, 0x5f, 0xc9,
  0xb0, 0xc9, 0xb0, 0x9c, 0x75, 0x8a, 0x5a, 0xf8, 0x6b, 0x8a, 0x5a, 0xf8,
  0x6b, 0x93, 0x8a, 0x9c, 0x75, 0x93, 0x8a, 0xa9, 0x33, 0xc8, 0x5f, 0xc8,
  0x5f, 0xc8, 0x5f, 0xc8, 0x5f, 0xc8, 0x5f, 0xe8, 0x5a, 0xa9, 0x33, 0xaa,
  0x49, 0x9e, 0x3e, 0x9e, 0x3e, 0xa9, 0x33, 0xcb, 0x52, 0xbc, 0x97, 0xda,
  0x6e, 0xe8, 0x5a, 0x0f, 0xaa, 0x49, 0xcb, 0x52, 0xcb, 0x52, 0x8e, 0xc3,
  0xaa, 0x49, 0xc5, 0x74, 0xcc, 0x42, 0x8e, 0xc3, 0xf7, 0x38, 0x8e, 0xc3,
  0xe9, 0x4d, 0xcd, 0x3c, 0xed, 0x89, 0xe1, 0x3f, 0xbc, 0x97, 0xda, 0x6e,
  0xcd, 0x3c, 0xe1, 0x3f, 0xe1, 0x3f, 0xe8, 0x5a, 0xe1, 0x3f, 0xe1, 0x3f,
  0xe8, 0x5a, 0xe1, 0x3f, 0xe1, 0x3f, 0xe8, 0x5a, 0xcc, 0x52, 0xbc, 0x97,
  0xda, 0x6e, 0xcd, 0x3c, 0xcc, 0x52, 0xcc, 0x52, 0xf2, 0x33, 0xc8, 0x31,
  0x8e, 0xc3, 0xde, 0x8e, 0x9d, 0x69, 0xec, 0x75, 0xcd, 0x3c, 0xea, 0xaa,
  0xb7, 0x33, 0xda, 0x8c, 0xc8, 0x31, 0xc8, 0x31, 0xf2, 0x33, 0xde, 0x8e,
  0xcf, 0x35, 0xde, 0x8e, 0xf2, 0x33, 0xe8, 0x62, 0xec, 0x75, 0x97, 0x51,
  0xe8, 0x62, 0xe8, 0x62, 0x88, 0x82, 0xec, 0x75, 0x88, 0x82, 0x97, 0x51,
  0x88, 0x82, 0x97, 0x51, 0xf5, 0x48, 0xda, 0x8c, 0xcf, 0x35, 0xda, 0x8c,
  0xcf, 0x35, 0x88, 0x82, 0xb7, 0x33, 0xc8, 0x31, 0xde, 0x8e, 0xf5, 0x48,
  0xda, 0x8c, 0xcf, 0x35, 0xf5, 0x48, 0x88, 0x82, 0xb7, 0x33, 0x90, 0xa7,
  0xda, 0x8c, 0xcf, 0x35, 0xb1, 0x72, 0x88, 0x82, 0x90, 0xa7, 0xf5, 0x48,
  0x90, 0xa7, 0xb7, 0x33, 0xb1, 0x72, 0xb1, 0x72, 0xb1, 0x72, 0xc8, 0x31,
  0xde, 0x8e, 0xe9, 0x4d, 0xc5, 0x74, 0xb7, 0x33, 0xf2, 0x33, 0xf7, 0x38,
  0xe9, 0x4d, 0xc5, 0x74, 0xc9, 0x6e, 0xbb, 0x3e, 0xd6, 0xaa, 0xa3, 0x81,
  0xb8, 0xbb, 0xd6, 0xaa, 0xbb, 0x3e, 0x85, 0xb5, 0xd6, 0xaa, 0xa3, 0x81,
  0xbb, 0x3e, 0x9f, 0xc0, 0xa3, 0x81, 0xb8, 0xbb, 0x8c, 0x3e, 0xa3, 0x81,
  0xb8, 0xbb, 0xc9, 0x6e, 0x9f, 0xc0, 0x85, 0xb5, 0x8c, 0x3e, 0x85, 0xb5,
  0x8c, 0x3e, 0x85, 0xb5, 0x9f, 0xc0, 0x85, 0xb5, 0xac, 0x55, 0x04, 0xac,
  0x55, 0xa3, 0x81, 0xa3, 0x81, 0xa3, 0x81, 0xac, 0x55, 0xc1, 0x7d, 0x05,
  0xab, 0x9f, 0xa3, 0x81, 0xbe, 0x7a, 0xa3, 0x81, 0xb2, 0x5a, 0xa3, 0x81,
  0xc1, 0x7d, 0xac, 0x55, 0xab, 0x9f, 0xbe, 0x7a, 0xab, 0x9f, 0xb2, 0x5a,
  0xb2, 0x5a, 0xb2, 0x5a, 0xb2, 0x5a, 0xbe, 0x7a, 0xbe, 0x7a, 0xbe, 0x7a,
  0xab, 0x9f, 0xab, 0x9f, 0xc1, 0x7d, 0xac, 0x55, 0xc9, 0x6e, 0xc1, 0x7d,
  0xc4, 0xbf, 0xed, 0x70, 0xea, 0xaa, 0xa3, 0x81, 0x9d, 0x69, 0xa5, 0x4f,
  0xa5, 0x4f, 0xeb, 0x75, 0xe9, 0x4d, 0xbb, 0x4c, 0xe9, 0x4d, 0xbb, 0x4c,
  0xe9, 0x4d, 0xbb, 0x4c, 0xe9, 0x4d, 0x97, 0x85, 0xc9, 0x6e, 0xed, 0x70,
  0x8e, 0xc3, 0x97, 0x85, 0x8e, 0xc3, 0x97, 0x85, 0x8e, 0xc3, 0x97, 0x85,
  0x8e, 0xc3, 0xd0, 0x87, 0xef, 0x44, 0xbc, 0x97, 0xfc, 0x99, 0xb1, 0x3c,
  0xef, 0x44, 0xef, 0x44, 0xb2, 0x65, 0xb1, 0x3c, 0xab, 0xab, 0xb1, 0x3c,
  0xb2, 0xa5, 0xab, 0xab, 0xb2, 0x65, 0xf4, 0x8d, 0xab, 0xab, 0xb2, 0x65,
  0xfe, 0x4b, 0xb2, 0xa5, 0xf4, 0x8d, 0xcb, 0x59, 0xa7, 0x57, 0x92, 0x6c,
  0xa7, 0x57, 0x06, 0x92, 0x6c, 0xc4, 0xbf, 0xf8, 0x45, 0xc7, 0x6f, 0x89,
  0x70, 0xb4, 0x76, 0xb6, 0xa9, 0x9f, 0xac, 0x88, 0x70, 0xb1, 0x76, 0xb2,
  0x76, 0xb3, 0x76, 0xe7, 0x3e, 0xb2, 0xa5, 0xe7, 0x3e, 0xfe, 0x4b, 0xa7,
  0x57, 0xf8, 0x45, 0x88, 0x70, 0x89, 0x70, 0xb1, 0x76, 0xb4, 0x76, 0xb2,
  0x76, 0xc7, 0x6f, 0xb3, 0x76, 0xb6, 0xa9, 0x92, 0x6c, 0x9f, 0xac, 0xe7,
  0x3e, 0xc9, 0x8f, 0xe7, 0x3e, 0xca, 0x39, 0xc9, 0x8f, 0xe7, 0x3e, 0xe7,
  0x3e, 0xa6, 0x5e, 0xca, 0x39, 0xe2, 0x36, 0xca, 0x39, 0x9e, 0xbf, 0xca,
  0x39, 0xa3, 0x7b, 0xe2, 0x36, 0x93, 0x96, 0xe2, 0x36, 0xe2, 0x36, 0xf4,
  0x33, 0x93, 0x96, 0xca, 0x39, 0xbe, 0x84, 0xf4, 0x33, 0xf4, 0x33, 0xda,
  0x86, 0xd5, 0x71, 0xbe, 0x84, 0xbe, 0x84, 0xda, 0x86, 0xda, 0x86, 0x93,
  0x96, 0xae, 0x48, 0xa3, 0x81, 0xa3, 0x7b, 0xa8, 0x57, 0xb9, 0x91, 0xa6,
  0x5e, 0xb9, 0xab, 0xa6, 0x5e, 0x9d, 0x46, 0xb9, 0x91, 0xad, 0x55, 0x9d,
  0x46, 0xad, 0x55, 0xb9, 0xab, 0xad, 0x55, 0x88, 0x70, 0xac, 0x52, 0x9d,
  0x46, 0xc0, 0x79, 0xca, 0x39, 0xa3, 0x7b, 0xca, 0x39, 0xca, 0x39, 0xac,
  0x52, 0xd5, 0x71, 0xc0, 0x79, 0xc0, 0x79, 0xac, 0x52, 0xd5, 0x71, 0xa8,
  0x57, 0xac, 0x52, 0x89, 0x70, 0xad, 0x55, 0xb4, 0x76, 0xca, 0x39, 0xc7,
  0x6f, 0xb9, 0x91, 0xb6, 0xa9, 0xb9, 0xab, 0xa8, 0x57, 0xd5, 0x71, 0x89,
  0x70, 0x88, 0x70, 0xb4, 0x76, 0xb1, 0x76, 0xc7, 0x6f, 0xb2, 0x76, 0xb6,
  0xa9, 0xb3, 0x76, 0xca, 0x39, 0xcb, 0x59, 0xf8, 0x45, 0xa7, 0x57, 0x9f,
  0xac, 0x92, 0x6c, 0xe1, 0xa5, 0xae, 0x48, 0xae, 0x55, 0xe1, 0xa5, 0xae,
  0x55, 0xa8, 0x57, 0xae, 0x55, 0xe1, 0xa5, 0xae, 0x55, 0xf8, 0x45, 0xa7,
  0x57, 0x9f, 0xac, 0x92, 0x6c, 0x8b, 0x46, 0xa0, 0x88, 0xae, 0x48, 0xbc,
  0x9b, 0xb4, 0x76, 0xcb, 0x3c, 0xbf, 0x50, 0xc7, 0x6f, 0xde, 0xa3, 0xca,
  0x39, 0xc4, 0x6b, 0xc5, 0x6c, 0xde, 0xa3, 0xa3, 0x7c, 0xc5, 0x6c, 0xc9,
  0x3c, 0xde, 0xa3, 0xb5, 0x9d, 0xc9, 0x3c, 0xd2, 0x32, 0xde, 0xa3, 0x8d,
  0x96, 0xa3, 0x7c, 0xb5, 0x9d, 0xd2, 0x32, 0x8d, 0x96, 0xa3, 0x7c, 0xc4,
  0x6b, 0xc5, 0x6c, 0x8d, 0x96, 0xb5, 0x9d, 0xc4, 0x6b, 0xc9, 0x3c, 0xc4,
  0x6b, 0xd2, 0x32, 0x9f, 0xaa, 0xb6, 0xa9, 0xc4, 0x6b, 0xcb, 0x3c, 0x9f,
  0xaa, 0xbf, 0x50, 0x9f, 0xaa, 0xcb, 0x3c, 0x89, 0x70, 0xbf, 0x50, 0xb6,
  0xa9, 0x99, 0x46, 0xbf, 0x50, 0xcb, 0x3c, 0xbc, 0x7c, 0xbf, 0x50, 0xbf,
  0x50, 0xbf, 0x50, 0xa3, 0x81, 0xd3, 0x5f, 0xa3, 0x81, 0xbc, 0x7c, 0x99,
  0x46, 0xbc, 0x7c, 0x99, 0x46, 0x8a, 0x40, 0xbf, 0x50, 0xd3, 0x5f, 0xbf,
  0x50, 0xd3, 0x5f, 0xbf, 0x50, 0xd3, 0x5f, 0xbf, 0x50, 0xad, 0x52, 0xc9,
  0x60, 0xbf, 0x50, 0x02, 0xdf, 0xa2, 0x8a, 0x40, 0x8a, 0x40, 0xc8, 0x44,
  0xdf, 0xa2, 0xb4, 0x92, 0xdf, 0xa2, 0xbf, 0x50, 0xbf, 0x50, 0xc9, 0x60,
  0xc8, 0x44, 0xad, 0x52, 0xb4, 0x92, 0xb4, 0x92, 0xc8, 0x44, 0x03, 0xb7,
  0x96, 0x8a, 0x40, 0x8a, 0x40, 0x97, 0x56, 0xb7, 0x96, 0xb1, 0xbb, 0xb7,
  0x96, 0x97, 0x56, 0xde, 0x81, 0xb1, 0xbb, 0xdd, 0xb8, 0xb1, 0xbb, 0xa1,
  0x7d, 0xdd, 0xb8, 0x83, 0x46, 0xa1, 0x7d, 0xef, 0x6e, 0x83, 0x46, 0xe6,
  0x5c, 0x83, 0x46, 0xbe, 0x9c, 0xdd, 0xb8, 0xc9, 0x61, 0xbe, 0x9c, 0xa5,
  0x76, 0xc9, 0x61, 0xd4, 0xae, 0xc9, 0x61, 0x92, 0x69, 0xa1, 0x7d, 0xef,
  0x6e, 0xa1, 0x7d, 0xe6, 0x5c, 0x90, 0x99, 0xbe, 0x9c, 0xa5, 0x76, 0xbe,
  0x9c, 0xd4, 0xae, 0xc9, 0xad, 0x92, 0x69, 0xa5, 0x5d, 0x90, 0x99, 0xf7,
  0xb7, 0x92, 0x69, 0xf8, 0xb7, 0x90, 0x99, 0xbd, 0x31, 0xc9, 0x60, 0xe1,
  0x78, 0xde, 0x81, 0xc9, 0xad, 0xa5, 0x5d, 0xbf, 0x50, 0xbf, 0x50, 0xbd,
  0x31, 0x97, 0x56, 0xe2, 0x78, 0xde, 0x81, 0xf7, 0xb7, 0xa5, 0x5d, 0xbf,
  0x50, 0xbf, 0x50, 0xbd, 0x31, 0x97, 0x56, 0xe3, 0x78, 0xde, 0x81, 0xc9,
  0xad, 0xf8, 0xb7, 0xbf, 0x50, 0xbf, 0x50, 0xbd, 0x31, 0x97, 0x56, 0xe5,
  0x78, 0xde, 0x81, 0xf7, 0xb7, 0xf8, 0xb7, 0xbf, 0x50, 0xbf, 0x50, 0xbd,
  0x31, 0x97, 0x56, 0xad, 0x52, 0xef, 0x6e, 0xa5, 0x76, 0xe1, 0x78, 0xe1,
  0x78, 0x97, 0x56, 0xe6, 0x5c, 0xa5, 0x76, 0xe2, 0x78, 0xe2, 0x78, 0x97,
  0x56, 0xef, 0x6e, 0xd4, 0xae, 0xe3, 0x78, 0xe3, 0x78, 0x97, 0x56, 0xe6,
  0x5c, 0xd4, 0xae, 0xe5, 0x78, 0xe5, 0x78, 0x97, 0x56, 0xad, 0x52, 0xbc,
  0x9b, 0xad, 0x52, 0xbc, 0x9b, 0xec, 0x4e, 0xed, 0x5a, 0xa6, 0x5e, 0xbc,
  0x9b, 0xf3, 0x57, 0x8d, 0x6b, 0xd1, 0x37, 0xd0, 0x56, 0xbd, 0x61, 0xa3,
  0x7b, 0xda, 0x96, 0xd0, 0x56, 0x85, 0xa3, 0xd0, 0x56, 0xd0, 0x56, 0x87,
  0xa3, 0xbd, 0x61, 0xbd, 0x61, 0x82, 0x40, 0x85, 0xa3, 0xdd, 0x3c, 0x85,
  0xa3, 0x82, 0x40, 0xb3, 0x38, 0x87, 0xa3, 0x87, 0xa3, 0xdd, 0x3c, 0xc3,
  0xaa, 0xd1, 0x37, 0x88, 0x3a, 0xda, 0x96, 0xda, 0x96, 0x82, 0x40, 0xc3,
  0xaa, 0xa6, 0xa4, 0xc3, 0xaa, 0xc3, 0xaa, 0xb9, 0x3d, 0xb9, 0x3d, 0xa7,
  0x57, 0xec, 0x53, 0xd5, 0x3e, 0xfb, 0x47, 0xa9, 0x57, 0xa6, 0xa4, 0xfc,
  0x65, 0xfc, 0x65, 0xd1, 0x37, 0xec, 0x53, 0xdd, 0x3c, 0xb3, 0x38, 0xa9,
  0x57, 0x88, 0x3a, 0xec, 0x53, 0xec, 0x53, 0xec, 0x53, 0x88, 0x3a, 0xd5,
  0x3e, 0xfb, 0x47, 0xec, 0x53, 0xa9, 0x57, 0xc3, 0xaa, 0xfc, 0x65, 0xb9,
  0x3d, 0xec, 0x53, 0xd5, 0x3e, 0xfb, 0x47, 0xb9, 0x3d, 0xb6, 0x93, 0xfb,
  0x47, 0xf3, 0x57, 0xfb, 0x47, 0x8d, 0x6b, 0xbc, 0x9b, 0xd5, 0x3e, 0xb6,
  0x93, 0xb6, 0x93, 0xf3, 0x57, 0xa7, 0x57, 0x8d, 0x6b, 0xbc, 0x9b, 0xec,
  0x4e, 0xf3, 0x57, 0xed, 0x5a, 0x8d, 0x6b, 0xec, 0x4e, 0xa7, 0x57, 0xed,
  0x5a, 0xbc, 0x9b, 0xed, 0x5a, 0xf8, 0x45, 0xec, 0x4e, 0x9f, 0xac, 0x92,
  0x6c, 0x8b, 0x46, 0xec, 0x4e, 0xa0, 0x88, 0xed, 0x5a, 0x8b, 0x46, 0xa7,
  0x57, 0xa0, 0x88, 0xf2, 0x5e, 0xfc, 0xb6, 0xa3, 0x7b, 0xc9, 0x72, 0xae,
  0x48, 0x90, 0x58, 0xa3, 0x81, 0xf2, 0x5e, 0xf0, 0x3f, 0x90, 0x58, 0xf7,
  0x38, 0xc1, 0x5f, 0xf7, 0x38, 0x90, 0x58, 0x90, 0x58, 0xf0, 0x3f, 0xf0,
  0x3f, 0xff, 0x87, 0xa3, 0x7b, 0xf2, 0x5e, 0xef, 0x33, 0xff, 0x87, 0xff,
  0x87, 0xf8, 0x45, 0x8b, 0x46, 0x9f, 0xac, 0x92, 0x6c, 0x97, 0x85, 0xbb,
  0x4c, 0xbb, 0x4c, 0xbb, 0x4c, 0xef, 0x33, 0xef, 0x33, 0xff, 0x87, 0xc1,
  0x5f, 0xc1, 0x5f, 0xc9, 0x72, 0xcc, 0x42, 0x9d, 0x69, 0xcc, 0x42, 0xcc,
  0x42, 0x9d, 0x69, 0xcc, 0x42, 0xc9, 0x72, 0x9d, 0x69, 0xc9, 0x72, 0xc9,
  0x72, 0x9d, 0x69, 0xeb, 0x75, 0xca, 0x39, 0xca, 0x39, 0x9e, 0xbf, 0x9e,
  0xbf, 0xa8, 0x57, 0xc9, 0x72, 0xa0, 0x88, 0xaf, 0x52, 0xd7, 0xaa, 0xf4,
  0x8d, 0xaf, 0x55, 0xd7, 0xaa, 0xaf, 0x55, 0xaf, 0x55, 0xd7, 0xaa, 0xae,
  0x52, 0xaf, 0x55, 0xae, 0x52, 0x92, 0x6c, 0x84, 0x06, 0xf4, 0x8d, 0xae,
  0x52, 0x92, 0x6c, 0xaf, 0x52, 0xae, 0x52, 0xaf, 0x52, 0x92, 0x6c, 0xd0,
  0x87, 0xaf, 0x52, 0xd0, 0x87, 0xc4, 0xbf, 0xd5, 0x7a, 0xd0, 0x87, 0xd5,
  0x7a, 0xd0, 0x87, 0xd5, 0x7a, 0xd0, 0x87, 0xd5, 0x7a, 0xd0, 0x87, 0xe6,
  0x6e, 0xd5, 0x7a, 0xd0, 0xab, 0xd5, 0x7a, 0xd0, 0xab, 0xe6, 0x6e, 0xd0,
  0xab, 0xe6, 0x6e, 0xd0, 0xab, 0xe6, 0x6e, 0xd0, 0xab, 0xa9, 0x7e, 0xae,
  0xa2, 0xd5, 0x9c, 0xa9, 0x7e, 0xd5, 0x9c, 0xae, 0xa2, 0xd5, 0x9c, 0xae,
  0xa2, 0xb7, 0x72, 0xa9, 0x7e, 0x8f, 0x3a, 0xb7, 0x72, 0x8f, 0x3a, 0xb7,
  0x72, 0xb7, 0x72, 0x8f, 0x3a, 0x8f, 0x57, 0x8f, 0x3a, 0xd5, 0x9c, 0xb3,
  0x4a, 0xfd, 0x3d, 0xb3, 0x4a, 0xa9, 0x7e, 0xfd, 0x3d, 0xfd, 0x3d, 0xd5,
  0x9c, 0xb3, 0x4a, 0x86, 0x71, 0xb3, 0x4a, 0x8f, 0x57, 0xd1, 0x87, 0xd1,
  0x87, 0x86, 0x71, 0xa9, 0x7e, 0x8f, 0x3a, 0xd5, 0x9c, 0xd1, 0x87, 0x86,
  0x71, 0xae, 0xa2, 0xd1, 0x87, 0x8f, 0x57, 0x85, 0x7a, 0xa4, 0x31, 0x85,
  0x7a, 0xae, 0xa2, 0xae, 0xa2, 0xa4, 0x31, 0xa4, 0x31, 0xa4, 0x31, 0xdb,
  0xe8, 0x00, 0x00, 0x2f, 0x0f, 0x00, 0x00, 0xbe, 0x03, 0x00, 0x00, 0x2f,
  0x0f, 0x00, 0x00, 0x99, 0x0a, 0x00, 0x00, 0xb4, 0xf0, 0x02, 0x32, 0x33,
  0x02, 0x34, 0x02, 0xf0, 0xf0, 0x07, 0xf0, 0xf0, 0xf0, 0x0c, 0xe1, 0x0e,
  0xf0, 0x0c, 0xe1, 0x0e, 0xf0, 0xf0, 0x0c, 0xe1, 0x0e, 0xf0, 0x0c, 0xe1,
  0x0e, 0xf0, 0xf0, 0x0c, 0xe1, 0x0e, 0xf0, 0xf0, 0x0c, 0xe1, 0x0e, 0xf0,
  0x0c, 0xe1, 0x0e, 0x06, 0x02, 0x3a, 0x07, 0x3b, 0x3c, 0x3d, 0x3e, 0x3f,
  0x40, 0x41, 0x06, 0x02, 0x42, 0x43, 0x22, 0x44, 0x02, 0x45, 0x07, 0x46,
  0x06, 0x02, 0x47, 0x07, 0x48, 0x49, 0x4a, 0x4b, 0x4c, 0x4d, 0x4e, 0x4f,
  0x50, 0x51, 0x52, 0x53, 0x54, 0x55, 0x56, 0x57, 0x58, 0x59, 0x5a, 0x5b,
  0x5c, 0x5d, 0x5e, 0x5f, 0x60, 0x61, 0x62, 0x63, 0x64, 0x65, 0x66, 0x67,
  0x68, 0x69, 0x6a, 0x6b, 0x6c, 0x6d, 0x6e, 0x6f, 0x70, 0x71, 0x72, 0x73,
  0x74, 0x75, 0x76, 0x77, 0x78, 0x79, 0x7a, 0x7b, 0x7c, 0x7d, 0x7e, 0x7f,
  0x80, 0x81, 0x82, 0x83, 0x84, 0x85, 0x86, 0x87, 0x88, 0x89, 0x8a, 0x8b,
  0x8c, 0x8d, 0x8e, 0x8f, 0x90, 0x91, 0x92, 0x93, 0x94, 0x95, 0x96, 0x97,
  0x98, 0x99, 0x9a, 0x9b, 0x9c, 0x9d, 0x9e, 0x9f, 0xa0, 0xa1, 0x06, 0x02,
  0xc2, 0x07, 0xc3, 0xc4, 0xc5, 0xc6, 0xc7, 0xc8, 0xc9, 0xca, 0xcb, 0xcc,
  0x06, 0x02, 0xcd, 0x07, 0xce, 0x06, 0x02, 0xf0, 0x07, 0xf0, 0xf0, 0xf0,
  0x06, 0x02, 0xf2, 0xf2, 0xf0, 0xfe, 0xf2, 0xf0, 0xfe, 0xf2, 0xf0, 0xf0,
  0xf0, 0xfe, 0xf0, 0xf0, 0xfe, 0xf0, 0xf1, 0xf1, 0xf0, 0xfe, 0xf1, 0xf0,
  0xf0, 0x22, 0xf0, 0x02, 0xf0, 0x07, 0xf0, 0x06, 0x02, 0xf0, 0xf0, 0x22,
  0xf0, 0x02, 0xf0, 0x07, 0xf0, 0x06, 0x02, 0xf0, 0x07, 0xf0, 0x06, 0x02,
  0xf0, 0xf0, 0xf0, 0xf0, 0xf2, 0xf2, 0xf1, 0xfe, 0x21, 0xf1, 0xfe, 0x21,
  0xb9, 0xfe, 0x21, 0xf1, 0xfe, 0x21, 0xf1, 0xfe, 0x21, 0xf0, 0xfe, 0x21,
  0xb9, 0xfe, 0x21, 0x02, 0xa2, 0xb7, 0xf0, 0xf0, 0xf0, 0xa3, 0xa4, 0xb8,
  0xf0, 0xf0, 0xf0, 0xf0, 0xf0, 0xf1, 0xf0, 0xf0, 0xf0, 0xf0, 0xf0, 0xf0,
  0xf0, 0xf0, 0xf0, 0x06, 0x02, 0xa5, 0xa6, 0xa7, 0xa8, 0xa9, 0xaa, 0xab,
  0x06, 0x02, 0xf0, 0xf0, 0xf0, 0x06, 0x02, 0xf0, 0xfe, 0xf0, 0x02, 0x35,
  0x07, 0xf0, 0x06, 0x02, 0x38, 0x07, 0xaf, 0xb0, 0xac, 0xad, 0xcf, 0x06,
  0x02, 0xf0, 0x07, 0xae, 0xf0, 0x36, 0x13, 0xfe, 0xf0, 0x13, 0xfe, 0x00,
  0xf0, 0x0c, 0x0b, 0xfe, 0xf0, 0x0e, 0x20, 0x0c, 0x0b, 0xfe, 0xf0, 0x0e,
  0x11, 0xfe, 0x00, 0x13, 0xfe, 0x27, 0xfe, 0x05, 0xbf, 0xfe, 0xf0, 0x11,
  0xfe, 0xf0, 0xfe, 0x03, 0xfe, 0xf0, 0x13, 0xfe, 0xf0, 0xfe, 0x03, 0xfe,
  0x05, 0x14, 0xfe, 0xf0, 0x1a, 0xfe, 0xf0, 0x1a, 0xfe, 0xf0, 0x1a, 0xfe,
  0xf0, 0x11, 0xfe, 0xf0, 0x13, 0xfe, 0x01, 0xfe, 0xf0, 0xfe, 0x00, 0x13,
  0xfe, 0x1f, 0xfe, 0xf0, 0xfe, 0x05, 0x11, 0xfe, 0xf0, 0x11, 0xfe, 0x01,
  0xfe, 0xd0, 0xfe, 0x00, 0x14, 0xfe, 0xf0, 0xfe, 0x03, 0xfe, 0xf0, 0x13,
  0xfe, 0xf0, 0xfe, 0xf0, 0xfe, 0xf0, 0x11, 0xfe, 0x01, 0xfe, 0x15, 0x11,
  0xfe, 0xf0, 0xfe, 0x16, 0x13, 0xfe, 0xf0, 0xfe, 0xf0, 0xfe, 0xf0, 0xfe,
  0x05, 0x11, 0xfe, 0x01, 0xfe, 0xd0, 0xfe, 0x00, 0x11, 0xfe, 0x00, 0x14,
  0xfe, 0x00, 0xf0, 0x0c, 0x0b, 0xfe, 0xf0, 0xe9, 0xfe, 0xf0, 0x0d, 0x0a,
  0xfe, 0x01, 0xfe, 0x00, 0x0a, 0xfe, 0xe8, 0x19, 0x10, 0xe9, 0xfe, 0xf0,
  0x0d, 0x0f, 0xfe, 0xeb, 0xfe, 0x03, 0xfe, 0xf0, 0xf0, 0xfe, 0xf0, 0xfe,
  0xd2, 0xfe, 0xf0, 0xf0, 0xfe, 0xf0, 0xfe, 0xd2, 0xfe, 0xf0, 0xf0, 0xfe,
  0xf0, 0xfe, 0x03, 0xfe, 0xf0, 0xd1, 0xfe, 0x01, 0xfe, 0x15, 0xd1, 0xfe,
  0xf0, 0xfe, 0x00, 0xd1, 0xfe, 0x01, 0xfe, 0x16, 0xd1, 0xfe, 0xf0, 0xfe,
  0x00, 0xf0, 0xfe, 0xf0, 0xfe, 0xf0, 0xfe, 0xf0, 0xfe, 0xf0, 0xfe, 0xf0,
  0xfe, 0xf0, 0xfe, 0xf0, 0xfe, 0xf0, 0xfe, 0xf0, 0xfe, 0x00, 0xf0, 0xfe,
  0xf0, 0xfe, 0xd0, 0xfe, 0xf0, 0xfe, 0xd0, 0xfe, 0x03, 0xfe, 0xd0, 0xfe,
  0x03, 0xfe, 0xd0, 0xfe, 0x03, 0xfe, 0xd0, 0xfe, 0x05, 0xf0, 0xfe, 0x01,
  0xfe, 0xf0, 0xfe, 0xf0, 0xfe, 0xf0, 0xfe, 0x1b, 0xfe, 0xef, 0x0a, 0xfe,
  0x01, 0xfe, 0x00, 0x0a, 0xfe, 0xf0, 0xfe, 0xd2, 0xfe, 0xf0, 0xfe, 0x05,
  0x19, 0x10, 0xe7, 0x0d, 0x0f, 0xfe, 0xeb, 0xfe, 0x03, 0xfe, 0xf0, 0x0a,
  0xfe, 0x01, 0xfe, 0x00, 0x0a, 0xfe, 0xf0, 0xfe, 0xd2, 0xfe, 0xf0, 0x19,
  0x10, 0xf0, 0xf0, 0x11, 0xfe, 0xf0, 0xfe, 0x05, 0x11, 0xfe, 0xf0, 0xfe,
  0xd9, 0xfe, 0xf0, 0xfe, 0xf0, 0xfe, 0xf0, 0x11, 0xfe, 0x00, 0xf0, 0x0c,
  0x17, 0xfe, 0x00, 0xe9, 0xfe, 0xf0, 0x0d, 0x0f, 0xfe, 0xeb, 0xfe, 0x03,
  0xfe, 0xf0, 0x0a, 0xfe, 0xf0, 0xfe, 0xd2, 0xfe, 0xf0, 0xfe, 0xf0, 0xfe,
  0xd2, 0xfe, 0xf0, 0xfe, 0xf0, 0xfe, 0xd2, 0xfe, 0xf0, 0xfe, 0x1e, 0x10,
  0xe7, 0x0d, 0x0f, 0xfe, 0xeb, 0xfe, 0x03, 0xfe, 0xf0, 0x0a, 0xfe, 0xf0,
  0xfe, 0xd2, 0xfe, 0xf1, 0x10, 0xd5, 0xfe, 0x00, 0xd5, 0xfe, 0xf1, 0xfe,
  0x05, 0xd5, 0xfe, 0xf1, 0xfe, 0x05, 0xd5, 0xfe, 0xf1, 0xfe, 0xf1, 0xfe,
  0x05, 0xd5, 0xfe, 0x00, 0x30, 0x0d, 0xd1, 0xfe, 0xf0, 0xfe, 0xf0, 0xfe,
  0x05, 0x0a, 0xfe, 0xf0, 0xfe, 0x00, 0xd1, 0xfe, 0xf0, 0xfe, 0xf1, 0xfe,
  0x05, 0xd1, 0xfe, 0xf0, 0xfe, 0x05, 0xd1, 0xfe, 0xf0, 0xfe, 0xf0, 0xfe,
  0x05, 0xd1, 0xfe, 0x00, 0xe0, 0xfe, 0xf1, 0x08, 0x04, 0xfe, 0x01, 0xfe,
  0x00, 0x09, 0x18, 0x08, 0x04, 0xfe, 0xf1, 0xfe, 0x00, 0x09, 0xd1, 0xfe,
  0x00, 0xf1, 0xfe, 0x03, 0xfe, 0xf1, 0xfe, 0x03, 0xfe, 0xf0, 0xfe, 0xf1,
  0x08, 0x04, 0xfe, 0xf1, 0xfe, 0x03, 0xfe, 0x05, 0x29, 0x09, 0x18, 0x08,
  0x04, 0xfe, 0x01, 0xfe, 0xd9, 0xfe, 0x00, 0xf0, 0xfe, 0xf0, 0xfe, 0x12,
  0xd6, 0xd4, 0xfe, 0xf0, 0xf0, 0xd7, 0x09, 0xd1, 0xfe, 0xf0, 0xfe, 0xd8,
  0xfe, 0x05, 0xd1, 0xfe, 0xf1, 0xfe, 0xd8, 0xfe, 0xf1, 0xfe, 0xd8, 0xfe,
  0xf1, 0x0a, 0xfe, 0xf0, 0xfe, 0xd0, 0xfe, 0xf1, 0xfe, 0xf1, 0xfe, 0x03,
  0xfe, 0x1e, 0x19, 0x31, 0x0b, 0xfe, 0xed, 0xfe, 0xf1, 0xfe, 0xf0, 0xfe,
  0xf1, 0xfe, 0xf0, 0x0e, 0x20, 0x0c, 0x0b, 0xfe, 0x01, 0xfe, 0x00, 0x0e,
  0x13, 0xfe, 0x00, 0xf0, 0x0c, 0xf1, 0x0d, 0xf1, 0xfe, 0xf1, 0x0f, 0xfe,
  0xf1, 0xfe, 0xf1, 0x0f, 0xfe, 0x01, 0xfe, 0xf1, 0xfe, 0xf0, 0x0f, 0xfe,
  0xf0, 0xfe, 0x03, 0xfe, 0xf1, 0xfe, 0xf1, 0x0f, 0xfe, 0x01, 0xfe, 0xd8,
  0xfe, 0x00, 0x0f, 0xfe, 0x01, 0xfe, 0xd9, 0xfe, 0x00, 0x0a, 0xfe, 0xf1,
  0xfe, 0xd8, 0xfe, 0xf1, 0xfe, 0xd8, 0xfe, 0xf0, 0xfe, 0xd9, 0xfe, 0xf0,
  0xfe, 0xd9, 0xfe, 0xf1, 0x19, 0x10, 0xe7, 0x0d, 0x0f, 0xfe, 0x00, 0xe0,
  0xfe, 0x12, 0x08, 0x04, 0xfe, 0xf1, 0xfe, 0xf1, 0xfe, 0xf1, 0xfe, 0xf0,
  0x09, 0x18, 0x08, 0x04, 0xfe, 0xf1, 0x09, 0x0f, 0xfe, 0x00, 0xe0, 0xfe,
  0x12, 0x08, 0xdf, 0xfe, 0x01, 0xfe, 0x16, 0xdf, 0xfe, 0x01, 0xfe, 0x15,
  0xdf, 0xfe, 0x01, 0xfe, 0x1c, 0x04, 0xfe, 0x01, 0xfe, 0xf1, 0xfe, 0xd0,
  0xfe, 0xf1, 0xfe, 0xd0, 0xfe, 0xf1, 0xfe, 0x1d, 0xfe, 0xf1, 0xfe, 0xd0,
  0xfe, 0xf1, 0xfe, 0xd0, 0xfe, 0xf0, 0xfe, 0xd0, 0xfe, 0xf1, 0x09, 0x18,
  0x08, 0x04, 0xfe, 0x01, 0xfe, 0x00, 0x09, 0x0a, 0xfe, 0xf0, 0xfe, 0xf1,
  0x19, 0x10, 0xf0, 0xf0, 0x13, 0xfe, 0x00, 0x14, 0xfe, 0x00, 0xb6, 0xfe,
  0x00, 0x13, 0xfe, 0xb5, 0xfe, 0xf1, 0xfe, 0x03, 0xfe, 0xf1, 0xfe, 0xf1,
  0xfe, 0xf1, 0xfe, 0xf1, 0xfe, 0xf1, 0xfe, 0xf0, 0xfe, 0xf0, 0xfe, 0xf0,
  0xfe, 0xf0, 0xfe, 0xf0, 0xfe, 0xf0, 0xfe, 0xf1, 0xfe, 0xd0, 0xfe, 0xf1,
  0xfe, 0xf1, 0xfe, 0xf0, 0xfe, 0xf0, 0xfe, 0xf0, 0xfe, 0xf0, 0xfe, 0xf0,
  0xfe, 0xf0, 0xfe, 0xf1, 0x13, 0xfe, 0x00, 0xf0, 0x0c, 0x0b, 0xfe, 0xf2,
  0x0b, 0xfe, 0xf1, 0x17, 0xfe, 0x00, 0x30, 0x0d, 0xf1, 0x08, 0xdf, 0xfe,
  0xf0, 0xfe, 0x03, 0xfe, 0x05, 0xba, 0xfe, 0x00, 0xf0, 0xfe, 0xf1, 0xd6,
  0xd4, 0xfe, 0xf2, 0xfe, 0xf2, 0xfe, 0xf0, 0xfe, 0xd0, 0xfe, 0xf1, 0xd7,
  0xf0, 0xd6, 0xd4, 0xfe, 0x01, 0xfe, 0x00, 0xd7, 0x04, 0xfe, 0x01, 0xfe,
  0x00, 0x29, 0x09, 0x0a, 0xfe, 0x01, 0xfe, 0x00, 0x19, 0x31, 0xd5, 0xfe,
  0xf0, 0xfe, 0x03, 0xfe, 0xe2, 0x0b, 0xfe, 0xf1, 0xf1, 0xfe, 0xf0, 0x0d,
  0x0a, 0xfe, 0x01, 0xfe, 0x00, 0x19, 0x10, 0xe9, 0xfe, 0xf0, 0x0d, 0x0a,
  0xfe, 0x01, 0xfe, 0x00, 0x19, 0x10, 0xd5, 0xfe, 0x00, 0xe9, 0xfe, 0xf0,
  0x0d, 0xf2, 0xfe, 0xf1, 0xf2, 0xfe, 0xf1, 0xfe, 0xf0, 0xfe, 0xf0, 0xfe,
  0x1b, 0xfe, 0xf1, 0xd1, 0xfe, 0x00, 0xf2, 0xfe, 0xf2, 0x08, 0xb3, 0xfe,
  0x00, 0xf1, 0xd6, 0xf0, 0xfe, 0xf1, 0xf0, 0xde, 0xfe, 0xf1, 0xf0, 0xf0,
  0xf0, 0xfe, 0xf0, 0xfe, 0xf0, 0xfe, 0xf0, 0xfe, 0xf0, 0xfe, 0x00, 0xf0,
  0xfe, 0xf0, 0xfe, 0xf0, 0xfe, 0xf1, 0xfe, 0xf1, 0xfe, 0xf1, 0xfe, 0xf1,
  0xd4, 0xfe, 0xf0, 0xfe, 0xf0, 0xfe, 0xf0, 0xfe, 0xf0, 0xfe, 0xf0, 0xfe,
  0xf0, 0xfe, 0xf0, 0xfe, 0xf0, 0xf0, 0xf1, 0xdf, 0xfe, 0x00, 0xf1, 0xd6,
  0xf2, 0xfe, 0xf0, 0xfe, 0xf1, 0xf0, 0xfe, 0x12, 0xf0, 0xdd, 0xfe, 0x01,
  0xfe, 0xf0, 0xfe, 0xef, 0xe3, 0xfe, 0xf0, 0xfe, 0xf1, 0xf0, 0xfe, 0xf0,
  0xfe, 0xf0, 0xfe, 0xe4, 0xfe, 0xf0, 0xfe, 0xf1, 0xfe, 0x05, 0xde, 0xfe,
  0xf1, 0xfe, 0xd2, 0xfe, 0xf0, 0xfe, 0x05, 0xf0, 0xf0, 0xf0, 0xf0, 0xf1,
  0xfe, 0x12, 0xee, 0xf0, 0xfe, 0x01, 0xfe, 0xf0, 0xfe, 0xef, 0xd3, 0xfe,
  0xf0, 0xfe, 0xf1, 0xf0, 0xfe, 0xf1, 0xfe, 0xf1, 0xfe, 0xf1, 0xf0, 0xfe,
  0xf1, 0xfe, 0xf1, 0xf0, 0xfe, 0xf1, 0xfe, 0x05, 0xd3, 0xfe, 0x01, 0xfe,
  0x15, 0xd3, 0xfe, 0xf1, 0xfe, 0x00, 0xd3, 0xfe, 0xf1, 0xfe, 0x00, 0xd3,
  0xfe, 0xf1, 0xfe, 0x00, 0xd3, 0xfe, 0x01, 0xfe, 0x16, 0xd3, 0xfe, 0xf1,
  0xfe, 0x00, 0xd3, 0xfe, 0xf1, 0xfe, 0x00, 0xd3, 0xfe, 0xf1, 0xfe, 0x00,
  0xf0, 0xfe, 0xf1, 0xfe, 0xf1, 0xfe, 0xf1, 0xfe, 0xf0, 0xfe, 0xf1, 0xf0,
  0xfe, 0xf1, 0xfe, 0xf1, 0xfe, 0xf1, 0xfe, 0xf0, 0xfe, 0xf1, 0xd3, 0xfe,
  0x01, 0xfe, 0x15, 0xd3, 0xfe, 0x01, 0xfe, 0x15, 0xd3, 0xfe, 0x01, 0xfe,
  0x16, 0xd3, 0xfe, 0x01, 0xfe, 0x16, 0xf0, 0xfe, 0xf0, 0xfe, 0xf0, 0xfe,
  0x03, 0xfe, 0xf0, 0xfe, 0xe4, 0xfe, 0xf0, 0xf0, 0xfe, 0xf0, 0xfe, 0xf0,
  0xfe, 0x03, 0xfe, 0xf0, 0xfe, 0xe4, 0xfe, 0xf0, 0xf0, 0xfe, 0xf0, 0xfe,
  0xf0, 0xfe, 0x03, 0xfe, 0xf0, 0xfe, 0xe4, 0xfe, 0xf0, 0xf0, 0xfe, 0xf0,
  0xfe, 0xf0, 0xfe, 0x03, 0xfe, 0xf0, 0xfe, 0xe4, 0xfe, 0xf0, 0xd3, 0xfe,
  0xf0, 0xfe, 0x05, 0xf0, 0xfe, 0xf0, 0xfe, 0x03, 0xfe, 0x03, 0xfe, 0x05,
  0xf0, 0xfe, 0xf0, 0xfe, 0x03, 0xfe, 0x03, 0xfe, 0x05, 0xf0, 0xfe, 0xf0,
  0xfe, 0x03, 0xfe, 0x03, 0xfe, 0x05, 0xf0, 0xfe, 0xf0, 0xfe, 0x03, 0xfe,
  0x03, 0xfe, 0x05, 0xea, 0xfe, 0xb5, 0xfe, 0xd0, 0xfe, 0xf0, 0xfe, 0xd2,
  0xfe, 0xf0, 0xfe, 0xf1, 0xfe, 0xd0, 0xfe, 0xf0, 0xfe, 0xd2, 0xfe, 0xf0,
  0xfe, 0xf1, 0xfe, 0xd0, 0xfe, 0xf0, 0xfe, 0xd2, 0xfe, 0xf0, 0xfe, 0xf1,
  0xfe, 0xd0, 0xfe, 0xf0, 0xfe, 0xd2, 0xfe, 0xf0, 0xfe, 0xf1, 0xf0, 0xf0,
  0xf0, 0xd4, 0xfe, 0xf0, 0xf0, 0xf1, 0xdf, 0xfe, 0xf2, 0x04, 0xfe, 0xf2,
  0xfe, 0xf2, 0xfe, 0xd0, 0xfe, 0xf2, 0x09, 0x18, 0x08, 0x04, 0xfe, 0xe8,
  0x09, 0xd1, 0xfe, 0x00, 0xf2, 0xfe, 0xf1, 0x08, 0xdf, 0xfe, 0x00, 0xf2,
  0xd6, 0xf0, 0xfe, 0xf1, 0xf0, 0xfe, 0xf1, 0xf0, 0xfe, 0xf1, 0xfe, 0xf1,
  0xf0, 0xfe, 0x01, 0xfe, 0xf1, 0xf0, 0xfe, 0x01, 0xfe, 0xf0, 0xfe, 0xef,
  0xf0, 0xfe, 0x01, 0xfe, 0xf0, 0xfe, 0xef, 0xdc, 0xfe, 0x01, 0xfe, 0x1c,
  0xf0, 0xfe, 0xf0, 0xfe, 0xf0, 0xfe, 0x05, 0xf0, 0xfe, 0xf0, 0xfe, 0xf0,
  0xfe, 0xf1, 0xfe, 0x00, 0xdc, 0xfe, 0xf1, 0xfe, 0x05, 0xdc, 0xfe, 0xf1,
  0xfe, 0xf0, 0xfe, 0xf1, 0xfe, 0x1d, 0xfe, 0x00, 0xdc, 0xfe, 0x1f, 0xfe,
  0xf1, 0xfe, 0x00, 0xf0, 0xfe, 0x00, 0xd4, 0xfe, 0x01, 0xfe, 0x00, 0xf0,
  0xfe, 0x00, 0xdc, 0xfe, 0x00, 0xf0, 0xfe, 0x00, 0xdc, 0xfe, 0x01, 0xfe,
  0x00, 0xf0, 0xfe, 0xf1, 0xf2, 0xf0, 0xf1, 0xfe, 0x2d, 0xfe, 0x12, 0xee,
  0xea, 0xfe, 0x01, 0xfe, 0xf0, 0xfe, 0xd0, 0xfe, 0x05, 0xf2, 0xfe, 0xf1,
  0xfe, 0xf1, 0xfe, 0xf1, 0xfe, 0xf1, 0xfe, 0x12, 0xe6, 0xda, 0xfe, 0xe8,
  0xda, 0xfe, 0x01, 0xfe, 0x00, 0xf0, 0xec, 0xea, 0xfe, 0xf1, 0xfe, 0x00,
  0xea, 0xfe, 0xb2, 0xea, 0xfe, 0x01, 0xfe, 0x00, 0xf2, 0xf0, 0xf1, 0xee,
  0xea, 0xfe, 0xf0, 0xea, 0xfe, 0x01, 0xfe, 0x00, 0xf0, 0xf0, 0xf0, 0xf0,
  0xfe, 0xf1, 0xfe, 0xf1, 0xd4, 0xfe, 0x01, 0xfe, 0xf1, 0xfe, 0x03, 0xfe,
  0xe2, 0xd7, 0xf0, 0xd6, 0xd4, 0xfe, 0xf0, 0xd7, 0x04, 0xfe, 0x01, 0xfe,
  0x00, 0x09, 0x18, 0x08, 0x04, 0xfe, 0xf0, 0x09, 0xd1, 0xfe, 0x01, 0xfe,
  0xf2, 0xfe, 0x05, 0xe0, 0xfe, 0xf0, 0x08, 0x04, 0xfe, 0x01, 0xfe, 0x00,
  0x29, 0x09, 0x0a, 0xfe, 0x01, 0xfe, 0x00, 0x10, 0xe7, 0x0d, 0x0a, 0xfe,
  0xe8, 0x10, 0x17, 0xfe, 0x27, 0xfe, 0xd9, 0xfe, 0x05, 0xd5, 0xfe, 0xf0,
  0xfe, 0xf0, 0xd5, 0xfe, 0xf0, 0xfe, 0x03, 0xfe, 0xe2, 0xd5, 0xfe, 0x01,
  0xfe, 0xd0, 0xfe, 0x00, 0xd5, 0xfe, 0xed, 0xfe, 0xf0, 0xfe, 0xd0, 0xfe,
  0xf0, 0xfe, 0xd0, 0xfe, 0xf0, 0xd5, 0xfe, 0xf0, 0xfe, 0x03, 0xfe, 0xe2,
  0xd5, 0xfe, 0x01, 0xfe, 0xd0, 0xfe, 0x00, 0x0b, 0xfe, 0x01, 0xfe, 0xf0,
  0xfe, 0xf0, 0xfe, 0xf0, 0xfe, 0xf0, 0xfe, 0xf0, 0xfe, 0xd0, 0xfe, 0x1d,
  0xfe, 0xf0, 0xfe, 0xf0, 0xfe, 0xf0, 0xfe, 0xf0, 0xfe, 0xf0, 0xfe, 0xd0,
  0xfe, 0xf0, 0xfe, 0x24, 0xfe, 0xf0, 0xfe, 0xf0, 0xfe, 0xf0, 0xfe, 0xd0,
  0xfe, 0xf0, 0xfe, 0x24, 0xfe, 0xf0, 0xfe, 0xf0, 0xfe, 0xf2, 0xfe, 0xf2,
  0xfe, 0x1d, 0xfe, 0x1e, 0xf0, 0xf0, 0x13, 0xfe, 0x00, 0xf0, 0x0c, 0xe9,
  0xfe, 0x12, 0x0d, 0x0a, 0xfe, 0x01, 0xfe, 0x00, 0x19, 0x10, 0x17, 0xfe,
  0x00, 0x0b, 0xfe, 0x01, 0xfe, 0x00, 0x17, 0xfe, 0x00, 0xbc, 0xfe, 0xbd,
  0xfe, 0xf1, 0xfe, 0x01, 0xfe, 0x03, 0xfe, 0x39, 0x0d, 0xd1, 0xfe, 0xf0,
  0xfe, 0xf1, 0xfe, 0xf1, 0xf1, 0xfe, 0xf1, 0xfe, 0xf1, 0x08, 0xba, 0xfe,
  0x00, 0xf0, 0xfe, 0xf0, 0xd6, 0xf0, 0xfe, 0x27, 0xfe, 0xf1, 0xfe, 0xf1,
  0xdc, 0xfe, 0xf0, 0xfe, 0xf0, 0xdc, 0xfe, 0xf0, 0xfe, 0x03, 0xfe, 0xe2,
  0xdc, 0xfe, 0x01, 0xfe, 0xd0, 0xfe, 0x00, 0xdc, 0xfe, 0xed, 0xfe, 0xf0,
  0xfe, 0xd0, 0xfe, 0xf0, 0xfe, 0xd0, 0xfe, 0xf0, 0xdc, 0xfe, 0xf1, 0xfe,
  0xf1, 0xfe, 0xe2, 0xdc, 0xfe, 0x01, 0xfe, 0xd0, 0xfe, 0x00, 0xd4, 0xfe,
  0x01, 0xfe, 0xf0, 0xfe, 0xf0, 0xfe, 0xf0, 0xfe, 0xf0, 0xfe, 0xf0, 0xfe,
  0xd0, 0xfe, 0x1d, 0xfe, 0xf0, 0xfe, 0xf0, 0xfe, 0xf0, 0xfe, 0xf0, 0xfe,
  0xf0, 0xfe, 0xd0, 0xfe, 0xf0, 0xfe, 0x24, 0xfe, 0xf0, 0xfe, 0xf0, 0xfe,
  0xf0, 0xfe, 0xd0, 0xfe, 0xf0, 0xfe, 0x24, 0xfe, 0xf0, 0xfe, 0xf1, 0xfe,
  0xf1, 0xfe, 0xf1, 0xfe, 0x1e, 0xd7, 0xf0, 0xd6, 0xd4, 0xfe, 0x01, 0xfe,
  0x00, 0xd7, 0x04, 0xfe, 0x01, 0xfe, 0x00, 0x09, 0x18, 0x08, 0x04, 0xfe,
  0x01, 0xfe, 0x00, 0x09, 0x10, 0x0b, 0xfe, 0x01, 0xfe, 0x00, 0xf0, 0xf0,
  0x13, 0xfe, 0x00, 0xf1, 0x0c, 0xf1, 0xfe, 0xf1, 0xfe, 0x03, 0xfe, 0xf1,
  0xe5, 0xfe, 0xf0, 0xfe, 0xf1, 0xfe, 0xf1, 0xe5, 0xfe, 0x01, 0xfe, 0xf1,
  0xf1, 0xfe, 0xf1, 0xfe, 0xf1, 0xe5, 0xfe, 0x01, 0xfe, 0xf0, 0xfe, 0xf1,
  0xe5, 0xfe, 0x01, 0xfe, 0xf0, 0xfe, 0xf1, 0xe5, 0xfe, 0x01, 0xfe, 0xd9,
  0xfe, 0x00, 0x17, 0xfe, 0x00, 0x17, 0xfe, 0x00, 0x0b, 0xfe, 0x01, 0xfe,
  0x00, 0x0b, 0xfe, 0x01, 0xfe, 0x00, 0x17, 0xfe, 0x00, 0xe5, 0xfe, 0x00,
  0xd5, 0xfe, 0x00, 0xf0, 0xfe, 0x00, 0x2a, 0xfe, 0x00, 0x17, 0xfe, 0x00,
  0xd5, 0xfe, 0x00, 0xf0, 0xfe, 0x00, 0xe5, 0xfe, 0x00, 0x2a, 0xfe, 0x00,
  0xf1, 0xfe, 0x01, 0xfe, 0x2c, 0xfe, 0x2d, 0xfe, 0x2c, 0xfe, 0x01, 0xfe,
  0x03, 0xfe, 0x01, 0xfe, 0x03, 0xfe, 0x01, 0xfe, 0x03, 0xfe, 0x01, 0xfe,
  0x03, 0xfe, 0x01, 0xfe, 0x03, 0xfe, 0x01, 0xfe, 0x03, 0xfe, 0x39, 0x0d,
  0xf1, 0xfe, 0xf1, 0xfe, 0xf1, 0x23, 0xfe, 0x1f, 0xfe, 0xf1, 0xfe, 0xf1,
  0xfe, 0xf1, 0x23, 0xfe, 0xf1, 0xfe, 0xf1, 0x0f, 0xfe, 0xf0, 0xfe, 0xf1,
  0xd1, 0xfe, 0xf0, 0xfe, 0xf1, 0x0f, 0xfe, 0x27, 0xfe, 0x05, 0xd1, 0xfe,
  0xf0, 0xfe, 0x03, 0xfe, 0x05, 0xd1, 0xfe, 0x01, 0xfe, 0xf1, 0xfe, 0xf1,
  0xd1, 0xfe, 0xf1, 0xfe, 0xd0, 0xfe, 0xe2, 0x0f, 0xfe, 0xf1, 0xd1, 0xfe,
  0xf0, 0xfe, 0xd0, 0xfe, 0xf1, 0xfe, 0x03, 0xfe, 0xf1, 0xfe, 0xf1, 0xd1,
  0xfe, 0xf0, 0xfe, 0x03, 0xfe, 0xe2, 0xd1, 0xfe, 0x00, 0xf1, 0x08, 0xc0,
  0xfe, 0x01, 0xfe, 0xf1, 0xf1, 0xfe, 0xf1, 0xfe, 0xf1, 0xf1, 0xfe, 0x01,
  0xfe, 0xf1, 0xdf, 0xfe, 0x00, 0xf0, 0xfe, 0x12, 0xd6, 0xd4, 0xfe, 0xf0,
  0xfe, 0xf0, 0xd7, 0xf0, 0xd6, 0xd4, 0xfe, 0x01, 0xfe, 0x00, 0xd7, 0xdf,
  0xfe, 0x00, 0xf0, 0xfe, 0x12, 0xd6, 0xdc, 0xfe, 0xf1, 0xfe, 0xf1, 0xfe,
  0xf1, 0xfe, 0xf1, 0xfe, 0xf1, 0xd4, 0xfe, 0x01, 0xfe, 0xf0, 0xfe, 0xd0,
  0xfe, 0x05, 0xd7, 0xf0, 0xd6, 0xd4, 0xfe, 0x01, 0xfe, 0x00, 0xd7, 0x04,
  0xfe, 0x01, 0xfe, 0x00, 0x04, 0xfe, 0x01, 0xfe, 0x00, 0x04, 0xfe, 0xf1,
  0xfe, 0xf1, 0x04, 0xfe, 0x01, 0xfe, 0x00, 0x04, 0xfe, 0x01, 0xfe, 0x00,
  0x09, 0x18, 0x08, 0x04, 0xfe, 0x01, 0xfe, 0x00, 0x04, 0xfe, 0x01, 0xfe,
  0x00, 0x04, 0xfe, 0x01, 0xfe, 0x00, 0x04, 0xfe, 0x01, 0xfe, 0x00, 0x04,
  0xfe, 0x01, 0xfe, 0x00, 0x09, 0xf1, 0xfe, 0xf1, 0xfe, 0xf0, 0x08, 0x04,
  0xfe, 0x01, 0xfe, 0x00, 0x04, 0xfe, 0x01, 0xfe, 0x00, 0x2e, 0x09, 0xf0,
  0xfe, 0x01, 0xfe, 0xf0, 0xf0, 0xfe, 0x00, 0xf1, 0xfe, 0x12, 0x08, 0x04,
  0xfe, 0x01, 0xfe, 0xf0, 0x09, 0x18, 0x08, 0x04, 0xfe, 0x01, 0xfe, 0x00,
  0x09, 0xe0, 0xfe, 0x12, 0x08, 0x04, 0xfe, 0x01, 0xfe, 0x00, 0x04, 0xfe,
  0x01, 0xfe, 0x00, 0x2e, 0x09, 0x0f, 0xfe, 0x00, 0xd1, 0xfe, 0x00, 0xe0,
  0xfe, 0xf0, 0x08, 0xdf, 0xfe, 0x00, 0xf0, 0xfe, 0x12, 0xd6, 0xdc, 0xfe,
  0x00, 0xf0, 0xfe, 0x00, 0xf0, 0xfe, 0xf1, 0xf0, 0xdd, 0xfe, 0xf1, 0xfe,
  0xf1, 0xf0, 0xfe, 0x00, 0xf0, 0xee, 0xd3, 0xfe, 0x01, 0xfe, 0x15, 0xd3,
  0xfe, 0xf0, 0xfe, 0x05, 0xd3, 0xfe, 0x01, 0xfe, 0x16, 0xd3, 0xfe, 0xf0,
  0xfe, 0x05, 0xd3, 0xfe, 0x01, 0xfe, 0x1c, 0xd3, 0xfe, 0xf0, 0xfe, 0xf1,
  0xfe, 0xf1, 0xfe, 0xf0, 0xf0, 0xfe, 0xf0, 0xfe, 0x12, 0xe6, 0xda, 0xfe,
  0x1f, 0xfe, 0xf1, 0xf0, 0xec, 0xf0, 0xe6, 0xf0, 0xfe, 0xf0, 0xfe, 0x12,
  0xf0, 0xf0, 0xfe, 0x1f, 0xfe, 0xf1, 0xf0, 0xf0, 0xf1, 0xf0, 0xf0, 0xfe,
  0x1f, 0xfe, 0xf1, 0xf0, 0xf0, 0xf1, 0xec, 0xf1, 0xf0, 0xf0, 0xfe, 0x01,
  0xfe, 0xd9, 0xfe, 0x00, 0xde, 0xfe, 0xf0, 0xfe, 0xf0, 0xde, 0xfe, 0x01,
  0xfe, 0x00, 0xf0, 0xf0, 0xf0, 0xde, 0xfe, 0x01, 0xfe, 0x00, 0xde, 0xfe,
  0x01, 0xfe, 0x00, 0xf0, 0xf0, 0xfe, 0xf0, 0xfe, 0xf1, 0xfe, 0x00, 0xf0,
  0xfe, 0xf0, 0xfe, 0xf0, 0xfe, 0xf0, 0xfe, 0xf0, 0xfe, 0x00, 0xf0, 0xfe,
  0xf0, 0xfe, 0xf0, 0xfe, 0xbe, 0xfe, 0xf1, 0xfe, 0xf1, 0xfe, 0xf1, 0xf0,
  0xfe, 0xf0, 0xfe, 0xf0, 0xfe, 0xf0, 0xfe, 0xf0, 0xfe, 0xf0, 0xfe, 0xf0,
  0xfe, 0xf0, 0xfe, 0xf0, 0xdc, 0xfe, 0x00, 0xf1, 0xf0, 0xf1, 0xfe, 0xf0,
  0xfe, 0xf1, 0xf1, 0xfe, 0x12, 0xee, 0xf0, 0xfe, 0x01, 0xfe, 0xf0, 0xfe,
  0xef, 0xd3, 0xfe, 0xf0, 0xfe, 0xf1, 0xf0, 0xfe, 0xf0, 0xfe, 0xf0, 0xfe,
  0xe4, 0xfe, 0xf0, 0xfe, 0xf1, 0xfe, 0x05, 0xea, 0xfe, 0xf1, 0xfe, 0xd2,
  0xfe, 0xf0, 0xfe, 0x05, 0xf0, 0xf0, 0xf1, 0xee, 0xf0, 0xfe, 0x12, 0xe6,
  0xf2, 0xfe, 0x01, 0xfe, 0xf0, 0xfe, 0xef, 0xdb, 0xfe, 0xf0, 0xfe, 0xf1,
  0xf0, 0xfe, 0xf1, 0xfe, 0xf1, 0xfe, 0xf1, 0xf0, 0xfe, 0xf1, 0xfe, 0xf1,
  0xf0, 0xfe, 0xf1, 0xfe, 0x05, 0xdb, 0xfe, 0x01, 0xfe, 0x15, 0xdb, 0xfe,
  0xf1, 0xfe, 0x00, 0xdb, 0xfe, 0xf1, 0xfe, 0x00, 0xdb, 0xfe, 0xf1, 0xfe,
  0x00, 0xdb, 0xfe, 0x01, 0xfe, 0x16, 0xdb, 0xfe, 0xf1, 0xfe, 0x00, 0xdb,
  0xfe, 0xf1, 0xfe, 0x00, 0xdb, 0xfe, 0xf1, 0xfe, 0x00, 0xf0, 0xfe, 0xf1,
  0xfe, 0xf1, 0xfe, 0xf1, 0xfe, 0xf0, 0xfe, 0xf1, 0xf0, 0xfe, 0xf1, 0xfe,
  0xf1, 0xfe, 0xf1, 0xfe, 0xf0, 0xfe, 0xf1, 0xdb, 0xfe, 0x01, 0xfe, 0x15,
  0xdb, 0xfe, 0x01, 0xfe, 0x15, 0xdb, 0xfe, 0x01, 0xfe, 0x16, 0xdb, 0xfe,
  0x01, 0xfe, 0x16, 0xdb, 0xfe, 0xf0, 0xfe, 0x05, 0xf0, 0xfe, 0xf0, 0xfe,
  0xf0, 0xfe, 0x03, 0xfe, 0xf0, 0xfe, 0xe4, 0xfe, 0xf0, 0xfe, 0x03, 0xfe,
  0x05, 0xf0, 0xfe, 0xf0, 0xfe, 0xf0, 0xfe, 0x03, 0xfe, 0xf0, 0xfe, 0xe4,
  0xfe, 0xf0, 0xfe, 0x03, 0xfe, 0x05, 0xf0, 0xfe, 0xf0, 0xfe, 0xf0, 0xfe,
  0x03, 0xfe, 0xf0, 0xfe, 0xe4, 0xfe, 0xf0, 0xfe, 0x03, 0xfe, 0x05, 0xf0,
  0xfe, 0xf0, 0xfe, 0xf0, 0xfe, 0x03, 0xfe, 0xf0, 0xfe, 0xe4, 0xfe, 0xf0,
  0xfe, 0x03, 0xfe, 0x05, 0xda, 0xfe, 0xb5, 0xfe, 0xd0, 0xfe, 0xf0, 0xfe,
  0xd2, 0xfe, 0xf0, 0xfe, 0xf1, 0xfe, 0xd0, 0xfe, 0xf0, 0xfe, 0xd2, 0xfe,
  0xf0, 0xfe, 0xf1, 0xfe, 0xd0, 0xfe, 0xf0, 0xfe, 0xd2, 0xfe, 0xf0, 0xfe,
  0xf1, 0xfe, 0xd0, 0xfe, 0xf0, 0xfe, 0xd2, 0xfe, 0xf0, 0xfe, 0xf1, 0xf0,
  0xec, 0xf0, 0xde, 0xfe, 0xf0, 0xf0, 0xf1, 0xd4, 0xfe, 0x01, 0xfe, 0x00,
  0xd7, 0xf0, 0xd6, 0xd4, 0xfe, 0xe8, 0xd7, 0xba, 0xfe, 0x00, 0xdf, 0xfe,
  0x00, 0xf1, 0xfe, 0xf1, 0xfe, 0xf1, 0xd6, 0xf0, 0xfe, 0x00, 0xdc, 0xfe,
  0x00, 0xf1, 0xf0, 0xf0, 0xfe, 0xf1, 0xf0, 0xfe, 0xf1, 0xf0, 0xfe, 0xf1,
  0xfe, 0xf1, 0xf0, 0xfe, 0x01, 0xfe, 0xf1, 0xdd, 0xfe, 0x01, 0xfe, 0xf0,
  0xfe, 0xef, 0xdd, 0xfe, 0x01, 0xfe, 0xf0, 0xfe, 0xef, 0xe3, 0xfe, 0x01,
  0xfe, 0x1c, 0xdd, 0xfe, 0xf0, 0xfe, 0xf0, 0xfe, 0x05, 0xdd, 0xfe, 0xf0,
  0xfe, 0xf0, 0xfe, 0xf1, 0xfe, 0x00, 0xe3, 0xfe, 0xf1, 0xfe, 0x05, 0xe3,
  0xfe, 0xf1, 0xfe, 0xf0, 0xfe, 0xf1, 0xfe, 0x1d, 0xfe, 0x00, 0xe3, 0xfe,
  0x1f, 0xfe, 0xf1, 0xfe, 0x00, 0xdd, 0xfe, 0x00, 0xde, 0xfe, 0x01, 0xfe,
  0x00, 0xdd, 0xfe, 0x00, 0xe3, 0xfe, 0x00, 0xdd, 0xfe, 0x00, 0xe3, 0xfe,
  0x01, 0xfe, 0x00, 0xf0, 0xfe, 0xf1, 0xf1, 0xee, 0xf0, 0xfe, 0x2d, 0xfe,
  0x12, 0xe6, 0xda, 0xfe, 0x01, 0xfe, 0xf0, 0xfe, 0xd0, 0xfe, 0x05, 0xf1,
  0xfe, 0xf1, 0xfe, 0xf1, 0xfe, 0xf1, 0xfe, 0xf1, 0xfe, 0x12, 0xf0, 0xf0,
  0xfe, 0xe8, 0xf0, 0xfe, 0x01, 0xfe, 0x00, 0xf0, 0xf0, 0xda, 0xfe, 0xf1,
  0xfe, 0x00, 0xda, 0xfe, 0xb2, 0xda, 0xfe, 0x01, 0xfe, 0x00, 0xf1, 0xec,
  0xf0, 0xe6, 0xda, 0xfe, 0xf0, 0xda, 0xfe, 0x01, 0xfe, 0x00, 0xf0, 0xec,
  0xf0, 0xf0, 0xfe, 0xf1, 0xfe, 0xf1, 0xde, 0xfe, 0x01, 0xfe, 0x00, 0xde,
  0xfe, 0x01, 0xfe, 0xf1, 0xfe, 0xf1, 0xfe, 0x03, 0xfe, 0xf1, 0xf0, 0xf0,
  0xf0, 0xde, 0xfe, 0x01, 0xfe, 0x00, 0xde, 0xfe, 0x01, 0xfe, 0x00, 0xf0,
  0xd4, 0xfe, 0x01, 0xfe, 0x00, 0xd4, 0xfe, 0x01, 0xfe, 0x00, 0xd7, 0xf0,
  0xd6, 0xd4, 0xfe, 0x01, 0xfe, 0x00, 0xd4, 0xfe, 0x01, 0xfe, 0x00, 0xd7,
  0xf0, 0xfe, 0xf0, 0xd6, 0xd4, 0xfe, 0x01, 0xfe, 0x00, 0xd4, 0xfe, 0x01,
  0xfe, 0x00, 0xf1, 0xd7, 0x04, 0xfe, 0x01, 0xfe, 0x00, 0x04, 0xfe, 0x01,
  0xfe, 0x00, 0x09, 0x18, 0x08, 0x04, 0xfe, 0x01, 0xfe, 0x00, 0x04, 0xfe,
  0xe8, 0x09, 0x0f, 0xfe, 0x27, 0xfe, 0xd9, 0xfe, 0x05, 0xd1, 0xfe, 0xf0,
  0xfe, 0xf0, 0xd1, 0xfe, 0xf0, 0xfe, 0x03, 0xfe, 0xe2, 0xd1, 0xfe, 0x01,
  0xfe, 0xd0, 0xfe, 0x00, 0xd1, 0xfe, 0xed, 0xfe, 0xf0, 0xfe, 0xd0, 0xfe,
  0xf0, 0xfe, 0xd0, 0xfe, 0xf0, 0xd1, 0xfe, 0xf0, 0xfe, 0x03, 0xfe, 0xe2,
  0xd1, 0xfe, 0x01, 0xfe, 0xd0, 0xfe, 0x00, 0x0a, 0xfe, 0x01, 0xfe, 0x00,
  0x0a, 0xfe, 0x01, 0xfe, 0xf0, 0xfe, 0xf0, 0xfe, 0xf0, 0xfe, 0xf0, 0xfe,
  0xf0, 0xfe, 0xd0, 0xfe, 0x1d, 0xfe, 0xf0, 0xfe, 0xf0, 0xfe, 0xf0, 0xfe,
  0xf0, 0xfe, 0xf0, 0xfe, 0xd0, 0xfe, 0xf0, 0xfe, 0x24, 0xfe, 0xf0, 0xfe,
  0xf0, 0xfe, 0xf0, 0xfe, 0xd0, 0xfe, 0xf0, 0xfe, 0x24, 0xfe, 0xf0, 0xfe,
  0xf1, 0xfe, 0xf1, 0xfe, 0xf1, 0xfe, 0xf1, 0xfe, 0xd0, 0xfe, 0x1d, 0xfe,
  0x1d, 0xfe, 0x1e, 0x10, 0x17, 0xfe, 0x00, 0xf1, 0x0d, 0xf0, 0xfe, 0x01,
  0xfe, 0xf1, 0xf0, 0xfe, 0x00, 0xe0, 0xfe, 0x12, 0x08, 0x04, 0xfe, 0xf1,
  0x09, 0x18, 0x08, 0x04, 0xfe, 0x01, 0xfe, 0x00, 0x09, 0x0f, 0xfe, 0x00,
  0xe0, 0xfe, 0x12, 0x08, 0x04, 0xfe, 0xf0, 0xfe, 0x03, 0xfe, 0xf1, 0xfe,
  0xf1, 0x09, 0x18, 0x08, 0x04, 0xfe, 0x01, 0xfe, 0x00, 0x09, 0x0a, 0xfe,
  0x01, 0xfe, 0x00, 0x10, 0xe7, 0x0d, 0x0a, 0xfe, 0x01, 0xfe, 0x00, 0x10,
  0x0b, 0xfe, 0x01, 0xfe, 0x00, 0x0e, 0x20, 0x0c, 0x0b, 0xfe, 0x01, 0xfe,
  0x00, 0x0e, 0x14, 0xfe, 0xf0, 0xfe, 0xf0, 0x1a, 0xfe, 0x26, 0xfe, 0x15,
  0x1a, 0xfe, 0x2b, 0xfe, 0x16, 0x1a, 0xfe, 0x28, 0xfe, 0x1c, 0x13, 0xfe,
  0xed, 0xfe, 0xf1, 0x14, 0xfe, 0x01, 0xfe, 0x00, 0x1a, 0xfe, 0x26, 0xfe,
  0x15, 0x1a, 0xfe, 0x2b, 0xfe, 0x16, 0x1a, 0xfe, 0x28, 0xfe, 0x1c, 0xf1,
  0xfe, 0x00, 0x13, 0xfe, 0xf1, 0x14, 0xfe, 0x00, 0xf0, 0x0c, 0xd5, 0xfe,
  0xf1, 0xfe, 0x05, 0xe9, 0xfe, 0xf1, 0x0d, 0x0a, 0xfe, 0xf1, 0x19, 0x10,
  0xe9, 0xfe, 0xf1, 0x0d, 0x0a, 0xfe, 0xf1, 0x19, 0x10, 0xd5, 0xfe, 0xf1,
  0xfe, 0x16, 0xd5, 0xfe, 0x00, 0xf1, 0xfe, 0xf1, 0x0d, 0x0a, 0xfe, 0xf1,
  0xfe, 0xf1, 0xfe, 0x00, 0x10, 0xe7, 0x0d, 0x0a, 0xfe, 0xf1, 0x10, 0xd5,
  0xfe, 0xf1, 0xfe, 0xf1, 0xfe, 0xf1, 0x17, 0xfe, 0x00, 0xf1, 0x0d, 0xf1,
  0xfe, 0xf1, 0x0a, 0xfe, 0xf1, 0xfe, 0xf1, 0xfe, 0xf1, 0xfe, 0xf1, 0xfe,
  0xf1, 0x10, 0xe7, 0x0d, 0x0a, 0xfe, 0xf1, 0x10, 0x17, 0xfe, 0x01, 0xfe,
  0xf1, 0xfe, 0x05, 0x17, 0xfe, 0x00, 0xf1, 0x0d, 0x0a, 0xfe, 0x01, 0xfe,
  0xf2, 0xfe, 0xf2, 0xfe, 0xf1, 0xfe, 0xf2, 0xfe, 0xf1, 0xfe, 0xf1, 0x10,
  0xe7, 0x0d, 0x0a, 0xfe, 0x01, 0xfe, 0x00, 0x10, 0x0b, 0xfe, 0xf0, 0xfe,
  0x03, 0xfe, 0x05, 0xf0, 0xf0, 0x14, 0xfe, 0xf1, 0x13, 0xfe, 0x1f, 0xfe,
  0xf1, 0xfe, 0xf1, 0xfe, 0xf2, 0xf2, 0xfe, 0x15, 0xf2, 0xfe, 0x16, 0xf2,
  0xfe, 0x1c, 0xf2, 0x0c, 0xd5, 0xfe, 0xf2, 0xf2, 0xfe, 0xf1, 0x2a, 0xfe,
  0xf1, 0xfe, 0xf0, 0xfe, 0xf0, 0xfe, 0x1b, 0xfe, 0xf1, 0x2f, 0xfe, 0x00,
  0x30, 0x0d, 0xe0, 0xfe, 0xf1, 0x08, 0x04, 0xfe, 0xf1, 0x29, 0x09, 0xf0,
  0xfe, 0xf0, 0xfe, 0xf0, 0xfe, 0xf0, 0xfe, 0xf0, 0xfe, 0x00, 0x0f, 0xfe,
  0xf0, 0xfe, 0xf0, 0xfe, 0xf1, 0xfe, 0xf1, 0xfe, 0xf1, 0xfe, 0xf1, 0x0a,
  0xfe, 0xf0, 0xfe, 0xf0, 0xfe, 0xf0, 0xfe, 0xf0, 0xfe, 0xf0, 0xfe, 0xf0,
  0xfe, 0xf0, 0xfe, 0xf0, 0x19, 0x31, 0xf2, 0xfe, 0x01, 0xfe, 0xf0, 0xfe,
  0xef, 0xd5, 0xfe, 0x01, 0xfe, 0x15, 0x2f, 0xfe, 0x00, 0x0b, 0xfe, 0x26,
  0xfe, 0x00, 0xd5, 0xfe, 0x01, 0xfe, 0x16, 0x0b, 0xfe, 0x2b, 0xfe, 0x00,
  0xf2, 0xfe, 0xf2, 0xfe, 0xf2, 0x0d, 0xf2, 0xfe, 0xf2, 0x10, 0xe7, 0x0d,
  0xf2, 0xfe, 0xf2, 0xd1, 0xfe, 0xf2, 0xfe, 0xbb, 0xfe, 0xf2, 0xfe, 0xbb,
  0xfe, 0xf2, 0xfe, 0x00, 0xf2, 0xfe, 0x03, 0xfe, 0x03, 0xfe, 0x03, 0xfe,
  0xf2, 0x10, 0x0e, 0x37, 0x25, 0x02, 0x90, 0x91, 0x92, 0x93, 0x0a, 0x94,
  0x95, 0x0a, 0x96, 0x97, 0x0a, 0x98, 0x0a, 0x99, 0x9a, 0x9b, 0x9c, 0x9d,
  0x9e, 0x27, 0x28, 0x13, 0x29, 0x13, 0x2a, 0x9f, 0xa0, 0x13, 0xa1, 0x13,
  0xa2, 0xc7, 0xc8, 0x13, 0xc9, 0xa3, 0xa4, 0xa5, 0xa6, 0xa7, 0xa8, 0xa9,
  0xaa, 0xab, 0xac, 0xad, 0xae, 0xaf, 0xb0, 0xb1, 0xb2, 0x2c, 0x2d, 0x63,
  0x90, 0x91, 0x92, 0x13, 0xb3, 0xb4, 0xb5, 0xb6, 0xb7, 0xb8, 0xb9, 0xba,
  0x8f, 0xbb, 0xbc, 0xbd, 0xbe, 0xbf, 0xc0, 0xc1, 0xc2, 0xc3, 0xc4, 0xc5,
  0xc6, 0xc7, 0xc8, 0x88, 0xc9, 0xca, 0xcb, 0xcc, 0xcd, 0xce, 0xcf, 0xd0,
  0xd1, 0xd2, 0xd3, 0xd4, 0xd5, 0xd6, 0xd7, 0xd8, 0xd9, 0xda, 0xdb, 0xdc,
  0xdd, 0xde, 0xdf, 0x0b, 0x34, 0xe0, 0xe1, 0x19, 0xe2, 0xe3, 0x1a, 0x35,
  0x36, 0x37, 0xe4, 0x36, 0x37, 0xe5, 0x6f, 0xe6, 0xe7, 0x0b, 0x0b, 0x24,
  0xe8, 0xe9, 0xea, 0xeb, 0xec, 0xed, 0xee, 0xef, 0xf0, 0x24, 0xf1, 0xf2,
  0x24, 0xf3, 0x5c, 0x5d, 0xf4, 0x38, 0x35, 0xf5, 0xf6, 0x39, 0x1b, 0xf7,
  0xf8, 0xf9, 0xfa, 0x25, 0xfb, 0x1a, 0x26, 0xfc, 0x38, 0x3a, 0xfd, 0x3a,
  0xfe, 0x26, 0xff, 0x00, 0x01, 0x02, 0x03, 0x04, 0x27, 0x3b, 0x0b, 0x27,
  0x05, 0x1e, 0x27, 0x3b, 0x06, 0x07, 0x08, 0x09, 0x65, 0x0a, 0x0b, 0x01,
  0x28, 0x16, 0x5e, 0x1e, 0x0c, 0x0d, 0x0e, 0x0c, 0x0f, 0x10, 0x11, 0x3c,
  0x12, 0x29, 0x19, 0x13, 0x14, 0x15, 0x16, 0x17, 0x18, 0x3d, 0x70, 0x19,
  0x1a, 0x1b, 0x1c, 0x3e, 0x3e, 0x1d, 0x1e, 0x1f, 0x20, 0x3d, 0x21, 0x22,
  0x23, 0x24, 0x25, 0x26, 0x89, 0x27, 0x17, 0x28, 0x39, 0x1b, 0x29, 0x2a,
  0x2b, 0x2c, 0x2d, 0x2e, 0x3f, 0x40, 0x0d, 0x41, 0x0d, 0x42, 0x2f, 0x30,
  0x31, 0x3f, 0x40, 0x0d, 0x41, 0x0d, 0x42, 0x32, 0x19, 0x6f, 0xcd, 0xca,
  0x87, 0x01, 0xcb, 0x70, 0x71, 0x07, 0xcc, 0x05, 0x0e, 0x3f, 0xce, 0x66,
  0x68, 0x1a, 0x2e, 0xb9, 0x2f, 0xba, 0x5c, 0x5d, 0xbb, 0x30, 0x31, 0xbc,
  0x8a, 0xbd, 0x00, 0xbe, 0x63, 0x09, 0x50, 0x76, 0x77, 0x78, 0x79, 0x03,
  0x7a, 0x7b, 0xbf, 0xc0, 0xc1, 0xc2, 0x7c, 0x7d, 0x7e, 0x7f, 0x80, 0x81,
  0x82, 0x83, 0x5e, 0xc3, 0xbc, 0x32, 0x5f, 0x64, 0x8a, 0x00, 0x04, 0x06,
  0x66, 0x2f, 0x5a, 0x6b, 0x6c, 0x8d, 0xdc, 0x2e, 0x63, 0x09, 0x6a, 0x00,
  0x65, 0x14, 0x04, 0x06, 0x66, 0x23, 0xdd, 0xde, 0xdf, 0x23, 0xe0, 0xe1,
  0x23, 0xe2, 0x68, 0x69, 0x6a, 0x68, 0x69, 0x6a, 0x23, 0x6b, 0x6c, 0x6d,
  0x3c, 0x6e, 0x23, 0x6b, 0x6c, 0x6d, 0x3c, 0x6e, 0x23, 0x06, 0x52, 0x12,
  0x5b, 0x23, 0x06, 0x52, 0x12, 0x5b, 0x23, 0x06, 0x52, 0x12, 0x5b, 0x23,
  0x06, 0x52, 0x12, 0x5b, 0x51, 0x61, 0x33, 0x61, 0x33, 0x61, 0x33, 0x61,
  0x33, 0x53, 0x2e, 0xe3, 0x53, 0x2e, 0x6f, 0x53, 0x2e, 0x6f, 0x53, 0x2e,
  0xe4, 0x31, 0x15, 0x09, 0x16, 0x5e, 0xc3, 0x33, 0x34, 0x35, 0x36, 0x37,
  0x70, 0x38, 0x74, 0x71, 0x60, 0x72, 0x60, 0x73, 0x74, 0x60, 0x75, 0x03,
  0x04, 0x03, 0x04, 0x03, 0x54, 0x55, 0x03, 0x54, 0x55, 0x76, 0x77, 0x78,
  0x04, 0x79, 0x7a, 0x03, 0x03, 0x03, 0x74, 0x7b, 0x39, 0x00, 0x65, 0x22,
  0x3a, 0x7c, 0x7d, 0x7e, 0x7f, 0x18, 0x80, 0x3b, 0x15, 0x67, 0x16, 0x31,
  0x15, 0x09, 0x50, 0x81, 0x82, 0x83, 0x05, 0x16, 0x16, 0x3c, 0x68, 0x06,
  0x25, 0x0e, 0x46, 0x10, 0x47, 0x67, 0x48, 0x49, 0x4a, 0x4b, 0x2c, 0x4c,
  0x1f, 0x4d, 0x11, 0x07, 0x02, 0x10, 0x11, 0x07, 0x02, 0x4e, 0x02, 0x7b,
  0x72, 0x69, 0x1b, 0x19, 0xcf, 0x0e, 0xd0, 0xd1, 0xd2, 0xd3, 0xd4, 0x01,
  0x1a, 0x03, 0xd5, 0xd6, 0x06, 0x25, 0x0e, 0x46, 0x10, 0x47, 0xd7, 0xd8,
  0x48, 0x49, 0x4a, 0x4b, 0x2c, 0x4c, 0x1f, 0x4d, 0x11, 0x07, 0x02, 0x10,
  0x11, 0x07, 0x02, 0x4e, 0xd9, 0xda, 0xdb, 0x05, 0x69, 0x1b, 0x33, 0x34,
  0x35, 0x36, 0x0c, 0x37, 0x38, 0x39, 0x3a, 0x3b, 0x3c, 0x43, 0x3d, 0x43,
  0x3e, 0x71, 0x71, 0x40, 0x41, 0x42, 0x43, 0x44, 0x45, 0x46, 0x93, 0x94,
  0x44, 0x47, 0x44, 0x48, 0x87, 0x49, 0x4a, 0x4b, 0x4c, 0x0c, 0x4d, 0x4e,
  0x4f, 0x0e, 0x50, 0x95, 0x96, 0x97, 0x98, 0x99, 0x9a, 0x01, 0x72, 0x73,
  0x05, 0x01, 0x51, 0x52, 0x53, 0x54, 0x55, 0x1f, 0x05, 0x9b, 0x9c, 0x56,
  0x57, 0x66, 0x0f, 0x45, 0x0f, 0x58, 0x45, 0x1a, 0x01, 0x74, 0x8a, 0x9d,
  0x00, 0x9e, 0x9f, 0x2a, 0x8b, 0x1e, 0x1e, 0x17, 0xa0, 0xa1, 0x29, 0x2d,
  0x75, 0xa2, 0x18, 0x4f, 0x59, 0x75, 0x1c, 0x08, 0xa3, 0x1d, 0x20, 0xa4,
  0x1c, 0x08, 0xa5, 0x1d, 0x20, 0xa6, 0xa7, 0x8c, 0x2a, 0x72, 0x73, 0x09,
  0x6a, 0x00, 0x09, 0x50, 0x5f, 0xa8, 0x50, 0x76, 0x77, 0x78, 0x79, 0x03,
  0x7a, 0x7b, 0xa9, 0xaa, 0xab, 0x60, 0x7c, 0x7d, 0x7e, 0x7f, 0x80, 0x81,
  0x82, 0x83, 0xac, 0x00, 0xad, 0x5f, 0x64, 0x65, 0x14, 0x04, 0x06, 0x66,
  0x61, 0x5a, 0x6b, 0x6c, 0x8d, 0xdc, 0x2e, 0x31, 0x15, 0x67, 0x2d, 0x2b,
  0x04, 0x06, 0x66, 0x62, 0xdd, 0xde, 0xdf, 0x62, 0xe0, 0xe1, 0x62, 0xe2,
  0x68, 0x69, 0x6a, 0x68, 0x69, 0x6a, 0x62, 0x6b, 0x6c, 0x6d, 0x3c, 0x6e,
  0x62, 0x6b, 0x6c, 0x6d, 0x3c, 0x6e, 0x51, 0x84, 0x5a, 0x52, 0x12, 0x21,
  0x84, 0x5a, 0x52, 0x12, 0x21, 0x84, 0x5a, 0x52, 0x12, 0x21, 0x84, 0x5a,
  0x52, 0x12, 0x21, 0x53, 0x2e, 0xe3, 0x53, 0x2e, 0x6f, 0x53, 0x2e, 0x6f,
  0x53, 0x2e, 0xe4, 0x18, 0x15, 0x16, 0x63, 0xae, 0x05, 0xaf, 0xb0, 0x70,
  0x03, 0xb1, 0x00, 0x2a, 0x71, 0x2f, 0x72, 0x2f, 0x73, 0x74, 0x2f, 0x75,
  0x04, 0x04, 0x54, 0x55, 0x54, 0x55, 0x76, 0x77, 0x78, 0x04, 0x79, 0x7a,
  0x2a, 0x7b, 0xb2, 0x2d, 0x22, 0xb3, 0x7c, 0x7d, 0x7e, 0x7f, 0x1c, 0x08,
  0x08, 0x1d, 0x20, 0x80, 0xb4, 0x4f, 0x16, 0x18, 0x15, 0x2b, 0x81, 0x82,
  0xb5, 0x83, 0xb6, 0x09, 0x6a, 0x00, 0x09, 0x05, 0x01, 0x68, 0xb7, 0x06,
  0x25, 0x0e, 0x46, 0x10, 0x47, 0x67, 0x48, 0x49, 0x4a, 0x4b, 0x2c, 0x4c,
  0x1f, 0x4d, 0x11, 0x07, 0x02, 0x10, 0x11, 0x07, 0x02, 0x4e, 0x59, 0x5a,
  0x5b, 0xb8, 0x5c, 0x0f, 0x5d, 0x0f, 0x5e, 0x34, 0x5f, 0x60, 0x33, 0x26,
  0x61, 0x62, 0xe5, 0x19, 0xe6, 0xe7, 0x84, 0xe8, 0x84, 0xe9, 0xea, 0xeb,
  0xec, 0xed, 0xee, 0xef, 0x85, 0xf0, 0xf1, 0xf2, 0xf3, 0xf4, 0xf5, 0xf6,
  0xf7, 0xf8, 0xf9, 0xfa, 0xfb, 0x49, 0x73, 0x8d, 0x74, 0x85, 0xfc, 0x33,
  0x69, 0x1b, 0xfd, 0xfe, 0xff, 0x00, 0x01, 0x02, 0x03, 0x3d, 0x3e, 0x3f,
  0xb9, 0xba, 0x5c, 0x5d, 0xbb, 0xbd, 0xbe, 0x6f, 0x76, 0x77, 0x78, 0x79,
  0x7a, 0x7b, 0xbf, 0xc0, 0xc1, 0xc2, 0x7c, 0x7d, 0x7e, 0x7f, 0x80, 0x81,
  0x82, 0x83, 0x40, 0x85, 0x41, 0x42, 0x43, 0x44, 0x45, 0x77, 0x78, 0x46,
  0x79, 0x7a, 0x47, 0x48, 0x02, 0x03, 0x04, 0x05, 0x06, 0x07, 0x10, 0x1f,
  0x20, 0x21, 0x22, 0x23, 0x3e, 0xa3, 0x81, 0x96, 0x40, 0x96, 0x40, 0x96,
  0x40, 0xed, 0x89, 0xfc, 0xb6, 0x96, 0x40, 0xfc, 0x99, 0xcc, 0x42, 0xa3,
  0x81, 0xfc, 0xb6, 0xea, 0xaa, 0xfc, 0xb6, 0xa3, 0x81, 0xed, 0x77, 0xed,
  0x77, 0xed, 0x77, 0xed, 0x77, 0xd3, 0xbf, 0x97, 0x85, 0xed, 0x77, 0xd3,
  0xbf, 0xbb, 0x4c, 0xed, 0x77, 0xd3, 0xbf, 0xa5, 0x4f, 0xf7, 0x38, 0xa5,
  0x4f, 0xa5, 0x4f, 0xd0, 0x8a, 0xcc, 0x42, 0xa5, 0x4f, 0xeb, 0x75, 0xbb,
  0x4c, 0xd0, 0x8a, 0xbc, 0x97, 0xfc, 0x99, 0xda, 0x6e, 0xfc, 0x99, 0xed,
  0x70, 0xd0, 0x8a, 0xd0, 0x8a, 0xbb, 0x4c, 0x9d, 0x69, 0xf7, 0x38, 0xf7,
  0x38, 0xaa, 0x49, 0xe8, 0x5a, 0xed, 0x89, 0xed, 0x89, 0xe8, 0x5a, 0x1f,
  0xaa, 0x49, 0xed, 0x89, 0x9e, 0x3e, 0xbc, 0x97, 0xda, 0x6e, 0xb4, 0xa5,
  0x9e, 0x3e, 0x9e, 0x3e, 0xfa, 0x87, 0x9e, 0x3e, 0x9e, 0x3e, 0xf7, 0x33,
  0xbc, 0x97, 0xda, 0x6e, 0xf8, 0x6b, 0xf7, 0x33, 0x9c, 0x75, 0xf8, 0x6b,
  0x8a, 0x5a, 0xf7, 0x33, 0x93, 0x8a, 0x8a, 0x5a, 0xc9, 0xb0, 0xb4, 0xa5,
  0xfa, 0x87, 0xb4, 0xa5, 0xfa, 0x87, 0xb4, 0xa5, 0xfa, 0x87, 0xb4, 0xa5,
  0xfa, 0x87, 0xed, 0x89, 0xc8, 0x5f, 0xc9, 0xb0, 0xc9, 0xb0, 0x9c, 0x75,
  0x8a, 0x5a, 0xf8, 0x6b, 0x8a, 0x5a, 0xf8, 0x6b, 0x93, 0x8a, 0x9c, 0x75,
  0x93, 0x8a, 0xa9, 0x33, 0xc8, 0x5f, 0xc8, 0x5f, 0xc8, 0x5f, 0xc8, 0x5f,
  0xc8, 0x5f, 0xe8, 0x5a, 0xa9, 0x33, 0xaa, 0x49, 0x9e, 0x3e, 0x9e, 0x3e,
  0xa9, 0x33, 0xcb, 0x52, 0xbc, 0x97, 0xda, 0x6e, 0xe8, 0x5a, 0x1f, 0xaa,
  0x49, 0xcb, 0x52, 0xcb, 0x52, 0x8e, 0xc3, 0xaa, 0x49, 0xc5, 0x74, 0xcc,
  0x42, 0x8e, 0xc3, 0xf7, 0x38, 0x8e, 0xc3, 0xe9, 0x4d, 0xcd, 0x3c, 0xed,
  0x89, 0xe1, 0x3f, 0xbc, 0x97, 0xda, 0x6e, 0xcd, 0x3c, 0xe1, 0x3f, 0xe1,
  0x3f, 0xe8, 0x5a, 0xe1, 0x3f, 0xe1, 0x3f, 0xe8, 0x5a, 0xe1, 0x3f, 0xe1,
  0x3f, 0xe8, 0x5a, 0xcc, 0x52, 0xbc, 0x97, 0xda, 0x6e, 0xcd, 0x3c, 0xcc,
  0x52, 0xcc, 0x52, 0xf2, 0x33, 0xc8, 0x31, 0x8e, 0xc3, 0xde, 0x8e, 0x9d,
  0x69, 0xec, 0x75, 0xcd, 0x3c, 0xea, 0xaa, 0xb7, 0x33, 0xda, 0x8c, 0xc8,
  0x31, 0xc8, 0x31, 0xf2, 0x33, 0xde, 0x8e, 0xcf, 0x35, 0xde, 0x8e, 0xf2,
  0x33, 0xe8, 0x62, 0xec, 0x75, 0x97, 0x51, 0xe8, 0x62, 0xe8, 0x62, 0x88,
  0x82, 0xec, 0x75, 0x88, 0x82, 0x97, 0x51, 0x88, 0x82, 0x97, 0x51, 0xf5,
  0x48, 0xda, 0x8c, 0xcf, 0x35, 0xda, 0x8c, 0xcf, 0x35, 0x88, 0x82, 0xb7,
  0x33, 0xc8, 0x31, 0xde, 0x8e, 0xf5, 0x48, 0xda, 0x8c, 0xcf, 0x35, 0xf5,
  0x48, 0x88, 0x82, 0xb7, 0x33, 0x90, 0xa7, 0xda, 0x8c, 0xcf, 0x35, 0xb1,
  0x72, 0x88, 0x82, 0x90, 0xa7, 0xf5, 0x48, 0x90, 0xa7, 0xb7, 0x33, 0xb1,
  0x72, 0xb1, 0x72, 0xb1, 0x72, 0xc8, 0x31, 0xde, 0x8e, 0xe9, 0x4d, 0xc5,
  0x74, 0xb7, 0x33, 0xf2, 0x33, 0xf7, 0x38, 0xe9, 0x4d, 0xc5, 0x74, 0xc9,
  0x6e, 0xbb, 0x3e, 0xd6, 0xaa, 0xa3, 0x81, 0xb8, 0xbb, 0xd6, 0xaa, 0xbb,
  0x3e, 0x85, 0xb5, 0xd6, 0xaa, 0xa3, 0x81, 0xbb, 0x3e, 0x9f, 0xc0, 0xa3,
  0x81, 0xb8, 0xbb, 0x8c, 0x3e, 0xa3, 0x81, 0xb8, 0xbb, 0xc9, 0x6e, 0x9f,
  0xc0, 0x85, 0xb5, 0x8c, 0x3e, 0x85, 0xb5, 0x8c, 0x3e, 0x85, 0xb5, 0x9f,
  0xc0, 0x85, 0xb5, 0xac, 0x55, 0x04, 0xac, 0x55, 0xa3, 0x81, 0xa3, 0x81,
  0xa3, 0x81, 0xac, 0x55, 0xc1, 0x7d, 0x05, 0xab, 0x9f, 0xa3, 0x81, 0xbe,
  0x7a, 0xa3, 0x81, 0xb2, 0x5a, 0xa3, 0x81, 0xc1, 0x7d, 0xac, 0x55, 0xab,
  0x9f, 0xbe, 0x7a, 0xab, 0x9f, 0xb2, 0x5a, 0xb2, 0x5a, 0xb2, 0x5a, 0xb2,
  0x5a, 0xbe, 0x7a, 0xbe, 0x7a, 0xbe, 0x7a, 0xab, 0x9f, 0xab, 0x9f, 0xc1,
  0x7d, 0xac, 0x55, 0xc9, 0x6e, 0xc1, 0x7d, 0xa3, 0x6a, 0x8b, 0x7a, 0xbb,
  0x82, 0xd7, 0xbf, 0xed, 0x70, 0xea, 0xaa, 0xa3, 0x81, 0x9d, 0x69, 0xa5,
  0x4f, 0xa5, 0x4f, 0xeb, 0x75, 0xe9, 0x4d, 0xbb, 0x4c, 0xe9, 0x4d, 0xbb,
  0x4c, 0xe9, 0x4d, 0xbb, 0x4c, 0xe9, 0x4d, 0x97, 0x85, 0xc9, 0x6e, 0xed,
  0x70, 0x8e, 0xc3, 0x97, 0x85, 0x8e, 0xc3, 0x97, 0x85, 0x8e, 0xc3, 0x97,
  0x85, 0x8e, 0xc3, 0xc0, 0x55, 0x8b, 0x7a, 0xa3, 0x6a, 0x94, 0xb8, 0xab,
  0xbb, 0xa3, 0x6a, 0xea, 0xaa, 0xac, 0x52, 0xab, 0xbb, 0xac, 0x52, 0xa3,
  0x6a, 0xea, 0xaa, 0xa3, 0x6a, 0xab, 0xbb, 0xac, 0x52, 0xea, 0xaa, 0x94,
  0xb8, 0xac, 0x52, 0x94, 0xb8, 0xa3, 0x6a, 0xde, 0x8b, 0xa3, 0x81, 0x94,
  0xb8, 0xbb, 0x82, 0xbb, 0x82, 0xc0, 0x55, 0xd7, 0xbf, 0xde, 0x8b, 0xc0,
  0x55, 0xd7, 0xbf, 0x86, 0x3d, 0xde, 0x8b, 0xfc, 0x96, 0x94, 0x74, 0xfc,
  0x96, 0xfc, 0x96, 0xfc, 0x96, 0xfc, 0x96, 0xbf, 0x8a, 0x94, 0x74, 0xbf,
  0x55, 0x94, 0x74, 0xbf, 0x55, 0xbc, 0x7c, 0x94, 0x74, 0x94, 0x74, 0x94,
  0x74, 0xa3, 0x81, 0xd3, 0x5f, 0xa3, 0x81, 0xbc, 0x7c, 0x94, 0x74, 0xbc,
  0x7c, 0x94, 0x74, 0xbf, 0x55, 0x94, 0x74, 0xd3, 0x5f, 0x94, 0x74, 0xd3,
  0x5f, 0x94, 0x74, 0xd3, 0x5f, 0x94, 0x74, 0xa4, 0x9a, 0xc9, 0x60, 0x94,
  0x74, 0x02, 0xdf, 0xa2, 0xbf, 0x55, 0xbf, 0x55, 0xc8, 0x44, 0xdf, 0xa2,
  0xb4, 0x92, 0xdf, 0xa2, 0x94, 0x74, 0x94, 0x74, 0xc9, 0x60, 0xc8, 0x44,
  0xa4, 0x9a, 0xb4, 0x92, 0xb4, 0x92, 0xc8, 0x44, 0x03, 0xb7, 0x96, 0xbf,
  0x55, 0xbf, 0x55, 0x97, 0x56, 0xb7, 0x96, 0xb1, 0xbb, 0xb7, 0x96, 0x97,
  0x56, 0xde, 0x81, 0xb1, 0xbb, 0xdd, 0xb8, 0xb1, 0xbb, 0xa1, 0x7d, 0xdd,
  0xb8, 0x83, 0x46, 0xa1, 0x7d, 0xef, 0x6e, 0x83, 0x46, 0xe6, 0x5c, 0x83,
  0x46, 0xbe, 0x9c, 0xdd, 0xb8, 0xc9, 0x61, 0xbe, 0x9c, 0xa5, 0x76, 0xc9,
  0x61, 0xd4, 0xae, 0xc9, 0x61, 0x92, 0x69, 0xa1, 0x7d, 0xef, 0x6e, 0xa1,
  0x7d, 0xe6, 0x5c, 0x90, 0x99, 0xbe, 0x9c, 0xa5, 0x76, 0xbe, 0x9c, 0xd4,
  0xae, 0xc9, 0xad, 0x92, 0x69, 0xa5, 0x5d, 0x90, 0x99, 0xf7, 0xb7, 0x92,
  0x69, 0xf8, 0xb7, 0x90, 0x99, 0xa3, 0x8f, 0xde, 0x81, 0xc9, 0xad, 0xa5,
  0x5d, 0x94, 0x74, 0x94, 0x74, 0xb3, 0xa0, 0xde, 0x81, 0xf7, 0xb7, 0xa5,
  0x5d, 0x94, 0x74, 0x94, 0x74, 0x9c, 0x7d, 0xde, 0x81, 0xc9, 0xad, 0xf8,
  0xb7, 0x94, 0x74, 0x94, 0x74, 0xa7, 0x55, 0xde, 0x81, 0xf7, 0xb7, 0xf8,
  0xb7, 0x94, 0x74, 0x94, 0x74, 0xbe, 0x31, 0xc9, 0x60, 0xe1, 0x78, 0xa3,
  0x8f, 0xbe, 0x31, 0x97, 0x56, 0xe2, 0x78, 0xb3, 0xa0, 0xbe, 0x31, 0x97,
  0x56, 0xe3, 0x78, 0x9c, 0x7d, 0xbe, 0x31, 0x97, 0x56, 0xe5, 0x78, 0xa7,
  0x55, 0xbe, 0x31, 0x97, 0x56, 0xa4, 0x9a, 0xef, 0x6e, 0xa5, 0x76, 0xe1,
  0x78, 0xe1, 0x78, 0x97, 0x56, 0xe6, 0x5c, 0xa5, 0x76, 0xe2, 0x78, 0xe2,
  0x78, 0x97, 0x56, 0xef, 0x6e, 0xd4, 0xae, 0xe3, 0x78, 0xe3, 0x78, 0x97,
  0x56, 0xe6, 0x5c, 0xd4, 0xae, 0xe5, 0x78, 0xe5, 0x78, 0x97, 0x56, 0xa4,
  0x9a, 0xd2, 0x72, 0xbf, 0x8a, 0xa4, 0x9a, 0xd2, 0x72, 0xd2, 0x72, 0xbf,
  0x8a, 0xe2, 0x4b, 0xbf, 0x8a, 0xad, 0x52, 0x9a, 0x65, 0xeb, 0x88, 0xbd,
  0x61, 0x94, 0xb8, 0xda, 0x96, 0xeb, 0x88, 0x85, 0xa3, 0xeb, 0x88, 0xeb,
  0x88, 0x86, 0xa3, 0xbd, 0x61, 0xbd, 0x61, 0x81, 0x40, 0x85, 0xa3, 0xdd,
  0x3c, 0x85, 0xa3, 0x81, 0x40, 0xb3, 0x38, 0x86, 0xa3, 0x86, 0xa3, 0xdd,
  0x3c, 0xc3, 0xaa, 0x9a, 0x65, 0x88, 0x3a, 0xda, 0x96, 0xda, 0x96, 0x81,
  0x40, 0xc3, 0xaa, 0xa6, 0xa4, 0xc3, 0xaa, 0xc3, 0xaa, 0xb9, 0x3d, 0xb9,
  0x3d, 0x07, 0xec, 0x53, 0xd5, 0x3e, 0xfb, 0x47, 0xa7, 0x57, 0xa6, 0xa4,
  0xfc, 0x65, 0xfc, 0x65, 0x9a, 0x65, 0xec, 0x53, 0xdd, 0x3c, 0xb3, 0x38,
  0xa7, 0x57, 0x88, 0x3a, 0xec, 0x53, 0xec, 0x53, 0xec, 0x53, 0x88, 0x3a,
  0xd5, 0x3e, 0xfb, 0x47, 0xec, 0x53, 0xa7, 0x57, 0xc3, 0xaa, 0xfc, 0x65,
  0xb9, 0x3d, 0xec, 0x53, 0xd5, 0x3e, 0xfb, 0x47, 0xb9, 0x3d, 0xb6, 0x93,
  0xfb, 0x47, 0xad, 0x52, 0xd5, 0x3e, 0xb6, 0x93, 0xb6, 0x93, 0xad, 0x52,
  0xe2, 0x4b, 0xad, 0x52, 0xe2, 0x4b, 0xb3, 0x6b, 0xbf, 0x8a, 0xe2, 0x4b,
  0xb3, 0x6b, 0xc0, 0x55, 0xd7, 0xbf, 0x86, 0x3d, 0xb3, 0x6b, 0x86, 0x3d,
  0xf2, 0x5e, 0xfc, 0xb6, 0x94, 0xb8, 0xc9, 0x72, 0xde, 0x8b, 0x90, 0x58,
  0xa3, 0x81, 0xf2, 0x5e, 0xf0, 0x3f, 0x90, 0x58, 0xf7, 0x38, 0xc1, 0x5f,
  0xf7, 0x38, 0x90, 0x58, 0x90, 0x58, 0xf0, 0x3f, 0xf0, 0x3f, 0xff, 0x87,
  0x94, 0xb8, 0xf2, 0x5e, 0xef, 0x33, 0xff, 0x87, 0xff, 0x87, 0xc0, 0x55,
  0xd7, 0xbf, 0x97, 0x85, 0xbb, 0x4c, 0xbb, 0x4c, 0xbb, 0x4c, 0xef, 0x33,
  0xef, 0x33, 0xff, 0x87, 0xc1, 0x5f, 0xc1, 0x5f, 0xc9, 0x72, 0xcc, 0x42,
  0x9d, 0x69, 0xcc, 0x42, 0xcc, 0x42, 0x9d, 0x69, 0xcc, 0x42, 0xc9, 0x72,
  0x9d, 0x69, 0xc9, 0x72, 0xc9, 0x72, 0x9d, 0x69, 0xeb, 0x75, 0x8b, 0x7a,
  0x8b, 0x7a, 0xc9, 0x72, 0x86, 0x3d, 0xad, 0x55, 0x06, 0xad, 0x55, 0xc0,
  0x55, 0xcb, 0x3c, 0xcb, 0x3c, 0xc0, 0x55, 0xaf, 0x52, 0xbf, 0x50, 0xbf,
  0x50, 0xcb, 0x3c, 0xaf, 0x52, 0xbf, 0x50, 0xaf, 0x64, 0xa3, 0x81, 0xbf,
  0x50, 0xbf, 0x50, 0xbb, 0x82, 0xae, 0x52, 0xaf, 0x64, 0x82, 0x8b, 0xfc,
  0xb6, 0xbf, 0x50, 0xca, 0x72, 0xaf, 0x64, 0x91, 0x58, 0xa3, 0x81, 0x82,
  0x8b, 0xf1, 0x3f, 0x91, 0x58, 0xf7, 0x38, 0xc2, 0x5f, 0xf7, 0x38, 0x91,
  0x58, 0x91, 0x58, 0xf1, 0x3f, 0xf1, 0x3f, 0x80, 0x88, 0xbf, 0x50, 0x82,
  0x8b, 0xf0, 0x33, 0x80, 0x88, 0x80, 0x88, 0xae, 0x52, 0xcb, 0x3c, 0x97,
  0x85, 0xbb, 0x4c, 0xbb, 0x4c, 0xbb, 0x4c, 0xf0, 0x33, 0xf0, 0x33, 0x80,
  0x88, 0xc2, 0x5f, 0xc2, 0x5f, 0xca, 0x72, 0xcc, 0x42, 0x9d, 0x69, 0xcc,
  0x42, 0xcc, 0x42, 0x9d, 0x69, 0xcc, 0x42, 0xca, 0x72, 0x9d, 0x69, 0xca,
  0x72, 0xca, 0x72, 0x9d, 0x69, 0xeb, 0x75, 0xbf, 0x50, 0xbf, 0x50, 0xca,
  0x72, 0xae, 0x52, 0xcb, 0x3c, 0xaf, 0x52, 0xae, 0x52, 0xaf, 0x52, 0xcb,
  0x3c, 0xad, 0x55, 0xcb, 0x3c, 0xd0, 0x87, 0xef, 0x44, 0xbc, 0x97, 0xfc,
  0x99, 0xb1, 0x3c, 0xef, 0x44, 0xef, 0x44, 0xb2, 0x65, 0xb1, 0x3c, 0xab,
  0xab, 0xb1, 0x3c, 0xb2, 0xa5, 0xab, 0xab, 0xb2, 0x65, 0xaa, 0x95, 0xab,
  0xab, 0xb2, 0x65, 0xa0, 0x9d, 0xb2, 0xa5, 0xaa, 0x95, 0xa8, 0x57, 0x92,
  0x6c, 0xa8, 0x57, 0x07, 0x92, 0x6c, 0xad, 0x55, 0xf8, 0x45, 0xc7, 0x6f,
  0x89, 0x70, 0xb4, 0x76, 0xb6, 0xa9, 0x9f, 0xac, 0x88, 0x70, 0xb1, 0x76,
  0xb2, 0x76, 0xb3, 0x76, 0xe7, 0x3e, 0xb2, 0xa5, 0xe7, 0x3e, 0xa0, 0x9d,
  0xa8, 0x57, 0xf8, 0x45, 0x88, 0x70, 0x89, 0x70, 0xb1, 0x76, 0xb4, 0x76,
  0xb2, 0x76, 0xc7, 0x6f, 0xb3, 0x76, 0xb6, 0xa9, 0x92, 0x6c, 0x9f, 0xac,
  0xe7, 0x3e, 0xc9, 0x8f, 0xe7, 0x3e, 0xca, 0x39, 0xc9, 0x8f, 0xe7, 0x3e,
  0xe7, 0x3e, 0xa6, 0x5e, 0xca, 0x39, 0xe2, 0x36, 0xca, 0x39, 0x9e, 0xbf,
  0xca, 0x39, 0xa3, 0x7b, 0xe2, 0x36, 0x93, 0x96, 0xe2, 0x36, 0xe2, 0x36,
  0xf4, 0x33, 0x93, 0x96, 0xca, 0x39, 0xbe, 0x84, 0xf4, 0x33, 0xf4, 0x33,
  0xda, 0x86, 0xd5, 0x71, 0xbe, 0x84, 0xbe, 0x84, 0xda, 0x86, 0xda, 0x86,
  0x93, 0x96, 0xae, 0x48, 0xa3, 0x81, 0xa3, 0x7b, 0xa9, 0x57, 0xb9, 0x91,
  0xa6, 0x5e, 0xb9, 0xab, 0xa6, 0x5e, 0x9d, 0x46, 0xb9, 0x91, 0xae, 0x55,
  0x9d, 0x46, 0xae, 0x55, 0xb9, 0xab, 0xae, 0x55, 0x88, 0x70, 0xb0, 0x52,
  0x9d, 0x46, 0xc0, 0x79, 0xca, 0x39, 0xa3, 0x7b, 0xca, 0x39, 0xca, 0x39,
  0xb0, 0x52, 0xd5, 0x71, 0xc0, 0x79, 0xc0, 0x79, 0xb0, 0x52, 0xd5, 0x71,
  0xa9, 0x57, 0xb0, 0x52, 0x89, 0x70, 0xae, 0x55, 0xb4, 0x76, 0xca, 0x39,
  0xc7, 0x6f, 0xb9, 0x91, 0xb6, 0xa9, 0xb9, 0xab, 0xa9, 0x57, 0xd5, 0x71,
  0x89, 0x70, 0x88, 0x70, 0xb4, 0x76, 0xb1, 0x76, 0xc7, 0x6f, 0xb2, 0x76,
  0xb6, 0xa9, 0xb3, 0x76, 0xca, 0x39, 0xbb, 0x82, 0xf8, 0x45, 0xa8, 0x57,
  0x9f, 0xac, 0x92, 0x6c, 0xe1, 0xa5, 0xae, 0x48, 0xaf, 0x55, 0xe1, 0xa5,
  0xaf, 0x55, 0xa9, 0x57, 0xaf, 0x55, 0xe1, 0xa5, 0xaf, 0x55, 0xf8, 0x45,
  0xa8, 0x57, 0x9f, 0xac, 0x92, 0x6c, 0x8b, 0x46, 0xa0, 0x88, 0xae, 0x48,
  0xbc, 0x9b, 0xb4, 0x76, 0xcc, 0x3c, 0xc0, 0x50, 0xc7, 0x6f, 0xde, 0xa3,
  0xca, 0x39, 0xc4, 0x6b, 0xc5, 0x6c, 0xde, 0xa3, 0xa3, 0x7c, 0xc5, 0x6c,
  0xc9, 0x3c, 0xde, 0xa3, 0xb5, 0x9d, 0xc9, 0x3c, 0xd2, 0x32, 0xde, 0xa3,
  0x8d, 0x96, 0xa3, 0x7c, 0xb5, 0x9d, 0xd2, 0x32, 0x8d, 0x96, 0xa3, 0x7c,
  0xc4, 0x6b, 0xc5, 0x6c, 0x8d, 0x96, 0xb5, 0x9d, 0xc4, 0x6b, 0xc9, 0x3c,
  0xc4, 0x6b, 0xd2, 0x32, 0x9f, 0xaa, 0xb6, 0xa9, 0xc4, 0x6b, 0xcc, 0x3c,
  0x9f, 0xaa, 0xc0, 0x50, 0x9f, 0xaa, 0xcc, 0x3c, 0x89, 0x70, 0xc0, 0x50,
  0xb6, 0xa9, 0x99, 0x46, 0xc0, 0x50, 0xcc, 0x3c, 0xbd, 0x7c, 0xc0, 0x50,
  0xc0, 0x50, 0xc0, 0x50, 0xa3, 0x81, 0xd4, 0x5f, 0xa3, 0x81, 0xbd, 0x7c,
  0x99, 0x46, 0xbd, 0x7c, 0x99, 0x46, 0x8a, 0x40, 0xc0, 0x50, 0xd4, 0x5f,
  0xc0, 0x50, 0xd4, 0x5f, 0xc0, 0x50, 0xd4, 0x5f, 0xc0, 0x50, 0xb2, 0x52,
  0xca, 0x60, 0xc0, 0x50, 0x02, 0xe0, 0xa2, 0x8a, 0x40, 0x8a, 0x40, 0xc9,
  0x44, 0xe0, 0xa2, 0xb5, 0x92, 0xe0, 0xa2, 0xc0, 0x50, 0xc0, 0x50, 0xca,
  0x60, 0xc9, 0x44, 0xb2, 0x52, 0xb5, 0x92, 0xb5, 0x92, 0xc9, 0x44, 0x03,
  0xb8, 0x96, 0x8a, 0x40, 0x8a, 0x40, 0x98, 0x56, 0xb8, 0x96, 0xb2, 0xbb,
  0xb8, 0x96, 0x98, 0x56, 0xe0, 0x81, 0xb2, 0xbb, 0xde, 0xb8, 0xb2, 0xbb,
  0xa2, 0x7d, 0xde, 0xb8, 0x84, 0x46, 0xa2, 0x7d, 0xf0, 0x6e, 0x84, 0x46,
  0xe7, 0x5c, 0x84, 0x46, 0xbf, 0x9c, 0xde, 0xb8, 0xca, 0x61, 0xbf, 0x9c,
  0xa6, 0x76, 0xca, 0x61, 0xd5, 0xae, 0xca, 0x61, 0x93, 0x69, 0xa2, 0x7d,
  0xf0, 0x6e, 0xa2, 0x7d, 0xe7, 0x5c, 0x91, 0x99, 0xbf, 0x9c, 0xa6, 0x76,
  0xbf, 0x9c, 0xd5, 0xae, 0xca, 0xad, 0x93, 0x69, 0xa6, 0x5d, 0x91, 0x99,
  0xf9, 0xb7, 0x93, 0x69, 0xfa, 0xb7, 0x91, 0x99, 0xbf, 0x31, 0xca, 0x60,
  0xe6, 0x78, 0xe0, 0x81, 0xca, 0xad, 0xa6, 0x5d, 0xc0, 0x50, 0xc0, 0x50,
  0xbf, 0x31, 0x98, 0x56, 0xe7, 0x78, 0xe0, 0x81, 0xf9, 0xb7, 0xa6, 0x5d,
  0xc0, 0x50, 0xc0, 0x50, 0xbf, 0x31, 0x98, 0x56, 0xe8, 0x78, 0xe0, 0x81,
  0xca, 0xad, 0xfa, 0xb7, 0xc0, 0x50, 0xc0, 0x50, 0xbf, 0x31, 0x98, 0x56,
  0xe9, 0x78, 0xe0, 0x81, 0xf9, 0xb7, 0xfa, 0xb7, 0xc0, 0x50, 0xc0, 0x50,
  0xbf, 0x31, 0x98, 0x56, 0xb2, 0x52, 0xf0, 0x6e, 0xa6, 0x76, 0xe6, 0x78,
  0xe6, 0x78, 0x98, 0x56, 0xe7, 0x5c, 0xa6, 0x76, 0xe7, 0x78, 0xe7, 0x78,
  0x98, 0x56, 0xf0, 0x6e, 0xd5, 0xae, 0xe8, 0x78, 0xe8, 0x78, 0x98, 0x56,
  0xe7, 0x5c, 0xd5, 0xae, 0xe9, 0x78, 0xe9, 0x78, 0x98, 0x56, 0xb2, 0x52,
  0xbc, 0x9b, 0xb2, 0x52, 0xbc, 0x9b, 0xec, 0x4e, 0xed, 0x5a, 0xa6, 0x5e,
  0xbc, 0x9b, 0xf3, 0x57, 0x8d, 0x6b, 0xd1, 0x37, 0xd0, 0x56, 0xbe, 0x61,
  0xa3, 0x7b, 0xdb, 0x96, 0xd0, 0x56, 0x88, 0xa3, 0xd0, 0x56, 0xd0, 0x56,
  0x89, 0xa3, 0xbe, 0x61, 0xbe, 0x61, 0x84, 0x40, 0x88, 0xa3, 0xde, 0x3c,
  0x88, 0xa3, 0x84, 0x40, 0xb4, 0x38, 0x89, 0xa3, 0x89, 0xa3, 0xde, 0x3c,
  0xc4, 0xaa, 0xd1, 0x37, 0x89, 0x3a, 0xdb, 0x96, 0xdb, 0x96, 0x84, 0x40,
  0xc4, 0xaa, 0xa7, 0xa4, 0xc4, 0xaa, 0xc4, 0xaa, 0xba, 0x3d, 0xba, 0x3d,
  0xa8, 0x57, 0xed, 0x53, 0xd6, 0x3e, 0xfc, 0x47, 0xaa, 0x57, 0xa7, 0xa4,
  0xfd, 0x65, 0xfd, 0x65, 0xd1, 0x37, 0xed, 0x53, 0xde, 0x3c, 0xb4, 0x38,
  0xaa, 0x57, 0x89, 0x3a, 0xed, 0x53, 0xed, 0x53, 0xed, 0x53, 0x89, 0x3a,
  0xd6, 0x3e, 0xfc, 0x47, 0xed, 0x53, 0xaa, 0x57, 0xc4, 0xaa, 0xfd, 0x65,
  0xba, 0x3d, 0xed, 0x53, 0xd6, 0x3e, 0xfc, 0x47, 0xba, 0x3d, 0xb7, 0x93,
  0xfc, 0x47, 0xf3, 0x57, 0xfc, 0x47, 0x8d, 0x6b, 0xbc, 0x9b, 0xd6, 0x3e,
  0xb7, 0x93, 0xb7, 0x93, 0xf3, 0x57, 0xa8, 0x57, 0x8d, 0x6b, 0xbc, 0x9b,
  0xec, 0x4e, 0xf3, 0x57, 0xed, 0x5a, 0x8d, 0x6b, 0xec, 0x4e, 0xa8, 0x57,
  0xed, 0x5a, 0xbc, 0x9b, 0xed, 0x5a, 0xf8, 0x45, 0xec, 0x4e, 0x9f, 0xac,
  0x92, 0x6c, 0x8b, 0x46, 0xec, 0x4e, 0xa0, 0x88, 0xed, 0x5a, 0x8b, 0x46,
  0xa8, 0x57, 0xa0, 0x88, 0xf3, 0x5e, 0xfc, 0xb6, 0xa3, 0x7b, 0xcb, 0x72,
  0xae, 0x48, 0x92, 0x58, 0xa3, 0x81, 0xf3, 0x5e, 0xf2, 0x3f, 0x92, 0x58,
  0xf7, 0x38, 0xc3, 0x5f, 0xf7, 0x38, 0x92, 0x58, 0x92, 0x58, 0xf2, 0x3f,
  0xf2, 0x3f, 0x81, 0x88, 0xa3, 0x7b, 0xf3, 0x5e, 0xf5, 0x33, 0x81, 0x88,
  0x81, 0x88, 0xf8, 0x45, 0x8b, 0x46, 0x9f, 0xac, 0x92, 0x6c, 0x97, 0x85,
  0xbb, 0x4c, 0xbb, 0x4c, 0xbb, 0x4c, 0xf5, 0x33, 0xf5, 0x33, 0x81, 0x88,
  0xc3, 0x5f, 0xc3, 0x5f, 0xcb, 0x72, 0xcc, 0x42, 0x9d, 0x69, 0xcc, 0x42,
  0xcc, 0x42, 0x9d, 0x69, 0xcc, 0x42, 0xcb, 0x72, 0x9d, 0x69, 0xcb, 0x72,
  0xcb, 0x72, 0x9d, 0x69, 0xeb, 0x75, 0xca, 0x39, 0xca, 0x39, 0x9e, 0xbf,
  0x9e, 0xbf, 0xa9, 0x57, 0xcb, 0x72, 0xa0, 0x88, 0xb4, 0x52, 0xd7, 0xaa,
  0xaa, 0x95, 0xb0, 0x55, 0xd7, 0xaa, 0xb0, 0x55, 0xb0, 0x55, 0xd7, 0xaa,
  0xb3, 0x52, 0xb0, 0x55, 0xb3, 0x52, 0x92, 0x6c, 0x3e, 0xaa, 0x95, 0xb3,
  0x52, 0x92, 0x6c, 0xb4, 0x52, 0xb3, 0x52, 0xb4, 0x52, 0x92, 0x6c, 0xd0,
  0x87, 0xb4, 0x52, 0xd0, 0x87, 0xad, 0x55, 0xd5, 0x7a, 0xd0, 0x87, 0xd5,
  0x7a, 0xd0, 0x87, 0xd5, 0x7a, 0xd0, 0x87, 0xd5, 0x7a, 0xd0, 0x87, 0xe6,
  0x6e, 0xd5, 0x7a, 0xd0, 0xab, 0xd5, 0x7a, 0xd0, 0xab, 0xe6, 0x6e, 0xd0,
  0xab, 0xe6, 0x6e, 0xd0, 0xab, 0xe6, 0x6e, 0xd0, 0xab, 0xa9, 0x7e, 0xae,
  0xa2, 0xd5, 0x9c, 0xa9, 0x7e, 0xd5, 0x9c, 0xae, 0xa2, 0xd5, 0x9c, 0xae,
  0xa2, 0xb7, 0x72, 0xa9, 0x7e, 0x8f, 0x3a, 0xb7, 0x72, 0x8f, 0x3a, 0xb7,
  0x72, 0xb7, 0x72, 0x8f, 0x3a, 0x8f, 0x57, 0x8f, 0x3a, 0xd5, 0x9c, 0xb3,
  0x4a, 0xff, 0x3d, 0xb3, 0x4a, 0xa9, 0x7e, 0xff, 0x3d, 0xff, 0x3d, 0xd5,
  0x9c, 0xb3, 0x4a, 0x86, 0x71, 0xb3, 0x4a, 0x8f, 0x57, 0xd1, 0x87, 0xd1,
  0x87, 0x86, 0x71, 0x8b, 0x7a, 0xa9, 0x7e, 0xa3, 0x6a, 0x8f, 0x3a, 0xd5,
  0x9c, 0xd1, 0x87, 0x86, 0x71, 0xae, 0xa2, 0xd1, 0x87, 0x8f, 0x57, 0x86,
  0x7a, 0xa4, 0x31, 0x86, 0x7a, 0xae, 0xa2, 0xae, 0xa2, 0xa4, 0x31, 0xa4,
  0x31, 0xa4, 0x31, 0x92, 0x7a, 0xfd, 0x96, 0xb2, 0x37, 0xfd, 0x96, 0xfd,
  0x96, 0xfd, 0x96, 0xfd, 0x96, 0xab, 0x8a, 0xb2, 0x37, 0xab, 0x8a, 0xbf,
  0x7c, 0xb2, 0x37, 0xb2, 0x37, 0xb2, 0x37, 0xa3, 0x81, 0xd5, 0x5f, 0xa3,
  0x81, 0xbf, 0x7c, 0xb2, 0x37, 0xbf, 0x7c, 0xb2, 0x37, 0xab, 0x8a, 0xb2,
  0x37, 0xd5, 0x5f, 0xb2, 0x37, 0xd5, 0x5f, 0xb2, 0x37, 0xd5, 0x5f, 0xb2,
  0x37, 0xbe, 0xa0, 0xab, 0x8a, 0xab, 0x8a, 0xd2, 0xc4, 0xbe, 0xa0, 0xb8,
  0x34, 0xb8, 0x34, 0xd2, 0xc4, 0xe6, 0x9a, 0xbe, 0xa0, 0xb8, 0x34, 0xe6,
  0x9a, 0xb8, 0x34, 0xb8, 0x34, 0x92, 0x7a, 0x8a, 0x49, 0xe6, 0x53, 0xd2,
  0xc4, 0x8a, 0x49, 0xe6, 0x9a, 0x8a, 0x49, 0x92, 0x7a, 0xe6, 0x53, 0xe6,
  0x53, 0xe6, 0x53, 0x92, 0x7a, 0xac, 0x05, 0x00, 0x00, 0x37, 0x00, 0x00,
  0x00, 0x04, 0x00, 0x00, 0x00, 0x37, 0x00, 0x00, 0x00, 0x00, 0x00, 0x00,
  0x00, 0x32, 0x33, 0x02, 0x34, 0x02, 0x3a, 0x07, 0x3b, 0x3c, 0x3d, 0x3e,
  0x3f, 0x40, 0x41, 0x06, 0x02, 0x42, 0x43, 0x22, 0x44, 0x02, 0x45, 0x07,
  0x46, 0x06, 0x02, 0xa5, 0xa6, 0xa7, 0xa8, 0xa9, 0xaa, 0xab, 0x06, 0x02,
  0x35, 0x07, 0xf2, 0x06, 0x02, 0x38, 0x07, 0xac, 0xad, 0x06, 0x02, 0xf2,
  0x07, 0xae, 0x36, 0xf2, 0xf2, 0x37, 0x25, 0x02, 0x9d, 0x9e, 0x9f, 0xa0,
  0xa9, 0xae, 0x00, 0x00, 0x28, 0x0b, 0x00, 0x00, 0xba, 0x02, 0x00, 0x00,
  0x28, 0x0b, 0x00, 0x00, 0x9c, 0x07, 0x00, 0x00, 0xb4, 0xf0, 0x02, 0x32,
  0x33, 0x02, 0x34, 0x02, 0xf0, 0xf0, 0x07, 0xf0, 0xf0, 0xf0, 0x0c, 0xe1,
  0x0e, 0xf0, 0x0c, 0xe1, 0x0e, 0xf0, 0xf0, 0x0c, 0xe1, 0x0e, 0xf0, 0x0c,
  0xe1, 0x0e, 0xf0, 0xf0, 0x0c, 0xe1, 0x0e, 0xf0, 0xf0, 0x0c, 0xe1, 0x0e,
  0xf0, 0x0c, 0xe1, 0x0e, 0x06, 0x02, 0x3a, 0x07, 0x3b, 0x3c, 0x3d, 0x3e,
  0x3f, 0x40, 0x41, 0x06, 0x02, 0x42, 0x43, 0x22, 0x44, 0x02, 0x45, 0x07,
  0x46, 0x06, 0x02, 0x47, 0x07, 0x48, 0x49, 0x4a, 0x4b, 0x4c, 0x4d, 0x4e,
  0x4f, 0x50, 0x51, 0x52, 0x53, 0x54, 0x55, 0x56, 0x57, 0x58, 0x59, 0x5a,
  0x5b, 0x5c, 0x5d, 0x5e, 0x5f, 0x60, 0x61, 0x62, 0x63, 0x64, 0x65, 0x66,
  0x67, 0x68, 0x69, 0x6a, 0x6b, 0x6c, 0x6d, 0x6e, 0x6f, 0x70, 0x71, 0x72,
  0x73, 0x74, 0x75, 0x76, 0x77, 0x78, 0x79, 0x7a, 0x7b, 0x7c, 0x7d, 0x7e,
  0x7f, 0x80, 0x81, 0x82, 0x83, 0x84, 0x85, 0x86, 0x87, 0x88, 0x89, 0x8a,
  0x8b, 0x8c, 0x8d, 0x8e, 0x8f, 0x90, 0x91, 0x92, 0x93, 0x94, 0x95, 0x96,
  0x97, 0x98, 0x99, 0x9a, 0x9b, 0x9c, 0x9d, 0x9e, 0x9f, 0xa0, 0xa1, 0x06,
  0x02, 0xc2, 0x07, 0xc3, 0xc4, 0xc5, 0xc6, 0xc7, 0xc8, 0xc9, 0xca, 0xcb,
  0xcc, 0x06, 0x02, 0xcd, 0x07, 0xce, 0x06, 0x02, 0xf0, 0x07, 0xf0, 0xf0,
  0xf0, 0x06, 0x02, 0xf0, 0xf0, 0xf0, 0xfe, 0xf0, 0xf0, 0xfe, 0xf0, 0xf0,
  0xf0, 0x22, 0xf0, 0x02, 0xf0, 0x07, 0xf0, 0x06, 0x02, 0xf0, 0xf0, 0x22,
  0xf0, 0x02, 0xf0, 0x07, 0xf0, 0x06, 0x02, 0xf0, 0x07, 0xf0, 0x06, 0x02,
  0xf0, 0xf0, 0xf0, 0xf0, 0xf1, 0xfe, 0x21, 0xf1, 0xfe, 0x21, 0xb9, 0xfe,
  0x21, 0xf1, 0xfe, 0x21, 0xf1, 0xfe, 0x21, 0xf0, 0xfe, 0x21, 0xf1, 0xfe,
  0x21, 0x02, 0xa2, 0xb7, 0xf0, 0xf0, 0xf0, 0xa3, 0xa4, 0xb8, 0xf0, 0xf0,
  0xf0, 0xf0, 0xf0, 0xf2, 0xf0, 0xf0, 0xf0, 0xf0, 0xf0, 0xf0, 0xf0, 0xf0,
  0xf0, 0x06, 0x02, 0xa5, 0xa6, 0xa7, 0xa8, 0xa9, 0xaa, 0xab, 0x06, 0x02,
  0xf0, 0xf0, 0xf0, 0x06, 0x02, 0xf0, 0xfe, 0xf0, 0x02, 0x35, 0x07, 0xf0,
  0x06, 0x02, 0x38, 0x07, 0xaf, 0xb0, 0xac, 0xad, 0x06, 0x02, 0xf0, 0x07,
  0xae, 0xf0, 0x36, 0x13, 0xfe, 0xf0, 0x13, 0xfe, 0x00, 0xf0, 0x0c, 0x0b,
  0xfe, 0xf0, 0x0e, 0x20, 0x0c, 0x0b, 0xfe, 0xf0, 0x0e, 0x11, 0xfe, 0x00,
  0x13, 0xfe, 0x27, 0xfe, 0x05, 0xbf, 0xfe, 0xf0, 0x11, 0xfe, 0xf0, 0xfe,
  0x03, 0xfe, 0xf0, 0x13, 0xfe, 0xf0, 0xfe, 0x03, 0xfe, 0x05, 0x14, 0xfe,
  0xf0, 0x1a, 0xfe, 0xf0, 0x1a, 0xfe, 0xf0, 0x1a, 0xfe, 0xf0, 0x11, 0xfe,
  0xf0, 0x13, 0xfe, 0x01, 0xfe, 0xf0, 0xfe, 0x00, 0x13, 0xfe, 0x1f, 0xfe,
  0xf0, 0xfe, 0x05, 0x11, 0xfe, 0xf0, 0x11, 0xfe, 0x01, 0xfe, 0xd0, 0xfe,
  0x00, 0x14, 0xfe, 0xf0, 0xfe, 0x03, 0xfe, 0xf0, 0x13, 0xfe, 0xf0, 0xfe,
  0xf0, 0xfe, 0xf0, 0x11, 0xfe, 0x01, 0xfe, 0x15, 0x11, 0xfe, 0xf0, 0xfe,
  0x16, 0x13, 0xfe, 0xf0, 0xfe, 0xf0, 0xfe, 0xf0, 0xfe, 0x05, 0x11, 0xfe,
  0x01, 0xfe, 0xd0, 0xfe, 0x00, 0x11, 0xfe, 0x00, 0x14, 0xfe, 0x00, 0xf0,
  0x0c, 0x0b, 0xfe, 0xf0, 0xe9, 0xfe, 0xf0, 0x0d, 0x0a, 0xfe, 0x01, 0xfe,
  0x00, 0x0a, 0xfe, 0xe8, 0x19, 0x10, 0xe9, 0xfe, 0xf0, 0x0d, 0x0f, 0xfe,
  0xeb, 0xfe, 0x03, 0xfe, 0xf0, 0xf0, 0xfe, 0xf0, 0xfe, 0xd2, 0xfe, 0xf0,
  0xf0, 0xfe, 0xf0, 0xfe, 0xd2, 0xfe, 0xf0, 0xf0, 0xfe, 0xf0, 0xfe, 0x03,
  0xfe, 0xf0, 0xd1, 0xfe, 0x01, 0xfe, 0x15, 0xd1, 0xfe, 0xf0, 0xfe, 0x00,
  0xd1, 0xfe, 0x01, 0xfe, 0x16, 0xd1, 0xfe, 0xf0, 0xfe, 0x00, 0xf0, 0xfe,
  0xf0, 0xfe, 0xf0, 0xfe, 0xf0, 0xfe, 0xf0, 0xfe, 0xf0, 0xfe, 0xf0, 0xfe,
  0xf0, 0xfe, 0xf0, 0xfe, 0xf0, 0xfe, 0x00, 0xf0, 0xfe, 0xf0, 0xfe, 0xd0,
  0xfe, 0xf0, 0xfe, 0xd0, 0xfe, 0x03, 0xfe, 0xd0, 0xfe, 0x03, 0xfe, 0xd0,
  0xfe, 0x03, 0xfe, 0xd0, 0xfe, 0x05, 0xf0, 0xfe, 0x01, 0xfe, 0xf0, 0xfe,
  0xf0, 0xfe, 0xf0, 0xfe, 0x1b, 0xfe, 0xef, 0x0a, 0xfe, 0x01, 0xfe, 0x00,
  0x0a, 0xfe, 0xf0, 0xfe, 0xd2, 0xfe, 0xf0, 0xfe, 0x05, 0x19, 0x10, 0xe7,
  0x0d, 0x0f, 0xfe, 0xeb, 0xfe, 0x03, 0xfe, 0xf0, 0x0a, 0xfe, 0x01, 0xfe,
  0x00, 0x0a, 0xfe, 0xf0, 0xfe, 0xd2, 0xfe, 0xf0, 0x19, 0x10, 0xf0, 0xf0,
  0x11, 0xfe, 0xf0, 0xfe, 0x05, 0x11, 0xfe, 0xf0, 0xfe, 0xd9, 0xfe, 0xf0,
  0xfe, 0xf0, 0xfe, 0xf0, 0x11, 0xfe, 0x00, 0xf0, 0x0c, 0x17, 0xfe, 0x00,
  0xe9, 0xfe, 0xf0, 0x0d, 0x0f, 0xfe, 0xeb, 0xfe, 0x03, 0xfe, 0xf0, 0x0a,
  0xfe, 0xf0, 0xfe, 0xd2, 0xfe, 0xf0, 0xfe, 0xf0, 0xfe, 0xd2, 0xfe, 0xf0,
  0xfe, 0xf0, 0xfe, 0xd2, 0xfe, 0xf0, 0xfe, 0x1e, 0x10, 0xe7, 0x0d, 0x0f,
  0xfe, 0xeb, 0xfe, 0x03, 0xfe, 0xf0, 0x0a, 0xfe, 0xf0, 0xfe, 0xd2, 0xfe,
  0xf1, 0x10, 0xd5, 0xfe, 0x00, 0xd5, 0xfe, 0xf1, 0xfe, 0x05, 0xd5, 0xfe,
  0xf1, 0xfe, 0x05, 0xd5, 0xfe, 0xf1, 0xfe, 0xf1, 0xfe, 0x05, 0xd5, 0xfe,
  0x00, 0x30, 0x0d, 0xd1, 0xfe, 0xf0, 0xfe, 0xf0, 0xfe, 0x05, 0x0a, 0xfe,
  0xf0, 0xfe, 0x00, 0xd1, 0xfe, 0xf0, 0xfe, 0xf1, 0xfe, 0x05, 0xd1, 0xfe,
  0xf0, 0xfe, 0x05, 0xd1, 0xfe, 0xf0, 0xfe, 0xf0, 0xfe, 0x05, 0xd1, 0xfe,
  0x00, 0xe0, 0xfe, 0xf1, 0x08, 0x04, 0xfe, 0x01, 0xfe, 0x00, 0x09, 0x18,
  0x08, 0x04, 0xfe, 0xf1, 0xfe, 0x00, 0x09, 0xd1, 0xfe, 0x00, 0xf1, 0xfe,
  0x03, 0xfe, 0xf1, 0xfe, 0x03, 0xfe, 0xf0, 0xfe, 0xf1, 0x08, 0x04, 0xfe,
  0xf1, 0xfe, 0x03, 0xfe, 0x05, 0x29, 0x09, 0x18, 0x08, 0x04, 0xfe, 0x01,
  0xfe, 0xd9, 0xfe, 0x00, 0xf0, 0xfe, 0xf0, 0xfe, 0x12, 0xd6, 0xd4, 0xfe,
  0xf0, 0xf0, 0xd7, 0x09, 0xd1, 0xfe, 0xf0, 0xfe, 0xd8, 0xfe, 0x05, 0xd1,
  0xfe, 0xf1, 0xfe, 0xd8, 0xfe, 0xf1, 0xfe, 0xd8, 0xfe, 0xf1, 0x0a, 0xfe,
  0xf0, 0xfe, 0xd0, 0xfe, 0xf1, 0xfe, 0xf1, 0xfe, 0x03, 0xfe, 0x1e, 0x19,
  0x31, 0x0b, 0xfe, 0xed, 0xfe, 0xf1, 0xfe, 0xf0, 0xfe, 0xf1, 0xfe, 0xf0,
  0x0e, 0x20, 0x0c, 0x0b, 0xfe, 0x01, 0xfe, 0x00, 0x0e, 0x13, 0xfe, 0x00,
  0xf0, 0x0c, 0xf1, 0x0d, 0xf1, 0xfe, 0xf1, 0x0f, 0xfe, 0xf1, 0xfe, 0xf1,
  0x0f, 0xfe, 0x01, 0xfe, 0xf1, 0xfe, 0xf0, 0x0f, 0xfe, 0xf0, 0xfe, 0x03,
  0xfe, 0xf1, 0xfe, 0xf1, 0x0f, 0xfe, 0x01, 0xfe, 0xd8, 0xfe, 0x00, 0x0f,
  0xfe, 0x01, 0xfe, 0xd9, 0xfe, 0x00, 0x0a, 0xfe, 0xf1, 0xfe, 0xd8, 0xfe,
  0xf1, 0xfe, 0xd8, 0xfe, 0xf0, 0xfe, 0xd9, 0xfe, 0xf0, 0xfe, 0xd9, 0xfe,
  0xf1, 0x19, 0x10, 0xe7, 0x0d, 0x0f, 0xfe, 0x00, 0xe0, 0xfe, 0x12, 0x08,
  0x04, 0xfe, 0xf1, 0xfe, 0xf1, 0xfe, 0xf1, 0xfe, 0xf0, 0x09, 0x18, 0x08,
  0x04, 0xfe, 0xf1, 0x09, 0x0f, 0xfe, 0x00, 0xe0, 0xfe, 0x12, 0x08, 0xdf,
  0xfe, 0x01, 0xfe, 0x16, 0xdf, 0xfe, 0x01, 0xfe, 0x15, 0xdf, 0xfe, 0x01,
  0xfe, 0x1c, 0x04, 0xfe, 0x01, 0xfe, 0xf1, 0xfe, 0xd0, 0xfe, 0xf1, 0xfe,
  0xd0, 0xfe, 0xf1, 0xfe, 0x1d, 0xfe, 0xf1, 0xfe, 0xd0, 0xfe, 0xf1, 0xfe,
  0xd0, 0xfe, 0xf0, 0xfe, 0xd0, 0xfe, 0xf1, 0x09, 0x18, 0x08, 0x04, 0xfe,
  0x01, 0xfe, 0x00, 0x09, 0x0a, 0xfe, 0xf0, 0xfe, 0xf1, 0x19, 0x10, 0xf0,
  0xf0, 0x13, 0xfe, 0xb5, 0xfe, 0xf1, 0xfe, 0x03, 0xfe, 0xf1, 0xfe, 0xf1,
  0xfe, 0xf1, 0xfe, 0xf1, 0xfe, 0xf1, 0xfe, 0xf0, 0xfe, 0xf0, 0xfe, 0xf0,
  0xfe, 0xf0, 0xfe, 0xf0, 0xfe, 0xf0, 0xfe, 0xf1, 0xfe, 0xd0, 0xfe, 0xf1,
  0xfe, 0xf1, 0xfe, 0xf0, 0xfe, 0xf0, 0xfe, 0xf0, 0xfe, 0xf0, 0xfe, 0xf0,
  0xfe, 0xf0, 0xfe, 0xf1, 0x13, 0xfe, 0x00, 0xf1, 0x0c, 0xf1, 0xfe, 0xf1,
  0xfe, 0x03, 0xfe, 0xf1, 0xe5, 0xfe, 0xf0, 0xfe, 0xf1, 0xfe, 0xf1, 0xe5,
  0xfe, 0x01, 0xfe, 0xf1, 0xf1, 0xfe, 0xf1, 0xfe, 0xf1, 0xe5, 0xfe, 0x01,
  0xfe, 0xf0, 0xfe, 0xf1, 0xe5, 0xfe, 0x01, 0xfe, 0xf0, 0xfe, 0xf1, 0xe5,
  0xfe, 0x01, 0xfe, 0xd9, 0xfe, 0x00, 0x2a, 0xfe, 0xf1, 0x17, 0xfe, 0x00,
  0x17, 0xfe, 0x00, 0x0b, 0xfe, 0x01, 0xfe, 0x00, 0x0b, 0xfe, 0x01, 0xfe,
  0x00, 0x17, 0xfe, 0x00, 0xe5, 0xfe, 0x00, 0xd5, 0xfe, 0x00, 0xf0, 0xfe,
  0x00, 0x2a, 0xfe, 0x00, 0x17, 0xfe, 0x00, 0xd5, 0xfe, 0x00, 0xf0, 0xfe,
  0x00, 0xe5, 0xfe, 0x00, 0x2a, 0xfe, 0x00, 0xf1, 0xfe, 0x01, 0xfe, 0x2c,
  0xfe, 0x2d, 0xfe, 0x2c, 0xfe, 0x01, 0xfe, 0x03, 0xfe, 0x01, 0xfe, 0x03,
  0xfe, 0x01, 0xfe, 0x03, 0xfe, 0x01, 0xfe, 0x03, 0xfe, 0x01, 0xfe, 0x03,
  0xfe, 0x01, 0xfe, 0x03, 0xfe, 0x39, 0x0d, 0xf1, 0xfe, 0xf1, 0xfe, 0xf1,
  0x23, 0xfe, 0x1f, 0xfe, 0xf1, 0xfe, 0xf1, 0xfe, 0xf1, 0x23, 0xfe, 0xf1,
  0xfe, 0xf1, 0x0f, 0xfe, 0xf0, 0xfe, 0xf1, 0xd1, 0xfe, 0xf0, 0xfe, 0xf1,
  0x0f, 0xfe, 0x27, 0xfe, 0x05, 0xd1, 0xfe, 0xf0, 0xfe, 0x03, 0xfe, 0x05,
  0xd1, 0xfe, 0x01, 0xfe, 0xf1, 0xfe, 0xf1, 0xd1, 0xfe, 0xf1, 0xfe, 0xd0,
  0xfe, 0xe2, 0x0f, 0xfe, 0xf1, 0xd1, 0xfe, 0xf0, 0xfe, 0xd0, 0xfe, 0xf1,
  0xfe, 0x03, 0xfe, 0xf1, 0xfe, 0xf1, 0xd1, 0xfe, 0xf0, 0xfe, 0x03, 0xfe,
  0xe2, 0xd1, 0xfe, 0x00, 0xf1, 0x08, 0xc0, 0xfe, 0x01, 0xfe, 0xf1, 0xf1,
  0xfe, 0xf1, 0xfe, 0xf1, 0xf1, 0xfe, 0x01, 0xfe, 0xf1, 0xdf, 0xfe, 0x00,
  0xf0, 0xfe, 0x12, 0xd6, 0xd4, 0xfe, 0xf0, 0xfe, 0xf0, 0xd7, 0xf0, 0xd6,
  0xd4, 0xfe, 0x01, 0xfe, 0x00, 0xd7, 0xdf, 0xfe, 0x00, 0xf0, 0xfe, 0x12,
  0xd6, 0xdc, 0xfe, 0xf1, 0xfe, 0xf1, 0xfe, 0xf1, 0xfe, 0xf1, 0xfe, 0xf1,
  0xd4, 0xfe, 0x01, 0xfe, 0xf0, 0xfe, 0xd0, 0xfe, 0x05, 0xd7, 0xf0, 0xd6,
  0xd4, 0xfe, 0x01, 0xfe, 0x00, 0xd7, 0x04, 0xfe, 0x01, 0xfe, 0x00, 0x04,
  0xfe, 0x01, 0xfe, 0x00, 0x04, 0xfe, 0xf1, 0xfe, 0xf1, 0x04, 0xfe, 0x01,
  0xfe, 0x00, 0x04, 0xfe, 0x01, 0xfe, 0x00, 0x09, 0x18, 0x08, 0x04, 0xfe,
  0x01, 0xfe, 0x00, 0x04, 0xfe, 0x01, 0xfe, 0x00, 0x04, 0xfe, 0x01, 0xfe,
  0x00, 0x04, 0xfe, 0x01, 0xfe, 0x00, 0x04, 0xfe, 0x01, 0xfe, 0x00, 0x09,
  0xf1, 0xfe, 0xf1, 0xfe, 0xf0, 0x08, 0x04, 0xfe, 0x01, 0xfe, 0x00, 0x04,
  0xfe, 0x01, 0xfe, 0x00, 0x2e, 0x09, 0xf0, 0xfe, 0x01, 0xfe, 0xf0, 0xf0,
  0xfe, 0x00, 0xf1, 0xfe, 0x12, 0x08, 0x04, 0xfe, 0x01, 0xfe, 0xf0, 0x09,
  0x18, 0x08, 0x04, 0xfe, 0x01, 0xfe, 0x00, 0x09, 0xe0, 0xfe, 0x12, 0x08,
  0x04, 0xfe, 0x01, 0xfe, 0x00, 0x04, 0xfe, 0x01, 0xfe, 0x00, 0x2e, 0x09,
  0x0f, 0xfe, 0x00, 0xd1, 0xfe, 0x00, 0xe0, 0xfe, 0xf0, 0x08, 0xdf, 0xfe,
  0x00, 0xf0, 0xfe, 0x12, 0xd6, 0xdc, 0xfe, 0x00, 0xf0, 0xfe, 0x00, 0xf0,
  0xfe, 0xf1, 0xf0, 0xdd, 0xfe, 0xf1, 0xfe, 0xf1, 0xf0, 0xfe, 0x00, 0xf0,
  0xee, 0xd3, 0xfe, 0x01, 0xfe, 0x15, 0xd3, 0xfe, 0xf0, 0xfe, 0x05, 0xd3,
  0xfe, 0x01, 0xfe, 0x16, 0xd3, 0xfe, 0xf0, 0xfe, 0x05, 0xd3, 0xfe, 0x01,
  0xfe, 0x1c, 0xd3, 0xfe, 0xf0, 0xfe, 0xf1, 0xfe, 0xf1, 0xfe, 0xf0, 0xf0,
  0xfe, 0xf0, 0xfe, 0x12, 0xe6, 0xda, 0xfe, 0x1f, 0xfe, 0xf1, 0xf0, 0xec,
  0xf0, 0xe6, 0xf0, 0xfe, 0xf0, 0xfe, 0x12, 0xf0, 0xf0, 0xfe, 0x1f, 0xfe,
  0xf1, 0xf0, 0xf0, 0xf1, 0xf0, 0xf0, 0xfe, 0x1f, 0xfe, 0xf1, 0xf0, 0xf0,
  0xf1, 0xec, 0xf1, 0xf0, 0xf0, 0xfe, 0x01, 0xfe, 0xd9, 0xfe, 0x00, 0xde,
  0xfe, 0xf0, 0xfe, 0xf0, 0xde, 0xfe, 0x01, 0xfe, 0x00, 0xf0, 0xf0, 0xf0,
  0xde, 0xfe, 0x01, 0xfe, 0x00, 0xde, 0xfe, 0x01, 0xfe, 0x00, 0xf0, 0xf0,
  0xfe, 0xf0, 0xfe, 0xf1, 0xfe, 0x00, 0xf0, 0xfe, 0xf0, 0xfe, 0xf0, 0xfe,
  0xf0, 0xfe, 0xf0, 0xfe, 0x00, 0xf0, 0xfe, 0xf0, 0xfe, 0xf0, 0xfe, 0xbe,
  0xfe, 0xf1, 0xfe, 0xf1, 0xfe, 0xf1, 0xf0, 0xfe, 0xf0, 0xfe, 0xf0, 0xfe,
  0xf0, 0xfe, 0xf0, 0xfe, 0xf0, 0xfe, 0xf0, 0xfe, 0xf0, 0xfe, 0xf0, 0xdc,
  0xfe, 0x00, 0xf1, 0xf0, 0xf1, 0xfe, 0xf0, 0xfe, 0xf1, 0xf2, 0xee, 0xd3,
  0xfe, 0x01, 0xfe, 0x1c, 0xf0, 0xfe, 0xf2, 0xfe, 0xf0, 0xfe, 0xf1, 0xfe,
  0xf1, 0xfe, 0xe4, 0xfe, 0xf0, 0xfe, 0x1e, 0xf0, 0xfe, 0xf2, 0xfe, 0xd2,
  0xfe, 0xf2, 0xd3, 0xfe, 0xf2, 0xfe, 0xf2, 0xfe, 0xf1, 0xd3, 0xfe, 0x00,
  0xf0, 0xe6, 0xdb, 0xfe, 0x01, 0xfe, 0x15, 0xf0, 0xfe, 0xf0, 0xfe, 0x12,
  0xf0, 0xf0, 0xfe, 0xe8, 0xf0, 0xf0, 0xdb, 0xfe, 0xf0, 0xfe, 0xf1, 0xfe,
  0xd0, 0xfe, 0xf0, 0xfe, 0xd0, 0xfe, 0x1e, 0xdb, 0xfe, 0x01, 0xfe, 0xd8,
  0xfe, 0x00, 0xda, 0xfe, 0xf0, 0xfe, 0xf0, 0xfe, 0xf0, 0xfe, 0xd0, 0xfe,
  0xf0, 0xf0, 0xf0, 0xd3, 0xfe, 0x00, 0xf2, 0xfe, 0xf2, 0xe6, 0xdb, 0xfe,
  0xf0, 0xfe, 0x00, 0xdb, 0xfe, 0x00, 0xf2, 0xf0, 0xf1, 0xfe, 0x01, 0xfe,
  0x1c, 0xf2, 0xfe, 0xf0, 0xfe, 0x12, 0xf2, 0xf2, 0xfe, 0xe8, 0xf2, 0xf2,
  0xf1, 0xfe, 0xf0, 0xfe, 0xf1, 0xfe, 0xd0, 0xfe, 0xf0, 0xfe, 0xd0, 0xfe,
  0x1e, 0xf1, 0xfe, 0x01, 0xfe, 0xd8, 0xfe, 0x00, 0xf0, 0xfe, 0xf0, 0xfe,
  0xf0, 0xfe, 0xf0, 0xfe, 0xd0, 0xfe, 0xf0, 0xf0, 0xf2, 0xda, 0xfe, 0xed,
  0xfe, 0x03, 0xfe, 0x05, 0xec, 0xf0, 0xe6, 0xda, 0xfe, 0x01, 0xfe, 0x00,
  0xec, 0xea, 0xfe, 0x01, 0xfe, 0x00, 0xf0, 0xf0, 0xf2, 0xee, 0xf1, 0xfe,
  0xf0, 0xfe, 0xf2, 0xf0, 0xfe, 0x01, 0xfe, 0x16, 0xf1, 0xfe, 0xf0, 0xfe,
  0xf2, 0xf0, 0xfe, 0x01, 0xfe, 0x15, 0xf1, 0xfe, 0xf0, 0xfe, 0xf2, 0xd3,
  0xfe, 0x01, 0xfe, 0x1c, 0xf0, 0xfe, 0xf2, 0xfe, 0xf0, 0xfe, 0xf1, 0xfe,
  0xf1, 0xfe, 0xe4, 0xfe, 0xf0, 0xd3, 0xfe, 0x01, 0xfe, 0x15, 0xf0, 0xfe,
  0x00, 0xea, 0xfe, 0x26, 0xfe, 0x00, 0xea, 0xfe, 0x2b, 0xfe, 0x16, 0xd3,
  0xfe, 0xf0, 0xfe, 0xf2, 0xfe, 0x05, 0xd3, 0xfe, 0xf0, 0xfe, 0x05, 0xf0,
  0xfe, 0xeb, 0xfe, 0x03, 0xfe, 0xf2, 0xfe, 0x05, 0xd3, 0xfe, 0xf2, 0xfe,
  0xd2, 0xfe, 0xf2, 0xfe, 0xf2, 0xfe, 0xf2, 0xfe, 0xf2, 0xfe, 0xf2, 0xfe,
  0xf2, 0xfe, 0xf2, 0xfe, 0x05, 0xd3, 0xfe, 0xf0, 0xfe, 0xd8, 0xfe, 0xf2,
  0xfe, 0xf2, 0xfe, 0xf2, 0xfe, 0xb1, 0xd3, 0xfe, 0xf0, 0xfe, 0xc1, 0xd3,
  0xfe, 0x00, 0xf0, 0xfe, 0xf2, 0xfe, 0x12, 0xe6, 0xda, 0xfe, 0x01, 0xfe,
  0xf2, 0xfe, 0xd8, 0xfe, 0xf0, 0xec, 0xf0, 0xe6, 0xda, 0xfe, 0x01, 0xfe,
  0x00, 0xec, 0xf0, 0xfe, 0xf2, 0xfe, 0xf2, 0xfe, 0xd0, 0xfe, 0x05, 0xf0,
  0xfe, 0xf2, 0xfe, 0xf1, 0xfe, 0xf2, 0xf0, 0xfe, 0xf2, 0xf0, 0xfe, 0xf2,
  0xfe, 0x03, 0xfe, 0x03, 0xfe, 0x05, 0xf0, 0xfe, 0xf0, 0xfe, 0xf2, 0xfe,
  0xd8, 0xfe, 0x03, 0xfe, 0xf0, 0xf0, 0xfe, 0xf1, 0xfe, 0xf2, 0xf0, 0xfe,
  0xf2, 0xfe, 0xb1, 0xf0, 0xfe, 0xf0, 0xfe, 0xf0, 0xfe, 0xe4, 0xfe, 0xf0,
  0xfe, 0x05, 0xf0, 0xfe, 0xf0, 0xfe, 0xf0, 0xfe, 0xd9, 0xfe, 0xf0, 0xfe,
  0xe4, 0xfe, 0xf0, 0xfe, 0x05, 0xf0, 0xfe, 0xf0, 0xfe, 0xf0, 0xfe, 0xd8,
  0xfe, 0xf0, 0xfe, 0xe4, 0xfe, 0xf0, 0xfe, 0x05, 0xf0, 0xfe, 0xf0, 0xfe,
  0xf0, 0xfe, 0xd8, 0xfe, 0xf0, 0xfe, 0xe4, 0xfe, 0xf0, 0xfe, 0x05, 0xf0,
  0xfe, 0xf0, 0xfe, 0xf2, 0xfe, 0xf0, 0xfe, 0xf0, 0xfe, 0xe4, 0xfe, 0xf0,
  0xfe, 0x05, 0xf0, 0xfe, 0xf2, 0xfe, 0xd2, 0xfe, 0xf0, 0xfe, 0xf2, 0xfe,
  0xd2, 0xfe, 0xf0, 0xfe, 0xf2, 0xfe, 0xd2, 0xfe, 0xf0, 0xfe, 0xf1, 0xfe,
  0xd2, 0xfe, 0xf0, 0xfe, 0xf1, 0xfe, 0xd2, 0xfe, 0xf0, 0xfe, 0xf2, 0xd3,
  0xfe, 0xf2, 0xfe, 0xf0, 0xfe, 0xf1, 0xd3, 0xfe, 0x00, 0xf0, 0xe6, 0xf0,
  0xfe, 0xf0, 0xfe, 0xf2, 0xf0, 0xf0, 0xfe, 0xe8, 0xf0, 0xf0, 0xdb, 0xfe,
  0xf0, 0xfe, 0xf1, 0xfe, 0xbe, 0xfe, 0xf2, 0xfe, 0xd0, 0xfe, 0x1e, 0xdb,
  0xfe, 0x01, 0xfe, 0xd8, 0xfe, 0x15, 0xda, 0xfe, 0xf0, 0xfe, 0xf0, 0xfe,
  0xf0, 0xfe, 0xd0, 0xfe, 0xf0, 0xf0, 0xf0, 0xd3, 0xfe, 0xf0, 0xfe, 0x00,
  0xd3, 0xfe, 0x00, 0xf0, 0xe6, 0xf0, 0xfe, 0xf0, 0xfe, 0xf2, 0xf0, 0xf0,
  0xfe, 0xe8, 0xf0, 0xf0, 0xdb, 0xfe, 0xf0, 0xfe, 0xf1, 0xfe, 0xf2, 0xfe,
  0xf2, 0xfe, 0xd0, 0xfe, 0x1e, 0xdb, 0xfe, 0x01, 0xfe, 0xd8, 0xfe, 0x1c,
  0xda, 0xfe, 0xf0, 0xfe, 0xf0, 0xfe, 0xf0, 0xfe, 0xd0, 0xfe, 0xf0, 0xf0,
  0xf0, 0xea, 0xfe, 0xed, 0xfe, 0x03, 0xfe, 0x05, 0xf0, 0xf0, 0xf2, 0xee,
  0xf0, 0xfe, 0x01, 0xfe, 0xf0, 0xfe, 0xef, 0xf0, 0xfe, 0xf0, 0xfe, 0xf0,
  0xfe, 0xe4, 0xfe, 0xf0, 0xfe, 0x1e, 0xea, 0xfe, 0xf2, 0xfe, 0xf2, 0xfe,
  0xd2, 0xfe, 0xf2, 0xf0, 0xf0, 0xde, 0xfe, 0xf0, 0xf0, 0xf1, 0xd4, 0xfe,
  0x01, 0xfe, 0x00, 0xd7, 0xf0, 0xd6, 0xd4, 0xfe, 0xe8, 0xd7, 0xba, 0xfe,
  0x00, 0xdf, 0xfe, 0x00, 0xf1, 0xfe, 0xf1, 0xfe, 0xf1, 0xd6, 0xf0, 0xfe,
  0x00, 0xdc, 0xfe, 0x00, 0xf1, 0xf0, 0xf0, 0xfe, 0xf1, 0xf0, 0xfe, 0xf1,
  0xf0, 0xfe, 0xf1, 0xfe, 0xf1, 0xf0, 0xfe, 0x01, 0xfe, 0xf1, 0xdd, 0xfe,
  0x01, 0xfe, 0xf0, 0xfe, 0xef, 0xdd, 0xfe, 0x01, 0xfe, 0xf0, 0xfe, 0xef,
  0xe3, 0xfe, 0x01, 0xfe, 0x1c, 0xdd, 0xfe, 0xf0, 0xfe, 0xf0, 0xfe, 0x05,
  0xdd, 0xfe, 0xf0, 0xfe, 0xf0, 0xfe, 0xf1, 0xfe, 0x00, 0xe3, 0xfe, 0xf1,
  0xfe, 0x05, 0xe3, 0xfe, 0xf1, 0xfe, 0xf0, 0xfe, 0xf1, 0xfe, 0x1d, 0xfe,
  0x00, 0xe3, 0xfe, 0x1f, 0xfe, 0xf1, 0xfe, 0x00, 0xdd, 0xfe, 0x00, 0xde,
  0xfe, 0x01, 0xfe, 0x00, 0xdd, 0xfe, 0x00, 0xe3, 0xfe, 0x00, 0xdd, 0xfe,
  0x00, 0xe3, 0xfe, 0x01, 0xfe, 0x00, 0xf0, 0xfe, 0xf1, 0xf1, 0xee, 0xf0,
  0xfe, 0x2d, 0xfe, 0x12, 0xe6, 0xda, 0xfe, 0x01, 0xfe, 0xf0, 0xfe, 0xd0,
  0xfe, 0x05, 0xf1, 0xfe, 0xf1, 0xfe, 0xf1, 0xfe, 0xf1, 0xfe, 0xf1, 0xfe,
  0x12, 0xf0, 0xf0, 0xfe, 0xe8, 0xf0, 0xfe, 0x01, 0xfe, 0x00, 0xf0, 0xf0,
  0xda, 0xfe, 0xf1, 0xfe, 0x00, 0xda, 0xfe, 0xb2, 0xda, 0xfe, 0x01, 0xfe,
  0x00, 0xf1, 0xec, 0xf0, 0xe6, 0xda, 0xfe, 0xf0, 0xda, 0xfe, 0x01, 0xfe,
  0x00, 0xf0, 0xec, 0xf0, 0xf0, 0xfe, 0xf1, 0xfe, 0xf1, 0xde, 0xfe, 0x01,
  0xfe, 0x00, 0xde, 0xfe, 0x01, 0xfe, 0xf1, 0xfe, 0xf1, 0xfe, 0x03, 0xfe,
  0xf1, 0xf0, 0xf0, 0xf0, 0xde, 0xfe, 0x01, 0xfe, 0x00, 0xde, 0xfe, 0x01,
  0xfe, 0x00, 0xf0, 0xd4, 0xfe, 0x01, 0xfe, 0x00, 0xd4, 0xfe, 0x01, 0xfe,
  0x00, 0xd7, 0xf0, 0xd6, 0xd4, 0xfe, 0x01, 0xfe, 0x00, 0xd4, 0xfe, 0x01,
  0xfe, 0x00, 0xd7, 0xf0, 0xfe, 0xf0, 0xd6, 0xd4, 0xfe, 0x01, 0xfe, 0x00,
  0xd4, 0xfe, 0x01, 0xfe, 0x00, 0xf1, 0xd7, 0x04, 0xfe, 0x01, 0xfe, 0x00,
  0x04, 0xfe, 0x01, 0xfe, 0x00, 0x09, 0x18, 0x08, 0x04, 0xfe, 0x01, 0xfe,
  0x00, 0x04, 0xfe, 0xe8, 0x09, 0x0f, 0xfe, 0x27, 0xfe, 0xd9, 0xfe, 0x05,
  0xd1, 0xfe, 0xf0, 0xfe, 0xf0, 0xd1, 0xfe, 0xf0, 0xfe, 0x03, 0xfe, 0xe2,
  0xd1, 0xfe, 0x01, 0xfe, 0xd0, 0xfe, 0x00, 0xd1, 0xfe, 0xed, 0xfe, 0xf0,
  0xfe, 0xd0, 0xfe, 0xf0, 0xfe, 0xd0, 0xfe, 0xf0, 0xd1, 0xfe, 0xf0, 0xfe,
  0x03, 0xfe, 0xe2, 0xd1, 0xfe, 0x01, 0xfe, 0xd0, 0xfe, 0x00, 0x0a, 0xfe,
  0x01, 0xfe, 0x00, 0x0a, 0xfe, 0x01, 0xfe, 0xf0, 0xfe, 0xf0, 0xfe, 0xf0,
  0xfe, 0xf0, 0xfe, 0xf0, 0xfe, 0xd0, 0xfe, 0x1d, 0xfe, 0xf0, 0xfe, 0xf0,
  0xfe, 0xf0, 0xfe, 0xf0, 0xfe, 0xf0, 0xfe, 0xd0, 0xfe, 0xf0, 0xfe, 0x24,
  0xfe, 0xf0, 0xfe, 0xf0, 0xfe, 0xf0, 0xfe, 0xd0, 0xfe, 0xf0, 0xfe, 0x24,
  0xfe, 0xf0, 0xfe, 0xf1, 0xfe, 0xf1, 0xfe, 0xf1, 0xfe, 0xf1, 0xfe, 0xd0,
  0xfe, 0x1d, 0xfe, 0x1d, 0xfe, 0x1e, 0x10, 0x17, 0xfe, 0x00, 0xf1, 0x0d,
  0xf0, 0xfe, 0x01, 0xfe, 0xf1, 0xf0, 0xfe, 0x00, 0xe0, 0xfe, 0x12, 0x08,
  0x04, 0xfe, 0xf1, 0x09, 0x18, 0x08, 0x04, 0xfe, 0x01, 0xfe, 0x00, 0x09,
  0x0f, 0xfe, 0x00, 0xe0, 0xfe, 0x12, 0x08, 0x04, 0xfe, 0xf0, 0xfe, 0x03,
  0xfe, 0xf1, 0xfe, 0xf1, 0x09, 0x18, 0x08, 0x04, 0xfe, 0x01, 0xfe, 0x00,
  0x09, 0x0a, 0xfe, 0x01, 0xfe, 0x00, 0x10, 0xe7, 0x0d, 0x0a, 0xfe, 0x01,
  0xfe, 0x00, 0x10, 0x0b, 0xfe, 0x01, 0xfe, 0x00, 0x0e, 0x20, 0x0c, 0x0b,
  0xfe, 0x01, 0xfe, 0x00, 0x0e, 0x14, 0xfe, 0xf0, 0xfe, 0xf0, 0x1a, 0xfe,
  0x26, 0xfe, 0x15, 0x1a, 0xfe, 0x2b, 0xfe, 0x16, 0x1a, 0xfe, 0x28, 0xfe,
  0x1c, 0x13, 0xfe, 0xed, 0xfe, 0xf1, 0x14, 0xfe, 0x01, 0xfe, 0x00, 0x1a,
  0xfe, 0x26, 0xfe, 0x15, 0x1a, 0xfe, 0x2b, 0xfe, 0x16, 0x1a, 0xfe, 0x28,
  0xfe, 0x1c, 0xf1, 0xfe, 0x00, 0x37, 0x25, 0x02, 0x90, 0x91, 0x92, 0x93,
  0x0a, 0x94, 0x95, 0x0a, 0x96, 0x97, 0x0a, 0x98, 0x0a, 0x99, 0x9a, 0x9b,
  0x9c, 0x9d, 0x9e, 0x9f, 0xa0, 0x13, 0xa1, 0x13, 0xa2, 0xa3, 0xa4, 0xa5,
  0xa6, 0xa7, 0xa8, 0xa9, 0xaa, 0xab, 0xac, 0xad, 0xae, 0xaf, 0xb0, 0xb1,
  0xb2, 0x63, 0x90, 0x91, 0x92, 0x13, 0x63, 0xb3, 0xb4, 0xb5, 0xb6, 0xb7,
  0xb8, 0xb9, 0xba, 0x4a, 0xbb, 0xbc, 0xbd, 0xbe, 0xbf, 0xc0, 0xc1, 0xc2,
  0xc3, 0xc4, 0xc5, 0xc6, 0xc7, 0xc8, 0x88, 0xc9, 0xca, 0xcb, 0xcc, 0xcd,
  0xce, 0xcf, 0xd0, 0xd1, 0xd2, 0xd3, 0xd4, 0xd5, 0xd6, 0xd7, 0xd8, 0xd9,
  0xda, 0xdb, 0xdc, 0xdd, 0xde, 0xdf, 0x0b, 0x34, 0xe0, 0xe1, 0x19, 0xe2,
  0xe3, 0x1a, 0x35, 0x36, 0x37, 0xe4, 0x36, 0x37, 0xe5, 0x6f, 0xe6, 0xe7,
  0x0b, 0x0b, 0x24, 0xe8, 0xe9, 0xea, 0xeb, 0xec, 0xed, 0xee, 0xef, 0xf0,
  0x24, 0xf1, 0xf2, 0x24, 0xf3, 0x5c, 0x5d, 0xf4, 0x38, 0x35, 0xf5, 0xf6,
  0x39, 0x1b, 0xf7, 0xf8, 0xf9, 0xfa, 0x25, 0xfb, 0x1a, 0x26, 0xfc, 0x38,
  0x3a, 0xfd, 0x3a, 0xfe, 0x26, 0xff, 0x00, 0x01, 0x02, 0x03, 0x04, 0x27,
  0x3b, 0x0b, 0x27, 0x05, 0x1e, 0x27, 0x3b, 0x06, 0x07, 0x08, 0x09, 0x65,
  0x0a, 0x0b, 0x01, 0x28, 0x16, 0x5e, 0x1e, 0x0c, 0x0d, 0x0e, 0x0c, 0x0f,
  0x10, 0x11, 0x3c, 0x12, 0x29, 0x19, 0x13, 0x14, 0x15, 0x16, 0x17, 0x18,
  0x3d, 0x70, 0x19, 0x1a, 0x1b, 0x1c, 0x3e, 0x3e, 0x1d, 0x1e, 0x1f, 0x20,
  0x3d, 0x21, 0x22, 0x23, 0x24, 0x25, 0x26, 0x89, 0x27, 0x17, 0x28, 0x39,
  0x1b, 0x29, 0x2a, 0x2b, 0x2c, 0x2d, 0x2e, 0x3f, 0x40, 0x0d, 0x41, 0x0d,
  0x42, 0x2f, 0x30, 0x31, 0x3f, 0x40, 0x0d, 0x41, 0x0d, 0x42, 0x32, 0x33,
  0x34, 0x35, 0x36, 0x0c, 0x37, 0x38, 0x39, 0x3a, 0x3b, 0x3c, 0x43, 0x3d,
  0x43, 0x3e, 0x3f, 0x71, 0x71, 0x40, 0x41, 0x42, 0x43, 0x44, 0x45, 0x46,
  0x93, 0x94, 0x44, 0x47, 0x44, 0x48, 0x87, 0x49, 0x4a, 0x4b, 0x4c, 0x0c,
  0x4d, 0x4e, 0x4f, 0x0e, 0x50, 0x95, 0x96, 0x97, 0x98, 0x99, 0x9a, 0x01,
  0x72, 0x73, 0x05, 0x01, 0x51, 0x52, 0x53, 0x54, 0x55, 0x1f, 0x05, 0x9b,
  0x9c, 0x56, 0x57, 0x66, 0x0f, 0x45, 0x0f, 0x58, 0x45, 0x1a, 0x01, 0x74,
  0x8a, 0x9d, 0x00, 0x9e, 0x9f, 0x2a, 0x8b, 0x1e, 0x1e, 0x17, 0xa0, 0xa1,
  0x29, 0x2d, 0x75, 0xa2, 0x18, 0x4f, 0x59, 0x75, 0x1c, 0x08, 0xa3, 0x1d,
  0x20, 0xa4, 0x1c, 0x08, 0xa5, 0x1d, 0x20, 0xa6, 0xa7, 0x8c, 0x2a, 0x72,
  0x73, 0x09, 0x6a, 0x00, 0x09, 0x50, 0x5f, 0xa8, 0x50, 0x76, 0x77, 0x78,
  0x79, 0x03, 0x7a, 0x7b, 0xa9, 0xaa, 0xab, 0x60, 0x7c, 0x7d, 0x7e, 0x7f,
  0x80, 0x81, 0x82, 0x83, 0xac, 0x00, 0xad, 0x5f, 0x64, 0x4b, 0x14, 0x04,
  0x85, 0x86, 0xc4, 0x6c, 0x61, 0x05, 0x06, 0x07, 0x08, 0xc5, 0x8d, 0x59,
  0x28, 0x1c, 0x08, 0x1d, 0x20, 0x17, 0x87, 0x86, 0x56, 0x57, 0x22, 0x58,
  0x18, 0x8e, 0x4c, 0x09, 0x8f, 0x4d, 0x1c, 0x88, 0x4e, 0x28, 0x4f, 0x50,
  0x51, 0x52, 0x88, 0x17, 0x89, 0x86, 0x88, 0x08, 0x56, 0x57, 0x22, 0x58,
  0x1d, 0x53, 0x4f, 0x31, 0x15, 0x54, 0x8a, 0x6d, 0x0a, 0x64, 0x8a, 0x6d,
  0x0b, 0x64, 0x8a, 0x6d, 0x0c, 0x23, 0x0d, 0x85, 0x86, 0xc4, 0x5b, 0x14,
  0x51, 0x55, 0x51, 0x14, 0x0e, 0x56, 0x0f, 0x57, 0x58, 0x59, 0x5a, 0x10,
  0x11, 0x0c, 0x5b, 0x5c, 0x5d, 0x51, 0x2d, 0x12, 0x13, 0x29, 0x4f, 0x23,
  0x5e, 0x5f, 0x64, 0x14, 0x8e, 0x15, 0x64, 0x16, 0x64, 0x17, 0x23, 0x0c,
  0x60, 0x29, 0x23, 0xc6, 0x18, 0x23, 0x19, 0x14, 0x32, 0x6b, 0x21, 0x14,
  0x32, 0x6e, 0x12, 0x21, 0x14, 0x32, 0x6e, 0x12, 0x21, 0x14, 0x32, 0x6e,
  0x12, 0x21, 0x14, 0x32, 0x1a, 0x65, 0x12, 0x21, 0x61, 0x1b, 0x30, 0x1c,
  0x30, 0x1d, 0x30, 0x8b, 0x30, 0x8b, 0x30, 0x1e, 0x1f, 0x2c, 0xc5, 0x8d,
  0x59, 0x28, 0x61, 0x1c, 0x08, 0x1d, 0x20, 0x17, 0x87, 0x62, 0x56, 0x57,
  0x22, 0x58, 0x18, 0x8e, 0x8f, 0x8d, 0x59, 0x28, 0x63, 0x1c, 0x08, 0x1d,
  0x20, 0x17, 0x89, 0x64, 0x65, 0x56, 0x57, 0x22, 0x58, 0x18, 0x8e, 0x31,
  0x15, 0x66, 0x14, 0x04, 0x14, 0x32, 0x6b, 0x6c, 0x20, 0x21, 0x22, 0x31,
  0x15, 0x16, 0x63, 0xae, 0x05, 0xaf, 0xb0, 0x70, 0x03, 0xb1, 0x00, 0x2a,
  0x71, 0x2f, 0x72, 0x2f, 0x73, 0x74, 0x2f, 0x75, 0x04, 0x04, 0x54, 0x55,
  0x54, 0x55, 0x76, 0x77, 0x78, 0x04, 0x79, 0x7a, 0x2a, 0x7b, 0xb2, 0x2d,
  0x22, 0xb3, 0x7c, 0x7d, 0x7e, 0x7f, 0x1c, 0x08, 0x08, 0x1d, 0x20, 0x80,
  0xb4, 0x4f, 0x16, 0x18, 0x15, 0x2b, 0x81, 0x82, 0xb5, 0x83, 0xb6, 0x09,
  0x6a, 0x00, 0x09, 0x05, 0x01, 0x68, 0xb7, 0x06, 0x25, 0x0e, 0x46, 0x10,
  0x47, 0x67, 0x48, 0x49, 0x4a, 0x4b, 0x2c, 0x4c, 0x1f, 0x4d, 0x11, 0x07,
  0x02, 0x10, 0x11, 0x07, 0x02, 0x4e, 0x59, 0x5a, 0x5b, 0xb8, 0x5c, 0x0f,
  0x5d, 0x0f, 0x5e, 0x34, 0x5f, 0x60, 0x33, 0x26, 0x61, 0x62, 0x02, 0x03,
  0x04, 0x05, 0x06, 0x07, 0x0f, 0x10, 0x1b, 0x51, 0xa3, 0x81, 0x96, 0x40,
  0x96, 0x40, 0x96, 0x40, 0xed, 0x89, 0xfc, 0xb6, 0x96, 0x40, 0xfc, 0x99,
  0xcc, 0x42, 0xa3, 0x81, 0xfc, 0xb6, 0xea, 0xaa, 0xfc, 0xb6, 0xa3, 0x81,
  0xed, 0x77, 0xed, 0x77, 0xed, 0x77, 0xed, 0x77, 0xd3, 0xbf, 0x97, 0x85,
  0xed, 0x77, 0xd3, 0xbf, 0xbb, 0x4c, 0xed, 0x77, 0xd3, 0xbf, 0xa5, 0x4f,
  0xf7, 0x38, 0xa5, 0x4f, 0xa5, 0x4f, 0xd0, 0x8a, 0xcc, 0x42, 0xa5, 0x4f,
  0xeb, 0x75, 0xbb, 0x4c, 0xd0, 0x8a, 0xbc, 0x97, 0xfc, 0x99, 0xda, 0x6e,
  0xfc, 0x99, 0xed, 0x70, 0xd0, 0x8a, 0xd0, 0x8a, 0xbb, 0x4c, 0x9d, 0x69,
  0xf7, 0x38, 0xf7, 0x38, 0xaa, 0x49, 0xe8, 0x5a, 0xed, 0x89, 0xed, 0x89,
  0xe8, 0x5a, 0x06, 0xaa, 0x49, 0xed, 0x89, 0x9e, 0x3e, 0xbc, 0x97, 0xda,
  0x6e, 0xb4, 0xa5, 0x9e, 0x3e, 0x9e, 0x3e, 0xfa, 0x87, 0x9e, 0x3e, 0x9e,
  0x3e, 0xf7, 0x33, 0xbc, 0x97, 0xda, 0x6e, 0xf8, 0x6b, 0xf7, 0x33, 0x9c,
  0x75, 0xf8, 0x6b, 0x8a, 0x5a, 0xf7, 0x33, 0x93, 0x8a, 0x8a, 0x5a, 0xc9,
  0xb0, 0xb4, 0xa5, 0xfa, 0x87, 0xb4, 0xa5, 0xfa, 0x87, 0xb4, 0xa5, 0xfa,
  0x87, 0xb4, 0xa5, 0xfa, 0x87, 0xed, 0x89, 0xc8, 0x5f, 0xc9, 0xb0, 0xc9,
  0xb0, 0x9c, 0x75, 0x8a, 0x5a, 0xf8, 0x6b, 0x8a, 0x5a, 0xf8, 0x6b, 0x93,
  0x8a, 0x9c, 0x75, 0x93, 0x8a, 0xa9, 0x33, 0xc8, 0x5f, 0xc8, 0x5f, 0xc8,
  0x5f, 0xc8, 0x5f, 0xc8, 0x5f, 0xe8, 0x5a, 0xa9, 0x33, 0xaa, 0x49, 0x9e,
  0x3e, 0x9e, 0x3e, 0xa9, 0x33, 0xcb, 0x52, 0xbc, 0x97, 0xda, 0x6e, 0xe8,
  0x5a, 0x06, 0xaa, 0x49, 0xcb, 0x52, 0xcb, 0x52, 0x8e, 0xc3, 0xaa, 0x49,
  0xc5, 0x74, 0xcc, 0x42, 0x8e, 0xc3, 0xf7, 0x38, 0x8e, 0xc3, 0xe9, 0x4d,
  0xcd, 0x3c, 0xed, 0x89, 0xe1, 0x3f, 0xbc, 0x97, 0xda, 0x6e, 0xcd, 0x3c,
  0xe1, 0x3f, 0xe1, 0x3f, 0xe8, 0x5a, 0xe1, 0x3f, 0xe1, 0x3f, 0xe8, 0x5a,
  0xe1, 0x3f, 0xe1, 0x3f, 0xe8, 0x5a, 0xcc, 0x52, 0xbc, 0x97, 0xda, 0x6e,
  0xcd, 0x3c, 0xcc, 0x52, 0xcc, 0x52, 0xf2, 0x33, 0xc8, 0x31, 0x8e, 0xc3,
  0xde, 0x8e, 0x9d, 0x69, 0xec, 0x75, 0xcd, 0x3c, 0xea, 0xaa, 0xb7, 0x33,
  0xda, 0x8c, 0xc8, 0x31, 0xc8, 0x31, 0xf2, 0x33, 0xde, 0x8e, 0xcf, 0x35,
  0xde, 0x8e, 0xf2, 0x33, 0xe8, 0x62, 0xec, 0x75, 0x97, 0x51, 0xe8, 0x62,
  0xe8, 0x62, 0x88, 0x82, 0xec, 0x75, 0x88, 0x82, 0x97, 0x51, 0x88, 0x82,
  0x97, 0x51, 0xf5, 0x48, 0xda, 0x8c, 0xcf, 0x35, 0xda, 0x8c, 0xcf, 0x35,
  0x88, 0x82, 0xb7, 0x33, 0xc8, 0x31, 0xde, 0x8e, 0xf5, 0x48, 0xda, 0x8c,
  0xcf, 0x35, 0xf5, 0x48, 0x88, 0x82, 0xb7, 0x33, 0x90, 0xa7, 0xda, 0x8c,
  0xcf, 0x35, 0xb1, 0x72, 0x88, 0x82, 0x90, 0xa7, 0xf5, 0x48, 0x90, 0xa7,
  0xb7, 0x33, 0xb1, 0x72, 0xb1, 0x72, 0xb1, 0x72, 0xc8, 0x31, 0xde, 0x8e,
  0xe9, 0x4d, 0xc5, 0x74, 0xb7, 0x33, 0xf2, 0x33, 0xf7, 0x38, 0xe9, 0x4d,
  0xc5, 0x74, 0xc9, 0x6e, 0xbb, 0x3e, 0xd6, 0xaa, 0xa3, 0x81, 0xb8, 0xbb,
  0xd6, 0xaa, 0xbb, 0x3e, 0x85, 0xb5, 0xd6, 0xaa, 0xa3, 0x81, 0xbb, 0x3e,
  0x9f, 0xc0, 0xa3, 0x81, 0xb8, 0xbb, 0x8c, 0x3e, 0xa3, 0x81, 0xb8, 0xbb,
  0xc9, 0x6e, 0x9f, 0xc0, 0x85, 0xb5, 0x8c, 0x3e, 0x85, 0xb5, 0x8c, 0x3e,
  0x85, 0xb5, 0x9f, 0xc0, 0x85, 0xb5, 0xac, 0x55, 0x02, 0xac, 0x55, 0xa3,
  0x81, 0xa3, 0x81, 0xa3, 0x81, 0xac, 0x55, 0xc1, 0x7d, 0x03, 0xab, 0x9f,
  0xa3, 0x81, 0xbe, 0x7a, 0xa3, 0x81, 0xb2, 0x5a, 0xa3, 0x81, 0xc1, 0x7d,
  0xac, 0x55, 0xab, 0x9f, 0xbe, 0x7a, 0xab, 0x9f, 0xb2, 0x5a, 0xb2, 0x5a,
  0xb2, 0x5a, 0xb2, 0x5a, 0xbe, 0x7a, 0xbe, 0x7a, 0xbe, 0x7a, 0xab, 0x9f,
  0xab, 0x9f, 0xc1, 0x7d, 0xac, 0x55, 0xc9, 0x6e, 0xc1, 0x7d, 0xc4, 0xbf,
  0xed, 0x70, 0xea, 0xaa, 0xa3, 0x81, 0x9d, 0x69, 0xa5, 0x4f, 0xa5, 0x4f,
  0xeb, 0x75, 0xe9, 0x4d, 0xbb, 0x4c, 0xe9, 0x4d, 0xbb, 0x4c, 0xe9, 0x4d,
  0xbb, 0x4c, 0xe9, 0x4d, 0x97, 0x85, 0xc9, 0x6e, 0xed, 0x70, 0x8e, 0xc3,
  0x97, 0x85, 0x8e, 0xc3, 0x97, 0x85, 0x8e, 0xc3, 0x97, 0x85, 0x8e, 0xc3,
  0xd0, 0x87, 0xef, 0x44, 0xbc, 0x97, 0xfc, 0x99, 0xb1, 0x3c, 0xef, 0x44,
  0xef, 0x44, 0xb2, 0x65, 0xb1, 0x3c, 0xab, 0xab, 0xb1, 0x3c, 0xb2, 0xa5,
  0xab, 0xab, 0xb2, 0x65, 0xf4, 0x8d, 0xab, 0xab, 0xb2, 0x65, 0xfe, 0x4b,
  0xb2, 0xa5, 0xf4, 0x8d, 0xcb, 0x59, 0xa7, 0x57, 0x92, 0x6c, 0xa7, 0x57,
  0x04, 0x92, 0x6c, 0xc4, 0xbf, 0xf8, 0x45, 0xc7, 0x6f, 0x89, 0x70, 0xb4,
  0x76, 0xb6, 0xa9, 0x9f, 0xac, 0x88, 0x70, 0xb1, 0x76, 0xb2, 0x76, 0xb3,
  0x76, 0xe7, 0x3e, 0xb2, 0xa5, 0xe7, 0x3e, 0xfe, 0x4b, 0xa7, 0x57, 0xf8,
  0x45, 0x88, 0x70, 0x89, 0x70, 0xb1, 0x76, 0xb4, 0x76, 0xb2, 0x76, 0xc7,
  0x6f, 0xb3, 0x76, 0xb6, 0xa9, 0x92, 0x6c, 0x9f, 0xac, 0xe7, 0x3e, 0xc9,
  0x8f, 0xe7, 0x3e, 0xca, 0x39, 0xc9, 0x8f, 0xe7, 0x3e, 0xe7, 0x3e, 0xa6,
  0x5e, 0xca, 0x39, 0xe2, 0x36, 0xca, 0x39, 0x9e, 0xbf, 0xca, 0x39, 0xa3,
  0x7b, 0xe2, 0x36, 0x93, 0x96, 0xe2, 0x36, 0xe2, 0x36, 0xf4, 0x33, 0x93,
  0x96, 0xca, 0x39, 0xbe, 0x84, 0xf4, 0x33, 0xf4, 0x33, 0xda, 0x86, 0xd5,
  0x71, 0xbe, 0x84, 0xbe, 0x84, 0xda, 0x86, 0xda, 0x86, 0x93, 0x96, 0xae,
  0x48, 0xa3, 0x81, 0xa3, 0x7b, 0xa8, 0x57, 0xb9, 0x91, 0xa6, 0x5e, 0xb9,
  0xab, 0xa6, 0x5e, 0x9d, 0x46, 0xb9, 0x91, 0xad, 0x55, 0x9d, 0x46, 0xad,
  0x55, 0xb9, 0xab, 0xad, 0x55, 0x88, 0x70, 0xac, 0x52, 0x9d, 0x46, 0xc0,
  0x79, 0xca, 0x39, 0xa3, 0x7b, 0xca, 0x39, 0xca, 0x39, 0xac, 0x52, 0xd5,
  0x71, 0xc0, 0x79, 0xc0, 0x79, 0xac, 0x52, 0xd5, 0x71, 0xa8, 0x57, 0xac,
  0x52, 0x89, 0x70, 0xad, 0x55, 0xb4, 0x76, 0xca, 0x39, 0xc7, 0x6f, 0xb9,
  0x91, 0xb6, 0xa9, 0xb9, 0xab, 0xa8, 0x57, 0xd5, 0x71, 0x89, 0x70, 0x88,
  0x70, 0xb4, 0x76, 0xb1, 0x76, 0xc7, 0x6f, 0xb2, 0x76, 0xb6, 0xa9, 0xb3,
  0x76, 0xca, 0x39, 0xcb, 0x59, 0xf8, 0x45, 0xa7, 0x57, 0x9f, 0xac, 0x92,
  0x6c, 0xe1, 0xa5, 0xae, 0x48, 0xae, 0x55, 0xe1, 0xa5, 0xae, 0x55, 0xa8,
  0x57, 0xae, 0x55, 0xe1, 0xa5, 0xae, 0x55, 0xf8, 0x45, 0xa7, 0x57, 0x9f,
  0xac, 0x92, 0x6c, 0x8b, 0x46, 0xa0, 0x88, 0xae, 0x48, 0xbc, 0x9b, 0xb4,
  0x76, 0xcb, 0x3c, 0xbf, 0x50, 0xc7, 0x6f, 0xde, 0xa3, 0xca, 0x39, 0xc4,
  0x6b, 0xc5, 0x6c, 0xde, 0xa3, 0xa3, 0x7c, 0xc5, 0x6c, 0xc9, 0x3c, 0xde,
  0xa3, 0xb5, 0x9d, 0xc9, 0x3c, 0xd2, 0x32, 0xde, 0xa3, 0x8d, 0x96, 0xa3,
  0x7c, 0xb5, 0x9d, 0xd2, 0x32, 0x8d, 0x96, 0xa3, 0x7c, 0xc4, 0x6b, 0xc5,
  0x6c, 0x8d, 0x96, 0xb5, 0x9d, 0xc4, 0x6b, 0xc9, 0x3c, 0xc4, 0x6b, 0xd2,
  0x32, 0x9f, 0xaa, 0xb6, 0xa9, 0xc4, 0x6b, 0xcb, 0x3c, 0x9f, 0xaa, 0xbf,
  0x50, 0x9f, 0xaa, 0xcb, 0x3c, 0x89, 0x70, 0xbf, 0x50, 0xb6, 0xa9, 0x99,
  0x46, 0xbf, 0x50, 0xcb, 0x3c, 0xbc, 0x7c, 0xbf, 0x50, 0xbf, 0x50, 0xbf,
  0x50, 0xa3, 0x81, 0xd3, 0x5f, 0xa3, 0x81, 0xbc, 0x7c, 0x99, 0x46, 0xbc,
  0x7c, 0x99, 0x46, 0x8a, 0x40, 0xbf, 0x50, 0xd3, 0x5f, 0xbf, 0x50, 0xd3,
  0x5f, 0xbf, 0x50, 0xd3, 0x5f, 0xbf, 0x50, 0xae, 0x52, 0xc1, 0xa5, 0xbf,
  0x50, 0x80, 0x31, 0x8a, 0x40, 0xe6, 0x79, 0x8a, 0x40, 0x8a, 0x40, 0x80,
  0x31, 0xbf, 0x50, 0xbf, 0x50, 0xc1, 0xa5, 0x92, 0xa2, 0xe6, 0x79, 0xe6,
  0x79, 0xe6, 0x91, 0xbf, 0x50, 0x80, 0x31, 0xaf, 0x55, 0xc3, 0x92, 0x92,
  0xa2, 0xe6, 0x91, 0xc3, 0x92, 0xaf, 0x55, 0xd4, 0xbd, 0x92, 0xa2, 0xc3,
  0x92, 0xc3, 0x92, 0xe6, 0x91, 0xe6, 0x91, 0xb6, 0xa0, 0xe6, 0x91, 0xc3,
  0x92, 0xaf, 0x55, 0xd4, 0xbd, 0xd4, 0xbd, 0xb6, 0xa0, 0xb6, 0xa0, 0xad,
  0x52, 0xbf, 0x50, 0xa0, 0x81, 0xe6, 0x91, 0xf7, 0xa4, 0xc4, 0x92, 0x92,
  0xa2, 0xa0, 0x81, 0xc4, 0x92, 0xf7, 0xa4, 0xd5, 0xbd, 0x92, 0xa2, 0xc4,
  0x92, 0xc4, 0x92, 0xa0, 0x81, 0xa0, 0x81, 0xb7, 0xa0, 0xa0, 0x81, 0xc4,
  0x92, 0xf7, 0xa4, 0xd5, 0xbd, 0xd5, 0xbd, 0xb7, 0xa0, 0xb7, 0xa0, 0xad,
  0x52, 0xaf, 0x55, 0xf7, 0xa4, 0xad, 0x52, 0xaf, 0x55, 0xae, 0x52, 0xad,
  0x52, 0xfc, 0x3d, 0xbf, 0x50, 0xaa, 0xaf, 0xfc, 0x3d, 0x83, 0x44, 0xbf,
  0x50, 0x94, 0xbf, 0x83, 0x44, 0x84, 0x44, 0xbf, 0x50, 0x81, 0x31, 0x8a,
  0x40, 0xe8, 0x4e, 0x8a, 0x40, 0x8a, 0x40, 0x81, 0x31, 0xbf, 0x50, 0xbf,
  0x50, 0xf4, 0x42, 0xe8, 0x4e, 0xa1, 0x5a, 0xa1, 0x5a, 0xf4, 0x42, 0xa1,
  0x5a, 0xe8, 0x4e, 0xdd, 0x94, 0xfc, 0x3d, 0xcb, 0x3c, 0xd3, 0x8e, 0xc1,
  0xa5, 0xad, 0x87, 0xf4, 0x42, 0xe8, 0x4e, 0xd3, 0x8e, 0xcc, 0x73, 0xad,
  0x87, 0xad, 0x87, 0xdd, 0x94, 0x83, 0x44, 0xbf, 0x50, 0xbf, 0x50, 0x94,
  0xbf, 0xaa, 0xaf, 0x81, 0x31, 0xa1, 0xae, 0x81, 0x31, 0xcc, 0x73, 0xbf,
  0x50, 0xcc, 0x73, 0x84, 0x44, 0x8c, 0x34, 0x84, 0x44, 0xb3, 0x4a, 0xa1,
  0xae, 0x8c, 0x34, 0xb3, 0x4a, 0x8c, 0x34, 0xa1, 0xae, 0x8c, 0x34, 0xb3,
  0x4a, 0xa1, 0xae, 0xb2, 0x5e, 0xbf, 0x50, 0xb3, 0x4a, 0xdd, 0x94, 0x96,
  0x47, 0xb2, 0x5e, 0xb2, 0x5e, 0xd3, 0x9c, 0xfa, 0x31, 0x96, 0x47, 0xd3,
  0x9c, 0x94, 0xbf, 0xdf, 0x3e, 0xb2, 0x5e, 0x96, 0x47, 0xfa, 0x31, 0xd3,
  0x9c, 0x94, 0xb4, 0xdf, 0x3e, 0xba, 0x6d, 0xdf, 0x3e, 0xb6, 0x6f, 0xa1,
  0x5a, 0xbf, 0x50, 0xbf, 0x50, 0xd3, 0x8e, 0xb7, 0x6f, 0xa1, 0x5a, 0x94,
  0xb4, 0xba, 0x6d, 0xbf, 0x50, 0xbf, 0x50, 0xd3, 0x8e, 0xc2, 0x79, 0xa1,
  0x5a, 0x94, 0xb4, 0xba, 0x6d, 0xbf, 0x50, 0xbf, 0x50, 0xd3, 0x8e, 0xc3,
  0x79, 0xa1, 0x5a, 0xba, 0x6d, 0x94, 0xb4, 0xbf, 0x50, 0xbf, 0x50, 0xd3,
  0x8e, 0xc4, 0x79, 0xa1, 0x5a, 0x94, 0xb4, 0xba, 0x6d, 0xbf, 0x50, 0xbf,
  0x50, 0xd3, 0x8e, 0xbd, 0x6f, 0xb6, 0x6f, 0xb6, 0x6f, 0xfa, 0x31, 0xb7,
  0x6f, 0xb7, 0x6f, 0xfa, 0x31, 0xc2, 0x79, 0xc2, 0x79, 0xfa, 0x31, 0xc3,
  0x79, 0xc3, 0x79, 0xfa, 0x31, 0xc4, 0x79, 0xc4, 0x79, 0xfa, 0x31, 0xe7,
  0x91, 0xaa, 0xaf, 0x81, 0x31, 0x81, 0x45, 0xe7, 0x91, 0xbd, 0x6f, 0x81,
  0x45, 0xd6, 0xbd, 0xbd, 0x6f, 0xbd, 0x6f, 0xbd, 0x6f, 0xe7, 0x91, 0xe7,
  0x91, 0xb8, 0xa0, 0xe7, 0x91, 0xbd, 0x6f, 0x81, 0x45, 0xd6, 0xbd, 0xd6,
  0xbd, 0xb8, 0xa0, 0xb8, 0xa0, 0xc0, 0x7a, 0xe7, 0x91, 0xf8, 0xa4, 0xc0,
  0x7a, 0xbd, 0x6f, 0xf8, 0xa4, 0xd7, 0xbd, 0xbd, 0x6f, 0xbd, 0x6f, 0xbd,
  0x6f, 0xc0, 0x7a, 0xc0, 0x7a, 0xb9, 0xa0, 0xc0, 0x7a, 0xbd, 0x6f, 0xf8,
  0xa4, 0xd7, 0xbd, 0xd7, 0xbd, 0xb9, 0xa0, 0xb9, 0xa0, 0xae, 0x52, 0x81,
  0x45, 0xf8, 0xa4, 0xdf, 0xa2, 0x8a, 0x40, 0x8a, 0x40, 0xef, 0x7f, 0xdf,
  0xa2, 0xbf, 0x50, 0xbf, 0x50, 0xc1, 0xa5, 0xae, 0x52, 0xdf, 0xa2, 0xef,
  0x7f, 0xef, 0x7f, 0xae, 0x52, 0xbc, 0x9b, 0xae, 0x52, 0xbc, 0x9b, 0xec,
  0x4e, 0xed, 0x5a, 0xa6, 0x5e, 0xbc, 0x9b, 0xf3, 0x57, 0x8d, 0x6b, 0xd1,
  0x37, 0xd0, 0x56, 0xbd, 0x61, 0xa3, 0x7b, 0xda, 0x96, 0xd0, 0x56, 0x85,
  0xa3, 0xd0, 0x56, 0xd0, 0x56, 0x87, 0xa3, 0xbd, 0x61, 0xbd, 0x61, 0x82,
  0x40, 0x85, 0xa3, 0xdd, 0x3c, 0x85, 0xa3, 0x82, 0x40, 0xb3, 0x38, 0x87,
  0xa3, 0x87, 0xa3, 0xdd, 0x3c, 0xc3, 0xaa, 0xd1, 0x37, 0x88, 0x3a, 0xda,
  0x96, 0xda, 0x96, 0x82, 0x40, 0xc3, 0xaa, 0xa6, 0xa4, 0xc3, 0xaa, 0xc3,
  0xaa, 0xb9, 0x3d, 0xb9, 0x3d, 0xa7, 0x57, 0xec, 0x53, 0xd5, 0x3e, 0xfb,
  0x47, 0xa9, 0x57, 0xa6, 0xa4, 0xfc, 0x65, 0xfc, 0x65, 0xd1, 0x37, 0xec,
  0x53, 0xdd, 0x3c, 0xb3, 0x38, 0xa9, 0x57, 0x88, 0x3a, 0xec, 0x53, 0xec,
  0x53, 0xec, 0x53, 0x88, 0x3a, 0xd5, 0x3e, 0xfb, 0x47, 0xec, 0x53, 0xa9,
  0x57, 0xc3, 0xaa, 0xfc, 0x65, 0xb9, 0x3d, 0xec, 0x53, 0xd5, 0x3e, 0xfb,
  0x47, 0xb9, 0x3d, 0xb6, 0x93, 0xfb, 0x47, 0xf3, 0x57, 0xfb, 0x47, 0x8d,
  0x6b, 0xbc, 0x9b, 0xd5, 0x3e, 0xb6, 0x93, 0xb6, 0x93, 0xf3, 0x57, 0xa7,
  0x57, 0x8d, 0x6b, 0xbc, 0x9b, 0xec, 0x4e, 0xf3, 0x57, 0xed, 0x5a, 0x8d,
  0x6b, 0xec, 0x4e, 0xa7, 0x57, 0xed, 0x5a, 0xbc, 0x9b, 0xed, 0x5a, 0xf8,
  0x45, 0xec, 0x4e, 0x9f, 0xac, 0x92, 0x6c, 0x8b, 0x46, 0xec, 0x4e, 0xa0,
  0x88, 0xed, 0x5a, 0x8b, 0x46, 0xa7, 0x57, 0xa0, 0x88, 0xf2, 0x5e, 0xfc,
  0xb6, 0xa3, 0x7b, 0xc9, 0x72, 0xae, 0x48, 0x90, 0x58, 0xa3, 0x81, 0xf2,
  0x5e, 0xf0, 0x3f, 0x90, 0x58, 0xf7, 0x38, 0xc1, 0x5f, 0xf7, 0x38, 0x90,
  0x58, 0x90, 0x58, 0xf0, 0x3f, 0xf0, 0x3f, 0xff, 0x87, 0xa3, 0x7b, 0xf2,
  0x5e, 0xf0, 0x33, 0xff, 0x87, 0xff, 0x87, 0xf8, 0x45, 0x8b, 0x46, 0x9f,
  0xac, 0x92, 0x6c, 0x97, 0x85, 0xbb, 0x4c, 0xbb, 0x4c, 0xbb, 0x4c, 0xf0,
  0x33, 0xf0, 0x33, 0xff, 0x87, 0xc1, 0x5f, 0xc1, 0x5f, 0xc9, 0x72, 0xcc,
  0x42, 0x9d, 0x69, 0xcc, 0x42, 0xcc, 0x42, 0x9d, 0x69, 0xcc, 0x42, 0xc9,
  0x72, 0x9d, 0x69, 0xc9, 0x72, 0xc9, 0x72, 0x9d, 0x69, 0xeb, 0x75, 0xca,
  0x39, 0xca, 0x39, 0x9e, 0xbf, 0x9e, 0xbf, 0xa8, 0x57, 0xc9, 0x72, 0xa0,
  0x88, 0xb0, 0x52, 0xd7, 0xaa, 0xf4, 0x8d, 0xb0, 0x55, 0xd7, 0xaa, 0xb0,
  0x55, 0xb0, 0x55, 0xd7, 0xaa, 0xaf, 0x52, 0xb0, 0x55, 0xaf, 0x52, 0x92,
  0x6c, 0x51, 0xf4, 0x8d, 0xaf, 0x52, 0x92, 0x6c, 0xb0, 0x52, 0xaf, 0x52,
  0xb0, 0x52, 0x92, 0x6c, 0xd0, 0x87, 0xb0, 0x52, 0xd0, 0x87, 0xc4, 0xbf,
  0xd5, 0x7a, 0xd0, 0x87, 0xd5, 0x7a, 0xd0, 0x87, 0xd5, 0x7a, 0xd0, 0x87,
  0xd5, 0x7a, 0xd0, 0x87, 0xe6, 0x6e, 0xd5, 0x7a, 0xd0, 0xab, 0xd5, 0x7a,
  0xd0, 0xab, 0xe6, 0x6e, 0xd0, 0xab, 0xe6, 0x6e, 0xd0, 0xab, 0xe6, 0x6e,
  0xd0, 0xab, 0x02, 0x12, 0x01, 0x00, 0x9b, 0x11, 0x00, 0x00, 0x86, 0x04,
  0x00, 0x00, 0x9b, 0x11, 0x00, 0x00, 0x92, 0x0c, 0x00, 0x00, 0xb4, 0xf0,
  0x02, 0x32, 0x33, 0x02, 0x34, 0x02, 0xf0, 0xf0, 0x07, 0xf0, 0xf0, 0xf0,
  0x0c, 0xe1, 0x0e, 0xf0, 0x0c, 0xe1, 0x0e, 0xf0, 0xf0, 0x0c, 0xe1, 0x0e,
  0xf0, 0x0c, 0xe1, 0x0e, 0xf0, 0xf0, 0x0c, 0xe1, 0x0e, 0xf0, 0xf0, 0x0c,
  0xe1, 0x0e, 0xf0, 0x0c, 0xe1, 0x0e, 0x06, 0x02, 0x3a, 0x07, 0x3b, 0x3c,
  0x3d, 0x3e, 0x3f, 0x40, 0x41, 0x06, 0x02, 0x42, 0x43, 0x22, 0x44, 0x02,
  0x45, 0x07, 0x46, 0x06, 0x02, 0x47, 0x07, 0x48, 0x49, 0x4a, 0x4b, 0x4c,
  0x4d, 0x4e, 0x4f, 0x50, 0x51, 0x52, 0x53, 0x54, 0x55, 0x56, 0x57, 0x58,
  0x59, 0x5a, 0x5b, 0x5c, 0x5d, 0x5e, 0x5f, 0x60, 0x61, 0x62, 0x63, 0x64,
  0x65, 0x66, 0x67, 0x68, 0x69, 0x6a, 0x6b, 0x6c, 0x6d, 0x6e, 0x6f, 0x70,
  0x71, 0x72, 0x73, 0x74, 0x75, 0x76, 0x77, 0x78, 0x79, 0x7a, 0x7b, 0x7c,
  0x7d, 0x7e, 0x7f, 0x80, 0x81, 0x82, 0x83, 0x84, 0x85, 0x86, 0x87, 0x88,
  0x89, 0x8a, 0x8b, 0x8c, 0x8d, 0x8e, 0x8f, 0x90, 0x91, 0x92, 0x93, 0x94,
  0x95, 0x96, 0x97, 0x98, 0x99, 0x9a, 0x9b, 0x9c, 0x9d, 0x9e, 0x9f, 0xa0,
  0xa1, 0x06, 0x02, 0xc2, 0x07, 0xc3, 0xc4, 0xc5, 0xc6, 0xc7, 0xc8, 0xc9,
  0xca, 0xcb, 0xcc, 0x06, 0x02, 0xcd, 0x07, 0xce, 0x06, 0x02, 0xf0, 0x07,
  0xf0, 0xf0, 0xf0, 0x06, 0x02, 0xf0, 0xf0, 0xf0, 0xfe, 0xf0, 0xf0, 0xfe,
  0xf0, 0xf1, 0xf1, 0xf0, 0xfe, 0xf1, 0xf0, 0xf0, 0x22, 0xf0, 0x02, 0xf0,
  0x07, 0xf0, 0x06, 0x02, 0xf0, 0xf0, 0x22, 0xf0, 0x02, 0xf0, 0x07, 0xf0,
  0x06, 0x02, 0xf0, 0x07, 0xf0, 0x06, 0x02, 0xf0, 0xf0, 0xf0, 0xf0, 0xf2,
  0xf2, 0xf1, 0xfe, 0x21, 0xf1, 0xfe, 0x21, 0xb9, 0xfe, 0x21, 0xf1, 0xfe,
  0x21, 0xf1, 0xfe, 0x21, 0xf0, 0xfe, 0x21, 0xf1, 0xfe, 0x21, 0xb9, 0xfe,
  0x21, 0x02, 0xa2, 0xb7, 0xf0, 0xf0, 0xf0, 0xa3, 0xa4, 0xb8, 0xf0, 0xf0,
  0xf0, 0xf0, 0xf0, 0xf2, 0xf0, 0xf0, 0xf0, 0xf0, 0xf0, 0xf0, 0xf0, 0xf0,
  0xf0, 0x06, 0x02, 0xa5, 0xa6, 0xa7, 0xa8, 0xa9, 0xaa, 0xab, 0x06, 0x02,
  0xf0, 0xf0, 0xf0, 0x06, 0x02, 0xf0, 0xfe, 0xf0, 0x02, 0x35, 0x07, 0xf0,
  0x06, 0x02, 0x38, 0x07, 0xaf, 0xb0, 0xac, 0xad, 0xcf, 0x06, 0x02, 0xf0,
  0x07, 0xae, 0xf0, 0x36, 0x13, 0xfe, 0xf0, 0x13, 0xfe, 0x00, 0xf0, 0x0c,
  0x0b, 0xfe, 0xf0, 0x0e, 0x20, 0x0c, 0x0b, 0xfe, 0xf0, 0x0e, 0x11, 0xfe,
  0x00, 0x13, 0xfe, 0x27, 0xfe, 0x05, 0xbf, 0xfe, 0xf0, 0x11, 0xfe, 0xf0,
  0xfe, 0x03, 0xfe, 0xf0, 0x13, 0xfe, 0xf0, 0xfe, 0x03, 0xfe, 0x05, 0x14,
  0xfe, 0xf0, 0x1a, 0xfe, 0xf0, 0x1a, 0xfe, 0xf0, 0x1a, 0xfe, 0xf0, 0x11,
  0xfe, 0xf0, 0x13, 0xfe, 0x01, 0xfe, 0xf0, 0xfe, 0x00, 0x13, 0xfe, 0x1f,
  0xfe, 0xf0, 0xfe, 0x05, 0x11, 0xfe, 0xf0, 0x11, 0xfe, 0x01, 0xfe, 0xd0,
  0xfe, 0x00, 0x14, 0xfe, 0xf0, 0xfe, 0x03, 0xfe, 0xf0, 0x13, 0xfe, 0xf0,
  0xfe, 0xf0, 0xfe, 0xf0, 0x11, 0xfe, 0x01, 0xfe, 0x15, 0x11, 0xfe, 0xf0,
  0xfe, 0x16, 0x13, 0xfe, 0xf0, 0xfe, 0xf0, 0xfe, 0xf0, 0xfe, 0x05, 0x11,
  0xfe, 0x01, 0xfe, 0xd0, 0xfe, 0x00, 0x11, 0xfe, 0x00, 0x14, 0xfe, 0x00,
  0xf0, 0x0c, 0x0b, 0xfe, 0xf0, 0xe9, 0xfe, 0xf0, 0x0d, 0x0a, 0xfe, 0x01,
  0xfe, 0x00, 0x0a, 0xfe, 0xe8, 0x19, 0x10, 0xe9, 0xfe, 0xf0, 0x0d, 0x0f,
  0xfe, 0xeb, 0xfe, 0x03, 0xfe, 0xf0, 0xf0, 0xfe, 0xf0, 0xfe, 0xd2, 0xfe,
  0xf0, 0xf0, 0xfe, 0xf0, 0xfe, 0xd2, 0xfe, 0xf0, 0xf0, 0xfe, 0xf0, 0xfe,
  0x03, 0xfe, 0xf0, 0xd1, 0xfe, 0x01, 0xfe, 0x15, 0xd1, 0xfe, 0xf0, 0xfe,
  0x00, 0xd1, 0xfe, 0x01, 0xfe, 0x16, 0xd1, 0xfe, 0xf0, 0xfe, 0x00, 0xf0,
  0xfe, 0xf0, 0xfe, 0xf0, 0xfe, 0xf0, 0xfe, 0xf0, 0xfe, 0xf0, 0xfe, 0xf0,
  0xfe, 0xf0, 0xfe, 0xf0, 0xfe, 0xf0, 0xfe, 0x00, 0xf0, 0xfe, 0xf0, 0xfe,
  0xd0, 0xfe, 0xf0, 0xfe, 0xd0, 0xfe, 0x03, 0xfe, 0xd0, 0xfe, 0x03, 0xfe,
  0xd0, 0xfe, 0x03, 0xfe, 0xd0, 0xfe, 0x05, 0xf0, 0xfe, 0x01, 0xfe, 0xf0,
  0xfe, 0xf0, 0xfe, 0xf0, 0xfe, 0x1b, 0xfe, 0xef, 0x0a, 0xfe, 0x01, 0xfe,
  0x00, 0x0a, 0xfe, 0xf0, 0xfe, 0xd2, 0xfe, 0xf0, 0xfe, 0x05, 0x19, 0x10,
  0xe7, 0x0d, 0x0f, 0xfe, 0xeb, 0xfe, 0x03, 0xfe, 0xf0, 0x0a, 0xfe, 0x01,
  0xfe, 0x00, 0x0a, 0xfe, 0xf0, 0xfe, 0xd2, 0xfe, 0xf0, 0x19, 0x10, 0xf0,
  0xf0, 0x11, 0xfe, 0xf0, 0xfe, 0x05, 0x11, 0xfe, 0xf0, 0xfe, 0xd9, 0xfe,
  0xf0, 0xfe, 0xf0, 0xfe, 0xf0, 0x11, 0xfe, 0x00, 0xf0, 0x0c, 0x17, 0xfe,
  0x00, 0xe9, 0xfe, 0xf0, 0x0d, 0x0f, 0xfe, 0xeb, 0xfe, 0x03, 0xfe, 0xf0,
  0x0a, 0xfe, 0xf0, 0xfe, 0xd2, 0xfe, 0xf0, 0xfe, 0xf0, 0xfe, 0xd2, 0xfe,
  0xf0, 0xfe, 0xf0, 0xfe, 0xd2, 0xfe, 0xf0, 0xfe, 0x1e, 0x10, 0xe7, 0x0d,
  0x0f, 0xfe, 0xeb, 0xfe, 0x03, 0xfe, 0xf0, 0x0a, 0xfe, 0xf0, 0xfe, 0xd2,
  0xfe, 0xf1, 0x10, 0xd5, 0xfe, 0x00, 0xd5, 0xfe, 0xf1, 0xfe, 0x05, 0xd5,
  0xfe, 0xf1, 0xfe, 0x05, 0xd5, 0xfe, 0xf1, 0xfe, 0xf1, 0xfe, 0x05, 0xd5,
  0xfe, 0x00, 0x30, 0x0d, 0xd1, 0xfe, 0xf0, 0xfe, 0xf0, 0xfe, 0x05, 0x0a,
  0xfe, 0xf0, 0xfe, 0x00, 0xd1, 0xfe, 0xf0, 0xfe, 0xf1, 0xfe, 0x05, 0xd1,
  0xfe, 0xf0, 0xfe, 0x05, 0xd1, 0xfe, 0xf0, 0xfe, 0xf0, 0xfe, 0x05, 0xd1,
  0xfe, 0x00, 0xe0, 0xfe, 0xf1, 0x08, 0x04, 0xfe, 0x01, 0xfe, 0x00, 0x09,
  0x18, 0x08, 0x04, 0xfe, 0xf1, 0xfe, 0x00, 0x09, 0xd1, 0xfe, 0x00, 0xf1,
  0xfe, 0x03, 0xfe, 0xf1, 0xfe, 0x03, 0xfe, 0xf0, 0xfe, 0xf1, 0x08, 0x04,
  0xfe, 0xf1, 0xfe, 0x03, 0xfe, 0x05, 0x29, 0x09, 0x18, 0x08, 0x04, 0xfe,
  0x01, 0xfe, 0xd9, 0xfe, 0x00, 0xf0, 0xfe, 0xf0, 0xfe, 0x12, 0xd6, 0xd4,
  0xfe, 0xf0, 0xf0, 0xd7, 0x09, 0xd1, 0xfe, 0xf0, 0xfe, 0xd8, 0xfe, 0x05,
  0xd1, 0xfe, 0xf1, 0xfe, 0xd8, 0xfe, 0xf1, 0xfe, 0xd8, 0xfe, 0xf1, 0x0a,
  0xfe, 0xf0, 0xfe, 0xd0, 0xfe, 0xf1, 0xfe, 0xf1, 0xfe, 0x03, 0xfe, 0x1e,
  0x19, 0x31, 0x0b, 0xfe, 0xed, 0xfe, 0xf1, 0xfe, 0xf0, 0xfe, 0xf1, 0xfe,
  0xf0, 0x0e, 0x20, 0x0c, 0x0b, 0xfe, 0x01, 0xfe, 0x00, 0x0e, 0x13, 0xfe,
  0x00, 0xf0, 0x0c, 0xf1, 0x0d, 0xf1, 0xfe, 0xf1, 0x0f, 0xfe, 0xf1, 0xfe,
  0xf1, 0x0f, 0xfe, 0x01, 0xfe, 0xf1, 0xfe, 0xf0, 0x0f, 0xfe, 0xf0, 0xfe,
  0x03, 0xfe, 0xf1, 0xfe, 0xf1, 0x0f, 0xfe, 0x01, 0xfe, 0xd8, 0xfe, 0x00,
  0x0f, 0xfe, 0x01, 0xfe, 0xd9, 0xfe, 0x00, 0x0a, 0xfe, 0xf1, 0xfe, 0xd8,
  0xfe, 0xf1, 0xfe, 0xd8, 0xfe, 0xf0, 0xfe, 0xd9, 0xfe, 0xf0, 0xfe, 0xd9,
  0xfe, 0xf1, 0x19, 0x10, 0xe7, 0x0d, 0x0f, 0xfe, 0x00, 0xe0, 0xfe, 0x12,
  0x08, 0x04, 0xfe, 0xf1, 0xfe, 0xf1, 0xfe, 0xf1, 0xfe, 0xf0, 0x09, 0x18,
  0x08, 0x04, 0xfe, 0xf1, 0x09, 0x0f, 0xfe, 0x00, 0xe0, 0xfe, 0x12, 0x08,
  0xdf, 0xfe, 0x01, 0xfe, 0x16, 0xdf, 0xfe, 0x01, 0xfe, 0x15, 0xdf, 0xfe,
  0x01, 0xfe, 0x1c, 0x04, 0xfe, 0x01, 0xfe, 0xf1, 0xfe, 0xd0, 0xfe, 0xf1,
  0xfe, 0xd0, 0xfe, 0xf1, 0xfe, 0x1d, 0xfe, 0xf1, 0xfe, 0xd0, 0xfe, 0xf1,
  0xfe, 0xd0, 0xfe, 0xf0, 0xfe, 0xd0, 0xfe, 0xf1, 0x09, 0x18, 0x08, 0x04,
  0xfe, 0x01, 0xfe, 0x00, 0x09, 0x0a, 0xfe, 0xf0, 0xfe, 0xf1, 0x19, 0x10,
  0xf0, 0xf0, 0xb6, 0xfe, 0x00, 0x13, 0xfe, 0xb5, 0xfe, 0xf1, 0xfe, 0x03,
  0xfe, 0xf1, 0xfe, 0xf1, 0xfe, 0xf1, 0xfe, 0xf1, 0xfe, 0xf1, 0xfe, 0xf0,
  0xfe, 0xf0, 0xfe, 0xf0, 0xfe, 0xf0, 0xfe, 0xf0, 0xfe, 0xf0, 0xfe, 0xf1,
  0xfe, 0xd0, 0xfe, 0xf1, 0xfe, 0xf1, 0xfe, 0xf0, 0xfe, 0xf0, 0xfe, 0xf0,
  0xfe, 0xf0, 0xfe, 0xf0, 0xfe, 0xf0, 0xfe, 0xf1, 0x13, 0xfe, 0x00, 0xf0,
  0x0c, 0x17, 0xfe, 0x00, 0x30, 0x0d, 0xf1, 0x08, 0xdf, 0xfe, 0xf2, 0xfe,
  0x05, 0xba, 0xfe, 0x00, 0xf0, 0xfe, 0xf1, 0xd6, 0xd4, 0xfe, 0xf2, 0xfe,
  0xf2, 0xfe, 0xf1, 0xd7, 0xf0, 0xd6, 0xd4, 0xfe, 0x01, 0xfe, 0x00, 0xd7,
  0x04, 0xfe, 0x01, 0xfe, 0x00, 0x29, 0x09, 0x0a, 0xfe, 0xf1, 0x19, 0x31,
  0xd5, 0xfe, 0xf0, 0xfe, 0x03, 0xfe, 0xe2, 0x0b, 0xfe, 0xf1, 0xf1, 0xfe,
  0xf0, 0x0d, 0x0a, 0xfe, 0x01, 0xfe, 0x00, 0x19, 0x10, 0xe9, 0xfe, 0xf0,
  0x0d, 0x0a, 0xfe, 0x01, 0xfe, 0x00, 0x19, 0x10, 0xd5, 0xfe, 0x00, 0xe9,
  0xfe, 0xf0, 0x0d, 0xf2, 0xfe, 0xf1, 0xf2, 0xfe, 0xf1, 0xfe, 0xf0, 0xfe,
  0xf0, 0xfe, 0x1b, 0xfe, 0xf1, 0xd1, 0xfe, 0x00, 0xf2, 0xfe, 0xf2, 0x08,
  0xb3, 0xfe, 0x00, 0xf1, 0xd6, 0xf0, 0xfe, 0xf1, 0xf0, 0xde, 0xfe, 0xf1,
  0xf0, 0xf0, 0xf0, 0xfe, 0xf0, 0xfe, 0xf0, 0xfe, 0xf0, 0xfe, 0xf0, 0xfe,
  0x00, 0xf0, 0xfe, 0xf0, 0xfe, 0xf0, 0xfe, 0xf1, 0xfe, 0xf1, 0xfe, 0xf1,
  0xfe, 0xf1, 0xd4, 0xfe, 0xf0, 0xfe, 0xf0, 0xfe, 0xf0, 0xfe, 0xf0, 0xfe,
  0xf0, 0xfe, 0xf0, 0xfe, 0xf0, 0xfe, 0xf0, 0xf0, 0xf1, 0xdf, 0xfe, 0x00,
  0xf1, 0xd6, 0xf2, 0xfe, 0xf0, 0xfe, 0xf1, 0xf2, 0xf0, 0xdd, 0xfe, 0xf2,
  0xfe, 0xf0, 0xfe, 0xf1, 0xfe, 0xf2, 0xfe, 0xe4, 0xfe, 0xf0, 0xfe, 0x1e,
  0xf0, 0xfe, 0xf2, 0xfe, 0xd2, 0xfe, 0xf2, 0xe3, 0xfe, 0xf2, 0xfe, 0xf2,
  0xfe, 0xf2, 0xe3, 0xfe, 0x00, 0xf0, 0xee, 0xd3, 0xfe, 0x01, 0xfe, 0x15,
  0xf0, 0xfe, 0xf0, 0xfe, 0x12, 0xe6, 0xda, 0xfe, 0xe8, 0xf0, 0xec, 0xd3,
  0xfe, 0xf0, 0xfe, 0xf1, 0xfe, 0xd0, 0xfe, 0xf0, 0xfe, 0xd0, 0xfe, 0x1e,
  0xd3, 0xfe, 0x01, 0xfe, 0xd8, 0xfe, 0x00, 0xea, 0xfe, 0xf0, 0xfe, 0xf0,
  0xfe, 0xf0, 0xfe, 0xd0, 0xfe, 0xf0, 0xf0, 0xf0, 0xe3, 0xfe, 0x00, 0xf2,
  0xfe, 0xf2, 0xee, 0xd3, 0xfe, 0xf0, 0xfe, 0x00, 0xd3, 0xfe, 0x00, 0xf0,
  0xe6, 0xdb, 0xfe, 0x01, 0xfe, 0x1c, 0xf0, 0xfe, 0xf0, 0xfe, 0x12, 0xf0,
  0xf0, 0xfe, 0xe8, 0xf0, 0xf0, 0xdb, 0xfe, 0xf0, 0xfe, 0xf1, 0xfe, 0xd0,
  0xfe, 0xf0, 0xfe, 0xd0, 0xfe, 0x1e, 0xdb, 0xfe, 0x01, 0xfe, 0xd8, 0xfe,
  0x00, 0xda, 0xfe, 0xf0, 0xfe, 0xf0, 0xfe, 0xf0, 0xfe, 0xd0, 0xfe, 0xf0,
  0xf0, 0xf0, 0xea, 0xfe, 0xed, 0xfe, 0x03, 0xfe, 0x05, 0xf0, 0xf1, 0xee,
  0xea, 0xfe, 0x01, 0xfe, 0x00, 0xf0, 0xde, 0xfe, 0x01, 0xfe, 0x00, 0xf0,
  0xf0, 0xf2, 0xf0, 0xf0, 0xfe, 0xf2, 0xf2, 0xfe, 0xf0, 0xfe, 0xf2, 0xf1,
  0xfe, 0x01, 0xfe, 0x16, 0xf2, 0xfe, 0xf0, 0xfe, 0xf2, 0xf1, 0xfe, 0x01,
  0xfe, 0x15, 0xf2, 0xfe, 0xf0, 0xfe, 0xf2, 0xf0, 0xfe, 0xf2, 0xfe, 0xf0,
  0xfe, 0xf1, 0xfe, 0xf2, 0xfe, 0xe4, 0xfe, 0xf0, 0xe3, 0xfe, 0x01, 0xfe,
  0x15, 0xdd, 0xfe, 0x00, 0xde, 0xfe, 0x26, 0xfe, 0x00, 0xde, 0xfe, 0x2b,
  0xfe, 0x16, 0xf0, 0xfe, 0x1f, 0xfe, 0xf2, 0xf2, 0xfe, 0xf2, 0xfe, 0xf2,
  0xdd, 0xfe, 0x01, 0xfe, 0xf2, 0xdd, 0xfe, 0x01, 0xfe, 0xf2, 0xdd, 0xfe,
  0x01, 0xfe, 0xf2, 0xdd, 0xfe, 0xf0, 0xfe, 0xf2, 0xfe, 0x05, 0xdd, 0xfe,
  0xf0, 0xfe, 0x03, 0xfe, 0x05, 0xe3, 0xfe, 0x01, 0xfe, 0x16, 0xe3, 0xfe,
  0x01, 0xfe, 0x15, 0xe3, 0xfe, 0x01, 0xfe, 0xf2, 0xfe, 0x03, 0xfe, 0xf2,
  0xfe, 0xf2, 0xfe, 0x03, 0xfe, 0xf2, 0xfe, 0xf2, 0xfe, 0x03, 0xfe, 0xf0,
  0xf0, 0xfe, 0xf2, 0xfe, 0xf0, 0xfe, 0xd0, 0xfe, 0xf0, 0xfe, 0xf2, 0xfe,
  0x03, 0xfe, 0xf0, 0xfe, 0xd0, 0xfe, 0xf0, 0xfe, 0xf2, 0xfe, 0xf2, 0xe3,
  0xfe, 0xf0, 0xfe, 0xc1, 0xe3, 0xfe, 0xf0, 0xfe, 0x05, 0xdd, 0xfe, 0xeb,
  0xfe, 0x03, 0xfe, 0xf2, 0xfe, 0x05, 0xe3, 0xfe, 0xf0, 0xfe, 0xf2, 0xfe,
  0xd2, 0xfe, 0xf2, 0xfe, 0xf0, 0xfe, 0xf2, 0xfe, 0xf2, 0xfe, 0xf2, 0xfe,
  0xf1, 0xfe, 0xf2, 0xfe, 0xf2, 0xfe, 0xf2, 0xfe, 0xf2, 0xfe, 0xf2, 0xfe,
  0xb1, 0xe3, 0xfe, 0xf0, 0xfe, 0xc1, 0xe3, 0xfe, 0x00, 0xf1, 0xfe, 0xf2,
  0xfe, 0x12, 0xee, 0xea, 0xfe, 0x01, 0xfe, 0xf2, 0xfe, 0xd8, 0xfe, 0xf0,
  0xf0, 0xf1, 0xee, 0xea, 0xfe, 0x01, 0xfe, 0x00, 0xf0, 0xf0, 0xfe, 0x01,
  0xfe, 0xf0, 0xfe, 0xd0, 0xfe, 0x05, 0xf1, 0xfe, 0xf2, 0xfe, 0xf1, 0xfe,
  0xf2, 0xf1, 0xfe, 0xf2, 0xf1, 0xfe, 0xf2, 0xfe, 0x03, 0xfe, 0x03, 0xfe,
  0x05, 0xf0, 0xfe, 0xf0, 0xfe, 0xd0, 0xfe, 0xf2, 0xfe, 0xd8, 0xfe, 0x03,
  0xfe, 0xf0, 0xf0, 0xfe, 0xf1, 0xfe, 0xf2, 0xf0, 0xfe, 0xf2, 0xfe, 0xb1,
  0xdd, 0xfe, 0xf0, 0xfe, 0xf0, 0xfe, 0xe4, 0xfe, 0xf0, 0xfe, 0x05, 0xf0,
  0xfe, 0xf0, 0xfe, 0xf0, 0xfe, 0xd9, 0xfe, 0xf0, 0xfe, 0xe4, 0xfe, 0xf0,
  0xdd, 0xfe, 0xeb, 0xfe, 0x03, 0xfe, 0x05, 0xf0, 0xfe, 0xf0, 0xfe, 0xf0,
  0xfe, 0xd8, 0xfe, 0xf0, 0xfe, 0xe4, 0xfe, 0xf0, 0xdd, 0xfe, 0xeb, 0xfe,
  0x03, 0xfe, 0x05, 0xf0, 0xfe, 0xf0, 0xfe, 0xf0, 0xfe, 0xd8, 0xfe, 0xf0,
  0xfe, 0xe4, 0xfe, 0xf0, 0xdd, 0xfe, 0xeb, 0xfe, 0x03, 0xfe, 0x05, 0xf0,
  0xfe, 0xf0, 0xfe, 0xf2, 0xfe, 0xf0, 0xfe, 0xf0, 0xfe, 0xe4, 0xfe, 0xf0,
  0xdd, 0xfe, 0xeb, 0xfe, 0x03, 0xfe, 0x05, 0xf0, 0xfe, 0xf2, 0xfe, 0xd2,
  0xfe, 0xf0, 0xfe, 0xf2, 0xfe, 0xd2, 0xfe, 0xf0, 0xfe, 0xf2, 0xfe, 0xd2,
  0xfe, 0xf0, 0xfe, 0xf1, 0xfe, 0xd2, 0xfe, 0xf0, 0xfe, 0xf1, 0xfe, 0xd2,
  0xfe, 0xf0, 0xfe, 0xf2, 0xe3, 0xfe, 0xf2, 0xfe, 0xf0, 0xfe, 0xf2, 0xe3,
  0xfe, 0x00, 0xf0, 0xee, 0xd3, 0xfe, 0x01, 0xfe, 0x15, 0xf0, 0xfe, 0xf0,
  0xfe, 0x12, 0xe6, 0xda, 0xfe, 0xe8, 0xf0, 0xec, 0xd3, 0xfe, 0xf0, 0xfe,
  0xf1, 0xfe, 0xd0, 0xfe, 0xf0, 0xfe, 0xd0, 0xfe, 0x1e, 0xd3, 0xfe, 0x01,
  0xfe, 0xd8, 0xfe, 0x00, 0xea, 0xfe, 0xf0, 0xfe, 0xf0, 0xfe, 0xf0, 0xfe,
  0xd0, 0xfe, 0xf0, 0xf0, 0xf0, 0xe3, 0xfe, 0xf0, 0xfe, 0x00, 0xe3, 0xfe,
  0x00, 0xf0, 0xee, 0xd3, 0xfe, 0x01, 0xfe, 0x1c, 0xf0, 0xfe, 0xf0, 0xfe,
  0x12, 0xe6, 0xda, 0xfe, 0xe8, 0xf0, 0xec, 0xd3, 0xfe, 0xf0, 0xfe, 0xf1,
  0xfe, 0xd0, 0xfe, 0xf0, 0xfe, 0xd0, 0xfe, 0x1e, 0xd3, 0xfe, 0x01, 0xfe,
  0xd8, 0xfe, 0x00, 0xea, 0xfe, 0xf0, 0xfe, 0xf0, 0xfe, 0xf0, 0xfe, 0xd0,
  0xfe, 0xf0, 0xf0, 0xf0, 0xde, 0xfe, 0xed, 0xfe, 0x03, 0xfe, 0x05, 0xf0,
  0xf0, 0xf2, 0xf0, 0xdd, 0xfe, 0x01, 0xfe, 0xf0, 0xfe, 0xef, 0xdd, 0xfe,
  0xf0, 0xfe, 0xf0, 0xfe, 0xe4, 0xfe, 0xf0, 0xfe, 0x1e, 0xde, 0xfe, 0xf2,
  0xfe, 0xf2, 0xfe, 0xd2, 0xfe, 0xf2, 0xf0, 0xf0, 0xd4, 0xfe, 0xf0, 0xf0,
  0xf1, 0xdf, 0xfe, 0xf2, 0x04, 0xfe, 0xf2, 0xfe, 0xf2, 0xfe, 0xd0, 0xfe,
  0xf2, 0x09, 0x18, 0x08, 0x04, 0xfe, 0xe8, 0x09, 0xd1, 0xfe, 0x00, 0xf2,
  0xfe, 0xf1, 0x08, 0xdf, 0xfe, 0x00, 0xf2, 0xd6, 0xf0, 0xfe, 0xf1, 0xf0,
  0xfe, 0xf1, 0xf0, 0xfe, 0xf1, 0xfe, 0xf1, 0xf0, 0xfe, 0x01, 0xfe, 0xf1,
  0xf0, 0xfe, 0x01, 0xfe, 0xf0, 0xfe, 0xef, 0xf0, 0xfe, 0x01, 0xfe, 0xf0,
  0xfe, 0xef, 0xdc, 0xfe, 0x01, 0xfe, 0x1c, 0xf0, 0xfe, 0xf0, 0xfe, 0xf0,
  0xfe, 0x05, 0xf0, 0xfe, 0xf0, 0xfe, 0xf0, 0xfe, 0xf1, 0xfe, 0x00, 0xdc,
  0xfe, 0xf1, 0xfe, 0x05, 0xdc, 0xfe, 0xf1, 0xfe, 0xf0, 0xfe, 0xf1, 0xfe,
  0x1d, 0xfe, 0x00, 0xdc, 0xfe, 0x1f, 0xfe, 0xf1, 0xfe, 0x00, 0xf0, 0xfe,
  0x00, 0xd4, 0xfe, 0x01, 0xfe, 0x00, 0xf0, 0xfe, 0x00, 0xdc, 0xfe, 0x00,
  0xf0, 0xfe, 0x00, 0xdc, 0xfe, 0x01, 0xfe, 0x00, 0xf0, 0xfe, 0xf1, 0xf2,
  0xf0, 0xf1, 0xfe, 0x2d, 0xfe, 0x12, 0xee, 0xea, 0xfe, 0x01, 0xfe, 0xf0,
  0xfe, 0xd0, 0xfe, 0x05, 0xf2, 0xfe, 0xf1, 0xfe, 0xf1, 0xfe, 0xf1, 0xfe,
  0xf1, 0xfe, 0x12, 0xe6, 0xda, 0xfe, 0xe8, 0xda, 0xfe, 0x01, 0xfe, 0x00,
  0xf0, 0xec, 0xea, 0xfe, 0xf1, 0xfe, 0x00, 0xea, 0xfe, 0xb2, 0xea, 0xfe,
  0x01, 0xfe, 0x00, 0xf2, 0xf0, 0xf1, 0xee, 0xea, 0xfe, 0xf0, 0xea, 0xfe,
  0x01, 0xfe, 0x00, 0xf0, 0xf0, 0xf0, 0xf0, 0xfe, 0xf1, 0xfe, 0xf1, 0xd4,
  0xfe, 0x01, 0xfe, 0xf1, 0xfe, 0x03, 0xfe, 0xe2, 0xd7, 0xf0, 0xd6, 0xd4,
  0xfe, 0xf0, 0xd7, 0x04, 0xfe, 0x01, 0xfe, 0x00, 0x09, 0x18, 0x08, 0x04,
  0xfe, 0xf0, 0x09, 0xd1, 0xfe, 0x01, 0xfe, 0xf2, 0xfe, 0x05, 0xe0, 0xfe,
  0xf0, 0x08, 0x04, 0xfe, 0x01, 0xfe, 0x00, 0x29, 0x09, 0x0a, 0xfe, 0x01,
  0xfe, 0x00, 0x10, 0xe7, 0x0d, 0x0a, 0xfe, 0xe8, 0x10, 0x17, 0xfe, 0x27,
  0xfe, 0xd9, 0xfe, 0x05, 0xd5, 0xfe, 0xf0, 0xfe, 0xf0, 0xd5, 0xfe, 0xf0,
  0xfe, 0x03, 0xfe, 0xe2, 0xd5, 0xfe, 0x01, 0xfe, 0xd0, 0xfe, 0x00, 0xd5,
  0xfe, 0xed, 0xfe, 0xf0, 0xfe, 0xd0, 0xfe, 0xf0, 0xfe, 0xd0, 0xfe, 0xf0,
  0xd5, 0xfe, 0xf0, 0xfe, 0x03, 0xfe, 0xe2, 0xd5, 0xfe, 0x01, 0xfe, 0xd0,
  0xfe, 0x00, 0x0b, 0xfe, 0x01, 0xfe, 0xf0, 0xfe, 0xf0, 0xfe, 0xf0, 0xfe,
  0xf0, 0xfe, 0xf0, 0xfe, 0xd0, 0xfe, 0x1d, 0xfe, 0xf0, 0xfe, 0xf0, 0xfe,
  0xf0, 0xfe, 0xf0, 0xfe, 0xf0, 0xfe, 0xd0, 0xfe, 0xf0, 0xfe, 0x24, 0xfe,
  0xf0, 0xfe, 0xf0, 0xfe, 0xf0, 0xfe, 0xd0, 0xfe, 0xf0, 0xfe, 0x24, 0xfe,
  0xf0, 0xfe, 0xf2, 0xfe, 0x1d, 0xfe, 0x1e, 0xf0, 0xf0, 0x13, 0xfe, 0x00,
  0xf0, 0x0c, 0xe9, 0xfe, 0x12, 0x0d, 0x0a, 0xfe, 0x01, 0xfe, 0x00, 0x19,
  0x10, 0x17, 0xfe, 0x00, 0x0b, 0xfe, 0x01, 0xfe, 0x00, 0x17, 0xfe, 0x00,
  0xbc, 0xfe, 0xbd, 0xfe, 0xf1, 0xfe, 0x01, 0xfe, 0x03, 0xfe, 0x39, 0x0d,
  0xd1, 0xfe, 0xf0, 0xfe, 0xf1, 0xfe, 0xf1, 0xf1, 0xfe, 0xf1, 0xfe, 0xf1,
  0x08, 0xba, 0xfe, 0x00, 0xf0, 0xfe, 0xf0, 0xd6, 0xf0, 0xfe, 0x27, 0xfe,
  0xf1, 0xfe, 0xf1, 0xdc, 0xfe, 0xf0, 0xfe, 0xf0, 0xdc, 0xfe, 0xf0, 0xfe,
  0x03, 0xfe, 0xe2, 0xdc, 0xfe, 0x01, 0xfe, 0xd0, 0xfe, 0x00, 0xdc, 0xfe,
  0xed, 0xfe, 0xf0, 0xfe, 0xd0, 0xfe, 0xf0, 0xfe, 0xd0, 0xfe, 0xf0, 0xdc,
  0xfe, 0xf1, 0xfe, 0xf1, 0xfe, 0xe2, 0xdc, 0xfe, 0x01, 0xfe, 0xd0, 0xfe,
  0x00, 0xd4, 0xfe, 0x01, 0xfe, 0xf0, 0xfe, 0xf0, 0xfe, 0xf0, 0xfe, 0xf0,
  0xfe, 0xf0, 0xfe, 0xd0, 0xfe, 0x1d, 0xfe, 0xf0, 0xfe, 0xf0, 0xfe, 0xf0,
  0xfe, 0xf0, 0xfe, 0xf0, 0xfe, 0xd0, 0xfe, 0xf0, 0xfe, 0x24, 0xfe, 0xf0,
  0xfe, 0xf0, 0xfe, 0xf0, 0xfe, 0xd0, 0xfe, 0xf0, 0xfe, 0x24, 0xfe, 0xf0,
  0xfe, 0xf1, 0xfe, 0xf1, 0xfe, 0xf1, 0xfe, 0x1e, 0xd7, 0xf0, 0xd6, 0xd4,
  0xfe, 0x01, 0xfe, 0x00, 0xd7, 0x04, 0xfe, 0x01, 0xfe, 0x00, 0x09, 0x18,
  0x08, 0x04, 0xfe, 0x01, 0xfe, 0x00, 0x09, 0x10, 0x0b, 0xfe, 0x01, 0xfe,
  0x00, 0xf0, 0xf0, 0x13, 0xfe, 0x00, 0xf1, 0x0c, 0xf1, 0xfe, 0xf1, 0xfe,
  0x03, 0xfe, 0xf1, 0xe5, 0xfe, 0xf0, 0xfe, 0xf1, 0xfe, 0xf1, 0xe5, 0xfe,
  0x01, 0xfe, 0xf1, 0xf1, 0xfe, 0xf1, 0xfe, 0xf1, 0xe5, 0xfe, 0x01, 0xfe,
  0xf0, 0xfe, 0xf1, 0xe5, 0xfe, 0x01, 0xfe, 0xf0, 0xfe, 0xf1, 0xe5, 0xfe,
  0x01, 0xfe, 0xd9, 0xfe, 0x00, 0x17, 0xfe, 0x00, 0x17, 0xfe, 0x00, 0x0b,
  0xfe, 0x01, 0xfe, 0x00, 0x0b, 0xfe, 0x01, 0xfe, 0x00, 0x17, 0xfe, 0x00,
  0xe5, 0xfe, 0x00, 0xd5, 0xfe, 0x00, 0xf0, 0xfe, 0x00, 0x2a, 0xfe, 0x00,
  0x17, 0xfe, 0x00, 0xd5, 0xfe, 0x00, 0xf0, 0xfe, 0x00, 0xe5, 0xfe, 0x00,
  0x2a, 0xfe, 0x00, 0xf1, 0xfe, 0x01, 0xfe, 0x2c, 0xfe, 0x2d, 0xfe, 0x2c,
  0xfe, 0x01, 0xfe, 0x03, 0xfe, 0x01, 0xfe, 0x03, 0xfe, 0x01, 0xfe, 0x03,
  0xfe, 0x01, 0xfe, 0x03, 0xfe, 0x01, 0xfe, 0x03, 0xfe, 0x01, 0xfe, 0x03,
  0xfe, 0x39, 0x0d, 0xf1, 0xfe, 0xf1, 0xfe, 0xf1, 0x23, 0xfe, 0x1f, 0xfe,
  0xf1, 0xfe, 0xf1, 0xfe, 0xf1, 0x23, 0xfe, 0xf1, 0xfe, 0xf1, 0x0f, 0xfe,
  0xf0, 0xfe, 0xf1, 0xd1, 0xfe, 0xf0, 0xfe, 0xf1, 0x0f, 0xfe, 0x27, 0xfe,
  0x05, 0xd1, 0xfe, 0xf0, 0xfe, 0x03, 0xfe, 0x05, 0xd1, 0xfe, 0x01, 0xfe,
  0xf1, 0xfe, 0xf1, 0xd1, 0xfe, 0xf1, 0xfe, 0xd0, 0xfe, 0xe2, 0x0f, 0xfe,
  0xf1, 0xd1, 0xfe, 0xf0, 0xfe, 0xd0, 0xfe, 0xf1, 0xfe, 0x03, 0xfe, 0xf1,
  0xfe, 0xf1, 0xd1, 0xfe, 0xf0, 0xfe, 0x03, 0xfe, 0xe2, 0xd1, 0xfe, 0x00,
  0xf1, 0x08, 0xc0, 0xfe, 0x01, 0xfe, 0xf1, 0xf1, 0xfe, 0xf1, 0xfe, 0xf1,
  0xf1, 0xfe, 0x01, 0xfe, 0xf1, 0xdf, 0xfe, 0x00, 0xf0, 0xfe, 0x12, 0xd6,
  0xd4, 0xfe, 0xf0, 0xfe, 0xf0, 0xd7, 0xf0, 0xd6, 0xd4, 0xfe, 0x01, 0xfe,
  0x00, 0xd7, 0xdf, 0xfe, 0x00, 0xf0, 0xfe, 0x12, 0xd6, 0xdc, 0xfe, 0xf1,
  0xfe, 0xf1, 0xfe, 0xf1, 0xfe, 0xf1, 0xfe, 0xf1, 0xd4, 0xfe, 0x01, 0xfe,
  0xf0, 0xfe, 0xd0, 0xfe, 0x05, 0xd7, 0xf0, 0xd6, 0xd4, 0xfe, 0x01, 0xfe,
  0x00, 0xd7, 0x04, 0xfe, 0x01, 0xfe, 0x00, 0x04, 0xfe, 0x01, 0xfe, 0x00,
  0x04, 0xfe, 0xf1, 0xfe, 0xf1, 0x04, 0xfe, 0x01, 0xfe, 0x00, 0x04, 0xfe,
  0x01, 0xfe, 0x00, 0x09, 0x18, 0x08, 0x04, 0xfe, 0x01, 0xfe, 0x00, 0x04,
  0xfe, 0x01, 0xfe, 0x00, 0x04, 0xfe, 0x01, 0xfe, 0x00, 0x04, 0xfe, 0x01,
  0xfe, 0x00, 0x04, 0xfe, 0x01, 0xfe, 0x00, 0x09, 0xf1, 0xfe, 0xf1, 0xfe,
  0xf0, 0x08, 0x04, 0xfe, 0x01, 0xfe, 0x00, 0x04, 0xfe, 0x01, 0xfe, 0x00,
  0x2e, 0x09, 0xf0, 0xfe, 0x01, 0xfe, 0xf0, 0xf0, 0xfe, 0x00, 0xf1, 0xfe,
  0x12, 0x08, 0x04, 0xfe, 0x01, 0xfe, 0xf0, 0x09, 0x18, 0x08, 0x04, 0xfe,
  0x01, 0xfe, 0x00, 0x09, 0xe0, 0xfe, 0x12, 0x08, 0x04, 0xfe, 0x01, 0xfe,
  0x00, 0x04, 0xfe, 0x01, 0xfe, 0x00, 0x2e, 0x09, 0x0f, 0xfe, 0x00, 0xd1,
  0xfe, 0x00, 0xe0, 0xfe, 0xf0, 0x08, 0xdf, 0xfe, 0x00, 0xf0, 0xfe, 0x12,
  0xd6, 0xdc, 0xfe, 0x00, 0xf0, 0xfe, 0x00, 0xf0, 0xfe, 0xf1, 0xf0, 0xdd,
  0xfe, 0xf1, 0xfe, 0xf1, 0xf0, 0xfe, 0x00, 0xf0, 0xee, 0xd3, 0xfe, 0x01,
  0xfe, 0x15, 0xd3, 0xfe, 0xf0, 0xfe, 0x05, 0xd3, 0xfe, 0x01, 0xfe, 0x16,
  0xd3, 0xfe, 0xf0, 0xfe, 0x05, 0xd3, 0xfe, 0x01, 0xfe, 0x1c, 0xd3, 0xfe,
  0xf0, 0xfe, 0xf1, 0xfe, 0xf1, 0xfe, 0xf0, 0xf0, 0xfe, 0xf0, 0xfe, 0x12,
  0xe6, 0xda, 0xfe, 0x1f, 0xfe, 0xf1, 0xf0, 0xec, 0xf0, 0xe6, 0xf0, 0xfe,
  0xf0, 0xfe, 0x12, 0xf0, 0xf0, 0xfe, 0x1f, 0xfe, 0xf1, 0xf0, 0xf0, 0xf1,
  0xf0, 0xf0, 0xfe, 0x1f, 0xfe, 0xf1, 0xf0, 0xf0, 0xf1, 0xec, 0xf1, 0xf0,
  0xf0, 0xfe, 0x01, 0xfe, 0xd9, 0xfe, 0x00, 0xde, 0xfe, 0xf0, 0xfe, 0xf0,
  0xde, 0xfe, 0x01, 0xfe, 0x00, 0xf0, 0xf0, 0xf0, 0xde, 0xfe, 0x01, 0xfe,
  0x00, 0xde, 0xfe, 0x01, 0xfe, 0x00, 0xf0, 0xf0, 0xfe, 0xf0, 0xfe, 0xf1,
  0xfe, 0x00, 0xf0, 0xfe, 0xf0, 0xfe, 0xf0, 0xfe, 0xf0, 0xfe, 0xf0, 0xfe,
  0x00, 0xf0, 0xfe, 0xf0, 0xfe, 0xf0, 0xfe, 0xbe, 0xfe, 0xf1, 0xfe, 0xf1,
  0xfe, 0xf1, 0xf0, 0xfe, 0xf0, 0xfe, 0xf0, 0xfe, 0xf0, 0xfe, 0xf0, 0xfe,
  0xf0, 0xfe, 0xf0, 0xfe, 0xf0, 0xfe, 0xf0, 0xdc, 0xfe, 0x00, 0xf1, 0xf0,
  0xf1, 0xfe, 0xf0, 0xfe, 0xf1, 0xf2, 0xee, 0xd3, 0xfe, 0x01, 0xfe, 0x1c,
  0xf0, 0xfe, 0xf2, 0xfe, 0xf0, 0xfe, 0xf1, 0xfe, 0xf1, 0xfe, 0xe4, 0xfe,
  0xf0, 0xfe, 0x1e, 0xf0, 0xfe, 0xf2, 0xfe, 0xd2, 0xfe, 0xf2, 0xd3, 0xfe,
  0xf2, 0xfe, 0xf2, 0xfe, 0xf1, 0xd3, 0xfe, 0x00, 0xf0, 0xe6, 0xdb, 0xfe,
  0x01, 0xfe, 0x15, 0xf0, 0xfe, 0xf0, 0xfe, 0x12, 0xf0, 0xf0, 0xfe, 0xe8,
  0xf0, 0xf0, 0xdb, 0xfe, 0xf0, 0xfe, 0xf1, 0xfe, 0xd0, 0xfe, 0xf0, 0xfe,
  0xd0, 0xfe, 0x1e, 0xdb, 0xfe, 0x01, 0xfe, 0xd8, 0xfe, 0x00, 0xda, 0xfe,
  0xf0, 0xfe, 0xf0, 0xfe, 0xf0, 0xfe, 0xd0, 0xfe, 0xf0, 0xf0, 0xf0, 0xd3,
  0xfe, 0x00, 0xf2, 0xfe, 0xf2, 0xe6, 0xdb, 0xfe, 0xf0, 0xfe, 0x00, 0xdb,
  0xfe, 0x00, 0xf2, 0xf0, 0xf1, 0xfe, 0x01, 0xfe, 0x1c, 0xf2, 0xfe, 0xf0,
  0xfe, 0x12, 0xf2, 0xf2, 0xfe, 0xe8, 0xf2, 0xf2, 0xf1, 0xfe, 0xf0, 0xfe,
  0xf1, 0xfe, 0xd0, 0xfe, 0xf0, 0xfe, 0xd0, 0xfe, 0x1e, 0xf1, 0xfe, 0x01,
  0xfe, 0xd8, 0xfe, 0x00, 0xf0, 0xfe, 0xf0, 0xfe, 0xf0, 0xfe, 0xf0, 0xfe,
  0xd0, 0xfe, 0xf0, 0xf0, 0xf2, 0xda, 0xfe, 0xed, 0xfe, 0x03, 0xfe, 0x05,
  0xec, 0xf0, 0xe6, 0xda, 0xfe, 0x01, 0xfe, 0x00, 0xec, 0xea, 0xfe, 0x01,
  0xfe, 0x00, 0xf0, 0xf0, 0xf2, 0xee, 0xf1, 0xfe, 0xf0, 0xfe, 0xf2, 0xf0,
  0xfe, 0x01, 0xfe, 0x16, 0xf1, 0xfe, 0xf0, 0xfe, 0xf2, 0xf0, 0xfe, 0x01,
  0xfe, 0x15, 0xf1, 0xfe, 0xf0, 0xfe, 0xf2, 0xd3, 0xfe, 0x01, 0xfe, 0x1c,
  0xf0, 0xfe, 0xf2, 0xfe, 0xf0, 0xfe, 0xf1, 0xfe, 0xf1, 0xfe, 0xe4, 0xfe,
  0xf0, 0xd3, 0xfe, 0x01, 0xfe, 0x15, 0xf0, 0xfe, 0x00, 0xea, 0xfe, 0x26,
  0xfe, 0x00, 0xea, 0xfe, 0x2b, 0xfe, 0x16, 0xd3, 0xfe, 0xf0, 0xfe, 0xf2,
  0xfe, 0x05, 0xd3, 0xfe, 0xf0, 0xfe, 0x05, 0xf0, 0xfe, 0xeb, 0xfe, 0x03,
  0xfe, 0xf2, 0xfe, 0x05, 0xd3, 0xfe, 0xf2, 0xfe, 0xd2, 0xfe, 0xf2, 0xfe,
  0xf2, 0xfe, 0xf2, 0xfe, 0xf2, 0xfe, 0xf2, 0xfe, 0xf2, 0xfe, 0xf2, 0xfe,
  0x05, 0xd3, 0xfe, 0xf0, 0xfe, 0xd8, 0xfe, 0xf2, 0xfe, 0xf2, 0xfe, 0xf2,
  0xfe, 0xb1, 0xd3, 0xfe, 0xf0, 0xfe, 0xc1, 0xd3, 0xfe, 0x00, 0xf0, 0xfe,
  0xf2, 0xfe, 0x12, 0xe6, 0xda, 0xfe, 0x01, 0xfe, 0xf2, 0xfe, 0xd8, 0xfe,
  0xf0, 0xec, 0xf0, 0xe6, 0xda, 0xfe, 0x01, 0xfe, 0x00, 0xec, 0xf0, 0xfe,
  0xf2, 0xfe, 0xf2, 0xfe, 0xd0, 0xfe, 0x05, 0xf0, 0xfe, 0xf2, 0xfe, 0xf1,
  0xfe, 0xf2, 0xf0, 0xfe, 0xf2, 0xf0, 0xfe, 0xf2, 0xfe, 0x03, 0xfe, 0x03,
  0xfe, 0x05, 0xf0, 0xfe, 0xf0, 0xfe, 0xf2, 0xfe, 0xd8, 0xfe, 0x03, 0xfe,
  0xf0, 0xf0, 0xfe, 0xf1, 0xfe, 0xf2, 0xf0, 0xfe, 0xf2, 0xfe, 0xb1, 0xf0,
  0xfe, 0xf0, 0xfe, 0xf0, 0xfe, 0xe4, 0xfe, 0xf0, 0xfe, 0x05, 0xf0, 0xfe,
  0xf0, 0xfe, 0xf0, 0xfe, 0xd9, 0xfe, 0xf0, 0xfe, 0xe4, 0xfe, 0xf0, 0xfe,
  0x05, 0xf0, 0xfe, 0xf0, 0xfe, 0xf0, 0xfe, 0xd8, 0xfe, 0xf0, 0xfe, 0xe4,
  0xfe, 0xf0, 0xfe, 0x05, 0xf0, 0xfe, 0xf0, 0xfe, 0xf0, 0xfe, 0xd8, 0xfe,
  0xf0, 0xfe, 0xe4, 0xfe, 0xf0, 0xfe, 0x05, 0xf0, 0xfe, 0xf0, 0xfe, 0xf2,
  0xfe, 0xf0, 0xfe, 0xf0, 0xfe, 0xe4, 0xfe, 0xf0, 0xfe, 0x05, 0xf0, 0xfe,
  0xf2, 0xfe, 0xd2, 0xfe, 0xf0, 0xfe, 0xf2, 0xfe, 0xd2, 0xfe, 0xf0, 0xfe,
  0xf2, 0xfe, 0xd2, 0xfe, 0xf0, 0xfe, 0xf1, 0xfe, 0xd2, 0xfe, 0xf0, 0xfe,
  0xf1, 0xfe, 0xd2, 0xfe, 0xf0, 0xfe, 0xf2, 0xd3, 0xfe, 0xf2, 0xfe, 0xf0,
  0xfe, 0xf1, 0xd3, 0xfe, 0x00, 0xf0, 0xe6, 0xf0, 0xfe, 0xf0, 0xfe, 0xf2,
  0xf0, 0xf0, 0xfe, 0xe8, 0xf0, 0xf0, 0xdb, 0xfe, 0xf0, 0xfe, 0xf1, 0xfe,
  0xbe, 0xfe, 0xf2, 0xfe, 0xd0, 0xfe, 0x1e, 0xdb, 0xfe, 0x01, 0xfe, 0xd8,
  0xfe, 0x15, 0xda, 0xfe, 0xf0, 0xfe, 0xf0, 0xfe, 0xf0, 0xfe, 0xd0, 0xfe,
  0xf0, 0xf0, 0xf0, 0xd3, 0xfe, 0xf0, 0xfe, 0x00, 0xd3, 0xfe, 0x00, 0xf0,
  0xe6, 0xf0, 0xfe, 0xf0, 0xfe, 0xf2, 0xf0, 0xf0, 0xfe, 0xe8, 0xf0, 0xf0,
  0xdb, 0xfe, 0xf0, 0xfe, 0xf1, 0xfe, 0xf2, 0xfe, 0xf2, 0xfe, 0xd0, 0xfe,
  0x1e, 0xdb, 0xfe, 0x01, 0xfe, 0xd8, 0xfe, 0x1c, 0xda, 0xfe, 0xf0, 0xfe,
  0xf0, 0xfe, 0xf0, 0xfe, 0xd0, 0xfe, 0xf0, 0xf0, 0xf0, 0xea, 0xfe, 0xed,
  0xfe, 0x03, 0xfe, 0x05, 0xf0, 0xf0, 0xf2, 0xee, 0xf0, 0xfe, 0x01, 0xfe,
  0xf0, 0xfe, 0xef, 0xf0, 0xfe, 0xf0, 0xfe, 0xf0, 0xfe, 0xe4, 0xfe, 0xf0,
  0xfe, 0x1e, 0xea, 0xfe, 0xf2, 0xfe, 0xf2, 0xfe, 0xd2, 0xfe, 0xf2, 0xf0,
  0xf0, 0xde, 0xfe, 0xf0, 0xf0, 0xf1, 0xd4, 0xfe, 0x01, 0xfe, 0x00, 0xd7,
  0xf0, 0xd6, 0xd4, 0xfe, 0xe8, 0xd7, 0xba, 0xfe, 0x00, 0xdf, 0xfe, 0x00,
  0xf1, 0xfe, 0xf1, 0xfe, 0xf1, 0xd6, 0xf0, 0xfe, 0x00, 0xdc, 0xfe, 0x00,
  0xf1, 0xf0, 0xf0, 0xfe, 0xf1, 0xf0, 0xfe, 0xf1, 0xf0, 0xfe, 0xf1, 0xfe,
  0xf1, 0xf0, 0xfe, 0x01, 0xfe, 0xf1, 0xdd, 0xfe, 0x01, 0xfe, 0xf0, 0xfe,
  0xef, 0xdd, 0xfe, 0x01, 0xfe, 0xf0, 0xfe, 0xef, 0xe3, 0xfe, 0x01, 0xfe,
  0x1c, 0xdd, 0xfe, 0xf0, 0xfe, 0xf0, 0xfe, 0x05, 0xdd, 0xfe, 0xf0, 0xfe,
  0xf0, 0xfe, 0xf1, 0xfe, 0x00, 0xe3, 0xfe, 0xf1, 0xfe, 0x05, 0xe3, 0xfe,
  0xf1, 0xfe, 0xf0, 0xfe, 0xf1, 0xfe, 0x1d, 0xfe, 0x00, 0xe3, 0xfe, 0x1f,
  0xfe, 0xf1, 0xfe, 0x00, 0xdd, 0xfe, 0x00, 0xde, 0xfe, 0x01, 0xfe, 0x00,
  0xdd, 0xfe, 0x00, 0xe3, 0xfe, 0x00, 0xdd, 0xfe, 0x00, 0xe3, 0xfe, 0x01,
  0xfe, 0x00, 0xf0, 0xfe, 0xf1, 0xf1, 0xee, 0xf0, 0xfe, 0x2d, 0xfe, 0x12,
  0xe6, 0xda, 0xfe, 0x01, 0xfe, 0xf0, 0xfe, 0xd0, 0xfe, 0x05, 0xf1, 0xfe,
  0xf1, 0xfe, 0xf1, 0xfe, 0xf1, 0xfe, 0xf1, 0xfe, 0x12, 0xf0, 0xf0, 0xfe,
  0xe8, 0xf0, 0xfe, 0x01, 0xfe, 0x00, 0xf0, 0xf0, 0xda, 0xfe, 0xf1, 0xfe,
  0x00, 0xda, 0xfe, 0xb2, 0xda, 0xfe, 0x01, 0xfe, 0x00, 0xf1, 0xec, 0xf0,
  0xe6, 0xda, 0xfe, 0xf0, 0xda, 0xfe, 0x01, 0xfe, 0x00, 0xf0, 0xec, 0xf0,
  0xf0, 0xfe, 0xf1, 0xfe, 0xf1, 0xde, 0xfe, 0x01, 0xfe, 0x00, 0xde, 0xfe,
  0x01, 0xfe, 0xf1, 0xfe, 0xf1, 0xfe, 0x03, 0xfe, 0xf1, 0xf0, 0xf0, 0xf0,
  0xde, 0xfe, 0x01, 0xfe, 0x00, 0xde, 0xfe, 0x01, 0xfe, 0x00, 0xf0, 0xd4,
  0xfe, 0x01, 0xfe, 0x00, 0xd4, 0xfe, 0x01, 0xfe, 0x00, 0xd7, 0xf0, 0xd6,
  0xd4, 0xfe, 0x01, 0xfe, 0x00, 0xd4, 0xfe, 0x01, 0xfe, 0x00, 0xd7, 0xf0,
  0xfe, 0xf0, 0xd6, 0xd4, 0xfe, 0x01, 0xfe, 0x00, 0xd4, 0xfe, 0x01, 0xfe,
  0x00, 0xf1, 0xd7, 0x04, 0xfe, 0x01, 0xfe, 0x00, 0x04, 0xfe, 0x01, 0xfe,
  0x00, 0x09, 0x18, 0x08, 0x04, 0xfe, 0x01, 0xfe, 0x00, 0x04, 0xfe, 0xe8,
  0x09, 0x0f, 0xfe, 0x27, 0xfe, 0xd9, 0xfe, 0x05, 0xd1, 0xfe, 0xf0, 0xfe,
  0xf0, 0xd1, 0xfe, 0xf0, 0xfe, 0x03, 0xfe, 0xe2, 0xd1, 0xfe, 0x01, 0xfe,
  0xd0, 0xfe, 0x00, 0xd1, 0xfe, 0xed, 0xfe, 0xf0, 0xfe, 0xd0, 0xfe, 0xf0,
  0xfe, 0xd0, 0xfe, 0xf0, 0xd1, 0xfe, 0xf0, 0xfe, 0x03, 0xfe, 0xe2, 0xd1,
  0xfe, 0x01, 0xfe, 0xd0, 0xfe, 0x00, 0x0a, 0xfe, 0x01, 0xfe, 0x00, 0x0a,
  0xfe, 0x01, 0xfe, 0xf0, 0xfe, 0xf0, 0xfe, 0xf0, 0xfe, 0xf0, 0xfe, 0xf0,
  0xfe, 0xd0, 0xfe, 0x1d, 0xfe, 0xf0, 0xfe, 0xf0, 0xfe, 0xf0, 0xfe, 0xf0,
  0xfe, 0xf0, 0xfe, 0xd0, 0xfe, 0xf0, 0xfe, 0x24, 0xfe, 0xf0, 0xfe, 0xf0,
  0xfe, 0xf0, 0xfe, 0xd0, 0xfe, 0xf0, 0xfe, 0x24, 0xfe, 0xf0, 0xfe, 0xf1,
  0xfe, 0xf1, 0xfe, 0xf1, 0xfe, 0xf1, 0xfe, 0xd0, 0xfe, 0x1d, 0xfe, 0x1d,
  0xfe, 0x1e, 0x10, 0x17, 0xfe, 0x00, 0xf1, 0x0d, 0xf0, 0xfe, 0x01, 0xfe,
  0xf1, 0xf0, 0xfe, 0x00, 0xe0, 0xfe, 0x12, 0x08, 0x04, 0xfe, 0xf1, 0x09,
  0x18, 0x08, 0x04, 0xfe, 0x01, 0xfe, 0x00, 0x09, 0x0f, 0xfe, 0x00, 0xe0,
  0xfe, 0x12, 0x08, 0x04, 0xfe, 0xf0, 0xfe, 0x03, 0xfe, 0xf1, 0xfe, 0xf1,
  0x09, 0x18, 0x08, 0x04, 0xfe, 0x01, 0xfe, 0x00, 0x09, 0x0a, 0xfe, 0x01,
  0xfe, 0x00, 0x10, 0xe7, 0x0d, 0x0a, 0xfe, 0x01, 0xfe, 0x00, 0x10, 0x0b,
  0xfe, 0x01, 0xfe, 0x00, 0x0e, 0x20, 0x0c, 0x0b, 0xfe, 0x01, 0xfe, 0x00,
  0x0e, 0x14, 0xfe, 0xf0, 0xfe, 0xf0, 0x1a, 0xfe, 0x26, 0xfe, 0x15, 0x1a,
  0xfe, 0x2b, 0xfe, 0x16, 0x1a, 0xfe, 0x28, 0xfe, 0x1c, 0x13, 0xfe, 0xed,
  0xfe, 0xf1, 0x14, 0xfe, 0x01, 0xfe, 0x00, 0x1a, 0xfe, 0x26, 0xfe, 0x15,
  0x1a, 0xfe, 0x2b, 0xfe, 0x16, 0x1a, 0xfe, 0x28, 0xfe, 0x1c, 0xf1, 0xfe,
  0x00, 0xf2, 0x0c, 0xd5, 0xfe, 0xf2, 0xf2, 0xfe, 0xf1, 0x2a, 0xfe, 0xf1,
  0xfe, 0xf0, 0xfe, 0xf0, 0xfe, 0x1b, 0xfe, 0xf1, 0x2f, 0xfe, 0x00, 0x30,
  0x0d, 0xe0, 0xfe, 0xf1, 0x08, 0x04, 0xfe, 0xf1, 0x29, 0x09, 0xf0, 0xfe,
  0xf0, 0xfe, 0xf0, 0xfe, 0xf0, 0xfe, 0xf0, 0xfe, 0x00, 0x0f, 0xfe, 0xf0,
  0xfe, 0xf0, 0xfe, 0xf1, 0xfe, 0xf1, 0xfe, 0xf1, 0xfe, 0xf1, 0x0a, 0xfe,
  0xf0, 0xfe, 0xf0, 0xfe, 0xf0, 0xfe, 0xf0, 0xfe, 0xf0, 0xfe, 0xf0, 0xfe,
  0xf0, 0xfe, 0xf0, 0x19, 0x31, 0xf2, 0xfe, 0x01, 0xfe, 0xf0, 0xfe, 0xef,
  0xd5, 0xfe, 0x01, 0xfe, 0x15, 0x2f, 0xfe, 0x00, 0x0b, 0xfe, 0x26, 0xfe,
  0x00, 0xd5, 0xfe, 0x01, 0xfe, 0x16, 0x0b, 0xfe, 0x2b, 0xfe, 0x00, 0xf2,
  0xfe, 0xf2, 0xfe, 0xf2, 0x0d, 0xf2, 0xfe, 0xf2, 0x10, 0xe7, 0x0d, 0x0f,
  0xfe, 0xf2, 0xd1, 0xfe, 0xf2, 0xfe, 0xd0, 0xfe, 0xf2, 0xfe, 0xd0, 0xfe,
  0xf2, 0xfe, 0x00, 0xf2, 0xfe, 0x03, 0xfe, 0x03, 0xfe, 0x03, 0xfe, 0xf2,
  0x10, 0x0e, 0x37, 0x25, 0x02, 0x90, 0x91, 0x92, 0x93, 0x0a, 0x94, 0x95,
  0x0a, 0x96, 0x97, 0x0a, 0x98, 0x0a, 0x99, 0x9a, 0x9b, 0x9c, 0x9d, 0x9e,
  0x9f, 0xa0, 0x13, 0xa1, 0x13, 0xa2, 0xc7, 0xc8, 0x13, 0xc9, 0xa3, 0xa4,
  0xa5, 0xa6, 0xa7, 0xa8, 0xa9, 0xaa, 0xab, 0xac, 0xad, 0xae, 0xaf, 0xb0,
  0xb1, 0xb2, 0x2c, 0x2d, 0x63, 0x90, 0x91, 0x92, 0x13, 0x63, 0xb3, 0xb4,
  0xb5, 0xb6, 0xb7, 0xb8, 0xb9, 0xba, 0x4a, 0xbb, 0xbc, 0xbd, 0xbe, 0xbf,
  0xc0, 0xc1, 0xc2, 0xc3, 0xc4, 0xc5, 0xc6, 0xc7, 0xc8, 0x88, 0xc9, 0xca,
  0xcb, 0xcc, 0xcd, 0xce, 0xcf, 0xd0, 0xd1, 0xd2, 0xd3, 0xd4, 0xd5, 0xd6,
  0xd7, 0xd8, 0xd9, 0xda, 0xdb, 0xdc, 0xdd, 0xde, 0xdf, 0x0b, 0x34, 0xe0,
  0xe1, 0x19, 0xe2, 0xe3, 0x1a, 0x35, 0x36, 0x37, 0xe4, 0x36, 0x37, 0xe5,
  0x6f, 0xe6, 0xe7, 0x0b, 0x0b, 0x24, 0xe8, 0xe9, 0xea, 0xeb, 0xec, 0xed,
  0xee, 0xef, 0xf0, 0x24, 0xf1, 0xf2, 0x24, 0xf3, 0x5c, 0x5d, 0xf4, 0x38,
  0x35, 0xf5, 0xf6, 0x39, 0x1b, 0xf7, 0xf8, 0xf9, 0xfa, 0x25, 0xfb, 0x1a,
  0x26, 0xfc, 0x38, 0x3a, 0xfd, 0x3a, 0xfe, 0x26, 0xff, 0x00, 0x01, 0x02,
  0x03, 0x04, 0x27, 0x3b, 0x0b, 0x27, 0x05, 0x1e, 0x27, 0x3b, 0x06, 0x07,
  0x08, 0x09, 0x65, 0x0a, 0x0b, 0x01, 0x28, 0x16, 0x5e, 0x1e, 0x0c, 0x0d,
  0x0e, 0x0c, 0x0f, 0x10, 0x11, 0x3c, 0x12, 0x29, 0x19, 0x13, 0x14, 0x15,
  0x16, 0x17, 0x18, 0x3d, 0x70, 0x19, 0x1a, 0x1b, 0x1c, 0x3e, 0x3e, 0x1d,
  0x1e, 0x1f, 0x20, 0x3d, 0x21, 0x22, 0x23, 0x24, 0x25, 0x26, 0x89, 0x27,
  0x17, 0x28, 0x39, 0x1b, 0x29, 0x2a, 0x2b, 0x2c, 0x2d, 0x2e, 0x3f, 0x40,
  0x0d, 0x41, 0x0d, 0x42, 0x2f, 0x30, 0x31, 0x3f, 0x40, 0x0d, 0x41, 0x0d,
  0x42, 0x32, 0x19, 0xca, 0x6a, 0x01, 0xcb, 0x6b, 0x6c, 0xcc, 0x05, 0xcd,
  0x0e, 0x3f, 0xce, 0x66, 0x68, 0x1a, 0x2e, 0xb9, 0x2f, 0xba, 0x5c, 0x5d,
  0xbb, 0x30, 0x31, 0xbc, 0x8a, 0xbd, 0x00, 0xbe, 0x63, 0x09, 0x50, 0x76,
  0x77, 0x78, 0x79, 0x03, 0x7a, 0x7b, 0xbf, 0xc0, 0xc1, 0xc2, 0x7c, 0x7d,
  0x7e, 0x7f, 0x80, 0x81, 0x82, 0x83, 0x5e, 0xc3, 0xbc, 0x32, 0x5f, 0x64,
  0x7c, 0x00, 0x04, 0x85, 0x86, 0x67, 0x6c, 0x2f, 0x05, 0x06, 0x07, 0x08,
  0x68, 0x8b, 0x2d, 0x28, 0x18, 0x17, 0x87, 0x86, 0x56, 0x57, 0x22, 0x58,
  0x31, 0x8c, 0x7d, 0x09, 0x8f, 0x8d, 0x59, 0x28, 0x1c, 0x08, 0x1d, 0x20,
  0x17, 0x89, 0x86, 0x56, 0x57, 0x22, 0x58, 0x18, 0x8e, 0x15, 0x67, 0x15,
  0x63, 0x09, 0x7e, 0x00, 0x2b, 0x7f, 0x23, 0x6d, 0x0a, 0x8c, 0x23, 0x6d,
  0x0b, 0x8c, 0x23, 0x6d, 0x0c, 0x2b, 0x0d, 0x85, 0x86, 0x67, 0x5b, 0x2b,
  0x80, 0x81, 0x82, 0x83, 0x84, 0x85, 0x86, 0x70, 0x87, 0x70, 0x88, 0x75,
  0x69, 0x89, 0x69, 0x29, 0x2b, 0x8a, 0x22, 0x02, 0x8b, 0x89, 0x02, 0x8c,
  0x8d, 0x51, 0x51, 0x0e, 0x0c, 0x8e, 0x0f, 0x1f, 0x8f, 0x90, 0x91, 0x8e,
  0x92, 0x10, 0x11, 0x93, 0x94, 0x51, 0x65, 0x12, 0x13, 0x29, 0x15, 0x67,
  0x15, 0x2b, 0x1f, 0x8c, 0x14, 0x8e, 0x15, 0x8c, 0x16, 0x8c, 0x17, 0x2b,
  0x0c, 0x95, 0x29, 0x2b, 0xc6, 0x18, 0x2b, 0x19, 0x32, 0x6b, 0x21, 0x2b,
  0x06, 0x6e, 0x12, 0x5b, 0x2b, 0x06, 0x6e, 0x12, 0x5b, 0x2b, 0x06, 0x6e,
  0x12, 0x5b, 0x2b, 0x06, 0x1a, 0x65, 0x12, 0x5b, 0x2f, 0x1b, 0x30, 0x1c,
  0x30, 0x1d, 0x30, 0x8b, 0x30, 0x8b, 0x30, 0x1e, 0x1f, 0x2c, 0x68, 0x8b,
  0x2d, 0x28, 0x18, 0x17, 0x87, 0x86, 0x56, 0x57, 0x22, 0x58, 0x31, 0x8c,
  0x8f, 0x8b, 0x2d, 0x28, 0x18, 0x17, 0x89, 0x86, 0x56, 0x57, 0x22, 0x58,
  0x31, 0x8c, 0x63, 0x09, 0x96, 0x00, 0x04, 0x32, 0x6b, 0x6c, 0x20, 0x21,
  0x22, 0x63, 0x09, 0x16, 0x5e, 0xc3, 0x33, 0x34, 0x35, 0x36, 0x37, 0x70,
  0x38, 0x74, 0x71, 0x60, 0x72, 0x60, 0x73, 0x74, 0x60, 0x75, 0x03, 0x04,
  0x03, 0x04, 0x03, 0x54, 0x55, 0x03, 0x54, 0x55, 0x76, 0x77, 0x78, 0x04,
  0x79, 0x7a, 0x03, 0x03, 0x03, 0x74, 0x7b, 0x39, 0x00, 0x65, 0x22, 0x3a,
  0x7c, 0x7d, 0x7e, 0x7f, 0x18, 0x80, 0x3b, 0x15, 0x67, 0x16, 0x31, 0x15,
  0x09, 0x50, 0x81, 0x82, 0x83, 0x05, 0x16, 0x16, 0x3c, 0x68, 0x06, 0x25,
  0x0e, 0x46, 0x10, 0x47, 0x67, 0x48, 0x49, 0x4a, 0x4b, 0x2c, 0x4c, 0x1f,
  0x4d, 0x11, 0x07, 0x02, 0x10, 0x11, 0x07, 0x02, 0x4e, 0x76, 0x69, 0x1b,
  0x19, 0xcf, 0x0e, 0xd0, 0xd1, 0xd2, 0xd3, 0xd4, 0x01, 0x1a, 0x03, 0xd5,
  0xd6, 0x06, 0x25, 0x0e, 0x46, 0x10, 0x47, 0xd7, 0xd8, 0x48, 0x49, 0x4a,
  0x4b, 0x2c, 0x4c, 0x1f, 0x4d, 0x11, 0x07, 0x02, 0x10, 0x11, 0x07, 0x02,
  0x4e, 0xd9, 0xda, 0xdb, 0x05, 0x69, 0x1b, 0x33, 0x34, 0x35, 0x36, 0x0c,
  0x37, 0x38, 0x39, 0x3a, 0x3b, 0x3c, 0x43, 0x3d, 0x43, 0x3e, 0x71, 0x71,
  0x40, 0x41, 0x42, 0x43, 0x44, 0x45, 0x46, 0x93, 0x94, 0x44, 0x47, 0x44,
  0x48, 0x87, 0x49, 0x4a, 0x4b, 0x4c, 0x0c, 0x4d, 0x4e, 0x4f, 0x0e, 0x50,
  0x95, 0x96, 0x97, 0x98, 0x99, 0x9a, 0x01, 0x72, 0x73, 0x05, 0x01, 0x51,
  0x52, 0x53, 0x54, 0x55, 0x1f, 0x05, 0x9b, 0x9c, 0x56, 0x57, 0x66, 0x0f,
  0x45, 0x0f, 0x58, 0x45, 0x1a, 0x01, 0x74, 0x8a, 0x9d, 0x00, 0x9e, 0x9f,
  0x2a, 0x8b, 0x1e, 0x1e, 0x17, 0xa0, 0xa1, 0x29, 0x2d, 0x75, 0xa2, 0x18,
  0x4f, 0x59, 0x75, 0x1c, 0x08, 0xa3, 0x1d, 0x20, 0xa4, 0x1c, 0x08, 0xa5,
  0x1d, 0x20, 0xa6, 0xa7, 0x8c, 0x2a, 0x72, 0x73, 0x09, 0x6a, 0x00, 0x09,
  0x50, 0x5f, 0xa8, 0x50, 0x76, 0x77, 0x78, 0x79, 0x03, 0x7a, 0x7b, 0xa9,
  0xaa, 0xab, 0x60, 0x7c, 0x7d, 0x7e, 0x7f, 0x80, 0x81, 0x82, 0x83, 0xac,
  0x00, 0xad, 0x5f, 0x64, 0x4b, 0x14, 0x04, 0x85, 0x86, 0xc4, 0x6c, 0x61,
  0x05, 0x06, 0x07, 0x08, 0xc5, 0x8d, 0x59, 0x28, 0x1c, 0x08, 0x1d, 0x20,
  0x17, 0x87, 0x86, 0x56, 0x57, 0x22, 0x58, 0x18, 0x8e, 0x4c, 0x09, 0x8f,
  0x4d, 0x1c, 0x88, 0x4e, 0x28, 0x4f, 0x50, 0x51, 0x52, 0x88, 0x17, 0x89,
  0x86, 0x88, 0x08, 0x56, 0x57, 0x22, 0x58, 0x1d, 0x53, 0x4f, 0x31, 0x15,
  0x54, 0x8a, 0x6d, 0x0a, 0x64, 0x8a, 0x6d, 0x0b, 0x64, 0x8a, 0x6d, 0x0c,
  0x23, 0x0d, 0x85, 0x86, 0xc4, 0x5b, 0x14, 0x51, 0x55, 0x51, 0x14, 0x0e,
  0x56, 0x0f, 0x57, 0x58, 0x59, 0x5a, 0x10, 0x11, 0x0c, 0x5b, 0x5c, 0x5d,
  0x51, 0x2d, 0x12, 0x13, 0x29, 0x4f, 0x23, 0x5e, 0x5f, 0x64, 0x14, 0x8e,
  0x15, 0x64, 0x16, 0x64, 0x17, 0x23, 0x0c, 0x60, 0x29, 0x23, 0xc6, 0x18,
  0x23, 0x19, 0x14, 0x32, 0x6b, 0x21, 0x14, 0x32, 0x6e, 0x12, 0x21, 0x14,
  0x32, 0x6e, 0x12, 0x21, 0x14, 0x32, 0x6e, 0x12, 0x21, 0x14, 0x32, 0x1a,
  0x65, 0x12, 0x21, 0x61, 0x1b, 0x30, 0x1c, 0x30, 0x1d, 0x30, 0x8b, 0x30,
  0x8b, 0x30, 0x1e, 0x1f, 0x2c, 0xc5, 0x8d, 0x59, 0x28, 0x61, 0x1c, 0x08,
  0x1d, 0x20, 0x17, 0x87, 0x62, 0x56, 0x57, 0x22, 0x58, 0x18, 0x8e, 0x8f,
  0x8d, 0x59, 0x28, 0x63, 0x1c, 0x08, 0x1d, 0x20, 0x17, 0x89, 0x64, 0x65,
  0x56, 0x57, 0x22, 0x58, 0x18, 0x8e, 0x31, 0x15, 0x66, 0x14, 0x04, 0x14,
  0x32, 0x6b, 0x6c, 0x20, 0x21, 0x22, 0x31, 0x15, 0x16, 0x63, 0xae, 0x05,
  0xaf, 0xb0, 0x70, 0x03, 0xb1, 0x00, 0x2a, 0x71, 0x2f, 0x72, 0x2f, 0x73,
  0x74, 0x2f, 0x75, 0x04, 0x04, 0x54, 0x55, 0x54, 0x55, 0x76, 0x77, 0x78,
  0x04, 0x79, 0x7a, 0x2a, 0x7b, 0xb2, 0x2d, 0x22, 0xb3, 0x7c, 0x7d, 0x7e,
  0x7f, 0x1c, 0x08, 0x08, 0x1d, 0x20, 0x80, 0xb4, 0x4f, 0x16, 0x18, 0x15,
  0x2b, 0x81, 0x82, 0xb5, 0x83, 0xb6, 0x09, 0x6a, 0x00, 0x09, 0x05, 0x01,
  0x68, 0xb7, 0x06, 0x25, 0x0e, 0x46, 0x10, 0x47, 0x67, 0x48, 0x49, 0x4a,
  0x4b, 0x2c, 0x4c, 0x1f, 0x4d, 0x11, 0x07, 0x02, 0x10, 0x11, 0x07, 0x02,
  0x4e, 0x59, 0x5a, 0x5b, 0xb8, 0x5c, 0x0f, 0x5d, 0x0f, 0x5e, 0x34, 0x5f,
  0x60, 0x33, 0x26, 0x61, 0x62, 0x3d, 0x3e, 0x3f, 0xb9, 0xba, 0x5c, 0x5d,
  0xbb, 0xbd, 0xbe, 0x6f, 0x76, 0x77, 0x78, 0x79, 0x7a, 0x7b, 0xbf, 0xc0,
  0xc1, 0xc2, 0x7c, 0x7d, 0x7e, 0x7f, 0x80, 0x81, 0x82, 0x83, 0x40, 0x85,
  0x41, 0x42, 0x43, 0x44, 0x45, 0x97, 0x46, 0x98, 0x99, 0x47, 0x48, 0x02,
  0x03, 0x04, 0x05, 0x06, 0x07, 0x10, 0x1f, 0x20, 0x21, 0x22, 0xee, 0x12,
  0xa3, 0x81, 0x96, 0x40, 0x96, 0x40, 0x96, 0x40, 0xed, 0x89, 0xfc, 0xb6,
  0x96, 0x40, 0xfc, 0x99, 0xcc, 0x42, 0xa3, 0x81, 0xfc, 0xb6, 0xea, 0xaa,
  0xfc, 0xb6, 0xa3, 0x81, 0xed, 0x77, 0xed, 0x77, 0xed, 0x77, 0xed, 0x77,
  0xd3, 0xbf, 0x97, 0x85, 0xed, 0x77, 0xd3, 0xbf, 0xbb, 0x4c, 0xed, 0x77,
  0xd3, 0xbf, 0xa5, 0x4f, 0xf7, 0x38, 0xa5, 0x4f, 0xa5, 0x4f, 0xd0, 0x8a,
  0xcc, 0x42, 0xa5, 0x4f, 0xeb, 0x75, 0xbb, 0x4c, 0xd0, 0x8a, 0xbc, 0x97,
  0xfc, 0x99, 0xda, 0x6e, 0xfc, 0x99, 0xed, 0x70, 0xd0, 0x8a, 0xd0, 0x8a,
  0xbb, 0x4c, 0x9d, 0x69, 0xf7, 0x38, 0xf7, 0x38, 0xaa, 0x49, 0xe8, 0x5a,
  0xed, 0x89, 0xed, 0x89, 0xe8, 0x5a, 0x07, 0xaa, 0x49, 0xed, 0x89, 0x9e,
  0x3e, 0xbc, 0x97, 0xda, 0x6e, 0xb4, 0xa5, 0x9e, 0x3e, 0x9e, 0x3e, 0xfa,
  0x87, 0x9e, 0x3e, 0x9e, 0x3e, 0xf7, 0x33, 0xbc, 0x97, 0xda, 0x6e, 0xf8,
  0x6b, 0xf7, 0x33, 0x9c, 0x75, 0xf8, 0x6b, 0x8a, 0x5a, 0xf7, 0x33, 0x93,
  0x8a, 0x8a, 0x5a, 0xc9, 0xb0, 0xb4, 0xa5, 0xfa, 0x87, 0xb4, 0xa5, 0xfa,
  0x87, 0xb4, 0xa5, 0xfa, 0x87, 0xb4, 0xa5, 0xfa, 0x87, 0xed, 0x89, 0xc8,
  0x5f, 0xc9, 0xb0, 0xc9, 0xb0, 0x9c, 0x75, 0x8a, 0x5a, 0xf8, 0x6b, 0x8a,
  0x5a, 0xf8, 0x6b, 0x93, 0x8a, 0x9c, 0x75, 0x93, 0x8a, 0xa9, 0x33, 0xc8,
  0x5f, 0xc8, 0x5f, 0xc8, 0x5f, 0xc8, 0x5f, 0xc8, 0x5f, 0xe8, 0x5a, 0xa9,
  0x33, 0xaa, 0x49, 0x9e, 0x3e, 0x9e, 0x3e, 0xa9, 0x33, 0xcb, 0x52, 0xbc,
  0x97, 0xda, 0x6e, 0xe8, 0x5a, 0x07, 0xaa, 0x49, 0xcb, 0x52, 0xcb, 0x52,
  0x8e, 0xc3, 0xaa, 0x49, 0xc5, 0x74, 0xcc, 0x42, 0x8e, 0xc3, 0xf7, 0x38,
  0x8e, 0xc3, 0xe9, 0x4d, 0xcd, 0x3c, 0xed, 0x89, 0xe1, 0x3f, 0xbc, 0x97,
  0xda, 0x6e, 0xcd, 0x3c, 0xe1, 0x3f, 0xe1, 0x3f, 0xe8, 0x5a, 0xe1, 0x3f,
  0xe1, 0x3f, 0xe8, 0x5a, 0xe1, 0x3f, 0xe1, 0x3f, 0xe8, 0x5a, 0xcc, 0x52,
  0xbc, 0x97, 0xda, 0x6e, 0xcd, 0x3c, 0xcc, 0x52, 0xcc, 0x52, 0xf2, 0x33,
  0xc8, 0x31, 0x8e, 0xc3, 0xde, 0x8e, 0x9d, 0x69, 0xec, 0x75, 0xcd, 0x3c,
  0xea, 0xaa, 0xb7, 0x33, 0xda, 0x8c, 0xc8, 0x31, 0xc8, 0x31, 0xf2, 0x33,
  0xde, 0x8e, 0xcf, 0x35, 0xde, 0x8e, 0xf2, 0x33, 0xe8, 0x62, 0xec, 0x75,
  0x97, 0x51, 0xe8, 0x62, 0xe8, 0x62, 0x88, 0x82, 0xec, 0x75, 0x88, 0x82,
  0x97, 0x51, 0x88, 0x82, 0x97, 0x51, 0xf5, 0x48, 0xda, 0x8c, 0xcf, 0x35,
  0xda, 0x8c, 0xcf, 0x35, 0x88, 0x82, 0xb7, 0x33, 0xc8, 0x31, 0xde, 0x8e,
  0xf5, 0x48, 0xda, 0x8c, 0xcf, 0x35, 0xf5, 0x48, 0x88, 0x82, 0xb7, 0x33,
  0x90, 0xa7, 0xda, 0x8c, 0xcf, 0x35, 0xb1, 0x72, 0x88, 0x82, 0x90, 0xa7,
  0xf5, 0x48, 0x90, 0xa7, 0xb7, 0x33, 0xb1, 0x72, 0xb1, 0x72, 0xb1, 0x72,
  0xc8, 0x31, 0xde, 0x8e, 0xe9, 0x4d, 0xc5, 0x74, 0xb7, 0x33, 0xf2, 0x33,
  0xf7, 0x38, 0xe9, 0x4d, 0xc5, 0x74, 0xc9, 0x6e, 0xbb, 0x3e, 0xd6, 0xaa,
  0xa3, 0x81, 0xb8, 0xbb, 0xd6, 0xaa, 0xbb, 0x3e, 0x85, 0xb5, 0xd6, 0xaa,
  0xa3, 0x81, 0xbb, 0x3e, 0x9f, 0xc0, 0xa3, 0x81, 0xb8, 0xbb, 0x8c, 0x3e,
  0xa3, 0x81, 0xb8, 0xbb, 0xc9, 0x6e, 0x9f, 0xc0, 0x85, 0xb5, 0x8c, 0x3e,
  0x85, 0xb5, 0x8c, 0x3e, 0x85, 0xb5, 0x9f, 0xc0, 0x85, 0xb5, 0xac, 0x55,
  0x02, 0xac, 0x55, 0xa3, 0x81, 0xa3, 0x81, 0xa3, 0x81, 0xac, 0x55, 0xc1,
  0x7d, 0x03, 0xab, 0x9f, 0xa3, 0x81, 0xbe, 0x7a, 0xa3, 0x81, 0xb2, 0x5a,
  0xa3, 0x81, 0xc1, 0x7d, 0xac, 0x55, 0xab, 0x9f, 0xbe, 0x7a, 0xab, 0x9f,
  0xb2, 0x5a, 0xb2, 0x5a, 0xb2, 0x5a, 0xb2, 0x5a, 0xbe, 0x7a, 0xbe, 0x7a,
  0xbe, 0x7a, 0xab, 0x9f, 0xab, 0x9f, 0xc1, 0x7d, 0xac, 0x55, 0xc9, 0x6e,
  0xc1, 0x7d, 0xbb, 0x82, 0xd7, 0xbf, 0xed, 0x70, 0xea, 0xaa, 0xa3, 0x81,
  0x9d, 0x69, 0xa5, 0x4f, 0xa5, 0x4f, 0xeb, 0x75, 0xe9, 0x4d, 0xbb, 0x4c,
  0xe9, 0x4d, 0xbb, 0x4c, 0xe9, 0x4d, 0xbb, 0x4c, 0xe9, 0x4d, 0x97, 0x85,
  0xc9, 0x6e, 0xed, 0x70, 0x8e, 0xc3, 0x97, 0x85, 0x8e, 0xc3, 0x97, 0x85,
  0x8e, 0xc3, 0x97, 0x85, 0x8e, 0xc3, 0xc0, 0x55, 0x94, 0xb8, 0xab, 0xbb,
  0xea, 0xaa, 0xac, 0x52, 0xab, 0xbb, 0xac, 0x52, 0xea, 0xaa, 0xab, 0xbb,
  0xac, 0x52, 0xea, 0xaa, 0x94, 0xb8, 0xac, 0x52, 0x94, 0xb8, 0xde, 0x8b,
  0xa3, 0x81, 0x94, 0xb8, 0xbb, 0x82, 0xbb, 0x82, 0xc0, 0x55, 0xd7, 0xbf,
  0xde, 0x8b, 0xc0, 0x55, 0xd7, 0xbf, 0x86, 0x3d, 0xde, 0x8b, 0xfc, 0x96,
  0x94, 0x74, 0xfc, 0x96, 0xfc, 0x96, 0xfc, 0x96, 0xfc, 0x96, 0xbf, 0x8a,
  0x94, 0x74, 0xbf, 0x55, 0x94, 0x74, 0xbf, 0x55, 0xbc, 0x7c, 0x94, 0x74,
  0x94, 0x74, 0x94, 0x74, 0xa3, 0x81, 0xd3, 0x5f, 0xa3, 0x81, 0xbc, 0x7c,
  0x94, 0x74, 0xbc, 0x7c, 0x94, 0x74, 0xbf, 0x55, 0x94, 0x74, 0xd3, 0x5f,
  0x94, 0x74, 0xd3, 0x5f, 0x94, 0x74, 0xd3, 0x5f, 0x94, 0x74, 0xa4, 0x9a,
  0xc1, 0xa5, 0x94, 0x74, 0xe6, 0x79, 0xbf, 0x55, 0xbf, 0x55, 0xbf, 0x55,
  0x94, 0x74, 0x94, 0x74, 0xc1, 0xa5, 0x92, 0xa2, 0xe6, 0x79, 0xe6, 0x79,
  0xe6, 0x91, 0x94, 0x74, 0xbf, 0x55, 0xad, 0x55, 0xc3, 0x92, 0x92, 0xa2,
  0xe6, 0x91, 0xc3, 0x92, 0xad, 0x55, 0xd4, 0xbd, 0x92, 0xa2, 0xc3, 0x92,
  0xc3, 0x92, 0xe6, 0x91, 0xe6, 0x91, 0xb6, 0xa0, 0xe6, 0x91, 0xc3, 0x92,
  0xad, 0x55, 0xd4, 0xbd, 0xd4, 0xbd, 0xb6, 0xa0, 0xb6, 0xa0, 0xad, 0x52,
  0x94, 0x74, 0xa0, 0x81, 0xe6, 0x91, 0xf7, 0xa4, 0xc4, 0x92, 0x92, 0xa2,
  0xa0, 0x81, 0xc4, 0x92, 0xf7, 0xa4, 0xd5, 0xbd, 0x92, 0xa2, 0xc4, 0x92,
  0xc4, 0x92, 0xa0, 0x81, 0xa0, 0x81, 0xb7, 0xa0, 0xa0, 0x81, 0xc4, 0x92,
  0xf7, 0xa4, 0xd5, 0xbd, 0xd5, 0xbd, 0xb7, 0xa0, 0xb7, 0xa0, 0xad, 0x52,
  0xad, 0x55, 0xf7, 0xa4, 0xad, 0x52, 0xad, 0x55, 0xa4, 0x9a, 0xad, 0x52,
  0xa5, 0x55, 0xfc, 0x3d, 0x94, 0x74, 0xaa, 0xaf, 0xfc, 0x3d, 0x83, 0x44,
  0x94, 0x74, 0x94, 0xbf, 0x83, 0x44, 0x84, 0x44, 0x94, 0x74, 0xe8, 0x4e,
  0xbf, 0x55, 0xbf, 0x55, 0xbf, 0x55, 0x94, 0x74, 0x94, 0x74, 0xf4, 0x42,
  0xe8, 0x4e, 0xa1, 0x5a, 0xa1, 0x5a, 0xf4, 0x42, 0xa1, 0x5a, 0xe8, 0x4e,
  0xde, 0x6f, 0xa1, 0x5a, 0xb1, 0x94, 0x94, 0x74, 0x9f, 0xb5, 0xb1, 0x94,
  0xfe, 0xae, 0xb1, 0x94, 0xef, 0x9f, 0xb1, 0x94, 0x8e, 0x48, 0xb1, 0x94,
  0xfe, 0xae, 0xab, 0x32, 0xfe, 0xae, 0xef, 0x9f, 0x98, 0x5b, 0xde, 0x6f,
  0xfc, 0x89, 0xde, 0x6f, 0xf9, 0x73, 0xbf, 0x55, 0x9f, 0xb5, 0x8e, 0x48,
  0x98, 0x5b, 0x9f, 0xb5, 0xab, 0x32, 0xfc, 0x89, 0xef, 0x9f, 0x8e, 0x48,
  0xf8, 0x38, 0x8e, 0x48, 0xab, 0x32, 0x98, 0x5b, 0xf9, 0x73, 0xfe, 0xae,
  0x9f, 0xb5, 0xab, 0x32, 0xfc, 0x89, 0xf9, 0x73, 0xa5, 0x55, 0xe4, 0xa0,
  0xfc, 0x3d, 0xef, 0x33, 0xc1, 0xa5, 0xe9, 0x7a, 0xf4, 0x42, 0xe8, 0x4e,
  0xef, 0x33, 0x91, 0x82, 0xbf, 0x55, 0xe9, 0x7a, 0xe9, 0x7a, 0xe4, 0xa0,
  0xbf, 0x55, 0x94, 0x74, 0x83, 0x44, 0xf8, 0x38, 0xf8, 0x38, 0x94, 0xbf,
  0xaa, 0xaf, 0xbf, 0x55, 0x94, 0x74, 0x84, 0x44, 0x8c, 0x34, 0x84, 0x44,
  0xb3, 0x4a, 0x91, 0x82, 0x8c, 0x34, 0xb3, 0x4a, 0x8c, 0x34, 0x91, 0x82,
  0x8c, 0x34, 0xb3, 0x4a, 0x91, 0x82, 0xb2, 0x5e, 0xf8, 0x38, 0xb3, 0x4a,
  0xe4, 0xa0, 0x95, 0x47, 0xb2, 0x5e, 0xb2, 0x5e, 0xd3, 0x9c, 0xfa, 0x31,
  0x95, 0x47, 0xd3, 0x9c, 0x94, 0xbf, 0xdf, 0x3e, 0xb2, 0x5e, 0xa5, 0x55,
  0x95, 0x47, 0xfa, 0x31, 0xd3, 0x9c, 0x94, 0xb4, 0xdf, 0x3e, 0xba, 0x6d,
  0xdf, 0x3e, 0xb6, 0x6f, 0xa1, 0x5a, 0x94, 0x74, 0x94, 0x74, 0xef, 0x33,
  0xa4, 0x55, 0xa1, 0x5a, 0x94, 0xb4, 0xba, 0x6d, 0x94, 0x74, 0x94, 0x74,
  0xb7, 0x6f, 0xa4, 0x55, 0xef, 0x33, 0xf1, 0x61, 0xa1, 0x5a, 0x94, 0xb4,
  0xba, 0x6d, 0x94, 0x74, 0x94, 0x74, 0xc2, 0x79, 0xf1, 0x61, 0xef, 0x33,
  0xf2, 0x61, 0xa1, 0x5a, 0xba, 0x6d, 0x94, 0xb4, 0x94, 0x74, 0x94, 0x74,
  0xc3, 0x79, 0xf2, 0x61, 0xef, 0x33, 0xf3, 0x61, 0xa1, 0x5a, 0x94, 0xb4,
  0xba, 0x6d, 0x94, 0x74, 0x94, 0x74, 0xc4, 0x79, 0xf3, 0x61, 0xef, 0x33,
  0xbd, 0x6f, 0xb6, 0x6f, 0xb6, 0x6f, 0xfa, 0x31, 0xb7, 0x6f, 0xb7, 0x6f,
  0xfa, 0x31, 0xc2, 0x79, 0xc2, 0x79, 0xfa, 0x31, 0xc3, 0x79, 0xc3, 0x79,
  0xfa, 0x31, 0xc4, 0x79, 0xc4, 0x79, 0xfa, 0x31, 0xe7, 0x91, 0xaa, 0xaf,
  0xbf, 0x55, 0x81, 0x45, 0xc5, 0x92, 0xbd, 0x6f, 0xe7, 0x91, 0xc5, 0x92,
  0x81, 0x45, 0xd6, 0xbd, 0xbd, 0x6f, 0xc5, 0x92, 0xc5, 0x92, 0xe7, 0x91,
  0xe7, 0x91, 0xb8, 0xa0, 0xe7, 0x91, 0xc5, 0x92, 0x81, 0x45, 0xd6, 0xbd,
  0xd6, 0xbd, 0xb8, 0xa0, 0xb8, 0xa0, 0xc0, 0x7a, 0xe7, 0x91, 0xf8, 0xa4,
  0xc6, 0x92, 0xbd, 0x6f, 0xc0, 0x7a, 0xc6, 0x92, 0xf8, 0xa4, 0xd7, 0xbd,
  0xbd, 0x6f, 0xc6, 0x92, 0xc6, 0x92, 0xc0, 0x7a, 0xc0, 0x7a, 0xb9, 0xa0,
  0xc0, 0x7a, 0xc6, 0x92, 0xf8, 0xa4, 0xd7, 0xbd, 0xd7, 0xbd, 0xb9, 0xa0,
  0xb9, 0xa0, 0xa4, 0x9a, 0x81, 0x45, 0xf8, 0xa4, 0xdf, 0xa2, 0xbf, 0x55,
  0xbf, 0x55, 0xef, 0x7f, 0xdf, 0xa2, 0x94, 0x74, 0x94, 0x74, 0xc1, 0xa5,
  0xa4, 0x9a, 0xdf, 0xa2, 0xef, 0x7f, 0xef, 0x7f, 0xa4, 0x9a, 0xd2, 0x72,
  0xbf, 0x8a, 0xa4, 0x9a, 0xd2, 0x72, 0xd2, 0x72, 0xbf, 0x8a, 0xe2, 0x4b,
  0xbf, 0x8a, 0xae, 0x52, 0x9d, 0x65, 0xeb, 0x88, 0xbd, 0x61, 0x94, 0xb8,
  0xda, 0x96, 0xeb, 0x88, 0x85, 0xa3, 0xeb, 0x88, 0xeb, 0x88, 0x86, 0xa3,
  0xbd, 0x61, 0xbd, 0x61, 0x81, 0x40, 0x85, 0xa3, 0xdd, 0x3c, 0x85, 0xa3,
  0x81, 0x40, 0xb3, 0x38, 0x86, 0xa3, 0x86, 0xa3, 0xdd, 0x3c, 0xc3, 0xaa,
  0x9d, 0x65, 0x88, 0x3a, 0xda, 0x96, 0xda, 0x96, 0x81, 0x40, 0xc3, 0xaa,
  0xa6, 0xa4, 0xc3, 0xaa, 0xc3, 0xaa, 0xb9, 0x3d, 0xb9, 0x3d, 0x05, 0xec,
  0x53, 0xd5, 0x3e, 0xfb, 0x47, 0xa7, 0x57, 0xa6, 0xa4, 0xfc, 0x65, 0xfc,
  0x65, 0x9d, 0x65, 0xec, 0x53, 0xdd, 0x3c, 0xb3, 0x38, 0xa7, 0x57, 0x88,
  0x3a, 0xec, 0x53, 0xec, 0x53, 0xec, 0x53, 0x88, 0x3a, 0xd5, 0x3e, 0xfb,
  0x47, 0xec, 0x53, 0xa7, 0x57, 0xc3, 0xaa, 0xfc, 0x65, 0xb9, 0x3d, 0xec,
  0x53, 0xd5, 0x3e, 0xfb, 0x47, 0xb9, 0x3d, 0xb6, 0x93, 0xfb, 0x47, 0xae,
  0x52, 0xd5, 0x3e, 0xb6, 0x93, 0xb6, 0x93, 0xae, 0x52, 0xe2, 0x4b, 0xae,
  0x52, 0xe2, 0x4b, 0xb3, 0x6b, 0xbf, 0x8a, 0xe2, 0x4b, 0xb3, 0x6b, 0xc0,
  0x55, 0xd7, 0xbf, 0x86, 0x3d, 0xb3, 0x6b, 0x86, 0x3d, 0xf2, 0x5e, 0xfc,
  0xb6, 0x94, 0xb8, 0xc9, 0x72, 0xde, 0x8b, 0x90, 0x58, 0xa3, 0x81, 0xf2,
  0x5e, 0xf0, 0x3f, 0x90, 0x58, 0xf7, 0x38, 0xc1, 0x5f, 0xf7, 0x38, 0x90,
  0x58, 0x90, 0x58, 0xf0, 0x3f, 0xf0, 0x3f, 0xff, 0x87, 0x94, 0xb8, 0xf2,
  0x5e, 0xf4, 0x33, 0xff, 0x87, 0xff, 0x87, 0xc0, 0x55, 0xd7, 0xbf, 0x97,
  0x85, 0xbb, 0x4c, 0xbb, 0x4c, 0xbb, 0x4c, 0xf4, 0x33, 0xf4, 0x33, 0xff,
  0x87, 0xc1, 0x5f, 0xc1, 0x5f, 0xc9, 0x72, 0xcc, 0x42, 0x9d, 0x69, 0xcc,
  0x42, 0xcc, 0x42, 0x9d, 0x69, 0xcc, 0x42, 0xc9, 0x72, 0x9d, 0x69, 0xc9,
  0x72, 0xc9, 0x72, 0x9d, 0x69, 0xeb, 0x75, 0xc9, 0x72, 0x86, 0x3d, 0xae,
  0x55, 0x04, 0xae, 0x55, 0xc0, 0x55, 0xcb, 0x3c, 0xcb, 0x3c, 0xc0, 0x55,
  0xb0, 0x52, 0xbf, 0x50, 0xbf, 0x50, 0xcb, 0x3c, 0xb0, 0x52, 0xbf, 0x50,
  0xaf, 0x64, 0xa3, 0x81, 0xbf, 0x50, 0xbf, 0x50, 0xbb, 0x82, 0xaf, 0x52,
  0xaf, 0x64, 0x82, 0x8b, 0xfc, 0xb6, 0xbf, 0x50, 0xca, 0x72, 0xaf, 0x64,
  0x91, 0x58, 0xa3, 0x81, 0x82, 0x8b, 0xf1, 0x3f, 0x91, 0x58, 0xf7, 0x38,
  0xc2, 0x5f, 0xf7, 0x38, 0x91, 0x58, 0x91, 0x58, 0xf1, 0x3f, 0xf1, 0x3f,
  0x80, 0x88, 0xbf, 0x50, 0x82, 0x8b, 0xf5, 0x33, 0x80, 0x88, 0x80, 0x88,
  0xaf, 0x52, 0xcb, 0x3c, 0x97, 0x85, 0xbb, 0x4c, 0xbb, 0x4c, 0xbb, 0x4c,
  0xf5, 0x33, 0xf5, 0x33, 0x80, 0x88, 0xc2, 0x5f, 0xc2, 0x5f, 0xca, 0x72,
  0xcc, 0x42, 0x9d, 0x69, 0xcc, 0x42, 0xcc, 0x42, 0x9d, 0x69, 0xcc, 0x42,
  0xca, 0x72, 0x9d, 0x69, 0xca, 0x72, 0xca, 0x72, 0x9d, 0x69, 0xeb, 0x75,
  0xbf, 0x50, 0xbf, 0x50, 0xca, 0x72, 0xaf, 0x52, 0xcb, 0x3c, 0xb0, 0x52,
  0xaf, 0x52, 0xb0, 0x52, 0xcb, 0x3c, 0xae, 0x55, 0xcb, 0x3c, 0xd0, 0x87,
  0xef, 0x44, 0xbc, 0x97, 0xfc, 0x99, 0xb1, 0x3c, 0xef, 0x44, 0xef, 0x44,
  0xb2, 0x65, 0xb1, 0x3c, 0xab, 0xab, 0xb1, 0x3c, 0xb2, 0xa5, 0xab, 0xab,
  0xb2, 0x65, 0xaa, 0x95, 0xab, 0xab, 0xb2, 0x65, 0xa0, 0x9d, 0xb2, 0xa5,
  0xaa, 0x95, 0xa8, 0x57, 0x92, 0x6c, 0xa8, 0x57, 0x05, 0x92, 0x6c, 0xae,
  0x55, 0xf8, 0x45, 0xc7, 0x6f, 0x89, 0x70, 0xb4, 0x76, 0xb6, 0xa9, 0xa0,
  0xac, 0x88, 0x70, 0xb1, 0x76, 0xb2, 0x76, 0xb3, 0x76, 0xe7, 0x3e, 0xb2,
  0xa5, 0xe7, 0x3e, 0xa0, 0x9d, 0xa8, 0x57, 0xf8, 0x45, 0x88, 0x70, 0x89,
  0x70, 0xb1, 0x76, 0xb4, 0x76, 0xb2, 0x76, 0xc7, 0x6f, 0xb3, 0x76, 0xb6,
  0xa9, 0x92, 0x6c, 0xa0, 0xac, 0xe7, 0x3e, 0xc9, 0x8f, 0xe7, 0x3e, 0xca,
  0x39, 0xc9, 0x8f, 0xe7, 0x3e, 0xe7, 0x3e, 0xa6, 0x5e, 0xca, 0x39, 0xe2,
  0x36, 0xca, 0x39, 0x9e, 0xbf, 0xca, 0x39, 0xa3, 0x7b, 0xe2, 0x36, 0x93,
  0x96, 0xe2, 0x36, 0xe2, 0x36, 0xf6, 0x33, 0x93, 0x96, 0xca, 0x39, 0xbe,
  0x84, 0xf6, 0x33, 0xf6, 0x33, 0xda, 0x86, 0xd5, 0x71, 0xbe, 0x84, 0xbe,
  0x84, 0xda, 0x86, 0xda, 0x86, 0x93, 0x96, 0xae, 0x48, 0xa3, 0x81, 0xa3,
  0x7b, 0xa9, 0x57, 0xb9, 0x91, 0xa6, 0x5e, 0xb9, 0xab, 0xa6, 0x5e, 0x9d,
  0x46, 0xb9, 0x91, 0xaf, 0x55, 0x9d, 0x46, 0xaf, 0x55, 0xb9, 0xab, 0xaf,
  0x55, 0x88, 0x70, 0xb2, 0x52, 0x9d, 0x46, 0xc0, 0x79, 0xca, 0x39, 0xa3,
  0x7b, 0xca, 0x39, 0xca, 0x39, 0xb2, 0x52, 0xd5, 0x71, 0xc0, 0x79, 0xc0,
  0x79, 0xb2, 0x52, 0xd5, 0x71, 0xa9, 0x57, 0xb2, 0x52, 0x89, 0x70, 0xaf,
  0x55, 0xb4, 0x76, 0xca, 0x39, 0xc7, 0x6f, 0xb9, 0x91, 0xb6, 0xa9, 0xb9,
  0xab, 0xa9, 0x57, 0xd5, 0x71, 0x89, 0x70, 0x88, 0x70, 0xb4, 0x76, 0xb1,
  0x76, 0xc7, 0x6f, 0xb2, 0x76, 0xb6, 0xa9, 0xb3, 0x76, 0xca, 0x39, 0xbb,
  0x82, 0xf8, 0x45, 0xa8, 0x57, 0xa0, 0xac, 0x92, 0x6c, 0xe1, 0xa5, 0xae,
  0x48, 0xb0, 0x55, 0xe1, 0xa5, 0xb0, 0x55, 0xa9, 0x57, 0xb0, 0x55, 0xe1,
  0xa5, 0xb0, 0x55, 0xf8, 0x45, 0xa8, 0x57, 0xa0, 0xac, 0x92, 0x6c, 0x8b,
  0x46, 0xa0, 0x88, 0xae, 0x48, 0xbc, 0x9b, 0xb4, 0x76, 0xcc, 0x3c, 0xc0,
  0x50, 0xc7, 0x6f, 0xde, 0xa3, 0xca, 0x39, 0xc4, 0x6b, 0xc5, 0x6c, 0xde,
  0xa3, 0xa3, 0x7c, 0xc5, 0x6c, 0xc9, 0x3c, 0xde, 0xa3, 0xb5, 0x9d, 0xc9,
  0x3c, 0xd2, 0x32, 0xde, 0xa3, 0x8d, 0x96, 0xa3, 0x7c, 0xb5, 0x9d, 0xd2,
  0x32, 0x8d, 0x96, 0xa3, 0x7c, 0xc4, 0x6b, 0xc5, 0x6c, 0x8d, 0x96, 0xb5,
  0x9d, 0xc4, 0x6b, 0xc9, 0x3c, 0xc4, 0x6b, 0xd2, 0x32, 0x9f, 0xaa, 0xb6,
  0xa9, 0xc4, 0x6b, 0xcc, 0x3c, 0x9f, 0xaa, 0xc0, 0x50, 0x9f, 0xaa, 0xcc,
  0x3c, 0x89, 0x70, 0xc0, 0x50, 0xb6, 0xa9, 0x99, 0x46, 0xc0, 0x50, 0xcc,
  0x3c, 0xbd, 0x7c, 0xc0, 0x50, 0xc0, 0x50, 0xc0, 0x50, 0xa3, 0x81, 0xd4,
  0x5f, 0xa3, 0x81, 0xbd, 0x7c, 0x99, 0x46, 0xbd, 0x7c, 0x99, 0x46, 0x8a,
  0x40, 0xc0, 0x50, 0xd4, 0x5f, 0xc0, 0x50, 0xd4, 0x5f, 0xc0, 0x50, 0xd4,
  0x5f, 0xc0, 0x50, 0xb4, 0x52, 0xc2, 0xa5, 0xc0, 0x50, 0x82, 0x31, 0x8a,
  0x40, 0xe7, 0x79, 0x8a, 0x40, 0x8a, 0x40, 0x82, 0x31, 0xc0, 0x50, 0xc0,
  0x50, 0xc2, 0xa5, 0x93, 0xa2, 0xe7, 0x79, 0xe7, 0x79, 0xe8, 0x91, 0xc0,
  0x50, 0x82, 0x31, 0xb1, 0x55, 0xc7, 0x92, 0x93, 0xa2, 0xe8, 0x91, 0xc7,
  0x92, 0xb1, 0x55, 0xd8, 0xbd, 0x93, 0xa2, 0xc7, 0x92, 0xc7, 0x92, 0xe8,
  0x91, 0xe8, 0x91, 0xba, 0xa0, 0xe8, 0x91, 0xc7, 0x92, 0xb1, 0x55, 0xd8,
  0xbd, 0xd8, 0xbd, 0xba, 0xa0, 0xba, 0xa0, 0xb3, 0x52, 0xc0, 0x50, 0xa1,
  0x81, 0xe8, 0x91, 0xf9, 0xa4, 0xc8, 0x92, 0x93, 0xa2, 0xa1, 0x81, 0xc8,
  0x92, 0xf9, 0xa4, 0xda, 0xbd, 0x93, 0xa2, 0xc8, 0x92, 0xc8, 0x92, 0xa1,
  0x81, 0xa1, 0x81, 0xbb, 0xa0, 0xa1, 0x81, 0xc8, 0x92, 0xf9, 0xa4, 0xda,
  0xbd, 0xda, 0xbd, 0xbb, 0xa0, 0xbb, 0xa0, 0xb3, 0x52, 0xb1, 0x55, 0xf9,
  0xa4, 0xb3, 0x52, 0xb1, 0x55, 0xb4, 0x52, 0xb3, 0x52, 0xff, 0x3d, 0xc0,
  0x50, 0xac, 0xaf, 0xff, 0x3d, 0x85, 0x44, 0xc0, 0x50, 0x95, 0xbf, 0x85,
  0x44, 0x88, 0x44, 0xc0, 0x50, 0x83, 0x31, 0x8a, 0x40, 0xe9, 0x4e, 0x8a,
  0x40, 0x8a, 0x40, 0x83, 0x31, 0xc0, 0x50, 0xc0, 0x50, 0xf5, 0x42, 0xe9,
  0x4e, 0xa2, 0x5a, 0xa2, 0x5a, 0xf5, 0x42, 0xa2, 0x5a, 0xe9, 0x4e, 0xdd,
  0x94, 0xff, 0x3d, 0xcc, 0x3c, 0xd3, 0x8e, 0xc2, 0xa5, 0xad, 0x87, 0xf5,
  0x42, 0xe9, 0x4e, 0xd3, 0x8e, 0xcc, 0x73, 0xad, 0x87, 0xad, 0x87, 0xdd,
  0x94, 0x85, 0x44, 0xc0, 0x50, 0xc0, 0x50, 0x95, 0xbf, 0xac, 0xaf, 0x83,
  0x31, 0xa1, 0xae, 0x83, 0x31, 0xcc, 0x73, 0xc0, 0x50, 0xcc, 0x73, 0x88,
  0x44, 0x8d, 0x34, 0x88, 0x44, 0xb4, 0x4a, 0xa1, 0xae, 0x8d, 0x34, 0xb4,
  0x4a, 0x8d, 0x34, 0xa1, 0xae, 0x8d, 0x34, 0xb4, 0x4a, 0xa1, 0xae, 0xb3,
  0x5e, 0xc0, 0x50, 0xb4, 0x4a, 0xdd, 0x94, 0x99, 0x47, 0xb3, 0x5e, 0xb3,
  0x5e, 0xd4, 0x9c, 0xfb, 0x31, 0x99, 0x47, 0xd4, 0x9c, 0x95, 0xbf, 0xe0,
  0x3e, 0xb3, 0x5e, 0x99, 0x47, 0xfb, 0x31, 0xd4, 0x9c, 0x95, 0xb4, 0xe0,
  0x3e, 0xbb, 0x6d, 0xe0, 0x3e, 0xb8, 0x6f, 0xa2, 0x5a, 0xc0, 0x50, 0xc0,
  0x50, 0xd3, 0x8e, 0xb9, 0x6f, 0xa2, 0x5a, 0x95, 0xb4, 0xbb, 0x6d, 0xc0,
  0x50, 0xc0, 0x50, 0xd3, 0x8e, 0xc5, 0x79, 0xa2, 0x5a, 0x95, 0xb4, 0xbb,
  0x6d, 0xc0, 0x50, 0xc0, 0x50, 0xd3, 0x8e, 0xc6, 0x79, 0xa2, 0x5a, 0xbb,
  0x6d, 0x95, 0xb4, 0xc0, 0x50, 0xc0, 0x50, 0xd3, 0x8e, 0xc7, 0x79, 0xa2,
  0x5a, 0x95, 0xb4, 0xbb, 0x6d, 0xc0, 0x50, 0xc0, 0x50, 0xd3, 0x8e, 0xbe,
  0x6f, 0xb8, 0x6f, 0xb8, 0x6f, 0xfb, 0x31, 0xb9, 0x6f, 0xb9, 0x6f, 0xfb,
  0x31, 0xc5, 0x79, 0xc5, 0x79, 0xfb, 0x31, 0xc6, 0x79, 0xc6, 0x79, 0xfb,
  0x31, 0xc7, 0x79, 0xc7, 0x79, 0xfb, 0x31, 0xe9, 0x91, 0xac, 0xaf, 0x83,
  0x31, 0x82, 0x45, 0xe9, 0x91, 0xbe, 0x6f, 0x82, 0x45, 0xdb, 0xbd, 0xbe,
  0x6f, 0xbe, 0x6f, 0xbe, 0x6f, 0xe9, 0x91, 0xe9, 0x91, 0xbc, 0xa0, 0xe9,
  0x91, 0xbe, 0x6f, 0x82, 0x45, 0xdb, 0xbd, 0xdb, 0xbd, 0xbc, 0xa0, 0xbc,
  0xa0, 0xc2, 0x7a, 0xe9, 0x91, 0xfa, 0xa4, 0xc2, 0x7a, 0xbe, 0x6f, 0xfa,
  0xa4, 0xdc, 0xbd, 0xbe, 0x6f, 0xbe, 0x6f, 0xbe, 0x6f, 0xc2, 0x7a, 0xc2,
  0x7a, 0xbd, 0xa0, 0xc2, 0x7a, 0xbe, 0x6f, 0xfa, 0xa4, 0xdc, 0xbd, 0xdc,
  0xbd, 0xbd, 0xa0, 0xbd, 0xa0, 0xb4, 0x52, 0x82, 0x45, 0xfa, 0xa4, 0xe0,
  0xa2, 0x8a, 0x40, 0x8a, 0x40, 0xf0, 0x7f, 0xe0, 0xa2, 0xc0, 0x50, 0xc0,
  0x50, 0xc2, 0xa5, 0xb4, 0x52, 0xe0, 0xa2, 0xf0, 0x7f, 0xf0, 0x7f, 0xb4,
  0x52, 0xbc, 0x9b, 0xb4, 0x52, 0xbc, 0x9b, 0xec, 0x4e, 0xed, 0x5a, 0xa6,
  0x5e, 0xbc, 0x9b, 0xf3, 0x57, 0x8d, 0x6b, 0xd1, 0x37, 0xd0, 0x56, 0xbe,
  0x61, 0xa3, 0x7b, 0xe0, 0x96, 0xd0, 0x56, 0x88, 0xa3, 0xd0, 0x56, 0xd0,
  0x56, 0x89, 0xa3, 0xbe, 0x61, 0xbe, 0x61, 0x84, 0x40, 0x88, 0xa3, 0xde,
  0x3c, 0x88, 0xa3, 0x84, 0x40, 0xb4, 0x38, 0x89, 0xa3, 0x89, 0xa3, 0xde,
  0x3c, 0xc4, 0xaa, 0xd1, 0x37, 0x89, 0x3a, 0xe0, 0x96, 0xe0, 0x96, 0x84,
  0x40, 0xc4, 0xaa, 0xa7, 0xa4, 0xc4, 0xaa, 0xc4, 0xaa, 0xba, 0x3d, 0xba,
  0x3d, 0xa8, 0x57, 0xed, 0x53, 0xd6, 0x3e, 0xfc, 0x47, 0xaa, 0x57, 0xa7,
  0xa4, 0xfd, 0x65, 0xfd, 0x65, 0xd1, 0x37, 0xed, 0x53, 0xde, 0x3c, 0xb4,
  0x38, 0xaa, 0x57, 0x89, 0x3a, 0xed, 0x53, 0xed, 0x53, 0xed, 0x53, 0x89,
  0x3a, 0xd6, 0x3e, 0xfc, 0x47, 0xed, 0x53, 0xaa, 0x57, 0xc4, 0xaa, 0xfd,
  0x65, 0xba, 0x3d, 0xed, 0x53, 0xd6, 0x3e, 0xfc, 0x47, 0xba, 0x3d, 0xb7,
  0x93, 0xfc, 0x47, 0xf3, 0x57, 0xfc, 0x47, 0x8d, 0x6b, 0xbc, 0x9b, 0xd6,
  0x3e, 0xb7, 0x93, 0xb7, 0x93, 0xf3, 0x57, 0xa8, 0x57, 0x8d, 0x6b, 0xbc,
  0x9b, 0xec, 0x4e, 0xf3, 0x57, 0xed, 0x5a, 0x8d, 0x6b, 0xec, 0x4e, 0xa8,
  0x57, 0xed, 0x5a, 0xbc, 0x9b, 0xed, 0x5a, 0xf8, 0x45, 0xec, 0x4e, 0xa0,
  0xac, 0x92, 0x6c, 0x8b, 0x46, 0xec, 0x4e, 0xa0, 0x88, 0xed, 0x5a, 0x8b,
  0x46, 0xa8, 0x57, 0xa0, 0x88, 0xf3, 0x5e, 0xfc, 0xb6, 0xa3, 0x7b, 0xcb,
  0x72, 0xae, 0x48, 0x92, 0x58, 0xa3, 0x81, 0xf3, 0x5e, 0xf2, 0x3f, 0x92,
  0x58, 0xf7, 0x38, 0xc3, 0x5f, 0xf7, 0x38, 0x92, 0x58, 0x92, 0x58, 0xf2,
  0x3f, 0xf2, 0x3f, 0x81, 0x88, 0xa3, 0x7b, 0xf3, 0x5e, 0xf9, 0x33, 0x81,
  0x88, 0x81, 0x88, 0xf8, 0x45, 0x8b, 0x46, 0xa0, 0xac, 0x92, 0x6c, 0x97,
  0x85, 0xbb, 0x4c, 0xbb, 0x4c, 0xbb, 0x4c, 0xf9, 0x33, 0xf9, 0x33, 0x81,
  0x88, 0xc3, 0x5f, 0xc3, 0x5f, 0xcb, 0x72, 0xcc, 0x42, 0x9d, 0x69, 0xcc,
  0x42, 0xcc, 0x42, 0x9d, 0x69, 0xcc, 0x42, 0xcb, 0x72, 0x9d, 0x69, 0xcb,
  0x72, 0xcb, 0x72, 0x9d, 0x69, 0xeb, 0x75, 0xca, 0x39, 0xca, 0x39, 0x9e,
  0xbf, 0x9e, 0xbf, 0xa9, 0x57, 0xcb, 0x72, 0xa0, 0x88, 0xb6, 0x52, 0xd7,
  0xaa, 0xaa, 0x95, 0xb2, 0x55, 0xd7, 0xaa, 0xb2, 0x55, 0xb2, 0x55, 0xd7,
  0xaa, 0xb5, 0x52, 0xb2, 0x55, 0xb5, 0x52, 0x92, 0x6c, 0xee, 0x12, 0xaa,
  0x95, 0xb5, 0x52, 0x92, 0x6c, 0xb6, 0x52, 0xb5, 0x52, 0xb6, 0x52, 0x92,
  0x6c, 0xd0, 0x87, 0xb6, 0x52, 0xd0, 0x87, 0xae, 0x55, 0xd6, 0x7a, 0xd0,
  0x87, 0xd6, 0x7a, 0xd0, 0x87, 0xd6, 0x7a, 0xd0, 0x87, 0xd6, 0x7a, 0xd0,
  0x87, 0xe6, 0x6e, 0xd6, 0x7a, 0xd0, 0xab, 0xd6, 0x7a, 0xd0, 0xab, 0xe6,
  0x6e, 0xd0, 0xab, 0xe6, 0x6e, 0xd0, 0xab, 0xe6, 0x6e, 0xd0, 0xab, 0x91,
  0x7a, 0xfd, 0x96, 0xb2, 0x37, 0xfd, 0x96, 0xfd, 0x96, 0xfd, 0x96, 0xfd,
  0x96, 0xab, 0x8a, 0xb2, 0x37, 0xab, 0x8a, 0xbf, 0x7c, 0xb2, 0x37, 0xb2,
  0x37, 0xb2, 0x37, 0xa3, 0x81, 0xd5, 0x5f, 0xa3, 0x81, 0xbf, 0x7c, 0xb2,
  0x37, 0xbf, 0x7c, 0xb2, 0x37, 0xab, 0x8a, 0xb2, 0x37, 0xd5, 0x5f, 0xb2,
  0x37, 0xd5, 0x5f, 0xb2, 0x37, 0xd5, 0x5f, 0xb2, 0x37, 0xbf, 0xa0, 0xab,
  0x8a, 0xab, 0x8a, 0xd2, 0xc4, 0xbf, 0xa0, 0xb8, 0x34, 0xb8, 0x34, 0xd2,
  0xc4, 0xe6, 0x9a, 0xbf, 0xa0, 0xb8, 0x34, 0xe6, 0x9a, 0xb8, 0x34, 0xb8,
  0x34, 0x91, 0x7a, 0x8a, 0x49, 0xe6, 0x53, 0xd2, 0xc4, 0x8a, 0x49, 0xe6,
  0x9a, 0x8a, 0x49, 0x91, 0x7a, 0xe6, 0x53, 0xe6, 0x53, 0xe6, 0x53, 0x91,
  0x7a, 0x7d, 0x14, 0x00, 0x00, 0xb3, 0x00, 0x00, 0x00, 0x05, 0x00, 0x00,
  0x00, 0xb3, 0x00, 0x00, 0x00, 0x0c, 0x00, 0x00, 0x00, 0x32, 0x33, 0x02,
  0x34, 0x02, 0x3a, 0x07, 0x3b, 0x3c, 0x3d, 0x3e, 0x3f, 0x40, 0x41, 0x06,
  0x02, 0x42, 0x43, 0x22, 0x44, 0x02, 0x45, 0x07, 0x46, 0x06, 0x02, 0x47,
  0x07, 0x48, 0x49, 0x4a, 0x4b, 0x4c, 0x4d, 0x4e, 0x4f, 0x50, 0x51, 0x52,
  0x53, 0x54, 0x55, 0x56, 0x57, 0x58, 0x59, 0x5a, 0x5b, 0x5c, 0x5d, 0x5e,
  0x5f, 0x60, 0x61, 0x62, 0x63, 0x64, 0x65, 0x66, 0x67, 0x68, 0x69, 0x6a,
  0x6b, 0x6c, 0x6d, 0x6e, 0x6f, 0x70, 0x71, 0x72, 0x73, 0x74, 0x75, 0x76,
  0x77, 0x78, 0x79, 0x7a, 0x7b, 0x7c, 0x7d, 0x7e, 0x7f, 0x80, 0x81, 0x82,
  0x83, 0x84, 0x85, 0x86, 0x87, 0x88, 0x89, 0x8a, 0x8b, 0x8c, 0x8d, 0x8e,
  0x8f, 0x90, 0x91, 0x92, 0x93, 0x94, 0x95, 0x96, 0x97, 0x98, 0x99, 0x9a,
  0x9b, 0x9c, 0x9d, 0x9e, 0x9f, 0xa0, 0xa1, 0x06, 0x02, 0xa2, 0xa3, 0xa4,
  0x06, 0x02, 0xa5, 0xa6, 0xa7, 0xa8, 0xa9, 0xaa, 0xab, 0xd9, 0xda, 0xdb,
  0xdc, 0xdd, 0xde, 0x06, 0x02, 0x35, 0x07, 0xaf, 0xb0, 0xac, 0xad, 0xdf,
  0x06, 0x02, 0x38, 0x07, 0xe0, 0x06, 0x02, 0xf0, 0x07, 0xae, 0x36, 0xe1,
  0x14, 0xfe, 0xf0, 0x14, 0xfe, 0xf0, 0xfe, 0x00, 0xf0, 0xfe, 0xf0, 0xe2,
  0xfe, 0x00, 0xe3, 0xfe, 0x00, 0x37, 0x25, 0x02, 0x1d, 0x7a, 0x4c, 0x8d,
  0x8e, 0xef, 0x84, 0x8e, 0xc3, 0xef, 0x84, 0xef, 0x84, 0x8e, 0xc3, 0x8e,
  0xc3, 0x6e, 0x0e, 0x00, 0x00, 0xac, 0x00, 0x00, 0x00, 0x0e, 0x00, 0x00,
  0x00, 0xac, 0x00, 0x00, 0x00, 0x2c, 0x00, 0x00, 0x00, 0x32, 0x33, 0x02,
  0x34, 0x02, 0x47, 0x07, 0x48, 0x49, 0x4a, 0x4b, 0x4c, 0x4d, 0x4e, 0x4f,
  0x50, 0x51, 0x52, 0x53, 0x54, 0x55, 0x56, 0x57, 0x58, 0x59, 0x5a, 0x5b,
  0x5c, 0x5d, 0x5e, 0x5f, 0x60, 0x61, 0x62, 0x63, 0x64, 0x65, 0x66, 0x67,
  0x68, 0x69, 0x6a, 0x6b, 0x6c, 0x6d, 0x6e, 0x6f, 0x70, 0x71, 0x72, 0x73,
  0x74, 0x75, 0x76, 0x77, 0x78, 0x79, 0x7a, 0x7b, 0x7c, 0x7d, 0x7e, 0x7f,
  0x80, 0x81, 0x82, 0x83, 0x84, 0x85, 0x86, 0x87, 0x88, 0x89, 0x8a, 0x8b,
  0x8c, 0x8d, 0x8e, 0x8f, 0x90, 0x91, 0x92, 0x93, 0x94, 0x95, 0x96, 0x97,
  0x98, 0x99, 0x9a, 0x9b, 0x9c, 0x9d, 0x9e, 0x9f, 0xa0, 0xa1, 0x06, 0x02,
  0xa2, 0xa3, 0xa4, 0x06, 0x02, 0x35, 0x07, 0xf0, 0x06, 0x02, 0x38, 0x07,
  0xf2, 0x06, 0x02, 0xf2, 0x07, 0x36, 0x11, 0xfe, 0xf2, 0x11, 0xfe, 0xf0,
  0xfe, 0x00, 0xbf, 0xfe, 0xf1, 0xfe, 0x03, 0xfe, 0x05, 0xbf, 0xfe, 0x01,
  0xfe, 0xd0, 0xfe, 0x00, 0x11, 0xfe, 0xf2, 0x11, 0xfe, 0xf2, 0xbf, 0xfe,
  0xed, 0xfe, 0xf2, 0xfe, 0xf2, 0xfe, 0xd0, 0xfe, 0xf2, 0xfe, 0xd0, 0xfe,
  0xf2, 0xf2, 0xfe, 0x03, 0xfe, 0xf1, 0xfe, 0x03, 0xfe, 0xb1, 0x37, 0x25,
  0x02, 0x88, 0xa1, 0xa2, 0xa3, 0x8f, 0xc6, 0xa4, 0xa5, 0x49, 0xa6, 0x75,
  0xa7, 0xa8, 0x8e, 0xed, 0xc2, 0xe1, 0xa9, 0xed, 0xc2, 0xbc, 0x34, 0xed,
  0xc2, 0xe1, 0xa9, 0xb3, 0xb0, 0xbc, 0x34, 0xbc, 0x34, 0xb7, 0xb5, 0x95,
  0x45, 0xeb, 0xb1, 0xb3, 0xb0, 0xb3, 0xb0, 0xb7, 0xb5, 0xb7, 0xb5, 0x95,
  0x45, 0x95, 0x45, 0xed, 0xc2, 0xeb, 0xb1, 0xe1, 0xa9, 0xeb, 0xb1, 0x01,
  0x1a, 0x00, 0x00, 0x16, 0x01, 0x00, 0x00, 0x22, 0x00, 0x00, 0x00, 0x16,
  0x01, 0x00, 0x00, 0x50, 0x00, 0x00, 0x00, 0xb4, 0x02, 0x32, 0x33, 0x02,
  0x34, 0x02, 0xf0, 0xf0, 0xf0, 0x07, 0xf0, 0xf0, 0x25, 0x02, 0x3a, 0x07,
  0x3b, 0x3c, 0x3d, 0x3e, 0x3f, 0x40, 0x41, 0x06, 0x02, 0x42, 0x43, 0x22,
  0x44, 0x02, 0x45, 0x07, 0x46, 0x06, 0x02, 0xf0, 0xf0, 0x02, 0x47, 0x07,
  0x48, 0x49, 0x4a, 0x4b, 0x4c, 0x4d, 0x4e, 0x4f, 0x50, 0x51, 0x52, 0x53,
  0x54, 0x55, 0x56, 0x57, 0x58, 0x59, 0x5a, 0x5b, 0x5c, 0x5d, 0x5e, 0x5f,
  0x60, 0x61, 0x62, 0x63, 0x64, 0x65, 0x66, 0x67, 0x68, 0x69, 0x6a, 0x6b,
  0x6c, 0x6d, 0x6e, 0x6f, 0x70, 0x71, 0x72, 0x73, 0x74, 0x75, 0x76, 0x77,
  0x78, 0x79, 0x7a, 0x7b, 0x7c, 0x7d, 0x7e, 0x7f, 0x80, 0x81, 0x82, 0x83,
  0x84, 0x85, 0x86, 0x87, 0x88, 0x89, 0x8a, 0x8b, 0x8c, 0x8d, 0x8e, 0x8f,
  0x90, 0x91, 0x92, 0x93, 0x94, 0x95, 0x96, 0x97, 0x98, 0x99, 0x9a, 0x9b,
  0x9c, 0x9d, 0x9e, 0x9f, 0xa0, 0xa1, 0x06, 0x02, 0xa2, 0xa3, 0xa4, 0x06,
  0x02, 0xa5, 0xa6, 0xa7, 0xa8, 0xa9, 0xaa, 0xab, 0xd9, 0xda, 0xdb, 0xdc,
  0xdd, 0xde, 0x06, 0x02, 0x35, 0x07, 0xaf, 0xb0, 0xac, 0xad, 0xdf, 0xf0,
  0xf0, 0xf0, 0x06, 0x02, 0x38, 0x07, 0xe0, 0x06, 0x02, 0xf0, 0x07, 0xae,
  0x36, 0xe1, 0xb6, 0xfe, 0xf0, 0x14, 0xfe, 0xf0, 0xfe, 0xf0, 0xfe, 0xf0,
  0xfe, 0xf0, 0xfe, 0xf0, 0x14, 0xfe, 0xf0, 0xfe, 0x00, 0xf0, 0xfe, 0xf0,
  0xe2, 0xfe, 0x00, 0xb6, 0xfe, 0xf0, 0x11, 0xfe, 0xf0, 0x11, 0xfe, 0xf0,
  0xfe, 0x00, 0x11, 0xfe, 0xf0, 0xfe, 0x00, 0x11, 0xfe, 0x01, 0xfe, 0xbb,
  0xfe, 0x05, 0x11, 0xfe, 0x01, 0xfe, 0xf0, 0x11, 0xfe, 0x1f, 0xfe, 0xbe,
  0xfe, 0xf0, 0xfe, 0x24, 0xfe, 0x1d, 0xfe, 0x05, 0x14, 0xfe, 0x01, 0xfe,
  0x00, 0x1a, 0xfe, 0x26, 0xfe, 0x00, 0xf0, 0xfe, 0xf0, 0xfe, 0x1d, 0xfe,
  0x05, 0xf0, 0xfe, 0xf0, 0xfe, 0xbb, 0xfe, 0xf0, 0xfe, 0x1e, 0xe3, 0xfe,
  0x00, 0xf0, 0xfe, 0x00, 0xf0, 0xf0, 0x37, 0x25, 0x02, 0x0b, 0x0c, 0x0d,
  0x0e, 0x0f, 0x1e, 0x1f, 0x20, 0x21, 0x22, 0x1d, 0x23, 0x1c, 0x6d, 0x6e,
  0x6f, 0x4d, 0x4e, 0x8d, 0x8e, 0x24, 0x25, 0x26, 0x27, 0x28, 0x29, 0x2a,
  0x2b, 0x2c, 0x2d, 0x2e, 0x2f, 0x30, 0x31, 0xc6, 0x60, 0xed, 0x95, 0xc6,
  0x60, 0xc6, 0x60, 0xc6, 0x60, 0xc6, 0x60, 0x8e, 0xc3, 0xed, 0x95, 0xed,
  0x95, 0x8e, 0xc3, 0xbb, 0x57, 0xc6, 0x6e, 0xa5, 0x92, 0xc6, 0x6e, 0xd6,
  0x4a, 0xc6, 0x6e, 0x8c, 0xb3, 0xa5, 0x92, 0xbb, 0x57, 0x92, 0xb8, 0x8e,
  0xc3, 0xeb, 0xa0, 0x8e, 0xc3, 0xd6, 0x4a, 0xd6, 0x4a, 0x8c, 0xb3, 0x92,
  0xb8, 0x8a, 0x6c, 0x8e, 0xc3, 0x8a, 0x6c, 0xeb, 0xa0, 0xeb, 0xa0, 0x8c,
  0xb3, 0x92, 0xb8, 0xeb, 0xa0, 0xa5, 0x92, 0xbb, 0x57, 0x92, 0xb8, 0x8a,
  0x6c, 0xc6, 0x60, 0x77, 0x27, 0x00, 0x00, 0x32, 0x02, 0x00, 0x00, 0x33,
  0x00, 0x00, 0x00, 0x32, 0x02, 0x00, 0x00, 0x1b, 0x01, 0x00, 0x00, 0xb4,
  0x02, 0x32, 0x33, 0x02, 0x34, 0x02, 0xf0, 0xf0, 0xf0, 0x07, 0xf0, 0xf0,
  0x25, 0x02, 0x3a, 0x07, 0x3b, 0x3c, 0x3d, 0x3e, 0x3f, 0x40, 0x41, 0x06,
  0x02, 0x42, 0x43, 0x22, 0x44, 0x02, 0x45, 0x07, 0x46, 0x06, 0x02, 0x47,
  0x07, 0x48, 0x49, 0x4a, 0x4b, 0x4c, 0x4d, 0x4e, 0x4f, 0x50, 0x51, 0x52,
  0x53, 0x54, 0x55, 0x56, 0x57, 0x58, 0x59, 0x5a, 0x5b, 0x5c, 0x5d, 0x5e,
  0x5f, 0x60, 0x61, 0x62, 0x63, 0x64, 0x65, 0x66, 0x67, 0x68, 0x69, 0x6a,
  0x6b, 0x6c, 0x6d, 0x6e, 0x6f, 0x70, 0x71, 0x72, 0x73, 0x74, 0x75, 0x76,
  0x77, 0x78, 0x79, 0x7a, 0x7b, 0x7c, 0x7d, 0x7e, 0x7f, 0x80, 0x81, 0x82,
  0x83, 0x84, 0x85, 0x86, 0x87, 0x88, 0x89, 0x8a, 0x8b, 0x8c, 0x8d, 0x8e,
  0x8f, 0x90, 0x91, 0x92, 0x93, 0x94, 0x95, 0x96, 0x97, 0x98, 0x99, 0x9a,
  0x9b, 0x9c, 0x9d, 0x9e, 0x9f, 0xa0, 0xa1, 0x06, 0x02, 0xf0, 0x07, 0xf0,
  0xf0, 0xf0, 0x06, 0x02, 0xf0, 0x07, 0xf0, 0x06, 0x02, 0xf0, 0x07, 0xf0,
  0x06, 0x02, 0xf0, 0x07, 0xf0, 0x06, 0x02, 0xb9, 0xfe, 0x21, 0x02, 0xa2,
  0xa3, 0xa4, 0x06, 0x02, 0xa5, 0xa6, 0xa7, 0xa8, 0xa9, 0xaa, 0xab, 0xd9,
  0xda, 0xdb, 0xdc, 0xdd, 0xde, 0x06, 0x02, 0x35, 0x07, 0xaf, 0xb0, 0xac,
  0xad, 0xdf, 0x06, 0x02, 0x38, 0x07, 0xe0, 0xf0, 0xf0, 0x06, 0x02, 0xf0,
  0x07, 0xae, 0xf0, 0x36, 0xe1, 0x14, 0xfe, 0x00, 0xf0, 0x0c, 0x2a, 0xfe,
  0xea, 0xd6, 0xfe, 0x00, 0x2f, 0xfe, 0x00, 0x0b, 0xfe, 0xeb, 0xfe, 0xec,
  0xfe, 0xed, 0x0b, 0xfe, 0xe4, 0xd6, 0xfe, 0x00, 0x2f, 0xfe, 0x00, 0xbc,
  0xfe, 0xbd, 0xfe, 0xf0, 0xfe, 0x01, 0xfe, 0x03, 0xfe, 0x01, 0xfe, 0x03,
  0xfe, 0x39, 0x0d, 0xee, 0xfe, 0xef, 0x08, 0xf0, 0xfe, 0x01, 0xfe, 0x00,
  0x04, 0xfe, 0x28, 0xfe, 0x00, 0x04, 0xfe, 0x01, 0xfe, 0x00, 0x04, 0xfe,
  0x01, 0xfe, 0xf0, 0xfe, 0xf0, 0xfe, 0xf0, 0xfe, 0xf0, 0x09, 0x18, 0x08,
  0x04, 0xfe, 0x01, 0xfe, 0x00, 0x04, 0xfe, 0x01, 0xfe, 0x00, 0x09, 0x10,
  0x0b, 0xfe, 0x01, 0xfe, 0x00, 0x0e, 0x20, 0x0c, 0x0b, 0xfe, 0xe4, 0x0e,
  0x14, 0xfe, 0x00, 0xf0, 0x0c, 0x17, 0xfe, 0x00, 0x30, 0x0d, 0xf0, 0x08,
  0xd5, 0xfe, 0xe5, 0xd5, 0xfe, 0xe6, 0xd5, 0xfe, 0xe7, 0xd5, 0xfe, 0xf0,
  0x04, 0xfe, 0xb5, 0xfe, 0xd0, 0xfe, 0xd1, 0xfe, 0xd2, 0xfe, 0xd3, 0xfe,
  0xd4, 0xfe, 0x1b, 0xfe, 0xe8, 0xfe, 0xd0, 0xfe, 0xd1, 0xfe, 0xd2, 0xfe,
  0xd3, 0xfe, 0xd4, 0xfe, 0x1b, 0xfe, 0xe9, 0xfe, 0xd0, 0xfe, 0xd1, 0xfe,
  0xd2, 0xfe, 0xd3, 0xfe, 0xd4, 0xfe, 0x1b, 0xfe, 0xf0, 0xfe, 0xd0, 0xfe,
  0xd1, 0xfe, 0xd2, 0xfe, 0xd3, 0xfe, 0xd4, 0xfe, 0x1b, 0xfe, 0xf0, 0x29,
  0x09, 0xd7, 0xfe, 0xe5, 0xd7, 0xfe, 0xe6, 0xd7, 0xfe, 0xe7, 0x23, 0xfe,
  0xf0, 0x23, 0xfe, 0x01, 0xfe, 0xf0, 0x0f, 0xfe, 0x00, 0x0a, 0xfe, 0xf0,
  0xfe, 0xd0, 0xfe, 0xd1, 0xfe, 0xd2, 0xfe, 0xd3, 0xfe, 0xd4, 0xfe, 0x1b,
  0xfe, 0xe8, 0xfe, 0xd0, 0xfe, 0xd1, 0xfe, 0xd2, 0xfe, 0xd3, 0xfe, 0xd4,
  0xfe, 0x1b, 0xfe, 0xe9, 0xfe, 0xd0, 0xfe, 0xd1, 0xfe, 0xd2, 0xfe, 0xd3,
  0xfe, 0xd4, 0xfe, 0x1b, 0xfe, 0xf0, 0xf0, 0xfe, 0x01, 0xfe, 0x2c, 0xfe,
  0x2d, 0xfe, 0xf0, 0x08, 0xb3, 0xfe, 0xf0, 0xfe, 0xf0, 0xfe, 0xf0, 0xd5,
  0xfe, 0xf0, 0xfe, 0xf0, 0x04, 0xfe, 0xf0, 0xfe, 0xd0, 0xfe, 0xd1, 0xfe,
  0xd2, 0xfe, 0xd3, 0xfe, 0xd4, 0xfe, 0x1b, 0xfe, 0xf0, 0xfe, 0xb1, 0x04,
  0xfe, 0xb2, 0x2e, 0x09, 0x0a, 0xfe, 0x01, 0xfe, 0x00, 0x19, 0x31, 0x2f,
  0xfe, 0x00, 0x0b, 0xfe, 0x26, 0xfe, 0x15, 0x0b, 0xfe, 0x2b, 0xfe, 0x16,
  0x0b, 0xfe, 0x28, 0xfe, 0x1c, 0x0b, 0xfe, 0x01, 0xfe, 0x00, 0x0e, 0x20,
  0x0c, 0x0b, 0xfe, 0x01, 0xfe, 0x00, 0x0e, 0x14, 0xfe, 0xf0, 0xfe, 0xf0,
  0xfe, 0xf0, 0xfe, 0xf0, 0x14, 0xfe, 0xf0, 0xfe, 0x00, 0xf0, 0xfe, 0xf0,
  0xe2, 0xfe, 0x00, 0xe3, 0xfe, 0x00, 0x37, 0x25, 0x02, 0x0b, 0x0c, 0x0d,
  0x0e, 0x0f, 0x32, 0x33, 0x34, 0x35, 0x36, 0x37, 0x38, 0x39, 0x3a, 0x3b,
  0x3c, 0x3d, 0x3e, 0x3f, 0x70, 0x4f, 0x00, 0x40, 0x01, 0x41, 0x02, 0x91,
  0x03, 0x42, 0x43, 0x44, 0x04, 0x05, 0x45, 0x46, 0x06, 0x07, 0x08, 0x09,
  0x0a, 0x47, 0x48, 0x49, 0x4a, 0x7b, 0x71, 0x72, 0x7c, 0x4c, 0x8d, 0x8e,
  0x02, 0xbf, 0x8a, 0xa2, 0x97, 0xa7, 0x57, 0xfc, 0x65, 0xa7, 0x57, 0xa2,
  0x97, 0xa2, 0x97, 0xfc, 0x65, 0xf3, 0x57, 0x8d, 0x6b, 0xb9, 0x3d, 0xb9,
  0x3d, 0xa7, 0x57, 0xf3, 0x57, 0xfc, 0x65, 0x8d, 0x6b, 0xb9, 0x3d, 0xb9,
  0x3d, 0xa3, 0x66, 0xa7, 0x57, 0xa3, 0x66, 0xb9, 0x3d, 0xf3, 0x57, 0xa3,
  0x66, 0x8d, 0x6b, 0xfc, 0x65, 0xa3, 0x66, 0xa3, 0x66, 0xb9, 0x3d, 0xf3,
  0x57, 0xa7, 0x57, 0x8d, 0x6b, 0xfc, 0x65, 0xbf, 0x8a, 0xfc, 0x65, 0xbf,
  0x8a, 0xd0, 0x87, 0xe3, 0x87, 0xcb, 0x6c, 0xd2, 0x75, 0xd3, 0x75, 0xd4,
  0x75, 0xe3, 0x87, 0xcb, 0x6c, 0xbf, 0x8a, 0xcb, 0x6c, 0xbf, 0x8a, 0xcb,
  0x6c, 0xbf, 0x8a, 0xcb, 0x6c, 0xd2, 0x75, 0xbf, 0x8a, 0xd2, 0x75, 0xbf,
  0x8a, 0xd2, 0x75, 0xbf, 0x8a, 0xd2, 0x75, 0xd3, 0x75, 0xbf, 0x8a, 0xd3,
  0x75, 0xbf, 0x8a, 0xd3, 0x75, 0xbf, 0x8a, 0xd3, 0x75, 0xd4, 0x75, 0xbf,
  0x8a, 0xd4, 0x75, 0xbf, 0x8a, 0xd4, 0x75, 0xbf, 0x8a, 0xd4, 0x75, 0xcc,
  0x6c, 0xd5, 0x75, 0xd6, 0x75, 0xe9, 0x38, 0xaa, 0xab, 0xe9, 0x38, 0x88,
  0x4d, 0x88, 0x4d, 0xcc, 0x6c, 0xbf, 0x8a, 0xcc, 0x6c, 0xbf, 0x8a, 0xcc,
  0x6c, 0xbf, 0x8a, 0xcc, 0x6c, 0xd5, 0x75, 0xbf, 0x8a, 0xd5, 0x75, 0xbf,
  0x8a, 0xd5, 0x75, 0xbf, 0x8a, 0xd5, 0x75, 0xd6, 0x75, 0xbf, 0x8a, 0xd6,
  0x75, 0xbf, 0x8a, 0xd6, 0x75, 0xbf, 0x8a, 0xd6, 0x75, 0xf6, 0x6a, 0xe9,
  0x38, 0xf6, 0x6a, 0xaa, 0xab, 0xc1, 0xc2, 0xf6, 0x6a, 0xf6, 0x6a, 0xd7,
  0x75, 0xc1, 0xc2, 0x88, 0x4d, 0xd7, 0x75, 0xbf, 0x8a, 0xd7, 0x75, 0xbf,
  0x8a, 0xd7, 0x75, 0xbf, 0x8a, 0xd7, 0x75, 0xc1, 0xc2, 0xf6, 0x6a, 0xe3,
  0x87, 0x88, 0x4d, 0xdf, 0xab, 0xdf, 0xab, 0xe3, 0x87, 0xdf, 0xab, 0xe3,
  0x87, 0xdf, 0xab, 0xe3, 0x87, 0xd0, 0x87, 0xdf, 0xab, 0xd0, 0x87, 0xbf,
  0x8a, 0xef, 0x84, 0xd0, 0x87, 0xd0, 0x87, 0xd0, 0x87, 0x8e, 0xc3, 0xef,
  0x84, 0xef, 0x84, 0x8e, 0xc3, 0x8e, 0xc3, 0x92, 0x2b, 0x00, 0x00, 0x91,
  0x02, 0x00, 0x00, 0x4e, 0x00, 0x00, 0x00, 0x91, 0x02, 0x00, 0x00, 0x65,
  0x01, 0x00, 0x00, 0xb4, 0x02, 0x32, 0x33, 0x02, 0x34, 0x02, 0xf0, 0xf0,
  0xf0, 0x07, 0xf0, 0xf0, 0x25, 0x02, 0x3a, 0x07, 0x3b, 0x3c, 0x3d, 0x3e,
  0x3f, 0x40, 0x41, 0x06, 0x02, 0x42, 0x43, 0x22, 0x44, 0x02, 0x45, 0x07,
  0x46, 0x06, 0x02, 0xf0, 0xf0, 0x02, 0x47, 0x07, 0x48, 0x49, 0x4a, 0x4b,
  0x4c, 0x4d, 0x4e, 0x4f, 0x50, 0x51, 0x52, 0x53, 0x54, 0x55, 0x56, 0x57,
  0x58, 0x59, 0x5a, 0x5b, 0x5c, 0x5d, 0x5e, 0x5f, 0x60, 0x61, 0x62, 0x63,
  0x64, 0x65, 0x66, 0x67, 0x68, 0x69, 0x6a, 0x6b, 0x6c, 0x6d, 0x6e, 0x6f,
  0x70, 0x71, 0x72, 0x73, 0x74, 0x75, 0x76, 0x77, 0x78, 0x79, 0x7a, 0x7b,
  0x7c, 0x7d, 0x7e, 0x7f, 0x80, 0x81, 0x82, 0x83, 0x84, 0x85, 0x86, 0x87,
  0x88, 0x89, 0x8a, 0x8b, 0x8c, 0x8d, 0x8e, 0x8f, 0x90, 0x91, 0x92, 0x93,
  0x94, 0x95, 0x96, 0x97, 0x98, 0x99, 0x9a, 0x9b, 0x9c, 0x9d, 0x9e, 0x9f,
  0xa0, 0xa1, 0x06, 0x02, 0xf0, 0x07, 0xf0, 0xf0, 0xf0, 0x06, 0x02, 0xf0,
  0x07, 0xf0, 0x06, 0x02, 0xf0, 0x07, 0xf0, 0x06, 0x02, 0xf0, 0x07, 0xf0,
  0x06, 0x02, 0xb9, 0xfe, 0x21, 0x02, 0xa2, 0xa3, 0xa4, 0x06, 0x02, 0xa5,
  0xa6, 0xa7, 0xa8, 0xa9, 0xaa, 0xab, 0xd9, 0xda, 0xdb, 0xdc, 0xdd, 0xde,
  0x06, 0x02, 0x35, 0x07, 0xaf, 0xb0, 0xac, 0xad, 0xdf, 0xf0, 0xf0, 0xf0,
  0x06, 0x02, 0x38, 0x07, 0xe0, 0xf0, 0xf0, 0x06, 0x02, 0xf0, 0x07, 0xae,
  0xf0, 0x36, 0xe1, 0xb6, 0xfe, 0xf0, 0x14, 0xfe, 0x00, 0xf0, 0xfe, 0xf0,
  0x0c, 0x2a, 0xfe, 0xea, 0xd6, 0xfe, 0x00, 0x2f, 0xfe, 0x00, 0x0b, 0xfe,
  0xeb, 0xfe, 0xec, 0xfe, 0xed, 0x0b, 0xfe, 0xe4, 0xd6, 0xfe, 0x00, 0x2f,
  0xfe, 0x00, 0xbc, 0xfe, 0xbd, 0xfe, 0xf0, 0xfe, 0xf0, 0xfe, 0x01, 0xfe,
  0x03, 0xfe, 0x01, 0xfe, 0x03, 0xfe, 0x39, 0x0d, 0xee, 0xfe, 0xef, 0x08,
  0xf0, 0xfe, 0x01, 0xfe, 0x00, 0x04, 0xfe, 0x28, 0xfe, 0x00, 0x04, 0xfe,
  0x01, 0xfe, 0x00, 0x04, 0xfe, 0x01, 0xfe, 0xf0, 0xfe, 0xf0, 0xfe, 0xf0,
  0xfe, 0xf0, 0x09, 0x18, 0x08, 0x04, 0xfe, 0x01, 0xfe, 0x00, 0x04, 0xfe,
  0x01, 0xfe, 0x00, 0x09, 0x10, 0x0b, 0xfe, 0x01, 0xfe, 0x00, 0x0e, 0x20,
  0x0c, 0x0b, 0xfe, 0xe4, 0x0e, 0x14, 0xfe, 0x00, 0xf0, 0xfe, 0xf0, 0x0c,
  0x17, 0xfe, 0x00, 0x30, 0x0d, 0xf0, 0x08, 0xd5, 0xfe, 0xe5, 0xd5, 0xfe,
  0xe6, 0xd5, 0xfe, 0xe7, 0xd5, 0xfe, 0xf0, 0x04, 0xfe, 0xb5, 0xfe, 0xd0,
  0xfe, 0xd1, 0xfe, 0xd2, 0xfe, 0xd3, 0xfe, 0xd4, 0xfe, 0x1b, 0xfe, 0xe8,
  0xfe, 0xd0, 0xfe, 0xd1, 0xfe, 0xd2, 0xfe, 0xd3, 0xfe, 0xd4, 0xfe, 0x1b,
  0xfe, 0xe9, 0xfe, 0xd0, 0xfe, 0xd1, 0xfe, 0xd2, 0xfe, 0xd3, 0xfe, 0xd4,
  0xfe, 0x1b, 0xfe, 0xf0, 0xfe, 0xd0, 0xfe, 0xd1, 0xfe, 0xd2, 0xfe, 0xd3,
  0xfe, 0xd4, 0xfe, 0x1b, 0xfe, 0xf0, 0x29, 0x09, 0xd7, 0xfe, 0xe5, 0xd7,
  0xfe, 0xe6, 0xd7, 0xfe, 0xe7, 0x23, 0xfe, 0xf0, 0x23, 0xfe, 0x01, 0xfe,
  0xf0, 0x0f, 0xfe, 0x00, 0x0a, 0xfe, 0xf0, 0xfe, 0xd0, 0xfe, 0xd1, 0xfe,
  0xd2, 0xfe, 0xd3, 0xfe, 0xd4, 0xfe, 0x1b, 0xfe, 0xe8, 0xfe, 0xd0, 0xfe,
  0xd1, 0xfe, 0xd2, 0xfe, 0xd3, 0xfe, 0xd4, 0xfe, 0x1b, 0xfe, 0xe9, 0xfe,
  0xd0, 0xfe, 0xd1, 0xfe, 0xd2, 0xfe, 0xd3, 0xfe, 0xd4, 0xfe, 0x1b, 0xfe,
  0xf0, 0xf0, 0xfe, 0x01, 0xfe, 0x2c, 0xfe, 0x2d, 0xfe, 0xf0, 0x08, 0xb3,
  0xfe, 0xf0, 0xfe, 0xf0, 0xfe, 0xf0, 0xd5, 0xfe, 0xf0, 0xfe, 0xf0, 0x04,
  0xfe, 0xf0, 0xfe, 0xd0, 0xfe, 0xd1, 0xfe, 0xd2, 0xfe, 0xd3, 0xfe, 0xd4,
  0xfe, 0x1b, 0xfe, 0xf0, 0xfe, 0xb1, 0x04, 0xfe, 0xb2, 0x2e, 0x09, 0x0a,
  0xfe, 0x01, 0xfe, 0x00, 0x19, 0x31, 0x2f, 0xfe, 0x00, 0x0b, 0xfe, 0x26,
  0xfe, 0x15, 0x0b, 0xfe, 0x2b, 0xfe, 0x16, 0x0b, 0xfe, 0x28, 0xfe, 0x1c,
  0x0b, 0xfe, 0x01, 0xfe, 0x00, 0x0e, 0x20, 0x0c, 0x0b, 0xfe, 0x01, 0xfe,
  0x00, 0x0e, 0x14, 0xfe, 0xf0, 0xfe, 0xf0, 0xfe, 0xf0, 0xfe, 0xf0, 0xfe,
  0xf0, 0xfe, 0xf0, 0xfe, 0xf0, 0xfe, 0xf0, 0x14, 0xfe, 0xf0, 0xfe, 0x00,
  0xf0, 0xfe, 0xf0, 0xe2, 0xfe, 0x00, 0xb6, 0xfe, 0xf0, 0x11, 0xfe, 0xf0,
  0x11, 0xfe, 0xf0, 0xfe, 0x00, 0x11, 0xfe, 0xf0, 0xfe, 0x00, 0x11, 0xfe,
  0x01, 0xfe, 0xbb, 0xfe, 0x05, 0x11, 0xfe, 0x01, 0xfe, 0xf0, 0x11, 0xfe,
  0x1f, 0xfe, 0xbe, 0xfe, 0xf0, 0xfe, 0x24, 0xfe, 0x1d, 0xfe, 0x05, 0x14,
  0xfe, 0x01, 0xfe, 0x00, 0x1a, 0xfe, 0x26, 0xfe, 0x00, 0xf0, 0xfe, 0xf0,
  0xfe, 0x1d, 0xfe, 0x05, 0xf0, 0xfe, 0xf0, 0xfe, 0xbb, 0xfe, 0xf0, 0xfe,
  0x1e, 0xe3, 0xfe, 0x00, 0xf0, 0xfe, 0x00, 0xf0, 0xf0, 0x37, 0x25, 0x02,
  0x0b, 0x0c, 0x0d, 0x0e, 0x0f, 0x1e, 0x1f, 0x32, 0x33, 0x34, 0x35, 0x36,
  0x37, 0x38, 0x39, 0x3a, 0x3b, 0x20, 0x21, 0x22, 0x3c, 0x3d, 0x3e, 0x3f,
  0x23, 0x4b, 0x73, 0x50, 0x51, 0x00, 0x40, 0x01, 0x41, 0x02, 0x4b, 0x92,
  0x03, 0x42, 0x43, 0x44, 0x04, 0x05, 0x45, 0x46, 0x06, 0x07, 0x08, 0x09,
  0x0a, 0x47, 0x48, 0x49, 0x4a, 0x1c, 0x74, 0x75, 0x76, 0x77, 0x78, 0x79,
  0x4d, 0x4e, 0x8d, 0x8e, 0x24, 0x25, 0x26, 0x27, 0x28, 0x29, 0x2a, 0x2b,
  0x2c, 0x2d, 0x2e, 0x2f, 0x30, 0x31, 0x02, 0xc6, 0x60, 0xbf, 0x8a, 0xc6,
  0x60, 0xa2, 0x97, 0xa7, 0x57, 0xfc, 0x65, 0xa7, 0x57, 0xa2, 0x97, 0xa2,
  0x97, 0xfc, 0x65, 0xf3, 0x57, 0x8d, 0x6b, 0xb9, 0x3d, 0xb9, 0x3d, 0xc6,
  0x60, 0xa7, 0x57, 0xf3, 0x57, 0xfc, 0x65, 0x8d, 0x6b, 0xb9, 0x3d, 0xb9,
  0x3d, 0xa3, 0x66, 0xa7, 0x57, 0xa3, 0x66, 0xb9, 0x3d, 0xf3, 0x57, 0xa3,
  0x66, 0x8d, 0x6b, 0xfc, 0x65, 0xa3, 0x66, 0xa3, 0x66, 0xb9, 0x3d, 0xf3,
  0x57, 0xa7, 0x57, 0x8d, 0x6b, 0xfc, 0x65, 0xbf, 0x8a, 0xfc, 0x65, 0xbf,
  0x8a, 0xd0, 0x87, 0xc6, 0x60, 0xe3, 0x87, 0xcb, 0x6c, 0xd2, 0x75, 0xd3,
  0x75, 0xd4, 0x75, 0xe3, 0x87, 0xcb, 0x6c, 0xbf, 0x8a, 0xcb, 0x6c, 0xbf,
  0x8a, 0xcb, 0x6c, 0xbf, 0x8a, 0xcb, 0x6c, 0xd2, 0x75, 0xbf, 0x8a, 0xd2,
  0x75, 0xbf, 0x8a, 0xd2, 0x75, 0xbf, 0x8a, 0xd2, 0x75, 0xd3, 0x75, 0xbf,
  0x8a, 0xd3, 0x75, 0xbf, 0x8a, 0xd3, 0x75, 0xbf, 0x8a, 0xd3, 0x75, 0xd4,
  0x75, 0xbf, 0x8a, 0xd4, 0x75, 0xbf, 0x8a, 0xd4, 0x75, 0xbf, 0x8a, 0xd4,
  0x75, 0xcc, 0x6c, 0xd5, 0x75, 0xd6, 0x75, 0xe9, 0x38, 0xaa, 0xab, 0xe9,
  0x38, 0x88, 0x4d, 0x88, 0x4d, 0xcc, 0x6c, 0xbf, 0x8a, 0xcc, 0x6c, 0xbf,
  0x8a, 0xcc, 0x6c, 0xbf, 0x8a, 0xcc, 0x6c, 0xd5, 0x75, 0xbf, 0x8a, 0xd5,
  0x75, 0xbf, 0x8a, 0xd5, 0x75, 0xbf, 0x8a, 0xd5, 0x75, 0xd6, 0x75, 0xbf,
  0x8a, 0xd6, 0x75, 0xbf, 0x8a, 0xd6, 0x75, 0xbf, 0x8a, 0xd6, 0x75, 0xf6,
  0x6a, 0xe9, 0x38, 0xf6, 0x6a, 0xaa, 0xab, 0xc1, 0xc2, 0xf6, 0x6a, 0xf6,
  0x6a, 0xd7, 0x75, 0xc1, 0xc2, 0x88, 0x4d, 0xd7, 0x75, 0xbf, 0x8a, 0xd7,
  0x75, 0xbf, 0x8a, 0xd7, 0x75, 0xbf, 0x8a, 0xd7, 0x75, 0xc1, 0xc2, 0xf6,
  0x6a, 0xe3, 0x87, 0x88, 0x4d, 0xdf, 0xab, 0xdf, 0xab, 0xe3, 0x87, 0xdf,
  0xab, 0xe3, 0x87, 0xdf, 0xab, 0xe3, 0x87, 0xd0, 0x87, 0xdf, 0xab, 0xd0,
  0x87, 0xbf, 0x8a, 0xed, 0x95, 0xc6, 0x60, 0xd0, 0x87, 0xc6, 0x60, 0xd0,
  0x87, 0xc6, 0x60, 0xd0, 0x87, 0xc6, 0x60, 0x8e, 0xc3, 0xed, 0x95, 0xed,
  0x95, 0x8e, 0xc3, 0xbb, 0x57, 0xc6, 0x6e, 0xa5, 0x92, 0xc6, 0x6e, 0xd6,
  0x4a, 0xc6, 0x6e, 0x8c, 0xb3, 0xa5, 0x92, 0xbb, 0x57, 0x92, 0xb8, 0x8e,
  0xc3, 0xeb, 0xa0, 0x8e, 0xc3, 0xd6, 0x4a, 0xd6, 0x4a, 0x8c, 0xb3, 0x92,
  0xb8, 0x8a, 0x6c, 0x8e, 0xc3, 0x8a, 0x6c, 0xeb, 0xa0, 0xeb, 0xa0, 0x8c,
  0xb3, 0x92, 0xb8, 0xeb, 0xa0, 0xa5, 0x92, 0xbb, 0x57, 0x92, 0xb8, 0x8a,
  0x6c, 0xc6, 0x60, 0xa6, 0xba, 0x00, 0x00, 0xc0, 0x0b, 0x00, 0x00, 0xe3,
  0x02, 0x00, 0x00, 0xc0, 0x0b, 0x00, 0x00, 0x00, 0x08, 0x00, 0x00, 0xb4,
  0xf0, 0x02, 0x32, 0x33, 0x02, 0x34, 0x02, 0xf0, 0xf0, 0x07, 0xf0, 0xf0,
  0xf0, 0x0c, 0xe1, 0x0e, 0xf0, 0x0c, 0xe1, 0x0e, 0xf0, 0xf0, 0x0c, 0xe1,
  0x0e, 0xf0, 0x0c, 0xe1, 0x0e, 0xf0, 0xf0, 0x0c, 0xe1, 0x0e, 0xf0, 0xf0,
  0x0c, 0xe1, 0x0e, 0xf0, 0x0c, 0xe1, 0x0e, 0x06, 0x02, 0x3a, 0x07, 0x3b,
  0x3c, 0x3d, 0x3e, 0x3f, 0x40, 0x41, 0x06, 0x02, 0x42, 0x43, 0x22, 0x44,
  0x02, 0x45, 0x07, 0x46, 0x06, 0x02, 0x47, 0x07, 0x48, 0x49, 0x4a, 0x4b,
  0x4c, 0x4d, 0x4e, 0x4f, 0x50, 0x51, 0x52, 0x53, 0x54, 0x55, 0x56, 0x57,
  0x58, 0x59, 0x5a, 0x5b, 0x5c, 0x5d, 0x5e, 0x5f, 0x60, 0x61, 0x62, 0x63,
  0x64, 0x65, 0x66, 0x67, 0x68, 0x69, 0x6a, 0x6b, 0x6c, 0x6d, 0x6e, 0x6f,
  0x70, 0x71, 0x72, 0x73, 0x74, 0x75, 0x76, 0x77, 0x78, 0x79, 0x7a, 0x7b,
  0x7c, 0x7d, 0x7e, 0x7f, 0x80, 0x81, 0x82, 0x83, 0x84, 0x85, 0x86, 0x87,
  0x88, 0x89, 0x8a, 0x8b, 0x8c, 0x8d, 0x8e, 0x8f, 0x90, 0x91, 0x92, 0x93,
  0x94, 0x95, 0x96, 0x97, 0x98, 0x99, 0x9a, 0x9b, 0x9c, 0x9d, 0x9e, 0x9f,
  0xa0, 0xa1, 0x06, 0x02, 0xc2, 0x07, 0xc3, 0xc4, 0xc5, 0xc6, 0xc7, 0xc8,
  0xc9, 0xca, 0xcb, 0xcc, 0x06, 0x02, 0xcd, 0x07, 0xce, 0x06, 0x02, 0xf0,
  0x07, 0xf0, 0xf0, 0xf0, 0x06, 0x02, 0xf0, 0xf0, 0xf0, 0xfe, 0xf0, 0xf0,
  0xfe, 0xf0, 0xf0, 0xf0, 0x22, 0xf0, 0x02, 0xf0, 0x07, 0xf0, 0x06, 0x02,
  0xf0, 0xf0, 0x22, 0xf0, 0x02, 0xf0, 0x07, 0xf0, 0x06, 0x02, 0xf0, 0x07,
  0xf0, 0x06, 0x02, 0xf0, 0xf0, 0xf0, 0xf0, 0xf1, 0xfe, 0x21, 0xf1, 0xfe,
  0x21, 0xb9, 0xfe, 0x21, 0xf1, 0xfe, 0x21, 0xf1, 0xfe, 0x21, 0xf0, 0xfe,
  0x21, 0xf1, 0xfe, 0x21, 0x02, 0xa2, 0xb7, 0xf0, 0xf0, 0xf0, 0xa3, 0xa4,
  0xb8, 0xf0, 0xf0, 0xf0, 0xf0, 0xf0, 0xf2, 0xf0, 0xf0, 0xf0, 0xf0, 0xf0,
  0xf0, 0xf0, 0xf0, 0xf0, 0x06, 0x02, 0xa5, 0xa6, 0xa7, 0xa8, 0xa9, 0xaa,
  0xab, 0x06, 0x02, 0xf0, 0xf0, 0xf0, 0x06, 0x02, 0xf0, 0xfe, 0xf0, 0x02,
  0x35, 0x07, 0xf0, 0x06, 0x02, 0x38, 0x07, 0xaf, 0xb0, 0xac, 0xad, 0x06,
  0x02, 0xf0, 0x07, 0xae, 0xf0, 0x36, 0x13, 0xfe, 0xf0, 0x13, 0xfe, 0x00,
  0xf0, 0x0c, 0x0b, 0xfe, 0xf0, 0x0e, 0x20, 0x0c, 0x0b, 0xfe, 0xf0, 0x0e,
  0x11, 0xfe, 0x00, 0x13, 0xfe, 0x27, 0xfe, 0x05, 0xbf, 0xfe, 0xf0, 0x11,
  0xfe, 0xf0, 0xfe, 0x03, 0xfe, 0xf0, 0x13, 0xfe, 0xf0, 0xfe, 0x03, 0xfe,
  0x05, 0x14, 0xfe, 0xf0, 0x1a, 0xfe, 0xf0, 0x1a, 0xfe, 0xf0, 0x1a, 0xfe,
  0xf0, 0x11, 0xfe, 0xf0, 0x13, 0xfe, 0x01, 0xfe, 0xf0, 0xfe, 0x00, 0x13,
  0xfe, 0x1f, 0xfe, 0xf0, 0xfe, 0x05, 0x11, 0xfe, 0xf0, 0x11, 0xfe, 0x01,
  0xfe, 0xd0, 0xfe, 0x00, 0x14, 0xfe, 0xf0, 0xfe, 0x03, 0xfe, 0xf0, 0x13,
  0xfe, 0xf0, 0xfe, 0xf0, 0xfe, 0xf0, 0x11, 0xfe, 0x01, 0xfe, 0x15, 0x11,
  0xfe, 0xf0, 0xfe, 0x16, 0x13, 0xfe, 0xf0, 0xfe, 0xf0, 0xfe, 0xf0, 0xfe,
  0x05, 0x11, 0xfe, 0x01, 0xfe, 0xd0, 0xfe, 0x00, 0x11, 0xfe, 0x00, 0x14,
  0xfe, 0x00, 0xf0, 0x0c, 0x0b, 0xfe, 0xf0, 0xe9, 0xfe, 0xf0, 0x0d, 0x0a,
  0xfe, 0x01, 0xfe, 0x00, 0x0a, 0xfe, 0xe8, 0x19, 0x10, 0xe9, 0xfe, 0xf0,
  0x0d, 0x0f, 0xfe, 0xeb, 0xfe, 0x03, 0xfe, 0xf0, 0xf0, 0xfe, 0xf0, 0xfe,
  0xd2, 0xfe, 0xf0, 0xf0, 0xfe, 0xf0, 0xfe, 0xd2, 0xfe, 0xf0, 0xf0, 0xfe,
  0xf0, 0xfe, 0x03, 0xfe, 0xf0, 0xd1, 0xfe, 0x01, 0xfe, 0x15, 0xd1, 0xfe,
  0xf0, 0xfe, 0x00, 0xd1, 0xfe, 0x01, 0xfe, 0x16, 0xd1, 0xfe, 0xf0, 0xfe,
  0x00, 0xf0, 0xfe, 0xf0, 0xfe, 0xf0, 0xfe, 0xf0, 0xfe, 0xf0, 0xfe, 0xf0,
  0xfe, 0xf0, 0xfe, 0xf0, 0xfe, 0xf0, 0xfe, 0xf0, 0xfe, 0x00, 0xf0, 0xfe,
  0xf0, 0xfe, 0xd0, 0xfe, 0xf0, 0xfe, 0xd0, 0xfe, 0x03, 0xfe, 0xd0, 0xfe,
  0x03, 0xfe, 0xd0, 0xfe, 0x03, 0xfe, 0xd0, 0xfe, 0x05, 0xf0, 0xfe, 0x01,
  0xfe, 0xf0, 0xfe, 0xf0, 0xfe, 0xf0, 0xfe, 0x1b, 0xfe, 0xef, 0x0a, 0xfe,
  0x01, 0xfe, 0x00, 0x0a, 0xfe, 0xf0, 0xfe, 0xd2, 0xfe, 0xf0, 0xfe, 0x05,
  0x19, 0x10, 0xe7, 0x0d, 0x0f, 0xfe, 0xeb, 0xfe, 0x03, 0xfe, 0xf0, 0x0a,
  0xfe, 0x01, 0xfe, 0x00, 0x0a, 0xfe, 0xf0, 0xfe, 0xd2, 0xfe, 0xf0, 0x19,
  0x10, 0xf0, 0xf0, 0x11, 0xfe, 0xf0, 0xfe, 0x05, 0x11, 0xfe, 0xf0, 0xfe,
  0xd9, 0xfe, 0xf0, 0xfe, 0xf0, 0xfe, 0xf0, 0x11, 0xfe, 0x00, 0xf0, 0x0c,
  0x17, 0xfe, 0x00, 0xe9, 0xfe, 0xf0, 0x0d, 0x0f, 0xfe, 0xeb, 0xfe, 0x03,
  0xfe, 0xf0, 0x0a, 0xfe, 0xf0, 0xfe, 0xd2, 0xfe, 0xf0, 0xfe, 0xf0, 0xfe,
  0xd2, 0xfe, 0xf0, 0xfe, 0xf0, 0xfe, 0xd2, 0xfe, 0xf0, 0xfe, 0x1e, 0x10,
  0xe7, 0x0d, 0x0f, 0xfe, 0xeb, 0xfe, 0x03, 0xfe, 0xf0, 0x0a, 0xfe, 0xf0,
  0xfe, 0xd2, 0xfe, 0xf1, 0x10, 0xd5, 0xfe, 0x00, 0xd5, 0xfe, 0xf1, 0xfe,
  0x05, 0xd5, 0xfe, 0xf1, 0xfe, 0x05, 0xd5, 0xfe, 0xf1, 0xfe, 0xf1, 0xfe,
  0x05, 0xd5, 0xfe, 0x00, 0x30, 0x0d, 0xd1, 0xfe, 0xf0, 0xfe, 0xf0, 0xfe,
  0x05, 0x0a, 0xfe, 0xf0, 0xfe, 0x00, 0xd1, 0xfe, 0xf0, 0xfe, 0xf1, 0xfe,
  0x05, 0xd1, 0xfe, 0xf0, 0xfe, 0x05, 0xd1, 0xfe, 0xf0, 0xfe, 0xf0, 0xfe,
  0x05, 0xd1, 0xfe, 0x00, 0xe0, 0xfe, 0xf1, 0x08, 0x04, 0xfe, 0x01, 0xfe,
  0x00, 0x09, 0x18, 0x08, 0x04, 0xfe, 0xf1, 0xfe, 0x00, 0x09, 0xd1, 0xfe,
  0x00, 0xf1, 0xfe, 0x03, 0xfe, 0xf1, 0xfe, 0x03, 0xfe, 0xf0, 0xfe, 0xf1,
  0x08, 0x04, 0xfe, 0xf1, 0xfe, 0x03, 0xfe, 0x05, 0x29, 0x09, 0x18, 0x08,
  0x04, 0xfe, 0x01, 0xfe, 0xd9, 0xfe, 0x00, 0xf0, 0xfe, 0xf0, 0xfe, 0x12,
  0xd6, 0xd4, 0xfe, 0xf0, 0xf0, 0xd7, 0x09, 0xd1, 0xfe, 0xf0, 0xfe, 0xd8,
  0xfe, 0x05, 0xd1, 0xfe, 0xf1, 0xfe, 0xd8, 0xfe, 0xf1, 0xfe, 0xd8, 0xfe,
  0xf1, 0x0a, 0xfe, 0xf0, 0xfe, 0xd0, 0xfe, 0xf1, 0xfe, 0xf1, 0xfe, 0x03,
  0xfe, 0x1e, 0x19, 0x31, 0x0b, 0xfe, 0xed, 0xfe, 0xf1, 0xfe, 0xf0, 0xfe,
  0xf1, 0xfe, 0xf0, 0x0e, 0x20, 0x0c, 0x0b, 0xfe, 0x01, 0xfe, 0x00, 0x0e,
  0x13, 0xfe, 0x00, 0xf0, 0x0c, 0xf1, 0x0d, 0xf1, 0xfe, 0xf1, 0x0f, 0xfe,
  0xf1, 0xfe, 0xf1, 0x0f, 0xfe, 0x01, 0xfe, 0xf1, 0xfe, 0xf0, 0x0f, 0xfe,
  0xf0, 0xfe, 0x03, 0xfe, 0xf1, 0xfe, 0xf1, 0x0f, 0xfe, 0x01, 0xfe, 0xd8,
  0xfe, 0x00, 0x0f, 0xfe, 0x01, 0xfe, 0xd9, 0xfe, 0x00, 0x0a, 0xfe, 0xf1,
  0xfe, 0xd8, 0xfe, 0xf1, 0xfe, 0xd8, 0xfe, 0xf0, 0xfe, 0xd9, 0xfe, 0xf0,
  0xfe, 0xd9, 0xfe, 0xf1, 0x19, 0x10, 0xe7, 0x0d, 0x0f, 0xfe, 0x00, 0xe0,
  0xfe, 0x12, 0x08, 0x04, 0xfe, 0xf1, 0xfe, 0xf1, 0xfe, 0xf1, 0xfe, 0xf0,
  0x09, 0x18, 0x08, 0x04, 0xfe, 0xf1, 0x09, 0x0f, 0xfe, 0x00, 0xe0, 0xfe,
  0x12, 0x08, 0xdf, 0xfe, 0x01, 0xfe, 0x16, 0xdf, 0xfe, 0x01, 0xfe, 0x15,
  0xdf, 0xfe, 0x01, 0xfe, 0x1c, 0x04, 0xfe, 0x01, 0xfe, 0xf1, 0xfe, 0xd0,
  0xfe, 0xf1, 0xfe, 0xd0, 0xfe, 0xf1, 0xfe, 0x1d, 0xfe, 0xf1, 0xfe, 0xd0,
  0xfe, 0xf1, 0xfe, 0xd0, 0xfe, 0xf0, 0xfe, 0xd0, 0xfe, 0xf1, 0x09, 0x18,
  0x08, 0x04, 0xfe, 0x01, 0xfe, 0x00, 0x09, 0x0a, 0xfe, 0xf0, 0xfe, 0xf1,
  0x19, 0x10, 0xf0, 0xf0, 0x13, 0xfe, 0xb5, 0xfe, 0xf1, 0xfe, 0x03, 0xfe,
  0xf1, 0xfe, 0xf1, 0xfe, 0xf1, 0xfe, 0xf1, 0xfe, 0xf1, 0xfe, 0xf0, 0xfe,
  0xf0, 0xfe, 0xf0, 0xfe, 0xf0, 0xfe, 0xf0, 0xfe, 0xf0, 0xfe, 0xf1, 0xfe,
  0xd0, 0xfe, 0xf1, 0xfe, 0xf1, 0xfe, 0xf0, 0xfe, 0xf0, 0xfe, 0xf0, 0xfe,
  0xf0, 0xfe, 0xf0, 0xfe, 0xf0, 0xfe, 0xf1, 0x13, 0xfe, 0x00, 0xf1, 0x0c,
  0xf1, 0xfe, 0xf1, 0xfe, 0x03, 0xfe, 0xf1, 0xe5, 0xfe, 0xf0, 0xfe, 0xf1,
  0xfe, 0xf1, 0xe5, 0xfe, 0x01, 0xfe, 0xf1, 0xf1, 0xfe, 0xf1, 0xfe, 0xf1,
  0xe5, 0xfe, 0x01, 0xfe, 0xf0, 0xfe, 0xf1, 0xe5, 0xfe, 0x01, 0xfe, 0xf0,
  0xfe, 0xf1, 0xe5, 0xfe, 0x01, 0xfe, 0xd9, 0xfe, 0x00, 0x2a, 0xfe, 0xf1,
  0x17, 0xfe, 0x00, 0x17, 0xfe, 0x00, 0x0b, 0xfe, 0x01, 0xfe, 0x00, 0x0b,
  0xfe, 0x01, 0xfe, 0x00, 0x17, 0xfe, 0x00, 0xe5, 0xfe, 0x00, 0xd5, 0xfe,
  0x00, 0xf0, 0xfe, 0x00, 0x2a, 0xfe, 0x00, 0x17, 0xfe, 0x00, 0xd5, 0xfe,
  0x00, 0xf0, 0xfe, 0x00, 0xe5, 0xfe, 0x00, 0x2a, 0xfe, 0x00, 0xf1, 0xfe,
  0x01, 0xfe, 0x2c, 0xfe, 0x2d, 0xfe, 0x2c, 0xfe, 0x01, 0xfe, 0x03, 0xfe,
  0x01, 0xfe, 0x03, 0xfe, 0x01, 0xfe, 0x03, 0xfe, 0x01, 0xfe, 0x03, 0xfe,
  0x01, 0xfe, 0x03, 0xfe, 0x01, 0xfe, 0x03, 0xfe, 0x39, 0x0d, 0xf1, 0xfe,
  0xf1, 0xfe, 0xf1, 0x23, 0xfe, 0x1f, 0xfe, 0xf1, 0xfe, 0xf1, 0xfe, 0xf1,
  0x23, 0xfe, 0xf1, 0xfe, 0xf1, 0x0f, 0xfe, 0xf0, 0xfe, 0xf1, 0xd1, 0xfe,
  0xf0, 0xfe, 0xf1, 0x0f, 0xfe, 0x27, 0xfe, 0x05, 0xd1, 0xfe, 0xf0, 0xfe,
  0x03, 0xfe, 0x05, 0xd1, 0xfe, 0x01, 0xfe, 0xf1, 0xfe, 0xf1, 0xd1, 0xfe,
  0xf1, 0xfe, 0xd0, 0xfe, 0xe2, 0x0f, 0xfe, 0xf1, 0xd1, 0xfe, 0xf0, 0xfe,
  0xd0, 0xfe, 0xf1, 0xfe, 0x03, 0xfe, 0xf1, 0xfe, 0xf1, 0xd1, 0xfe, 0xf0,
  0xfe, 0x03, 0xfe, 0xe2, 0xd1, 0xfe, 0x00, 0xf1, 0x08, 0xc0, 0xfe, 0x01,
  0xfe, 0xf1, 0xf1, 0xfe, 0xf1, 0xfe, 0xf1, 0xf1, 0xfe, 0x01, 0xfe, 0xf1,
  0xdf, 0xfe, 0x00, 0xf0, 0xfe, 0x12, 0xd6, 0xd4, 0xfe, 0xf0, 0xfe, 0xf0,
  0xd7, 0xf0, 0xd6, 0xd4, 0xfe, 0x01, 0xfe, 0x00, 0xd7, 0xdf, 0xfe, 0x00,
  0xf0, 0xfe, 0x12, 0xd6, 0xdc, 0xfe, 0xf1, 0xfe, 0xf1, 0xfe, 0xf1, 0xfe,
  0xf1, 0xfe, 0xf1, 0xd4, 0xfe, 0x01, 0xfe, 0xf0, 0xfe, 0xd0, 0xfe, 0x05,
  0xd7, 0xf0, 0xd6, 0xd4, 0xfe, 0x01, 0xfe, 0x00, 0xd7, 0x04, 0xfe, 0x01,
  0xfe, 0x00, 0x04, 0xfe, 0x01, 0xfe, 0x00, 0x04, 0xfe, 0xf1, 0xfe, 0xf1,
  0x04, 0xfe, 0x01, 0xfe, 0x00, 0x04, 0xfe, 0x01, 0xfe, 0x00, 0x09, 0x18,
  0x08, 0x04, 0xfe, 0x01, 0xfe, 0x00, 0x04, 0xfe, 0x01, 0xfe, 0x00, 0x04,
  0xfe, 0x01, 0xfe, 0x00, 0x04, 0xfe, 0x01, 0xfe, 0x00, 0x04, 0xfe, 0x01,
  0xfe, 0x00, 0x09, 0xf1, 0xfe, 0xf1, 0xfe, 0xf0, 0x08, 0x04, 0xfe, 0x01,
  0xfe, 0x00, 0x04, 0xfe, 0x01, 0xfe, 0x00, 0x2e, 0x09, 0xf0, 0xfe, 0x01,
  0xfe, 0xf0, 0xf0, 0xfe, 0x00, 0xf1, 0xfe, 0x12, 0x08, 0x04, 0xfe, 0x01,
  0xfe, 0xf0, 0x09, 0x18, 0x08, 0x04, 0xfe, 0x01, 0xfe, 0x00, 0x09, 0xe0,
  0xfe, 0x12, 0x08, 0x04, 0xfe, 0x01, 0xfe, 0x00, 0x04, 0xfe, 0x01, 0xfe,
  0x00, 0x2e, 0x09, 0x0f, 0xfe, 0x00, 0xd1, 0xfe, 0x00, 0xe0, 0xfe, 0xf0,
  0x08, 0xdf, 0xfe, 0x00, 0xf0, 0xfe, 0x12, 0xd6, 0xdc, 0xfe, 0x00, 0xf0,
  0xfe, 0x00, 0xf0, 0xfe, 0xf1, 0xf0, 0xdd, 0xfe, 0xf1, 0xfe, 0xf1, 0xf0,
  0xfe, 0x00, 0xf0, 0xee, 0xd3, 0xfe, 0x01, 0xfe, 0x15, 0xd3, 0xfe, 0xf0,
  0xfe, 0x05, 0xd3, 0xfe, 0x01, 0xfe, 0x16, 0xd3, 0xfe, 0xf0, 0xfe, 0x05,
  0xd3, 0xfe, 0x01, 0xfe, 0x1c, 0xd3, 0xfe, 0xf0, 0xfe, 0xf1, 0xfe, 0xf1,
  0xfe, 0xf0, 0xf0, 0xfe, 0xf0, 0xfe, 0x12, 0xe6, 0xda, 0xfe, 0x1f, 0xfe,
  0xf1, 0xf0, 0xec, 0xf0, 0xe6, 0xf0, 0xfe, 0xf0, 0xfe, 0x12, 0xf0, 0xf0,
  0xfe, 0x1f, 0xfe, 0xf1, 0xf0, 0xf0, 0xf1, 0xf0, 0xf0, 0xfe, 0x1f, 0xfe,
  0xf1, 0xf0, 0xf0, 0xf1, 0xec, 0xf1, 0xf0, 0xf0, 0xfe, 0x01, 0xfe, 0xd9,
  0xfe, 0x00, 0xde, 0xfe, 0xf0, 0xfe, 0xf0, 0xde, 0xfe, 0x01, 0xfe, 0x00,
  0xf0, 0xf0, 0xf0, 0xde, 0xfe, 0x01, 0xfe, 0x00, 0xde, 0xfe, 0x01, 0xfe,
  0x00, 0xf0, 0xf0, 0xfe, 0xf0, 0xfe, 0xf1, 0xfe, 0x00, 0xf0, 0xfe, 0xf0,
  0xfe, 0xf0, 0xfe, 0xf0, 0xfe, 0xf0, 0xfe, 0x00, 0xf0, 0xfe, 0xf0, 0xfe,
  0xf0, 0xfe, 0xbe, 0xfe, 0xf1, 0xfe, 0xf1, 0xfe, 0xf1, 0xf0, 0xfe, 0xf0,
  0xfe, 0xf0, 0xfe, 0xf0, 0xfe, 0xf0, 0xfe, 0xf0, 0xfe, 0xf0, 0xfe, 0xf0,
  0xfe, 0xf0, 0xdc, 0xfe, 0x00, 0xf1, 0xf0, 0xf1, 0xfe, 0xf0, 0xfe, 0xf1,
  0xf2, 0xee, 0xd3, 0xfe, 0x01, 0xfe, 0x1c, 0xf0, 0xfe, 0xf2, 0xfe, 0xf0,
  0xfe, 0xf1, 0xfe, 0xf1, 0xfe, 0xe4, 0xfe, 0xf0, 0xfe, 0x1e, 0xf0, 0xfe,
  0xf2, 0xfe, 0xd2, 0xfe, 0xf2, 0xd3, 0xfe, 0xf2, 0xfe, 0xf2, 0xfe, 0xf1,
  0xd3, 0xfe, 0x00, 0xf0, 0xe6, 0xdb, 0xfe, 0x01, 0xfe, 0x15, 0xf0, 0xfe,
  0xf0, 0xfe, 0x12, 0xf0, 0xf0, 0xfe, 0xe8, 0xf0, 0xf0, 0xdb, 0xfe, 0xf0,
  0xfe, 0xf1, 0xfe, 0xd0, 0xfe, 0xf0, 0xfe, 0xd0, 0xfe, 0x1e, 0xdb, 0xfe,
  0x01, 0xfe, 0xd8, 0xfe, 0x00, 0xda, 0xfe, 0xf0, 0xfe, 0xf0, 0xfe, 0xf0,
  0xfe, 0xd0, 0xfe, 0xf0, 0xf0, 0xf0, 0xd3, 0xfe, 0x00, 0xf2, 0xfe, 0xf2,
  0xe6, 0xdb, 0xfe, 0xf0, 0xfe, 0x00, 0xdb, 0xfe, 0x00, 0xf2, 0xf0, 0xf1,
  0xfe, 0x01, 0xfe, 0x1c, 0xf2, 0xfe, 0xf0, 0xfe, 0x12, 0xf2, 0xf2, 0xfe,
  0xe8, 0xf2, 0xf2, 0xf1, 0xfe, 0xf0, 0xfe, 0xf1, 0xfe, 0xd0, 0xfe, 0xf0,
  0xfe, 0xd0, 0xfe, 0x1e, 0xf1, 0xfe, 0x01, 0xfe, 0xd8, 0xfe, 0x00, 0xf0,
  0xfe, 0xf0, 0xfe, 0xf0, 0xfe, 0xf0, 0xfe, 0xd0, 0xfe, 0xf0, 0xf0, 0xf2,
  0xda, 0xfe, 0xed, 0xfe, 0x03, 0xfe, 0x05, 0xec, 0xf0, 0xe6, 0xda, 0xfe,
  0x01, 0xfe, 0x00, 0xec, 0xea, 0xfe, 0x01, 0xfe, 0x00, 0xf0, 0xf0, 0xf2,
  0xee, 0xf1, 0xfe, 0xf0, 0xfe, 0xf2, 0xf0, 0xfe, 0x01, 0xfe, 0x16, 0xf1,
  0xfe, 0xf0, 0xfe, 0xf2, 0xf0, 0xfe, 0x01, 0xfe, 0x15, 0xf1, 0xfe, 0xf0,
  0xfe, 0xf2, 0xd3, 0xfe, 0x01, 0xfe, 0x1c, 0xf0, 0xfe, 0xf2, 0xfe, 0xf0,
  0xfe, 0xf1, 0xfe, 0xf1, 0xfe, 0xe4, 0xfe, 0xf0, 0xd3, 0xfe, 0x01, 0xfe,
  0x15, 0xf0, 0xfe, 0x00, 0xea, 0xfe, 0x26, 0xfe, 0x00, 0xea, 0xfe, 0x2b,
  0xfe, 0x16, 0xd3, 0xfe, 0xf0, 0xfe, 0xf2, 0xfe, 0x05, 0xd3, 0xfe, 0xf0,
  0xfe, 0x05, 0xf0, 0xfe, 0xeb, 0xfe, 0x03, 0xfe, 0xf2, 0xfe, 0x05, 0xd3,
  0xfe, 0xf2, 0xfe, 0xd2, 0xfe, 0xf2, 0xfe, 0xf2, 0xfe, 0xf2, 0xfe, 0xf2,
  0xfe, 0xf2, 0xfe, 0xf2, 0xfe, 0xf2, 0xfe, 0x05, 0xd3, 0xfe, 0xf0, 0xfe,
  0xd8, 0xfe, 0xf2, 0xfe, 0xf2, 0xfe, 0xf2, 0xfe, 0xb1, 0xd3, 0xfe, 0xf0,
  0xfe, 0xc1, 0xd3, 0xfe, 0x00, 0xf0, 0xfe, 0xf2, 0xfe, 0x12, 0xe6, 0xda,
  0xfe, 0x01, 0xfe, 0xf2, 0xfe, 0xd8, 0xfe, 0xf0, 0xec, 0xf0, 0xe6, 0xda,
  0xfe, 0x01, 0xfe, 0x00, 0xec, 0xf0, 0xfe, 0xf2, 0xfe, 0xf2, 0xfe, 0xd0,
  0xfe, 0x05, 0xf0, 0xfe, 0xf2, 0xfe, 0xf1, 0xfe, 0xf2, 0xf0, 0xfe, 0xf2,
  0xf0, 0xfe, 0xf2, 0xfe, 0x03, 0xfe, 0x03, 0xfe, 0x05, 0xf0, 0xfe, 0xf0,
  0xfe, 0xf2, 0xfe, 0xd8, 0xfe, 0x03, 0xfe, 0xf0, 0xf0, 0xfe, 0xf1, 0xfe,
  0xf2, 0xf0, 0xfe, 0xf2, 0xfe, 0xb1, 0xf0, 0xfe, 0xf0, 0xfe, 0xf0, 0xfe,
  0xe4, 0xfe, 0xf0, 0xfe, 0x05, 0xf0, 0xfe, 0xf0, 0xfe, 0xf0, 0xfe, 0xd9,
  0xfe, 0xf0, 0xfe, 0xe4, 0xfe, 0xf0, 0xfe, 0x05, 0xf0, 0xfe, 0xf0, 0xfe,
  0xf0, 0xfe, 0xd8, 0xfe, 0xf0, 0xfe, 0xe4, 0xfe, 0xf0, 0xfe, 0x05, 0xf0,
  0xfe, 0xf0, 0xfe, 0xf0, 0xfe, 0xd8, 0xfe, 0xf0, 0xfe, 0xe4, 0xfe, 0xf0,
  0xfe, 0x05, 0xf0, 0xfe, 0xf0, 0xfe, 0xf2, 0xfe, 0xf0, 0xfe, 0xf0, 0xfe,
  0xe4, 0xfe, 0xf0, 0xfe, 0x05, 0xf0, 0xfe, 0xf2, 0xfe, 0xd2, 0xfe, 0xf0,
  0xfe, 0xf2, 0xfe, 0xd2, 0xfe, 0xf0, 0xfe, 0xf2, 0xfe, 0xd2, 0xfe, 0xf0,
  0xfe, 0xf1, 0xfe, 0xd2, 0xfe, 0xf0, 0xfe, 0xf1, 0xfe, 0xd2, 0xfe, 0xf0,
  0xfe, 0xf2, 0xd3, 0xfe, 0xf2, 0xfe, 0xf0, 0xfe, 0xf1, 0xd3, 0xfe, 0x00,
  0xf0, 0xe6, 0xf0, 0xfe, 0xf0, 0xfe, 0xf2, 0xf0, 0xf0, 0xfe, 0xe8, 0xf0,
  0xf0, 0xdb, 0xfe, 0xf0, 0xfe, 0xf1, 0xfe, 0xbe, 0xfe, 0xf2, 0xfe, 0xd0,
  0xfe, 0x1e, 0xdb, 0xfe, 0x01, 0xfe, 0xd8, 0xfe, 0x15, 0xda, 0xfe, 0xf0,
  0xfe, 0xf0, 0xfe, 0xf0, 0xfe, 0xd0, 0xfe, 0xf0, 0xf0, 0xf0, 0xd3, 0xfe,
  0xf0, 0xfe, 0x00, 0xd3, 0xfe, 0x00, 0xf0, 0xe6, 0xf0, 0xfe, 0xf0, 0xfe,
  0xf2, 0xf0, 0xf0, 0xfe, 0xe8, 0xf0, 0xf0, 0xdb, 0xfe, 0xf0, 0xfe, 0xf1,
  0xfe, 0xf2, 0xfe, 0xf2, 0xfe, 0xd0, 0xfe, 0x1e, 0xdb, 0xfe, 0x01, 0xfe,
  0xd8, 0xfe, 0x1c, 0xda, 0xfe, 0xf0, 0xfe, 0xf0, 0xfe, 0xf0, 0xfe, 0xd0,
  0xfe, 0xf0, 0xf0, 0xf0, 0xea, 0xfe, 0xed, 0xfe, 0x03, 0xfe, 0x05, 0xf0,
  0xf0, 0xf2, 0xee, 0xf0, 0xfe, 0x01, 0xfe, 0xf0, 0xfe, 0xef, 0xf0, 0xfe,
  0xf0, 0xfe, 0xf0, 0xfe, 0xe4, 0xfe, 0xf0, 0xfe, 0x1e, 0xea, 0xfe, 0xf2,
  0xfe, 0xf2, 0xfe, 0xd2, 0xfe, 0xf2, 0xf0, 0xf0, 0xde, 0xfe, 0xf0, 0xf0,
  0xf1, 0xd4, 0xfe, 0x01, 0xfe, 0x00, 0xd7, 0xf0, 0xd6, 0xd4, 0xfe, 0xe8,
  0xd7, 0xba, 0xfe, 0x00, 0xdf, 0xfe, 0x00, 0xf1, 0xfe, 0xf1, 0xfe, 0xf1,
  0xd6, 0xf0, 0xfe, 0x00, 0xdc, 0xfe, 0x00, 0xf1, 0xf0, 0xf0, 0xfe, 0xf1,
  0xf0, 0xfe, 0xf1, 0xf0, 0xfe, 0xf1, 0xfe, 0xf1, 0xf0, 0xfe, 0x01, 0xfe,
  0xf1, 0xdd, 0xfe, 0x01, 0xfe, 0xf0, 0xfe, 0xef, 0xdd, 0xfe, 0x01, 0xfe,
  0xf0, 0xfe, 0xef, 0xe3, 0xfe, 0x01, 0xfe, 0x1c, 0xdd, 0xfe, 0xf0, 0xfe,
  0xf0, 0xfe, 0x05, 0xdd, 0xfe, 0xf0, 0xfe, 0xf0, 0xfe, 0xf1, 0xfe, 0x00,
  0xe3, 0xfe, 0xf1, 0xfe, 0x05, 0xe3, 0xfe, 0xf1, 0xfe, 0xf0, 0xfe, 0xf1,
  0xfe, 0x1d, 0xfe, 0x00, 0xe3, 0xfe, 0x1f, 0xfe, 0xf1, 0xfe, 0x00, 0xdd,
  0xfe, 0x00, 0xde, 0xfe, 0x01, 0xfe, 0x00, 0xdd, 0xfe, 0x00, 0xe3, 0xfe,
  0x00, 0xdd, 0xfe, 0x00, 0xe3, 0xfe, 0x01, 0xfe, 0x00, 0xf0, 0xfe, 0xf1,
  0xf1, 0xee, 0xf0, 0xfe, 0x2d, 0xfe, 0x12, 0xe6, 0xda, 0xfe, 0x01, 0xfe,
  0xf0, 0xfe, 0xd0, 0xfe, 0x05, 0xf1, 0xfe, 0xf1, 0xfe, 0xf1, 0xfe, 0xf1,
  0xfe, 0xf1, 0xfe, 0x12, 0xf0, 0xf0, 0xfe, 0xe8, 0xf0, 0xfe, 0x01, 0xfe,
  0x00, 0xf0, 0xf0, 0xda, 0xfe, 0xf1, 0xfe, 0x00, 0xda, 0xfe, 0xb2, 0xda,
  0xfe, 0x01, 0xfe, 0x00, 0xf1, 0xec, 0xf0, 0xe6, 0xda, 0xfe, 0xf0, 0xda,
  0xfe, 0x01, 0xfe, 0x00, 0xf0, 0xec, 0xf0, 0xf0, 0xfe, 0xf1, 0xfe, 0xf1,
  0xde, 0xfe, 0x01, 0xfe, 0x00, 0xde, 0xfe, 0x01, 0xfe, 0xf1, 0xfe, 0xf1,
  0xfe, 0x03, 0xfe, 0xf1, 0xf0, 0xf0, 0xf0, 0xde, 0xfe, 0x01, 0xfe, 0x00,
  0xde, 0xfe, 0x01, 0xfe, 0x00, 0xf0, 0xd4, 0xfe, 0x01, 0xfe, 0x00, 0xd4,
  0xfe, 0x01, 0xfe, 0x00, 0xd7, 0xf0, 0xd6, 0xd4, 0xfe, 0x01, 0xfe, 0x00,
  0xd4, 0xfe, 0x01, 0xfe, 0x00, 0xd7, 0xf0, 0xfe, 0xf0, 0xd6, 0xd4, 0xfe,
  0x01, 0xfe, 0x00, 0xd4, 0xfe, 0x01, 0xfe, 0x00, 0xf1, 0xd7, 0x04, 0xfe,
  0x01, 0xfe, 0x00, 0x04, 0xfe, 0x01, 0xfe, 0x00, 0x09, 0x18, 0x08, 0x04,
  0xfe, 0x01, 0xfe, 0x00, 0x04, 0xfe, 0xe8, 0x09, 0x0f, 0xfe, 0x27, 0xfe,
  0xd9, 0xfe, 0x05, 0xd1, 0xfe, 0xf0, 0xfe, 0xf0, 0xd1, 0xfe, 0xf0, 0xfe,
  0x03, 0xfe, 0xe2, 0xd1, 0xfe, 0x01, 0xfe, 0xd0, 0xfe, 0x00, 0xd1, 0xfe,
  0xed, 0xfe, 0xf0, 0xfe, 0xd0, 0xfe, 0xf0, 0xfe, 0xd0, 0xfe, 0xf0, 0xd1,
  0xfe, 0xf0, 0xfe, 0x03, 0xfe, 0xe2, 0xd1, 0xfe, 0x01, 0xfe, 0xd0, 0xfe,
  0x00, 0x0a, 0xfe, 0x01, 0xfe, 0x00, 0x0a, 0xfe, 0x01, 0xfe, 0xf0, 0xfe,
  0xf0, 0xfe, 0xf0, 0xfe, 0xf0, 0xfe, 0xf0, 0xfe, 0xd0, 0xfe, 0x1d, 0xfe,
  0xf0, 0xfe, 0xf0, 0xfe, 0xf0, 0xfe, 0xf0, 0xfe, 0xf0, 0xfe, 0xd0, 0xfe,
  0xf0, 0xfe, 0x24, 0xfe, 0xf0, 0xfe, 0xf0, 0xfe, 0xf0, 0xfe, 0xd0, 0xfe,
  0xf0, 0xfe, 0x24, 0xfe, 0xf0, 0xfe, 0xf1, 0xfe, 0xf1, 0xfe, 0xf1, 0xfe,
  0xf1, 0xfe, 0xd0, 0xfe, 0x1d, 0xfe, 0x1d, 0xfe, 0x1e, 0x10, 0x17, 0xfe,
  0x00, 0xf1, 0x0d, 0xf0, 0xfe, 0x01, 0xfe, 0xf1, 0xf0, 0xfe, 0x00, 0xe0,
  0xfe, 0x12, 0x08, 0x04, 0xfe, 0xf1, 0x09, 0x18, 0x08, 0x04, 0xfe, 0x01,
  0xfe, 0x00, 0x09, 0x0f, 0xfe, 0x00, 0xe0, 0xfe, 0x12, 0x08, 0x04, 0xfe,
  0xf0, 0xfe, 0x03, 0xfe, 0xf1, 0xfe, 0xf1, 0x09, 0x18, 0x08, 0x04, 0xfe,
  0x01, 0xfe, 0x00, 0x09, 0x0a, 0xfe, 0x01, 0xfe, 0x00, 0x10, 0xe7, 0x0d,
  0x0a, 0xfe, 0x01, 0xfe, 0x00, 0x10, 0x0b, 0xfe, 0x01, 0xfe, 0x00, 0x0e,
  0x20, 0x0c, 0x0b, 0xfe, 0x01, 0xfe, 0x00, 0x0e, 0x14, 0xfe, 0xf0, 0xfe,
  0xf0, 0x1a, 0xfe, 0x26, 0xfe, 0x15, 0x1a, 0xfe, 0x2b, 0xfe, 0x16, 0x1a,
  0xfe, 0x28, 0xfe, 0x1c, 0x13, 0xfe, 0xed, 0xfe, 0xf1, 0x14, 0xfe, 0x01,
  0xfe, 0x00, 0x1a, 0xfe, 0x26, 0xfe, 0x15, 0x1a, 0xfe, 0x2b, 0xfe, 0x16,
  0x1a, 0xfe, 0x28, 0xfe, 0x1c, 0xf1, 0xfe, 0x00, 0x13, 0xfe, 0xf1, 0x14,
  0xfe, 0x00, 0xf0, 0x0c, 0xd5, 0xfe, 0xf1, 0xfe, 0x05, 0xe9, 0xfe, 0xf1,
  0x0d, 0x0a, 0xfe, 0xf1, 0x19, 0x10, 0xe9, 0xfe, 0xf1, 0x0d, 0x0a, 0xfe,
  0xf1, 0x19, 0x10, 0xd5, 0xfe, 0xf1, 0xfe, 0x16, 0xd5, 0xfe, 0x00, 0xf1,
  0xfe, 0xf1, 0x0d, 0x0a, 0xfe, 0xf1, 0xfe, 0xf1, 0xfe, 0x00, 0x10, 0xe7,
  0x0d, 0x0a, 0xfe, 0xf1, 0x10, 0xd5, 0xfe, 0xf1, 0xfe, 0xf1, 0xfe, 0xf1,
  0x17, 0xfe, 0x00, 0xf1, 0x0d, 0xf1, 0xfe, 0xf1, 0x0a, 0xfe, 0xf1, 0xfe,
  0xf1, 0xfe, 0xf1, 0xfe, 0xf1, 0xfe, 0xf1, 0x10, 0xe7, 0x0d, 0x0a, 0xfe,
  0xf1, 0x10, 0x17, 0xfe, 0x01, 0xfe, 0xf1, 0xfe, 0x05, 0x17, 0xfe, 0x00,
  0xf1, 0x0d, 0x0a, 0xfe, 0x01, 0xfe, 0xf2, 0xfe, 0xf2, 0xfe, 0xf1, 0xfe,
  0xf1, 0x10, 0xe7, 0x0d, 0x0a, 0xfe, 0x01, 0xfe, 0x00, 0x10, 0x0b, 0xfe,
  0xf0, 0xfe, 0x03, 0xfe, 0x05, 0xf0, 0xf0, 0x14, 0xfe, 0xf1, 0x13, 0xfe,
  0x1f, 0xfe, 0xf1, 0xfe, 0xf1, 0xfe, 0xf2, 0xf2, 0xfe, 0x15, 0xf2, 0xfe,
  0x16, 0xf2, 0xfe, 0x1c, 0x37, 0x25, 0x02, 0x90, 0x91, 0x92, 0x93, 0x0a,
  0x94, 0x95, 0x0a, 0x96, 0x97, 0x0a, 0x98, 0x0a, 0x99, 0x9a, 0x9b, 0x9c,
  0x9d, 0x9e, 0x9f, 0xa0, 0x13, 0xa1, 0x13, 0xa2, 0xa3, 0xa4, 0xa5, 0xa6,
  0xa7, 0xa8, 0xa9, 0xaa, 0xab, 0xac, 0xad, 0xae, 0xaf, 0xb0, 0xb1, 0xb2,
  0x63, 0x90, 0x91, 0x92, 0x13, 0x63, 0xb3, 0xb4, 0xb5, 0xb6, 0xb7, 0xb8,
  0xb9, 0xba, 0x4a, 0xbb, 0xbc, 0xbd, 0xbe, 0xbf, 0xc0, 0xc1, 0xc2, 0xc3,
  0xc4, 0xc5, 0xc6, 0xc7, 0xc8, 0x88, 0xc9, 0xca, 0xcb, 0xcc, 0xcd, 0xce,
  0xcf, 0xd0, 0xd1, 0xd2, 0xd3, 0xd4, 0xd5, 0xd6, 0xd7, 0xd8, 0xd9, 0xda,
  0xdb, 0xdc, 0xdd, 0xde, 0xdf, 0x0b, 0x34, 0xe0, 0xe1, 0x19, 0xe2, 0xe3,
  0x1a, 0x35, 0x36, 0x37, 0xe4, 0x36, 0x37, 0xe5, 0x6f, 0xe6, 0xe7, 0x0b,
  0x0b, 0x24, 0xe8, 0xe9, 0xea, 0xeb, 0xec, 0xed, 0xee, 0xef, 0xf0, 0x24,
  0xf1, 0xf2, 0x24, 0xf3, 0x5c, 0x5d, 0xf4, 0x38, 0x35, 0xf5, 0xf6, 0x39,
  0x1b, 0xf7, 0xf8, 0xf9, 0xfa, 0x25, 0xfb, 0x1a, 0x26, 0xfc, 0x38, 0x3a,
  0xfd, 0x3a, 0xfe, 0x26, 0xff, 0x00, 0x01, 0x02, 0x03, 0x04, 0x27, 0x3b,
  0x0b, 0x27, 0x05, 0x1e, 0x27, 0x3b, 0x06, 0x07, 0x08, 0x09, 0x65, 0x0a,
  0x0b, 0x01, 0x28, 0x16, 0x5e, 0x1e, 0x0c, 0x0d, 0x0e, 0x0c, 0x0f, 0x10,
  0x11, 0x3c, 0x12, 0x29, 0x19, 0x13, 0x14, 0x15, 0x16, 0x17, 0x18, 0x3d,
  0x70, 0x19, 0x1a, 0x1b, 0x1c, 0x3e, 0x3e, 0x1d, 0x1e, 0x1f, 0x20, 0x3d,
  0x21, 0x22, 0x23, 0x24, 0x25, 0x26, 0x89, 0x27, 0x17, 0x28, 0x39, 0x1b,
  0x29, 0x2a, 0x2b, 0x2c, 0x2d, 0x2e, 0x3f, 0x40, 0x0d, 0x41, 0x0d, 0x42,
  0x2f, 0x30, 0x31, 0x3f, 0x40, 0x0d, 0x41, 0x0d, 0x42, 0x32, 0x33, 0x34,
  0x35, 0x36, 0x0c, 0x37, 0x38, 0x39, 0x3a, 0x3b, 0x3c, 0x43, 0x3d, 0x43,
  0x3e, 0x3f, 0x71, 0x71, 0x40, 0x41, 0x42, 0x43, 0x44, 0x45, 0x46, 0x93,
  0x94, 0x44, 0x47, 0x44, 0x48, 0x87, 0x49, 0x4a, 0x4b, 0x4c, 0x0c, 0x4d,
  0x4e, 0x4f, 0x0e, 0x50, 0x95, 0x96, 0x97, 0x98, 0x99, 0x9a, 0x01, 0x72,
  0x73, 0x05, 0x01, 0x51, 0x52, 0x53, 0x54, 0x55, 0x1f, 0x05, 0x9b, 0x9c,
  0x56, 0x57, 0x66, 0x0f, 0x45, 0x0f, 0x58, 0x45, 0x1a, 0x01, 0x74, 0x8a,
  0x9d, 0x00, 0x9e, 0x9f, 0x2a, 0x8b, 0x1e, 0x1e, 0x17, 0xa0, 0xa1, 0x29,
  0x2d, 0x75, 0xa2, 0x18, 0x4f, 0x59, 0x75, 0x1c, 0x08, 0xa3, 0x1d, 0x20,
  0xa4, 0x1c, 0x08, 0xa5, 0x1d, 0x20, 0xa6, 0xa7, 0x8c, 0x2a, 0x72, 0x73,
  0x09, 0x6a, 0x00, 0x09, 0x50, 0x5f, 0xa8, 0x50, 0x76, 0x77, 0x78, 0x79,
  0x03, 0x7a, 0x7b, 0xa9, 0xaa, 0xab, 0x60, 0x7c, 0x7d, 0x7e, 0x7f, 0x80,
  0x81, 0x82, 0x83, 0xac, 0x00, 0xad, 0x5f, 0x64, 0x4b, 0x14, 0x04, 0x85,
  0x86, 0xc4, 0x6c, 0x61, 0x05, 0x06, 0x07, 0x08, 0xc5, 0x8d, 0x59, 0x28,
  0x1c, 0x08, 0x1d, 0x20, 0x17, 0x87, 0x86, 0x56, 0x57, 0x22, 0x58, 0x18,
  0x8e, 0x4c, 0x09, 0x8f, 0x4d, 0x1c, 0x88, 0x4e, 0x28, 0x4f, 0x50, 0x51,
  0x52, 0x88, 0x17, 0x89, 0x86, 0x88, 0x08, 0x56, 0x57, 0x22, 0x58, 0x1d,
  0x53, 0x4f, 0x31, 0x15, 0x54, 0x8a, 0x6d, 0x0a, 0x64, 0x8a, 0x6d, 0x0b,
  0x64, 0x8a, 0x6d, 0x0c, 0x23, 0x0d, 0x85, 0x86, 0xc4, 0x5b, 0x14, 0x51,
  0x55, 0x51, 0x14, 0x0e, 0x56, 0x0f, 0x57, 0x58, 0x59, 0x5a, 0x10, 0x11,
  0x0c, 0x5b, 0x5c, 0x5d, 0x51, 0x2d, 0x12, 0x13, 0x29, 0x4f, 0x23, 0x5e,
  0x5f, 0x64, 0x14, 0x8e, 0x15, 0x64, 0x16, 0x64, 0x17, 0x23, 0x0c, 0x60,
  0x29, 0x23, 0xc6, 0x18, 0x23, 0x19, 0x14, 0x32, 0x6b, 0x21, 0x14, 0x32,
  0x6e, 0x12, 0x21, 0x14, 0x32, 0x6e, 0x12, 0x21, 0x14, 0x32, 0x6e, 0x12,
  0x21, 0x14, 0x32, 0x1a, 0x65, 0x12, 0x21, 0x61, 0x1b, 0x30, 0x1c, 0x30,
  0x1d, 0x30, 0x8b, 0x30, 0x8b, 0x30, 0x1e, 0x1f, 0x2c, 0xc5, 0x8d, 0x59,
  0x28, 0x61, 0x1c, 0x08, 0x1d, 0x20, 0x17, 0x87, 0x62, 0x56, 0x57, 0x22,
  0x58, 0x18, 0x8e, 0x8f, 0x8d, 0x59, 0x28, 0x63, 0x1c, 0x08, 0x1d, 0x20,
  0x17, 0x89, 0x64, 0x65, 0x56, 0x57, 0x22, 0x58, 0x18, 0x8e, 0x31, 0x15,
  0x66, 0x14, 0x04, 0x14, 0x32, 0x6b, 0x6c, 0x20, 0x21, 0x22, 0x31, 0x15,
  0x16, 0x63, 0xae, 0x05, 0xaf, 0xb0, 0x70, 0x03, 0xb1, 0x00, 0x2a, 0x71,
  0x2f, 0x72, 0x2f, 0x73, 0x74, 0x2f, 0x75, 0x04, 0x04, 0x54, 0x55, 0x54,
  0x55, 0x76, 0x77, 0x78, 0x04, 0x79, 0x7a, 0x2a, 0x7b, 0xb2, 0x2d, 0x22,
  0xb3, 0x7c, 0x7d, 0x7e, 0x7f, 0x1c, 0x08, 0x08, 0x1d, 0x20, 0x80, 0xb4,
  0x4f, 0x16, 0x18, 0x15, 0x2b, 0x81, 0x82, 0xb5, 0x83, 0xb6, 0x09, 0x6a,
  0x00, 0x09, 0x05, 0x01, 0x68, 0xb7, 0x06, 0x25, 0x0e, 0x46, 0x10, 0x47,
  0x67, 0x48, 0x49, 0x4a, 0x4b, 0x2c, 0x4c, 0x1f, 0x4d, 0x11, 0x07, 0x02,
  0x10, 0x11, 0x07, 0x02, 0x4e, 0x59, 0x5a, 0x5b, 0xb8, 0x5c, 0x0f, 0x5d,
  0x0f, 0x5e, 0x34, 0x5f, 0x60, 0x33, 0x26, 0x61, 0x62, 0xe5, 0x19, 0xe6,
  0xe7, 0x84, 0xe8, 0x84, 0xe9, 0xea, 0xeb, 0xec, 0xed, 0xee, 0xef, 0x85,
  0xf0, 0xf1, 0xf2, 0xf3, 0xf4, 0xf5, 0xf6, 0xf7, 0xf8, 0xf9, 0xfa, 0xfb,
  0x6d, 0x6e, 0x85, 0xfc, 0x33, 0x69, 0x1b, 0xfd, 0xfe, 0xff, 0x00, 0x01,
  0x02, 0x03, 0x02, 0x03, 0x04, 0x05, 0x06, 0x07, 0x10, 0x1b, 0x1c, 0xbe,
  0x01, 0xa3, 0x81, 0x96, 0x40, 0x96, 0x40, 0x96, 0x40, 0xed, 0x89, 0xfc,
  0xb6, 0x96, 0x40, 0xfc, 0x99, 0xcc, 0x42, 0xa3, 0x81, 0xfc, 0xb6, 0xea,
  0xaa, 0xfc, 0xb6, 0xa3, 0x81, 0xed, 0x77, 0xed, 0x77, 0xed, 0x77, 0xed,
  0x77, 0xd3, 0xbf, 0x97, 0x85, 0xed, 0x77, 0xd3, 0xbf, 0xbb, 0x4c, 0xed,
  0x77, 0xd3, 0xbf, 0xa5, 0x4f, 0xf7, 0x38, 0xa5, 0x4f, 0xa5, 0x4f, 0xd0,
  0x8a, 0xcc, 0x42, 0xa5, 0x4f, 0xeb, 0x75, 0xbb, 0x4c, 0xd0, 0x8a, 0xbc,
  0x97, 0xfc, 0x99, 0xda, 0x6e, 0xfc, 0x99, 0xed, 0x70, 0xd0, 0x8a, 0xd0,
  0x8a, 0xbb, 0x4c, 0x9d, 0x69, 0xf7, 0x38, 0xf7, 0x38, 0xaa, 0x49, 0xe8,
  0x5a, 0xed, 0x89, 0xed, 0x89, 0xe8, 0x5a, 0x06, 0xaa, 0x49, 0xed, 0x89,
  0x9e, 0x3e, 0xbc, 0x97, 0xda, 0x6e, 0xb4, 0xa5, 0x9e, 0x3e, 0x9e, 0x3e,
  0xfa, 0x87, 0x9e, 0x3e, 0x9e, 0x3e, 0xf7, 0x33, 0xbc, 0x97, 0xda, 0x6e,
  0xf8, 0x6b, 0xf7, 0x33, 0x9c, 0x75, 0xf8, 0x6b, 0x8a, 0x5a, 0xf7, 0x33,
  0x93, 0x8a, 0x8a, 0x5a, 0xc9, 0xb0, 0xb4, 0xa5, 0xfa, 0x87, 0xb4, 0xa5,
  0xfa, 0x87, 0xb4, 0xa5, 0xfa, 0x87, 0xb4, 0xa5, 0xfa, 0x87, 0xed, 0x89,
  0xc8, 0x5f, 0xc9, 0xb0, 0xc9, 0xb0, 0x9c, 0x75, 0x8a, 0x5a, 0xf8, 0x6b,
  0x8a, 0x5a, 0xf8, 0x6b, 0x93, 0x8a, 0x9c, 0x75, 0x93, 0x8a, 0xa9, 0x33,
  0xc8, 0x5f, 0xc8, 0x5f, 0xc8, 0x5f, 0xc8, 0x5f, 0xc8, 0x5f, 0xe8, 0x5a,
  0xa9, 0x33, 0xaa, 0x49, 0x9e, 0x3e, 0x9e, 0x3e, 0xa9, 0x33, 0xcb, 0x52,
  0xbc, 0x97, 0xda, 0x6e, 0xe8, 0x5a, 0x06, 0xaa, 0x49, 0xcb, 0x52, 0xcb,
  0x52, 0x8e, 0xc3, 0xaa, 0x49, 0xc5, 0x74, 0xcc, 0x42, 0x8e, 0xc3, 0xf7,
  0x38, 0x8e, 0xc3, 0xe9, 0x4d, 0xcd, 0x3c, 0xed, 0x89, 0xe1, 0x3f, 0xbc,
  0x97, 0xda, 0x6e, 0xcd, 0x3c, 0xe1, 0x3f, 0xe1, 0x3f, 0xe8, 0x5a, 0xe1,
  0x3f, 0xe1, 0x3f, 0xe8, 0x5a, 0xe1, 0x3f, 0xe1, 0x3f, 0xe8, 0x5a, 0xcc,
  0x52, 0xbc, 0x97, 0xda, 0x6e, 0xcd, 0x3c, 0xcc, 0x52, 0xcc, 0x52, 0xf2,
  0x33, 0xc8, 0x31, 0x8e, 0xc3, 0xde, 0x8e, 0x9d, 0x69, 0xec, 0x75, 0xcd,
  0x3c, 0xea, 0xaa, 0xb7, 0x33, 0xda, 0x8c, 0xc8, 0x31, 0xc8, 0x31, 0xf2,
  0x33, 0xde, 0x8e, 0xcf, 0x35, 0xde, 0x8e, 0xf2, 0x33, 0xe8, 0x62, 0xec,
  0x75, 0x97, 0x51, 0xe8, 0x62, 0xe8, 0x62, 0x88, 0x82, 0xec, 0x75, 0x88,
  0x82, 0x97, 0x51, 0x88, 0x82, 0x97, 0x51, 0xf5, 0x48, 0xda, 0x8c, 0xcf,
  0x35, 0xda, 0x8c, 0xcf, 0x35, 0x88, 0x82, 0xb7, 0x33, 0xc8, 0x31, 0xde,
  0x8e, 0xf5, 0x48, 0xda, 0x8c, 0xcf, 0x35, 0xf5, 0x48, 0x88, 0x82, 0xb7,
  0x33, 0x90, 0xa7, 0xda, 0x8c, 0xcf, 0x35, 0xb1, 0x72, 0x88, 0x82, 0x90,
  0xa7, 0xf5, 0x48, 0x90, 0xa7, 0xb7, 0x33, 0xb1, 0x72, 0xb1, 0x72, 0xb1,
  0x72, 0xc8, 0x31, 0xde, 0x8e, 0xe9, 0x4d, 0xc5, 0x74, 0xb7, 0x33, 0xf2,
  0x33, 0xf7, 0x38, 0xe9, 0x4d, 0xc5, 0x74, 0xc9, 0x6e, 0xbb, 0x3e, 0xd6,
  0xaa, 0xa3, 0x81, 0xb8, 0xbb, 0xd6, 0xaa, 0xbb, 0x3e, 0x85, 0xb5, 0xd6,
  0xaa, 0xa3, 0x81, 0xbb, 0x3e, 0x9f, 0xc0, 0xa3, 0x81, 0xb8, 0xbb, 0x8c,
  0x3e, 0xa3, 0x81, 0xb8, 0xbb, 0xc9, 0x6e, 0x9f, 0xc0, 0x85, 0xb5, 0x8c,
  0x3e, 0x85, 0xb5, 0x8c, 0x3e, 0x85, 0xb5, 0x9f, 0xc0, 0x85, 0xb5, 0xac,
  0x55, 0x02, 0xac, 0x55, 0xa3, 0x81, 0xa3, 0x81, 0xa3, 0x81, 0xac, 0x55,
  0xc1, 0x7d, 0x03, 0xab, 0x9f, 0xa3, 0x81, 0xbe, 0x7a, 0xa3, 0x81, 0xb2,
  0x5a, 0xa3, 0x81, 0xc1, 0x7d, 0xac, 0x55, 0xab, 0x9f, 0xbe, 0x7a, 0xab,
  0x9f, 0xb2, 0x5a, 0xb2, 0x5a, 0xb2, 0x5a, 0xb2, 0x5a, 0xbe, 0x7a, 0xbe,
  0x7a, 0xbe, 0x7a, 0xab, 0x9f, 0xab, 0x9f, 0xc1, 0x7d, 0xac, 0x55, 0xc9,
  0x6e, 0xc1, 0x7d, 0xc4, 0xbf, 0xed, 0x70, 0xea, 0xaa, 0xa3, 0x81, 0x9d,
  0x69, 0xa5, 0x4f, 0xa5, 0x4f, 0xeb, 0x75, 0xe9, 0x4d, 0xbb, 0x4c, 0xe9,
  0x4d, 0xbb, 0x4c, 0xe9, 0x4d, 0xbb, 0x4c, 0xe9, 0x4d, 0x97, 0x85, 0xc9,
  0x6e, 0xed, 0x70, 0x8e, 0xc3, 0x97, 0x85, 0x8e, 0xc3, 0x97, 0x85, 0x8e,
  0xc3, 0x97, 0x85, 0x8e, 0xc3, 0xd0, 0x87, 0xef, 0x44, 0xbc, 0x97, 0xfc,
  0x99, 0xb1, 0x3c, 0xef, 0x44, 0xef, 0x44, 0xb2, 0x65, 0xb1, 0x3c, 0xab,
  0xab, 0xb1, 0x3c, 0xb2, 0xa5, 0xab, 0xab, 0xb2, 0x65, 0xf4, 0x8d, 0xab,
  0xab, 0xb2, 0x65, 0xfe, 0x4b, 0xb2, 0xa5, 0xf4, 0x8d, 0xcb, 0x59, 0xa7,
  0x57, 0x92, 0x6c, 0xa7, 0x57, 0x04, 0x92, 0x6c, 0xc4, 0xbf, 0xf8, 0x45,
  0xc7, 0x6f, 0x89, 0x70, 0xb4, 0x76, 0xb6, 0xa9, 0x9f, 0xac, 0x88, 0x70,
  0xb1, 0x76, 0xb2, 0x76, 0xb3, 0x76, 0xe7, 0x3e, 0xb2, 0xa5, 0xe7, 0x3e,
  0xfe, 0x4b, 0xa7, 0x57, 0xf8, 0x45, 0x88, 0x70, 0x89, 0x70, 0xb1, 0x76,
  0xb4, 0x76, 0xb2, 0x76, 0xc7, 0x6f, 0xb3, 0x76, 0xb6, 0xa9, 0x92, 0x6c,
  0x9f, 0xac, 0xe7, 0x3e, 0xc9, 0x8f, 0xe7, 0x3e, 0xca, 0x39, 0xc9, 0x8f,
  0xe7, 0x3e, 0xe7, 0x3e, 0xa6, 0x5e, 0xca, 0x39, 0xe2, 0x36, 0xca, 0x39,
  0x9e, 0xbf, 0xca, 0x39, 0xa3, 0x7b, 0xe2, 0x36, 0x93, 0x96, 0xe2, 0x36,
  0xe2, 0x36, 0xf4, 0x33, 0x93, 0x96, 0xca, 0x39, 0xbe, 0x84, 0xf4, 0x33,
  0xf4, 0x33, 0xda, 0x86, 0xd5, 0x71, 0xbe, 0x84, 0xbe, 0x84, 0xda, 0x86,
  0xda, 0x86, 0x93, 0x96, 0xae, 0x48, 0xa3, 0x81, 0xa3, 0x7b, 0xa8, 0x57,
  0xb9, 0x91, 0xa6, 0x5e, 0xb9, 0xab, 0xa6, 0x5e, 0x9d, 0x46, 0xb9, 0x91,
  0xad, 0x55, 0x9d, 0x46, 0xad, 0x55, 0xb9, 0xab, 0xad, 0x55, 0x88, 0x70,
  0xac, 0x52, 0x9d, 0x46, 0xc0, 0x79, 0xca, 0x39, 0xa3, 0x7b, 0xca, 0x39,
  0xca, 0x39, 0xac, 0x52, 0xd5, 0x71, 0xc0, 0x79, 0xc0, 0x79, 0xac, 0x52,
  0xd5, 0x71, 0xa8, 0x57, 0xac, 0x52, 0x89, 0x70, 0xad, 0x55, 0xb4, 0x76,
  0xca, 0x39, 0xc7, 0x6f, 0xb9, 0x91, 0xb6, 0xa9, 0xb9, 0xab, 0xa8, 0x57,
  0xd5, 0x71, 0x89, 0x70, 0x88, 0x70, 0xb4, 0x76, 0xb1, 0x76, 0xc7, 0x6f,
  0xb2, 0x76, 0xb6, 0xa9, 0xb3, 0x76, 0xca, 0x39, 0xcb, 0x59, 0xf8, 0x45,
  0xa7, 0x57, 0x9f, 0xac, 0x92, 0x6c, 0xe1, 0xa5, 0xae, 0x48, 0xae, 0x55,
  0xe1, 0xa5, 0xae, 0x55, 0xa8, 0x57, 0xae, 0x55, 0xe1, 0xa5, 0xae, 0x55,
  0xf8, 0x45, 0xa7, 0x57, 0x9f, 0xac, 0x92, 0x6c, 0x8b, 0x46, 0xa0, 0x88,
  0xae, 0x48, 0xbc, 0x9b, 0xb4, 0x76, 0xcb, 0x3c, 0xbf, 0x50, 0xc7, 0x6f,
  0xde, 0xa3, 0xca, 0x39, 0xc4, 0x6b, 0xc5, 0x6c, 0xde, 0xa3, 0xa3, 0x7c,
  0xc5, 0x6c, 0xc9, 0x3c, 0xde, 0xa3, 0xb5, 0x9d, 0xc9, 0x3c, 0xd2, 0x32,
  0xde, 0xa3, 0x8d, 0x96, 0xa3, 0x7c, 0xb5, 0x9d, 0xd2, 0x32, 0x8d, 0x96,
  0xa3, 0x7c, 0xc4, 0x6b, 0xc5, 0x6c, 0x8d, 0x96, 0xb5, 0x9d, 0xc4, 0x6b,
  0xc9, 0x3c, 0xc4, 0x6b, 0xd2, 0x32, 0x9f, 0xaa, 0xb6, 0xa9, 0xc4, 0x6b,
  0xcb, 0x3c, 0x9f, 0xaa, 0xbf, 0x50, 0x9f, 0xaa, 0xcb, 0x3c, 0x89, 0x70,
  0xbf, 0x50, 0xb6, 0xa9, 0x99, 0x46, 0xbf, 0x50, 0xcb, 0x3c, 0xbc, 0x7c,
  0xbf, 0x50, 0xbf, 0x50, 0xbf, 0x50, 0xa3, 0x81, 0xd3, 0x5f, 0xa3, 0x81,
  0xbc, 0x7c, 0x99, 0x46, 0xbc, 0x7c, 0x99, 0x46, 0x8a, 0x40, 0xbf, 0x50,
  0xd3, 0x5f, 0xbf, 0x50, 0xd3, 0x5f, 0xbf, 0x50, 0xd3, 0x5f, 0xbf, 0x50,
  0xae, 0x52, 0xc1, 0xa5, 0xbf, 0x50, 0x80, 0x31, 0x8a, 0x40, 0xe6, 0x79,
  0x8a, 0x40, 0x8a, 0x40, 0x80, 0x31, 0xbf, 0x50, 0xbf, 0x50, 0xc1, 0xa5,
  0x92, 0xa2, 0xe6, 0x79, 0xe6, 0x79, 0xe6, 0x91, 0xbf, 0x50, 0x80, 0x31,
  0xaf, 0x55, 0xc3, 0x92, 0x92, 0xa2, 0xe6, 0x91, 0xc3, 0x92, 0xaf, 0x55,
  0xd4, 0xbd, 0x92, 0xa2, 0xc3, 0x92, 0xc3, 0x92, 0xe6, 0x91, 0xe6, 0x91,
  0xb6, 0xa0, 0xe6, 0x91, 0xc3, 0x92, 0xaf, 0x55, 0xd4, 0xbd, 0xd4, 0xbd,
  0xb6, 0xa0, 0xb6, 0xa0, 0xad, 0x52, 0xbf, 0x50, 0xa0, 0x81, 0xe6, 0x91,
  0xf7, 0xa4, 0xc4, 0x92, 0x92, 0xa2, 0xa0, 0x81, 0xc4, 0x92, 0xf7, 0xa4,
  0xd5, 0xbd, 0x92, 0xa2, 0xc4, 0x92, 0xc4, 0x92, 0xa0, 0x81, 0xa0, 0x81,
  0xb7, 0xa0, 0xa0, 0x81, 0xc4, 0x92, 0xf7, 0xa4, 0xd5, 0xbd, 0xd5, 0xbd,
  0xb7, 0xa0, 0xb7, 0xa0, 0xad, 0x52, 0xaf, 0x55, 0xf7, 0xa4, 0xad, 0x52,
  0xaf, 0x55, 0xae, 0x52, 0xad, 0x52, 0xfc, 0x3d, 0xbf, 0x50, 0xaa, 0xaf,
  0xfc, 0x3d, 0x83, 0x44, 0xbf, 0x50, 0x94, 0xbf, 0x83, 0x44, 0x84, 0x44,
  0xbf, 0x50, 0x81, 0x31, 0x8a, 0x40, 0xe8, 0x4e, 0x8a, 0x40, 0x8a, 0x40,
  0x81, 0x31, 0xbf, 0x50, 0xbf, 0x50, 0xf4, 0x42, 0xe8, 0x4e, 0xa1, 0x5a,
  0xa1, 0x5a, 0xf4, 0x42, 0xa1, 0x5a, 0xe8, 0x4e, 0xdd, 0x94, 0xfc, 0x3d,
  0xcb, 0x3c, 0xd3, 0x8e, 0xc1, 0xa5, 0xad, 0x87, 0xf4, 0x42, 0xe8, 0x4e,
  0xd3, 0x8e, 0xcc, 0x73, 0xad, 0x87, 0xad, 0x87, 0xdd, 0x94, 0x83, 0x44,
  0xbf, 0x50, 0xbf, 0x50, 0x94, 0xbf, 0xaa, 0xaf, 0x81, 0x31, 0xa1, 0xae,
  0x81, 0x31, 0xcc, 0x73, 0xbf, 0x50, 0xcc, 0x73, 0x84, 0x44, 0x8c, 0x34,
  0x84, 0x44, 0xb3, 0x4a, 0xa1, 0xae, 0x8c, 0x34, 0xb3, 0x4a, 0x8c, 0x34,
  0xa1, 0xae, 0x8c, 0x34, 0xb3, 0x4a, 0xa1, 0xae, 0xb2, 0x5e, 0xbf, 0x50,
  0xb3, 0x4a, 0xdd, 0x94, 0x96, 0x47, 0xb2, 0x5e, 0xb2, 0x5e, 0xd3, 0x9c,
  0xfa, 0x31, 0x96, 0x47, 0xd3, 0x9c, 0x94, 0xbf, 0xdf, 0x3e, 0xb2, 0x5e,
  0x96, 0x47, 0xfa, 0x31, 0xd3, 0x9c, 0x94, 0xb4, 0xdf, 0x3e, 0xba, 0x6d,
  0xdf, 0x3e, 0xb6, 0x6f, 0xa1, 0x5a, 0xbf, 0x50, 0xbf, 0x50, 0xd3, 0x8e,
  0xb7, 0x6f, 0xa1, 0x5a, 0x94, 0xb4, 0xba, 0x6d, 0xbf, 0x50, 0xbf, 0x50,
  0xd3, 0x8e, 0xc2, 0x79, 0xa1, 0x5a, 0x94, 0xb4, 0xba, 0x6d, 0xbf, 0x50,
  0xbf, 0x50, 0xd3, 0x8e, 0xc3, 0x79, 0xa1, 0x5a, 0xba, 0x6d, 0x94, 0xb4,
  0xbf, 0x50, 0xbf, 0x50, 0xd3, 0x8e, 0xc4, 0x79, 0xa1, 0x5a, 0x94, 0xb4,
  0xba, 0x6d, 0xbf, 0x50, 0xbf, 0x50, 0xd3, 0x8e, 0xbd, 0x6f, 0xb6, 0x6f,
  0xb6, 0x6f, 0xfa, 0x31, 0xb7, 0x6f, 0xb7, 0x6f, 0xfa, 0x31, 0xc2, 0x79,
  0xc2, 0x79, 0xfa, 0x31, 0xc3, 0x79, 0xc3, 0x79, 0xfa, 0x31, 0xc4, 0x79,
  0xc4, 0x79, 0xfa, 0x31, 0xe7, 0x91, 0xaa, 0xaf, 0x81, 0x31, 0x81, 0x45,
  0xe7, 0x91, 0xbd, 0x6f, 0x81, 0x45, 0xd6, 0xbd, 0xbd, 0x6f, 0xbd, 0x6f,
  0xbd, 0x6f, 0xe7, 0x91, 0xe7, 0x91, 0xb8, 0xa0, 0xe7, 0x91, 0xbd, 0x6f,
  0x81, 0x45, 0xd6, 0xbd, 0xd6, 0xbd, 0xb8, 0xa0, 0xb8, 0xa0, 0xc0, 0x7a,
  0xe7, 0x91, 0xf8, 0xa4, 0xc0, 0x7a, 0xbd, 0x6f, 0xf8, 0xa4, 0xd7, 0xbd,
  0xbd, 0x6f, 0xbd, 0x6f, 0xbd, 0x6f, 0xc0, 0x7a, 0xc0, 0x7a, 0xb9, 0xa0,
  0xc0, 0x7a, 0xbd, 0x6f, 0xf8, 0xa4, 0xd7, 0xbd, 0xd7, 0xbd, 0xb9, 0xa0,
  0xb9, 0xa0, 0xae, 0x52, 0x81, 0x45, 0xf8, 0xa4, 0xdf, 0xa2, 0x8a, 0x40,
  0x8a, 0x40, 0xef, 0x7f, 0xdf, 0xa2, 0xbf, 0x50, 0xbf, 0x50, 0xc1, 0xa5,
  0xae, 0x52, 0xdf, 0xa2, 0xef, 0x7f, 0xef, 0x7f, 0xae, 0x52, 0xbc, 0x9b,
  0xae, 0x52, 0xbc, 0x9b, 0xec, 0x4e, 0xed, 0x5a, 0xa6, 0x5e, 0xbc, 0x9b,
  0xf3, 0x57, 0x8d, 0x6b, 0xd1, 0x37, 0xd0, 0x56, 0xbd, 0x61, 0xa3, 0x7b,
  0xda, 0x96, 0xd0, 0x56, 0x85, 0xa3, 0xd0, 0x56, 0xd0, 0x56, 0x87, 0xa3,
  0xbd, 0x61, 0xbd, 0x61, 0x82, 0x40, 0x85, 0xa3, 0xdd, 0x3c, 0x85, 0xa3,
  0x82, 0x40, 0xb3, 0x38, 0x87, 0xa3, 0x87, 0xa3, 0xdd, 0x3c, 0xc3, 0xaa,
  0xd1, 0x37, 0x88, 0x3a, 0xda, 0x96, 0xda, 0x96, 0x82, 0x40, 0xc3, 0xaa,
  0xa6, 0xa4, 0xc3, 0xaa, 0xc3, 0xaa, 0xb9, 0x3d, 0xb9, 0x3d, 0xa7, 0x57,
  0xec, 0x53, 0xd5, 0x3e, 0xfb, 0x47, 0xa9, 0x57, 0xa6, 0xa4, 0xfc, 0x65,
  0xfc, 0x65, 0xd1, 0x37, 0xec, 0x53, 0xdd, 0x3c, 0xb3, 0x38, 0xa9, 0x57,
  0x88, 0x3a, 0xec, 0x53, 0xec, 0x53, 0xec, 0x53, 0x88, 0x3a, 0xd5, 0x3e,
  0xfb, 0x47, 0xec, 0x53, 0xa9, 0x57, 0xc3, 0xaa, 0xfc, 0x65, 0xb9, 0x3d,
  0xec, 0x53, 0xd5, 0x3e, 0xfb, 0x47, 0xb9, 0x3d, 0xb6, 0x93, 0xfb, 0x47,
  0xf3, 0x57, 0xfb, 0x47, 0x8d, 0x6b, 0xbc, 0x9b, 0xd5, 0x3e, 0xb6, 0x93,
  0xb6, 0x93, 0xf3, 0x57, 0xa7, 0x57, 0x8d, 0x6b, 0xbc, 0x9b, 0xec, 0x4e,
  0xf3, 0x57, 0xed, 0x5a, 0x8d, 0x6b, 0xec, 0x4e, 0xa7, 0x57, 0xed, 0x5a,
  0xbc, 0x9b, 0xed, 0x5a, 0xf8, 0x45, 0xec, 0x4e, 0x9f, 0xac, 0x92, 0x6c,
  0x8b, 0x46, 0xec, 0x4e, 0xa0, 0x88, 0xed, 0x5a, 0x8b, 0x46, 0xa7, 0x57,
  0xa0, 0x88, 0xf2, 0x5e, 0xfc, 0xb6, 0xa3, 0x7b, 0xc9, 0x72, 0xae, 0x48,
  0x90, 0x58, 0xa3, 0x81, 0xf2, 0x5e, 0xf0, 0x3f, 0x90, 0x58, 0xf7, 0x38,
  0xc1, 0x5f, 0xf7, 0x38, 0x90, 0x58, 0x90, 0x58, 0xf0, 0x3f, 0xf0, 0x3f,
  0xff, 0x87, 0xa3, 0x7b, 0xf2, 0x5e, 0xf0, 0x33, 0xff, 0x87, 0xff, 0x87,
  0xf8, 0x45, 0x8b, 0x46, 0x9f, 0xac, 0x92, 0x6c, 0x97, 0x85, 0xbb, 0x4c,
  0xbb, 0x4c, 0xbb, 0x4c, 0xf0, 0x33, 0xf0, 0x33, 0xff, 0x87, 0xc1, 0x5f,
  0xc1, 0x5f, 0xc9, 0x72, 0xcc, 0x42, 0x9d, 0x69, 0xcc, 0x42, 0xcc, 0x42,
  0x9d, 0x69, 0xcc, 0x42, 0xc9, 0x72, 0x9d, 0x69, 0xc9, 0x72, 0xc9, 0x72,
  0x9d, 0x69, 0xeb, 0x75, 0xca, 0x39, 0xca, 0x39, 0x9e, 0xbf, 0x9e, 0xbf,
  0xa8, 0x57, 0xc9, 0x72, 0xa0, 0x88, 0xb0, 0x52, 0xd7, 0xaa, 0xf4, 0x8d,
  0xb0, 0x55, 0xd7, 0xaa, 0xb0, 0x55, 0xb0, 0x55, 0xd7, 0xaa, 0xaf, 0x52,
  0xb0, 0x55, 0xaf, 0x52, 0x92, 0x6c, 0xbe, 0x01, 0xf4, 0x8d, 0xaf, 0x52,
  0x92, 0x6c, 0xb0, 0x52, 0xaf, 0x52, 0xb0, 0x52, 0x92, 0x6c, 0xd0, 0x87,
  0xb0, 0x52, 0xd0, 0x87, 0xc4, 0xbf, 0xd5, 0x7a, 0xd0, 0x87, 0xd5, 0x7a,
  0xd0, 0x87, 0xd5, 0x7a, 0xd0, 0x87, 0xd5, 0x7a, 0xd0, 0x87, 0xe6, 0x6e,
  0xd5, 0x7a, 0xd0, 0xab, 0xd5, 0x7a, 0xd0, 0xab, 0xe6, 0x6e, 0xd0, 0xab,
  0xe6, 0x6e, 0xd0, 0xab, 0xe6, 0x6e, 0xd0, 0xab, 0xa9, 0x7e, 0xae, 0xa2,
  0xd5, 0x9c, 0xa9, 0x7e, 0xd5, 0x9c, 0xae, 0xa2, 0xd5, 0x9c, 0xae, 0xa2,
  0xb7, 0x72, 0xa9, 0x7e, 0x8f, 0x3a, 0xb7, 0x72, 0x8f, 0x3a, 0xb7, 0x72,
  0xb7, 0x72, 0x8f, 0x3a, 0x8f, 0x57, 0x8f, 0x3a, 0xd5, 0x9c, 0xb4, 0x4a,
  0xfe, 0x3d, 0xb4, 0x4a, 0xa9, 0x7e, 0xfe, 0x3d, 0xfe, 0x3d, 0xd5, 0x9c,
  0xb4, 0x4a, 0x86, 0x71, 0xb4, 0x4a, 0x8f, 0x57, 0xd1, 0x87, 0xd1, 0x87,
  0x86, 0x71, 0xa9, 0x7e, 0x8f, 0x3a, 0xd5, 0x9c, 0xd1, 0x87, 0x86, 0x71,
  0xae, 0xa2, 0xd1, 0x87, 0x8f, 0x57, 0x85, 0x7a, 0xa4, 0x31, 0x85, 0x7a,
  0xae, 0xa2, 0xae, 0xa2, 0xa4, 0x31, 0xa4, 0x31, 0xa4, 0x31, 0x29, 0x1d,
  0x01, 0x00, 0x4f, 0x12, 0x00, 0x00, 0xb5, 0x04, 0x00, 0x00, 0x4f, 0x12,
  0x00, 0x00, 0x0c, 0x0d, 0x00, 0x00, 0xb4, 0xf0, 0x02, 0x32, 0x33, 0x02,
  0x34, 0x02, 0xf0, 0xf0, 0x07, 0xf0, 0xf0, 0xf0, 0x0c, 0xe1, 0x0e, 0xf0,
  0x0c, 0xe1, 0x0e, 0xf0, 0xf0, 0x0c, 0xe1, 0x0e, 0xf0, 0x0c, 0xe1, 0x0e,
  0xf0, 0xf0, 0x0c, 0xe1, 0x0e, 0xf0, 0xf0, 0x0c, 0xe1, 0x0e, 0xf0, 0x0c,
  0xe1, 0x0e, 0x06, 0x02, 0x3a, 0x07, 0x3b, 0x3c, 0x3d, 0x3e, 0x3f, 0x40,
  0x41, 0x06, 0x02, 0x42, 0x43, 0x22, 0x44, 0x02, 0x45, 0x07, 0x46, 0x06,
  0x02, 0x47, 0x07, 0x48, 0x49, 0x4a, 0x4b, 0x4c, 0x4d, 0x4e, 0x4f, 0x50,
  0x51, 0x52, 0x53, 0x54, 0x55, 0x56, 0x57, 0x58, 0x59, 0x5a, 0x5b, 0x5c,
  0x5d, 0x5e, 0x5f, 0x60, 0x61, 0x62, 0x63, 0x64, 0x65, 0x66, 0x67, 0x68,
  0x69, 0x6a, 0x6b, 0x6c, 0x6d, 0x6e, 0x6f, 0x70, 0x71, 0x72, 0x73, 0x74,
  0x75, 0x76, 0x77, 0x78, 0x79, 0x7a, 0x7b, 0x7c, 0x7d, 0x7e, 0x7f, 0x80,
  0x81, 0x82, 0x83, 0x84, 0x85, 0x86, 0x87, 0x88, 0x89, 0x8a, 0x8b, 0x8c,
  0x8d, 0x8e, 0x8f, 0x90, 0x91, 0x92, 0x93, 0x94, 0x95, 0x96, 0x97, 0x98,
  0x99, 0x9a, 0x9b, 0x9c, 0x9d, 0x9e, 0x9f, 0xa0, 0xa1, 0x06, 0x02, 0xc2,
  0x07, 0xc3, 0xc4, 0xc5, 0xc6, 0xc7, 0xc8, 0xc9, 0xca, 0xcb, 0xcc, 0x06,
  0x02, 0xcd, 0x07, 0xce, 0x06, 0x02, 0xf0, 0x07, 0xf0, 0xf0, 0xf0, 0x06,
  0x02, 0xf0, 0xf0, 0xf0, 0xfe, 0xf0, 0xf0, 0xfe, 0xf0, 0xf1, 0xf1, 0xf0,
  0xfe, 0xf1, 0xf0, 0xf0, 0x22, 0xf0, 0x02, 0xf0, 0x07, 0xf0, 0x06, 0x02,
  0xf0, 0xf0, 0x22, 0xf0, 0x02, 0xf0, 0x07, 0xf0, 0x06, 0x02, 0xf0, 0x07,
  0xf0, 0x06, 0x02, 0xf0, 0xf0, 0xf0, 0xf0, 0xf2, 0xf2, 0xf1, 0xfe, 0x21,
  0xf1, 0xfe, 0x21, 0xb9, 0xfe, 0x21, 0xf1, 0xfe, 0x21, 0xf1, 0xfe, 0x21,
  0xf0, 0xfe, 0x21, 0xf1, 0xfe, 0x21, 0xb9, 0xfe, 0x21, 0x02, 0xa2, 0xb7,
  0xf0, 0xf0, 0xf0, 0xa3, 0xa4, 0xb8, 0xf0, 0xf0, 0xf0, 0xf0, 0xf0, 0xf2,
  0xf0, 0xf0, 0xf0, 0xf0, 0xf0, 0xf0, 0xf0, 0xf0, 0xf0, 0x06, 0x02, 0xa5,
  0xa6, 0xa7, 0xa8, 0xa9, 0xaa, 0xab, 0x06, 0x02, 0xf0, 0xf0, 0xf0, 0x06,
  0x02, 0xf0, 0xfe, 0xf0, 0x02, 0x35, 0x07, 0xf0, 0x06, 0x02, 0x38, 0x07,
  0xaf, 0xb0, 0xac, 0xad, 0xcf, 0x06, 0x02, 0xf0, 0x07, 0xae, 0xf0, 0x36,
  0x13, 0xfe, 0xf0, 0x13, 0xfe, 0x00, 0xf0, 0x0c, 0x0b, 0xfe, 0xf0, 0x0e,
  0x20, 0x0c, 0x0b, 0xfe, 0xf0, 0x0e, 0x11, 0xfe, 0x00, 0x13, 0xfe, 0x27,
  0xfe, 0x05, 0xbf, 0xfe, 0xf0, 0x11, 0xfe, 0xf0, 0xfe, 0x03, 0xfe, 0xf0,
  0x13, 0xfe, 0xf0, 0xfe, 0x03, 0xfe, 0x05, 0x14, 0xfe, 0xf0, 0x1a, 0xfe,
  0xf0, 0x1a, 0xfe, 0xf0, 0x1a, 0xfe, 0xf0, 0x11, 0xfe, 0xf0, 0x13, 0xfe,
  0x01, 0xfe, 0xf0, 0xfe, 0x00, 0x13, 0xfe, 0x1f, 0xfe, 0xf0, 0xfe, 0x05,
  0x11, 0xfe, 0xf0, 0x11, 0xfe, 0x01, 0xfe, 0xd0, 0xfe, 0x00, 0x14, 0xfe,
  0xf0, 0xfe, 0x03, 0xfe, 0xf0, 0x13, 0xfe, 0xf0, 0xfe, 0xf0, 0xfe, 0xf0,
  0x11, 0xfe, 0x01, 0xfe, 0x15, 0x11, 0xfe, 0xf0, 0xfe, 0x16, 0x13, 0xfe,
  0xf0, 0xfe, 0xf0, 0xfe, 0xf0, 0xfe, 0x05, 0x11, 0xfe, 0x01, 0xfe, 0xd0,
  0xfe, 0x00, 0x11, 0xfe, 0x00, 0x14, 0xfe, 0x00, 0xf0, 0x0c, 0x0b, 0xfe,
  0xf0, 0xe9, 0xfe, 0xf0, 0x0d, 0x0a, 0xfe, 0x01, 0xfe, 0x00, 0x0a, 0xfe,
  0xe8, 0x19, 0x10, 0xe9, 0xfe, 0xf0, 0x0d, 0x0f, 0xfe, 0xeb, 0xfe, 0x03,
  0xfe, 0xf0, 0xf0, 0xfe, 0xf0, 0xfe, 0xd2, 0xfe, 0xf0, 0xf0, 0xfe, 0xf0,
  0xfe, 0xd2, 0xfe, 0xf0, 0xf0, 0xfe, 0xf0, 0xfe, 0x03, 0xfe, 0xf0, 0xd1,
  0xfe, 0x01, 0xfe, 0x15, 0xd1, 0xfe, 0xf0, 0xfe, 0x00, 0xd1, 0xfe, 0x01,
  0xfe, 0x16, 0xd1, 0xfe, 0xf0, 0xfe, 0x00, 0xf0, 0xfe, 0xf0, 0xfe, 0xf0,
  0xfe, 0xf0, 0xfe, 0xf0, 0xfe, 0xf0, 0xfe, 0xf0, 0xfe, 0xf0, 0xfe, 0xf0,
  0xfe, 0xf0, 0xfe, 0x00, 0xf0, 0xfe, 0xf0, 0xfe, 0xd0, 0xfe, 0xf0, 0xfe,
  0xd0, 0xfe, 0x03, 0xfe, 0xd0, 0xfe, 0x03, 0xfe, 0xd0, 0xfe, 0x03, 0xfe,
  0xd0, 0xfe, 0x05, 0xf0, 0xfe, 0x01, 0xfe, 0xf0, 0xfe, 0xf0, 0xfe, 0xf0,
  0xfe, 0x1b, 0xfe, 0xef, 0x0a, 0xfe, 0x01, 0xfe, 0x00, 0x0a, 0xfe, 0xf0,
  0xfe, 0xd2, 0xfe, 0xf0, 0xfe, 0x05, 0x19, 0x10, 0xe7, 0x0d, 0x0f, 0xfe,
  0xeb, 0xfe, 0x03, 0xfe, 0xf0, 0x0a, 0xfe, 0x01, 0xfe, 0x00, 0x0a, 0xfe,
  0xf0, 0xfe, 0xd2, 0xfe, 0xf0, 0x19, 0x10, 0xf0, 0xf0, 0x11, 0xfe, 0xf0,
  0xfe, 0x05, 0x11, 0xfe, 0xf0, 0xfe, 0xd9, 0xfe, 0xf0, 0xfe, 0xf0, 0xfe,
  0xf0, 0x11, 0xfe, 0x00, 0xf0, 0x0c, 0x17, 0xfe, 0x00, 0xe9, 0xfe, 0xf0,
  0x0d, 0x0f, 0xfe, 0xeb, 0xfe, 0x03, 0xfe, 0xf0, 0x0a, 0xfe, 0xf0, 0xfe,
  0xd2, 0xfe, 0xf0, 0xfe, 0xf0, 0xfe, 0xd2, 0xfe, 0xf0, 0xfe, 0xf0, 0xfe,
  0xd2, 0xfe, 0xf0, 0xfe, 0x1e, 0x10, 0xe7, 0x0d, 0x0f, 0xfe, 0xeb, 0xfe,
  0x03, 0xfe, 0xf0, 0x0a, 0xfe, 0xf0, 0xfe, 0xd2, 0xfe, 0xf1, 0x10, 0xd5,
  0xfe, 0x00, 0xd5, 0xfe, 0xf1, 0xfe, 0x05, 0xd5, 0xfe, 0xf1, 0xfe, 0x05,
  0xd5, 0xfe, 0xf1, 0xfe, 0xf1, 0xfe, 0x05, 0xd5, 0xfe, 0x00, 0x30, 0x0d,
  0xd1, 0xfe, 0xf0, 0xfe, 0xf0, 0xfe, 0x05, 0x0a, 0xfe, 0xf0, 0xfe, 0x00,
  0xd1, 0xfe, 0xf0, 0xfe, 0xf1, 0xfe, 0x05, 0xd1, 0xfe, 0xf0, 0xfe, 0x05,
  0xd1, 0xfe, 0xf0, 0xfe, 0xf0, 0xfe, 0x05, 0xd1, 0xfe, 0x00, 0xe0, 0xfe,
  0xf1, 0x08, 0x04, 0xfe, 0x01, 0xfe, 0x00, 0x09, 0x18, 0x08, 0x04, 0xfe,
  0xf1, 0xfe, 0x00, 0x09, 0xd1, 0xfe, 0x00, 0xf1, 0xfe, 0x03, 0xfe, 0xf1,
  0xfe, 0x03, 0xfe, 0xf0, 0xfe, 0xf1, 0x08, 0x04, 0xfe, 0xf1, 0xfe, 0x03,
  0xfe, 0x05, 0x29, 0x09, 0x18, 0x08, 0x04, 0xfe, 0x01, 0xfe, 0xd9, 0xfe,
  0x00, 0xf0, 0xfe, 0xf0, 0xfe, 0x12, 0xd6, 0xd4, 0xfe, 0xf0, 0xf0, 0xd7,
  0x09, 0xd1, 0xfe, 0xf0, 0xfe, 0xd8, 0xfe, 0x05, 0xd1, 0xfe, 0xf1, 0xfe,
  0xd8, 0xfe, 0xf1, 0xfe, 0xd8, 0xfe, 0xf1, 0x0a, 0xfe, 0xf0, 0xfe, 0xd0,
  0xfe, 0xf1, 0xfe, 0xf1, 0xfe, 0x03, 0xfe, 0x1e, 0x19, 0x31, 0x0b, 0xfe,
  0xed, 0xfe, 0xf1, 0xfe, 0xf0, 0xfe, 0xf1, 0xfe, 0xf0, 0x0e, 0x20, 0x0c,
  0x0b, 0xfe, 0x01, 0xfe, 0x00, 0x0e, 0x13, 0xfe, 0x00, 0xf0, 0x0c, 0xf1,
  0x0d, 0xf1, 0xfe, 0xf1, 0x0f, 0xfe, 0xf1, 0xfe, 0xf1, 0x0f, 0xfe, 0x01,
  0xfe, 0xf1, 0xfe, 0xf0, 0x0f, 0xfe, 0xf0, 0xfe, 0x03, 0xfe, 0xf1, 0xfe,
  0xf1, 0x0f, 0xfe, 0x01, 0xfe, 0xd8, 0xfe, 0x00, 0x0f, 0xfe, 0x01, 0xfe,
  0xd9, 0xfe, 0x00, 0x0a, 0xfe, 0xf1, 0xfe, 0xd8, 0xfe, 0xf1, 0xfe, 0xd8,
  0xfe, 0xf0, 0xfe, 0xd9, 0xfe, 0xf0, 0xfe, 0xd9, 0xfe, 0xf1, 0x19, 0x10,
  0xe7, 0x0d, 0x0f, 0xfe, 0x00, 0xe0, 0xfe, 0x12, 0x08, 0x04, 0xfe, 0xf1,
  0xfe, 0xf1, 0xfe, 0xf1, 0xfe, 0xf0, 0x09, 0x18, 0x08, 0x04, 0xfe, 0xf1,
  0x09, 0x0f, 0xfe, 0x00, 0xe0, 0xfe, 0x12, 0x08, 0xdf, 0xfe, 0x01, 0xfe,
  0x16, 0xdf, 0xfe, 0x01, 0xfe, 0x15, 0xdf, 0xfe, 0x01, 0xfe, 0x1c, 0x04,
  0xfe, 0x01, 0xfe, 0xf1, 0xfe, 0xd0, 0xfe, 0xf1, 0xfe, 0xd0, 0xfe, 0xf1,
  0xfe, 0x1d, 0xfe, 0xf1, 0xfe, 0xd0, 0xfe, 0xf1, 0xfe, 0xd0, 0xfe, 0xf0,
  0xfe, 0xd0, 0xfe, 0xf1, 0x09, 0x18, 0x08, 0x04, 0xfe, 0x01, 0xfe, 0x00,
  0x09, 0x0a, 0xfe, 0xf0, 0xfe, 0xf1, 0x19, 0x10, 0xf0, 0xf0, 0x13, 0xfe,
  0x00, 0x14, 0xfe, 0x00, 0xb6, 0xfe, 0x00, 0x13, 0xfe, 0xb5, 0xfe, 0xf1,
  0xfe, 0x03, 0xfe, 0xf1, 0xfe, 0xf1, 0xfe, 0xf1, 0xfe, 0xf1, 0xfe, 0xf1,
  0xfe, 0xf0, 0xfe, 0xf0, 0xfe, 0xf0, 0xfe, 0xf0, 0xfe, 0xf0, 0xfe, 0xf0,
  0xfe, 0xf1, 0xfe, 0xd0, 0xfe, 0xf1, 0xfe, 0xf1, 0xfe, 0xf0, 0xfe, 0xf0,
  0xfe, 0xf0, 0xfe, 0xf0, 0xfe, 0xf0, 0xfe, 0xf0, 0xfe, 0xf1, 0x13, 0xfe,
  0x00, 0xf0, 0x0c, 0x0b, 0xfe, 0xf2, 0x0b, 0xfe, 0xf1, 0x17, 0xfe, 0x00,
  0x30, 0x0d, 0xf1, 0x08, 0xdf, 0xfe, 0xf0, 0xfe, 0x03, 0xfe, 0x05, 0xba,
  0xfe, 0x00, 0xf0, 0xfe, 0xf1, 0xd6, 0xd4, 0xfe, 0xf2, 0xfe, 0xf2, 0xfe,
  0xf0, 0xfe, 0xd0, 0xfe, 0xf1, 0xd7, 0xf0, 0xd6, 0xd4, 0xfe, 0x01, 0xfe,
  0x00, 0xd7, 0x04, 0xfe, 0x01, 0xfe, 0x00, 0x29, 0x09, 0x0a, 0xfe, 0x01,
  0xfe, 0x00, 0x19, 0x31, 0xd5, 0xfe, 0xf0, 0xfe, 0x03, 0xfe, 0xe2, 0x0b,
  0xfe, 0xf1, 0xf1, 0xfe, 0xf0, 0x0d, 0x0a, 0xfe, 0x01, 0xfe, 0x00, 0x19,
  0x10, 0xe9, 0xfe, 0xf0, 0x0d, 0x0a, 0xfe, 0x01, 0xfe, 0x00, 0x19, 0x10,
  0xd5, 0xfe, 0x00, 0xe9, 0xfe, 0xf0, 0x0d, 0xf2, 0xfe, 0xf1, 0xf2, 0xfe,
  0xf1, 0xfe, 0xf0, 0xfe, 0xf0, 0xfe, 0x1b, 0xfe, 0xf1, 0xd1, 0xfe, 0x00,
  0xf2, 0xfe, 0xf2, 0x08, 0xb3, 0xfe, 0x00, 0xf1, 0xd6, 0xf0, 0xfe, 0xf1,
  0xf0, 0xde, 0xfe, 0xf1, 0xf0, 0xf0, 0xf0, 0xfe, 0xf0, 0xfe, 0xf0, 0xfe,
  0xf0, 0xfe, 0xf0, 0xfe, 0x00, 0xf0, 0xfe, 0xf0, 0xfe, 0xf0, 0xfe, 0xf1,
  0xfe, 0xf1, 0xfe, 0xf1, 0xfe, 0xf1, 0xd4, 0xfe, 0xf0, 0xfe, 0xf0, 0xfe,
  0xf0, 0xfe, 0xf0, 0xfe, 0xf0, 0xfe, 0xf0, 0xfe, 0xf0, 0xfe, 0xf0, 0xf0,
  0xf1, 0xdf, 0xfe, 0x00, 0xf1, 0xd6, 0xf2, 0xfe, 0xf0, 0xfe, 0xf1, 0xf2,
  0xf0, 0xdd, 0xfe, 0xf2, 0xfe, 0xf0, 0xfe, 0xf1, 0xfe, 0xf2, 0xfe, 0xe4,
  0xfe, 0xf0, 0xfe, 0x1e, 0xf0, 0xfe, 0xf2, 0xfe, 0xd2, 0xfe, 0xf2, 0xe3,
  0xfe, 0xf2, 0xfe, 0xf2, 0xfe, 0xf2, 0xe3, 0xfe, 0x00, 0xf0, 0xee, 0xd3,
  0xfe, 0x01, 0xfe, 0x15, 0xf0, 0xfe, 0xf0, 0xfe, 0x12, 0xe6, 0xda, 0xfe,
  0xe8, 0xf0, 0xec, 0xd3, 0xfe, 0xf0, 0xfe, 0xf1, 0xfe, 0xd0, 0xfe, 0xf0,
  0xfe, 0xd0, 0xfe, 0x1e, 0xd3, 0xfe, 0x01, 0xfe, 0xd8, 0xfe, 0x00, 0xea,
  0xfe, 0xf0, 0xfe, 0xf0, 0xfe, 0xf0, 0xfe, 0xd0, 0xfe, 0xf0, 0xf0, 0xf0,
  0xe3, 0xfe, 0x00, 0xf2, 0xfe, 0xf2, 0xee, 0xd3, 0xfe, 0xf0, 0xfe, 0x00,
  0xd3, 0xfe, 0x00, 0xf0, 0xe6, 0xdb, 0xfe, 0x01, 0xfe, 0x1c, 0xf0, 0xfe,
  0xf0, 0xfe, 0x12, 0xf0, 0xf0, 0xfe, 0xe8, 0xf0, 0xf0, 0xdb, 0xfe, 0xf0,
  0xfe, 0xf1, 0xfe, 0xd0, 0xfe, 0xf0, 0xfe, 0xd0, 0xfe, 0x1e, 0xdb, 0xfe,
  0x01, 0xfe, 0xd8, 0xfe, 0x00, 0xda, 0xfe, 0xf0, 0xfe, 0xf0, 0xfe, 0xf0,
  0xfe, 0xd0, 0xfe, 0xf0, 0xf0, 0xf0, 0xea, 0xfe, 0xed, 0xfe, 0x03, 0xfe,
  0x05, 0xf0, 0xf1, 0xee, 0xea, 0xfe, 0x01, 0xfe, 0x00, 0xf0, 0xde, 0xfe,
  0x01, 0xfe, 0x00, 0xf0, 0xf0, 0xf2, 0xf0, 0xf0, 0xfe, 0xf2, 0xf2, 0xfe,
  0xf0, 0xfe, 0xf2, 0xf1, 0xfe, 0x01, 0xfe, 0x16, 0xf2, 0xfe, 0xf0, 0xfe,
  0xf2, 0xf1, 0xfe, 0x01, 0xfe, 0x15, 0xf2, 0xfe, 0xf0, 0xfe, 0xf2, 0xf0,
  0xfe, 0xf2, 0xfe, 0xf0, 0xfe, 0xf1, 0xfe, 0xf2, 0xfe, 0xe4, 0xfe, 0xf0,
  0xe3, 0xfe, 0x01, 0xfe, 0x15, 0xdd, 0xfe, 0x00, 0xde, 0xfe, 0x26, 0xfe,
  0x00, 0xde, 0xfe, 0x2b, 0xfe, 0x16, 0xf0, 0xfe, 0x1f, 0xfe, 0xf2, 0xf2,
  0xfe, 0xf2, 0xfe, 0xf2, 0xdd, 0xfe, 0x01, 0xfe, 0xf2, 0xdd, 0xfe, 0x01,
  0xfe, 0xf2, 0xdd, 0xfe, 0x01, 0xfe, 0xf2, 0xdd, 0xfe, 0xf0, 0xfe, 0xf2,
  0xfe, 0x05, 0xdd, 0xfe, 0xf0, 0xfe, 0x03, 0xfe, 0x05, 0xe3, 0xfe, 0x01,
  0xfe, 0x16, 0xe3, 0xfe, 0x01, 0xfe, 0x15, 0xe3, 0xfe, 0x01, 0xfe, 0xf2,
  0xfe, 0x03, 0xfe, 0xf2, 0xfe, 0xf2, 0xfe, 0x03, 0xfe, 0xf2, 0xfe, 0xf2,
  0xfe, 0x03, 0xfe, 0xf0, 0xf0, 0xfe, 0xf2, 0xfe, 0xf0, 0xfe, 0xd0, 0xfe,
  0xf0, 0xfe, 0xf2, 0xfe, 0x03, 0xfe, 0xf0, 0xfe, 0xd0, 0xfe, 0xf0, 0xfe,
  0xf2, 0xfe, 0xf2, 0xe3, 0xfe, 0xf0, 0xfe, 0xc1, 0xe3, 0xfe, 0xf0, 0xfe,
  0x05, 0xdd, 0xfe, 0xeb, 0xfe, 0x03, 0xfe, 0xf2, 0xfe, 0x05, 0xe3, 0xfe,
  0xf0, 0xfe, 0xf2, 0xfe, 0xd2, 0xfe, 0xf2, 0xfe, 0xf0, 0xfe, 0xf2, 0xfe,
  0xf2, 0xfe, 0xf2, 0xfe, 0xf1, 0xfe, 0xf2, 0xfe, 0xf2, 0xfe, 0xf2, 0xfe,
  0xf2, 0xfe, 0xf2, 0xfe, 0xb1, 0xe3, 0xfe, 0xf0, 0xfe, 0xc1, 0xe3, 0xfe,
  0x00, 0xf1, 0xfe, 0xf2, 0xfe, 0x12, 0xee, 0xea, 0xfe, 0x01, 0xfe, 0xf2,
  0xfe, 0xd8, 0xfe, 0xf0, 0xf0, 0xf1, 0xee, 0xea, 0xfe, 0x01, 0xfe, 0x00,
  0xf0, 0xf0, 0xfe, 0x01, 0xfe, 0xf0, 0xfe, 0xd0, 0xfe, 0x05, 0xf1, 0xfe,
  0xf2, 0xfe, 0xf1, 0xfe, 0xf2, 0xf1, 0xfe, 0xf2, 0xf1, 0xfe, 0xf2, 0xfe,
  0x03, 0xfe, 0x03, 0xfe, 0x05, 0xf0, 0xfe, 0xf0, 0xfe, 0xd0, 0xfe, 0xf2,
  0xfe, 0xd8, 0xfe, 0x03, 0xfe, 0xf0, 0xf0, 0xfe, 0xf1, 0xfe, 0xf2, 0xf0,
  0xfe, 0xf2, 0xfe, 0xb1, 0xdd, 0xfe, 0xf0, 0xfe, 0xf0, 0xfe, 0xe4, 0xfe,
  0xf0, 0xfe, 0x05, 0xf0, 0xfe, 0xf0, 0xfe, 0xf0, 0xfe, 0xd9, 0xfe, 0xf0,
  0xfe, 0xe4, 0xfe, 0xf0, 0xdd, 0xfe, 0xeb, 0xfe, 0x03, 0xfe, 0x05, 0xf0,
  0xfe, 0xf0, 0xfe, 0xf0, 0xfe, 0xd8, 0xfe, 0xf0, 0xfe, 0xe4, 0xfe, 0xf0,
  0xdd, 0xfe, 0xeb, 0xfe, 0x03, 0xfe, 0x05, 0xf0, 0xfe, 0xf0, 0xfe, 0xf0,
  0xfe, 0xd8, 0xfe, 0xf0, 0xfe, 0xe4, 0xfe, 0xf0, 0xdd, 0xfe, 0xeb, 0xfe,
  0x03, 0xfe, 0x05, 0xf0, 0xfe, 0xf0, 0xfe, 0xf2, 0xfe, 0xf0, 0xfe, 0xf0,
  0xfe, 0xe4, 0xfe, 0xf0, 0xdd, 0xfe, 0xeb, 0xfe, 0x03, 0xfe, 0x05, 0xf0,
  0xfe, 0xf2, 0xfe, 0xd2, 0xfe, 0xf0, 0xfe, 0xf2, 0xfe, 0xd2, 0xfe, 0xf0,
  0xfe, 0xf2, 0xfe, 0xd2, 0xfe, 0xf0, 0xfe, 0xf1, 0xfe, 0xd2, 0xfe, 0xf0,
  0xfe, 0xf1, 0xfe, 0xd2, 0xfe, 0xf0, 0xfe, 0xf2, 0xe3, 0xfe, 0xf2, 0xfe,
  0xf0, 0xfe, 0xf2, 0xe3, 0xfe, 0x00, 0xf0, 0xee, 0xd3, 0xfe, 0x01, 0xfe,
  0x15, 0xf0, 0xfe, 0xf0, 0xfe, 0x12, 0xe6, 0xda, 0xfe, 0xe8, 0xf0, 0xec,
  0xd3, 0xfe, 0xf0, 0xfe, 0xf1, 0xfe, 0xd0, 0xfe, 0xf0, 0xfe, 0xd0, 0xfe,
  0x1e, 0xd3, 0xfe, 0x01, 0xfe, 0xd8, 0xfe, 0x00, 0xea, 0xfe, 0xf0, 0xfe,
  0xf0, 0xfe, 0xf0, 0xfe, 0xd0, 0xfe, 0xf0, 0xf0, 0xf0, 0xe3, 0xfe, 0xf0,
  0xfe, 0x00, 0xe3, 0xfe, 0x00, 0xf0, 0xee, 0xd3, 0xfe, 0x01, 0xfe, 0x1c,
  0xf0, 0xfe, 0xf0, 0xfe, 0x12, 0xe6, 0xda, 0xfe, 0xe8, 0xf0, 0xec, 0xd3,
  0xfe, 0xf0, 0xfe, 0xf1, 0xfe, 0xd0, 0xfe, 0xf0, 0xfe, 0xd0, 0xfe, 0x1e,
  0xd3, 0xfe, 0x01, 0xfe, 0xd8, 0xfe, 0x00, 0xea, 0xfe, 0xf0, 0xfe, 0xf0,
  0xfe, 0xf0, 0xfe, 0xd0, 0xfe, 0xf0, 0xf0, 0xf0, 0xde, 0xfe, 0xed, 0xfe,
  0x03, 0xfe, 0x05, 0xf0, 0xf0, 0xf2, 0xf0, 0xdd, 0xfe, 0x01, 0xfe, 0xf0,
  0xfe, 0xef, 0xdd, 0xfe, 0xf0, 0xfe, 0xf0, 0xfe, 0xe4, 0xfe, 0xf0, 0xfe,
  0x1e, 0xde, 0xfe, 0xf2, 0xfe, 0xf2, 0xfe, 0xd2, 0xfe, 0xf2, 0xf0, 0xf0,
  0xd4, 0xfe, 0xf0, 0xf0, 0xf1, 0xdf, 0xfe, 0xf2, 0x04, 0xfe, 0xf2, 0xfe,
  0xf2, 0xfe, 0xd0, 0xfe, 0xf2, 0x09, 0x18, 0x08, 0x04, 0xfe, 0xe8, 0x09,
  0xd1, 0xfe, 0x00, 0xf2, 0xfe, 0xf1, 0x08, 0xdf, 0xfe, 0x00, 0xf2, 0xd6,
  0xf0, 0xfe, 0xf1, 0xf0, 0xfe, 0xf1, 0xf0, 0xfe, 0xf1, 0xfe, 0xf1, 0xf0,
  0xfe, 0x01, 0xfe, 0xf1, 0xf0, 0xfe, 0x01, 0xfe, 0xf0, 0xfe, 0xef, 0xf0,
  0xfe, 0x01, 0xfe, 0xf0, 0xfe, 0xef, 0xdc, 0xfe, 0x01, 0xfe, 0x1c, 0xf0,
  0xfe, 0xf0, 0xfe, 0xf0, 0xfe, 0x05, 0xf0, 0xfe, 0xf0, 0xfe, 0xf0, 0xfe,
  0xf1, 0xfe, 0x00, 0xdc, 0xfe, 0xf1, 0xfe, 0x05, 0xdc, 0xfe, 0xf1, 0xfe,
  0xf0, 0xfe, 0xf1, 0xfe, 0x1d, 0xfe, 0x00, 0xdc, 0xfe, 0x1f, 0xfe, 0xf1,
  0xfe, 0x00, 0xf0, 0xfe, 0x00, 0xd4, 0xfe, 0x01, 0xfe, 0x00, 0xf0, 0xfe,
  0x00, 0xdc, 0xfe, 0x00, 0xf0, 0xfe, 0x00, 0xdc, 0xfe, 0x01, 0xfe, 0x00,
  0xf0, 0xfe, 0xf1, 0xf2, 0xf0, 0xf1, 0xfe, 0x2d, 0xfe, 0x12, 0xee, 0xea,
  0xfe, 0x01, 0xfe, 0xf0, 0xfe, 0xd0, 0xfe, 0x05, 0xf2, 0xfe, 0xf1, 0xfe,
  0xf1, 0xfe, 0xf1, 0xfe, 0xf1, 0xfe, 0x12, 0xe6, 0xda, 0xfe, 0xe8, 0xda,
  0xfe, 0x01, 0xfe, 0x00, 0xf0, 0xec, 0xea, 0xfe, 0xf1, 0xfe, 0x00, 0xea,
  0xfe, 0xb2, 0xea, 0xfe, 0x01, 0xfe, 0x00, 0xf2, 0xf0, 0xf1, 0xee, 0xea,
  0xfe, 0xf0, 0xea, 0xfe, 0x01, 0xfe, 0x00, 0xf0, 0xf0, 0xf0, 0xf0, 0xfe,
  0xf1, 0xfe, 0xf1, 0xd4, 0xfe, 0x01, 0xfe, 0xf1, 0xfe, 0x03, 0xfe, 0xe2,
  0xd7, 0xf0, 0xd6, 0xd4, 0xfe, 0xf0, 0xd7, 0x04, 0xfe, 0x01, 0xfe, 0x00,
  0x09, 0x18, 0x08, 0x04, 0xfe, 0xf0, 0x09, 0xd1, 0xfe, 0x01, 0xfe, 0xf2,
  0xfe, 0x05, 0xe0, 0xfe, 0xf0, 0x08, 0x04, 0xfe, 0x01, 0xfe, 0x00, 0x29,
  0x09, 0x0a, 0xfe, 0x01, 0xfe, 0x00, 0x10, 0xe7, 0x0d, 0x0a, 0xfe, 0xe8,
  0x10, 0x17, 0xfe, 0x27, 0xfe, 0xd9, 0xfe, 0x05, 0xd5, 0xfe, 0xf0, 0xfe,
  0xf0, 0xd5, 0xfe, 0xf0, 0xfe, 0x03, 0xfe, 0xe2, 0xd5, 0xfe, 0x01, 0xfe,
  0xd0, 0xfe, 0x00, 0xd5, 0xfe, 0xed, 0xfe, 0xf0, 0xfe, 0xd0, 0xfe, 0xf0,
  0xfe, 0xd0, 0xfe, 0xf0, 0xd5, 0xfe, 0xf0, 0xfe, 0x03, 0xfe, 0xe2, 0xd5,
  0xfe, 0x01, 0xfe, 0xd0, 0xfe, 0x00, 0x0b, 0xfe, 0x01, 0xfe, 0xf0, 0xfe,
  0xf0, 0xfe, 0xf0, 0xfe, 0xf0, 0xfe, 0xf0, 0xfe, 0xd0, 0xfe, 0x1d, 0xfe,
  0xf0, 0xfe, 0xf0, 0xfe, 0xf0, 0xfe, 0xf0, 0xfe, 0xf0, 0xfe, 0xd0, 0xfe,
  0xf0, 0xfe, 0x24, 0xfe, 0xf0, 0xfe, 0xf0, 0xfe, 0xf0, 0xfe, 0xd0, 0xfe,
  0xf0, 0xfe, 0x24, 0xfe, 0xf0, 0xfe, 0xf0, 0xfe, 0xf2, 0xfe, 0xf2, 0xfe,
  0x1d, 0xfe, 0x1e, 0xf0, 0xf0, 0x13, 0xfe, 0x00, 0xf0, 0x0c, 0xe9, 0xfe,
  0x12, 0x0d, 0x0a, 0xfe, 0x01, 0xfe, 0x00, 0x19, 0x10, 0x17, 0xfe, 0x00,
  0x0b, 0xfe, 0x01, 0xfe, 0x00, 0x17, 0xfe, 0x00, 0xbc, 0xfe, 0xbd, 0xfe,
  0xf1, 0xfe, 0x01, 0xfe, 0x03, 0xfe, 0x39, 0x0d, 0xd1, 0xfe, 0xf0, 0xfe,
  0xf1, 0xfe, 0xf1, 0xf1, 0xfe, 0xf1, 0xfe, 0xf1, 0x08, 0xba, 0xfe, 0x00,
  0xf0, 0xfe, 0xf0, 0xd6, 0xf0, 0xfe, 0x27, 0xfe, 0xf1, 0xfe, 0xf1, 0xdc,
  0xfe, 0xf0, 0xfe, 0xf0, 0xdc, 0xfe, 0xf0, 0xfe, 0x03, 0xfe, 0xe2, 0xdc,
  0xfe, 0x01, 0xfe, 0xd0, 0xfe, 0x00, 0xdc, 0xfe, 0xed, 0xfe, 0xf0, 0xfe,
  0xd0, 0xfe, 0xf0, 0xfe, 0xd0, 0xfe, 0xf0, 0xdc, 0xfe, 0xf1, 0xfe, 0xf1,
  0xfe, 0xe2, 0xdc, 0xfe, 0x01, 0xfe, 0xd0, 0xfe, 0x00, 0xd4, 0xfe, 0x01,
  0xfe, 0xf0, 0xfe, 0xf0, 0xfe, 0xf0, 0xfe, 0xf0, 0xfe, 0xf0, 0xfe, 0xd0,
  0xfe, 0x1d, 0xfe, 0xf0, 0xfe, 0xf0, 0xfe, 0xf0, 0xfe, 0xf0, 0xfe, 0xf0,
  0xfe, 0xd0, 0xfe, 0xf0, 0xfe, 0x24, 0xfe, 0xf0, 0xfe, 0xf0, 0xfe, 0xf0,
  0xfe, 0xd0, 0xfe, 0xf0, 0xfe, 0x24, 0xfe, 0xf0, 0xfe, 0xf1, 0xfe, 0xf1,
  0xfe, 0xf1, 0xfe, 0x1e, 0xd7, 0xf0, 0xd6, 0xd4, 0xfe, 0x01, 0xfe, 0x00,
  0xd7, 0x04, 0xfe, 0x01, 0xfe, 0x00, 0x09, 0x18, 0x08, 0x04, 0xfe, 0x01,
  0xfe, 0x00, 0x09, 0x10, 0x0b, 0xfe, 0x01, 0xfe, 0x00, 0xf0, 0xf0, 0x13,
  0xfe, 0x00, 0xf1, 0x0c, 0xf1, 0xfe, 0xf1, 0xfe, 0x03, 0xfe, 0xf1, 0xe5,
  0xfe, 0xf0, 0xfe, 0xf1, 0xfe, 0xf1, 0xe5, 0xfe, 0x01, 0xfe, 0xf1, 0xf1,
  0xfe, 0xf1, 0xfe, 0xf1, 0xe5, 0xfe, 0x01, 0xfe, 0xf0, 0xfe, 0xf1, 0xe5,
  0xfe, 0x01, 0xfe, 0xf0, 0xfe, 0xf1, 0xe5, 0xfe, 0x01, 0xfe, 0xd9, 0xfe,
  0x00, 0x17, 0xfe, 0x00, 0x17, 0xfe, 0x00, 0x0b, 0xfe, 0x01, 0xfe, 0x00,
  0x0b, 0xfe, 0x01, 0xfe, 0x00, 0x17, 0xfe, 0x00, 0xe5, 0xfe, 0x00, 0xd5,
  0xfe, 0x00, 0xf0, 0xfe, 0x00, 0x2a, 0xfe, 0x00, 0x17, 0xfe, 0x00, 0xd5,
  0xfe, 0x00, 0xf0, 0xfe, 0x00, 0xe5, 0xfe, 0x00, 0x2a, 0xfe, 0x00, 0xf1,
  0xfe, 0x01, 0xfe, 0x2c, 0xfe, 0x2d, 0xfe, 0x2c, 0xfe, 0x01, 0xfe, 0x03,
  0xfe, 0x01, 0xfe, 0x03, 0xfe, 0x01, 0xfe, 0x03, 0xfe, 0x01, 0xfe, 0x03,
  0xfe, 0x01, 0xfe, 0x03, 0xfe, 0x01, 0xfe, 0x03, 0xfe, 0x39, 0x0d, 0xf1,
  0xfe, 0xf1, 0xfe, 0xf1, 0x23, 0xfe, 0x1f, 0xfe, 0xf1, 0xfe, 0xf1, 0xfe,
  0xf1, 0x23, 0xfe, 0xf1, 0xfe, 0xf1, 0x0f, 0xfe, 0xf0, 0xfe, 0xf1, 0xd1,
  0xfe, 0xf0, 0xfe, 0xf1, 0x0f, 0xfe, 0x27, 0xfe, 0x05, 0xd1, 0xfe, 0xf0,
  0xfe, 0x03, 0xfe, 0x05, 0xd1, 0xfe, 0x01, 0xfe, 0xf1, 0xfe, 0xf1, 0xd1,
  0xfe, 0xf1, 0xfe, 0xd0, 0xfe, 0xe2, 0x0f, 0xfe, 0xf1, 0xd1, 0xfe, 0xf0,
  0xfe, 0xd0, 0xfe, 0xf1, 0xfe, 0x03, 0xfe, 0xf1, 0xfe, 0xf1, 0xd1, 0xfe,
  0xf0, 0xfe, 0x03, 0xfe, 0xe2, 0xd1, 0xfe, 0x00, 0xf1, 0x08, 0xc0, 0xfe,
  0x01, 0xfe, 0xf1, 0xf1, 0xfe, 0xf1, 0xfe, 0xf1, 0xf1, 0xfe, 0x01, 0xfe,
  0xf1, 0xdf, 0xfe, 0x00, 0xf0, 0xfe, 0x12, 0xd6, 0xd4, 0xfe, 0xf0, 0xfe,
  0xf0, 0xd7, 0xf0, 0xd6, 0xd4, 0xfe, 0x01, 0xfe, 0x00, 0xd7, 0xdf, 0xfe,
  0x00, 0xf0, 0xfe, 0x12, 0xd6, 0xdc, 0xfe, 0xf1, 0xfe, 0xf1, 0xfe, 0xf1,
  0xfe, 0xf1, 0xfe, 0xf1, 0xd4, 0xfe, 0x01, 0xfe, 0xf0, 0xfe, 0xd0, 0xfe,
  0x05, 0xd7, 0xf0, 0xd6, 0xd4, 0xfe, 0x01, 0xfe, 0x00, 0xd7, 0x04, 0xfe,
  0x01, 0xfe, 0x00, 0x04, 0xfe, 0x01, 0xfe, 0x00, 0x04, 0xfe, 0xf1, 0xfe,
  0xf1, 0x04, 0xfe, 0x01, 0xfe, 0x00, 0x04, 0xfe, 0x01, 0xfe, 0x00, 0x09,
  0x18, 0x08, 0x04, 0xfe, 0x01, 0xfe, 0x00, 0x04, 0xfe, 0x01, 0xfe, 0x00,
  0x04, 0xfe, 0x01, 0xfe, 0x00, 0x04, 0xfe, 0x01, 0xfe, 0x00, 0x04, 0xfe,
  0x01, 0xfe, 0x00, 0x09, 0xf1, 0xfe, 0xf1, 0xfe, 0xf0, 0x08, 0x04, 0xfe,
  0x01, 0xfe, 0x00, 0x04, 0xfe, 0x01, 0xfe, 0x00, 0x2e, 0x09, 0xf0, 0xfe,
  0x01, 0xfe, 0xf0, 0xf0, 0xfe, 0x00, 0xf1, 0xfe, 0x12, 0x08, 0x04, 0xfe,
  0x01, 0xfe, 0xf0, 0x09, 0x18, 0x08, 0x04, 0xfe, 0x01, 0xfe, 0x00, 0x09,
  0xe0, 0xfe, 0x12, 0x08, 0x04, 0xfe, 0x01, 0xfe, 0x00, 0x04, 0xfe, 0x01,
  0xfe, 0x00, 0x2e, 0x09, 0x0f, 0xfe, 0x00, 0xd1, 0xfe, 0x00, 0xe0, 0xfe,
  0xf0, 0x08, 0xdf, 0xfe, 0x00, 0xf0, 0xfe, 0x12, 0xd6, 0xdc, 0xfe, 0x00,
  0xf0, 0xfe, 0x00, 0xf0, 0xfe, 0xf1, 0xf0, 0xdd, 0xfe, 0xf1, 0xfe, 0xf1,
  0xf0, 0xfe, 0x00, 0xf0, 0xee, 0xd3, 0xfe, 0x01, 0xfe, 0x15, 0xd3, 0xfe,
  0xf0, 0xfe, 0x05, 0xd3, 0xfe, 0x01, 0xfe, 0x16, 0xd3, 0xfe, 0xf0, 0xfe,
  0x05, 0xd3, 0xfe, 0x01, 0xfe, 0x1c, 0xd3, 0xfe, 0xf0, 0xfe, 0xf1, 0xfe,
  0xf1, 0xfe, 0xf0, 0xf0, 0xfe, 0xf0, 0xfe, 0x12, 0xe6, 0xda, 0xfe, 0x1f,
  0xfe, 0xf1, 0xf0, 0xec, 0xf0, 0xe6, 0xf0, 0xfe, 0xf0, 0xfe, 0x12, 0xf0,
  0xf0, 0xfe, 0x1f, 0xfe, 0xf1, 0xf0, 0xf0, 0xf1, 0xf0, 0xf0, 0xfe, 0x1f,
  0xfe, 0xf1, 0xf0, 0xf0, 0xf1, 0xec, 0xf1, 0xf0, 0xf0, 0xfe, 0x01, 0xfe,
  0xd9, 0xfe, 0x00, 0xde, 0xfe, 0xf0, 0xfe, 0xf0, 0xde, 0xfe, 0x01, 0xfe,
  0x00, 0xf0, 0xf0, 0xf0, 0xde, 0xfe, 0x01, 0xfe, 0x00, 0xde, 0xfe, 0x01,
  0xfe, 0x00, 0xf0, 0xf0, 0xfe, 0xf0, 0xfe, 0xf1, 0xfe, 0x00, 0xf0, 0xfe,
  0xf0, 0xfe, 0xf0, 0xfe, 0xf0, 0xfe, 0xf0, 0xfe, 0x00, 0xf0, 0xfe, 0xf0,
  0xfe, 0xf0, 0xfe, 0xbe, 0xfe, 0xf1, 0xfe, 0xf1, 0xfe, 0xf1, 0xf0, 0xfe,
  0xf0, 0xfe, 0xf0, 0xfe, 0xf0, 0xfe, 0xf0, 0xfe, 0xf0, 0xfe, 0xf0, 0xfe,
  0xf0, 0xfe, 0xf0, 0xdc, 0xfe, 0x00, 0xf1, 0xf0, 0xf1, 0xfe, 0xf0, 0xfe,
  0xf1, 0xf2, 0xee, 0xd3, 0xfe, 0x01, 0xfe, 0x1c, 0xf0, 0xfe, 0xf2, 0xfe,
  0xf0, 0xfe, 0xf1, 0xfe, 0xf1, 0xfe, 0xe4, 0xfe, 0xf0, 0xfe, 0x1e, 0xf0,
  0xfe, 0xf2, 0xfe, 0xd2, 0xfe, 0xf2, 0xd3, 0xfe, 0xf2, 0xfe, 0xf2, 0xfe,
  0xf1, 0xd3, 0xfe, 0x00, 0xf0, 0xe6, 0xdb, 0xfe, 0x01, 0xfe, 0x15, 0xf0,
  0xfe, 0xf0, 0xfe, 0x12, 0xf0, 0xf0, 0xfe, 0xe8, 0xf0, 0xf0, 0xdb, 0xfe,
  0xf0, 0xfe, 0xf1, 0xfe, 0xd0, 0xfe, 0xf0, 0xfe, 0xd0, 0xfe, 0x1e, 0xdb,
  0xfe, 0x01, 0xfe, 0xd8, 0xfe, 0x00, 0xda, 0xfe, 0xf0, 0xfe, 0xf0, 0xfe,
  0xf0, 0xfe, 0xd0, 0xfe, 0xf0, 0xf0, 0xf0, 0xd3, 0xfe, 0x00, 0xf2, 0xfe,
  0xf2, 0xe6, 0xdb, 0xfe, 0xf0, 0xfe, 0x00, 0xdb, 0xfe, 0x00, 0xf2, 0xf0,
  0xf1, 0xfe, 0x01, 0xfe, 0x1c, 0xf2, 0xfe, 0xf0, 0xfe, 0x12, 0xf2, 0xf2,
  0xfe, 0xe8, 0xf2, 0xf2, 0xf1, 0xfe, 0xf0, 0xfe, 0xf1, 0xfe, 0xd0, 0xfe,
  0xf0, 0xfe, 0xd0, 0xfe, 0x1e, 0xf1, 0xfe, 0x01, 0xfe, 0xd8, 0xfe, 0x00,
  0xf0, 0xfe, 0xf0, 0xfe, 0xf0, 0xfe, 0xf0, 0xfe, 0xd0, 0xfe, 0xf0, 0xf0,
  0xf2, 0xda, 0xfe, 0xed, 0xfe, 0x03, 0xfe, 0x05, 0xec, 0xf0, 0xe6, 0xda,
  0xfe, 0x01, 0xfe, 0x00, 0xec, 0xea, 0xfe, 0x01, 0xfe, 0x00, 0xf0, 0xf0,
  0xf2, 0xee, 0xf1, 0xfe, 0xf0, 0xfe, 0xf2, 0xf0, 0xfe, 0x01, 0xfe, 0x16,
  0xf1, 0xfe, 0xf0, 0xfe, 0xf2, 0xf0, 0xfe, 0x01, 0xfe, 0x15, 0xf1, 0xfe,
  0xf0, 0xfe, 0xf2, 0xd3, 0xfe, 0x01, 0xfe, 0x1c, 0xf0, 0xfe, 0xf2, 0xfe,
  0xf0, 0xfe, 0xf1, 0xfe, 0xf1, 0xfe, 0xe4, 0xfe, 0xf0, 0xd3, 0xfe, 0x01,
  0xfe, 0x15, 0xf0, 0xfe, 0x00, 0xea, 0xfe, 0x26, 0xfe, 0x00, 0xea, 0xfe,
  0x2b, 0xfe, 0x16, 0xd3, 0xfe, 0xf0, 0xfe, 0xf2, 0xfe, 0x05, 0xd3, 0xfe,
  0xf0, 0xfe, 0x05, 0xf0, 0xfe, 0xeb, 0xfe, 0x03, 0xfe, 0xf2, 0xfe, 0x05,
  0xd3, 0xfe, 0xf2, 0xfe, 0xd2, 0xfe, 0xf2, 0xfe, 0xf2, 0xfe, 0xf2, 0xfe,
  0xf2, 0xfe, 0xf2, 0xfe, 0xf2, 0xfe, 0xf2, 0xfe, 0x05, 0xd3, 0xfe, 0xf0,
  0xfe, 0xd8, 0xfe, 0xf2, 0xfe, 0xf2, 0xfe, 0xf2, 0xfe, 0xb1, 0xd3, 0xfe,
  0xf0, 0xfe, 0xc1, 0xd3, 0xfe, 0x00, 0xf0, 0xfe, 0xf2, 0xfe, 0x12, 0xe6,
  0xda, 0xfe, 0x01, 0xfe, 0xf2, 0xfe, 0xd8, 0xfe, 0xf0, 0xec, 0xf0, 0xe6,
  0xda, 0xfe, 0x01, 0xfe, 0x00, 0xec, 0xf0, 0xfe, 0xf2, 0xfe, 0xf2, 0xfe,
  0xd0, 0xfe, 0x05, 0xf0, 0xfe, 0xf2, 0xfe, 0xf1, 0xfe, 0xf2, 0xf0, 0xfe,
  0xf2, 0xf0, 0xfe, 0xf2, 0xfe, 0x03, 0xfe, 0x03, 0xfe, 0x05, 0xf0, 0xfe,
  0xf0, 0xfe, 0xf2, 0xfe, 0xd8, 0xfe, 0x03, 0xfe, 0xf0, 0xf0, 0xfe, 0xf1,
  0xfe, 0xf2, 0xf0, 0xfe, 0xf2, 0xfe, 0xb1, 0xf0, 0xfe, 0xf0, 0xfe, 0xf0,
  0xfe, 0xe4, 0xfe, 0xf0, 0xfe, 0x05, 0xf0, 0xfe, 0xf0, 0xfe, 0xf0, 0xfe,
  0xd9, 0xfe, 0xf0, 0xfe, 0xe4, 0xfe, 0xf0, 0xfe, 0x05, 0xf0, 0xfe, 0xf0,
  0xfe, 0xf0, 0xfe, 0xd8, 0xfe, 0xf0, 0xfe, 0xe4, 0xfe, 0xf0, 0xfe, 0x05,
  0xf0, 0xfe, 0xf0, 0xfe, 0xf0, 0xfe, 0xd8, 0xfe, 0xf0, 0xfe, 0xe4, 0xfe,
  0xf0, 0xfe, 0x05, 0xf0, 0xfe, 0xf0, 0xfe, 0xf2, 0xfe, 0xf0, 0xfe, 0xf0,
  0xfe, 0xe4, 0xfe, 0xf0, 0xfe, 0x05, 0xf0, 0xfe, 0xf2, 0xfe, 0xd2, 0xfe,
  0xf0, 0xfe, 0xf2, 0xfe, 0xd2, 0xfe, 0xf0, 0xfe, 0xf2, 0xfe, 0xd2, 0xfe,
  0xf0, 0xfe, 0xf1, 0xfe, 0xd2, 0xfe, 0xf0, 0xfe, 0xf1, 0xfe, 0xd2, 0xfe,
  0xf0, 0xfe, 0xf2, 0xd3, 0xfe, 0xf2, 0xfe, 0xf0, 0xfe, 0xf1, 0xd3, 0xfe,
  0x00, 0xf0, 0xe6, 0xf0, 0xfe, 0xf0, 0xfe, 0xf2, 0xf0, 0xf0, 0xfe, 0xe8,
  0xf0, 0xf0, 0xdb, 0xfe, 0xf0, 0xfe, 0xf1, 0xfe, 0xbe, 0xfe, 0xf2, 0xfe,
  0xd0, 0xfe, 0x1e, 0xdb, 0xfe, 0x01, 0xfe, 0xd8, 0xfe, 0x15, 0xda, 0xfe,
  0xf0, 0xfe, 0xf0, 0xfe, 0xf0, 0xfe, 0xd0, 0xfe, 0xf0, 0xf0, 0xf0, 0xd3,
  0xfe, 0xf0, 0xfe, 0x00, 0xd3, 0xfe, 0x00, 0xf0, 0xe6, 0xf0, 0xfe, 0xf0,
  0xfe, 0xf2, 0xf0, 0xf0, 0xfe, 0xe8, 0xf0, 0xf0, 0xdb, 0xfe, 0xf0, 0xfe,
  0xf1, 0xfe, 0xf2, 0xfe, 0xf2, 0xfe, 0xd0, 0xfe, 0x1e, 0xdb, 0xfe, 0x01,
  0xfe, 0xd8, 0xfe, 0x1c, 0xda, 0xfe, 0xf0, 0xfe, 0xf0, 0xfe, 0xf0, 0xfe,
  0xd0, 0xfe, 0xf0, 0xf0, 0xf0, 0xea, 0xfe, 0xed, 0xfe, 0x03, 0xfe, 0x05,
  0xf0, 0xf0, 0xf2, 0xee, 0xf0, 0xfe, 0x01, 0xfe, 0xf0, 0xfe, 0xef, 0xf0,
  0xfe, 0xf0, 0xfe, 0xf0, 0xfe, 0xe4, 0xfe, 0xf0, 0xfe, 0x1e, 0xea, 0xfe,
  0xf2, 0xfe, 0xf2, 0xfe, 0xd2, 0xfe, 0xf2, 0xf0, 0xf0, 0xde, 0xfe, 0xf0,
  0xf0, 0xf1, 0xd4, 0xfe, 0x01, 0xfe, 0x00, 0xd7, 0xf0, 0xd6, 0xd4, 0xfe,
  0xe8, 0xd7, 0xba, 0xfe, 0x00, 0xdf, 0xfe, 0x00, 0xf1, 0xfe, 0xf1, 0xfe,
  0xf1, 0xd6, 0xf0, 0xfe, 0x00, 0xdc, 0xfe, 0x00, 0xf1, 0xf0, 0xf0, 0xfe,
  0xf1, 0xf0, 0xfe, 0xf1, 0xf0, 0xfe, 0xf1, 0xfe, 0xf1, 0xf0, 0xfe, 0x01,
  0xfe, 0xf1, 0xdd, 0xfe, 0x01, 0xfe, 0xf0, 0xfe, 0xef, 0xdd, 0xfe, 0x01,
  0xfe, 0xf0, 0xfe, 0xef, 0xe3, 0xfe, 0x01, 0xfe, 0x1c, 0xdd, 0xfe, 0xf0,
  0xfe, 0xf0, 0xfe, 0x05, 0xdd, 0xfe, 0xf0, 0xfe, 0xf0, 0xfe, 0xf1, 0xfe,
  0x00, 0xe3, 0xfe, 0xf1, 0xfe, 0x05, 0xe3, 0xfe, 0xf1, 0xfe, 0xf0, 0xfe,
  0xf1, 0xfe, 0x1d, 0xfe, 0x00, 0xe3, 0xfe, 0x1f, 0xfe, 0xf1, 0xfe, 0x00,
  0xdd, 0xfe, 0x00, 0xde, 0xfe, 0x01, 0xfe, 0x00, 0xdd, 0xfe, 0x00, 0xe3,
  0xfe, 0x00, 0xdd, 0xfe, 0x00, 0xe3, 0xfe, 0x01, 0xfe, 0x00, 0xf0, 0xfe,
  0xf1, 0xf1, 0xee, 0xf0, 0xfe, 0x2d, 0xfe, 0x12, 0xe6, 0xda, 0xfe, 0x01,
  0xfe, 0xf0, 0xfe, 0xd0, 0xfe, 0x05, 0xf1, 0xfe, 0xf1, 0xfe, 0xf1, 0xfe,
  0xf1, 0xfe, 0xf1, 0xfe, 0x12, 0xf0, 0xf0, 0xfe, 0xe8, 0xf0, 0xfe, 0x01,
  0xfe, 0x00, 0xf0, 0xf0, 0xda, 0xfe, 0xf1, 0xfe, 0x00, 0xda, 0xfe, 0xb2,
  0xda, 0xfe, 0x01, 0xfe, 0x00, 0xf1, 0xec, 0xf0, 0xe6, 0xda, 0xfe, 0xf0,
  0xda, 0xfe, 0x01, 0xfe, 0x00, 0xf0, 0xec, 0xf0, 0xf0, 0xfe, 0xf1, 0xfe,
  0xf1, 0xde, 0xfe, 0x01, 0xfe, 0x00, 0xde, 0xfe, 0x01, 0xfe, 0xf1, 0xfe,
  0xf1, 0xfe, 0x03, 0xfe, 0xf1, 0xf0, 0xf0, 0xf0, 0xde, 0xfe, 0x01, 0xfe,
  0x00, 0xde, 0xfe, 0x01, 0xfe, 0x00, 0xf0, 0xd4, 0xfe, 0x01, 0xfe, 0x00,
  0xd4, 0xfe, 0x01, 0xfe, 0x00, 0xd7, 0xf0, 0xd6, 0xd4, 0xfe, 0x01, 0xfe,
  0x00, 0xd4, 0xfe, 0x01, 0xfe, 0x00, 0xd7, 0xf0, 0xfe, 0xf0, 0xd6, 0xd4,
  0xfe, 0x01, 0xfe, 0x00, 0xd4, 0xfe, 0x01, 0xfe, 0x00, 0xf1, 0xd7, 0x04,
  0xfe, 0x01, 0xfe, 0x00, 0x04, 0xfe, 0x01, 0xfe, 0x00, 0x09, 0x18, 0x08,
  0x04, 0xfe, 0x01, 0xfe, 0x00, 0x04, 0xfe, 0xe8, 0x09, 0x0f, 0xfe, 0x27,
  0xfe, 0xd9, 0xfe, 0x05, 0xd1, 0xfe, 0xf0, 0xfe, 0xf0, 0xd1, 0xfe, 0xf0,
  0xfe, 0x03, 0xfe, 0xe2, 0xd1, 0xfe, 0x01, 0xfe, 0xd0, 0xfe, 0x00, 0xd1,
  0xfe, 0xed, 0xfe, 0xf0, 0xfe, 0xd0, 0xfe, 0xf0, 0xfe, 0xd0, 0xfe, 0xf0,
  0xd1, 0xfe, 0xf0, 0xfe, 0x03, 0xfe, 0xe2, 0xd1, 0xfe, 0x01, 0xfe, 0xd0,
  0xfe, 0x00, 0x0a, 0xfe, 0x01, 0xfe, 0x00, 0x0a, 0xfe, 0x01, 0xfe, 0xf0,
  0xfe, 0xf0, 0xfe, 0xf0, 0xfe, 0xf0, 0xfe, 0xf0, 0xfe, 0xd0, 0xfe, 0x1d,
  0xfe, 0xf0, 0xfe, 0xf0, 0xfe, 0xf0, 0xfe, 0xf0, 0xfe, 0xf0, 0xfe, 0xd0,
  0xfe, 0xf0, 0xfe, 0x24, 0xfe, 0xf0, 0xfe, 0xf0, 0xfe, 0xf0, 0xfe, 0xd0,
  0xfe, 0xf0, 0xfe, 0x24, 0xfe, 0xf0, 0xfe, 0xf1, 0xfe, 0xf1, 0xfe, 0xf1,
  0xfe, 0xf1, 0xfe, 0xd0, 0xfe, 0x1d, 0xfe, 0x1d, 0xfe, 0x1e, 0x10, 0x17,
  0xfe, 0x00, 0xf1, 0x0d, 0xf0, 0xfe, 0x01, 0xfe, 0xf1, 0xf0, 0xfe, 0x00,
  0xe0, 0xfe, 0x12, 0x08, 0x04, 0xfe, 0xf1, 0x09, 0x18, 0x08, 0x04, 0xfe,
  0x01, 0xfe, 0x00, 0x09, 0x0f, 0xfe, 0x00, 0xe0, 0xfe, 0x12, 0x08, 0x04,
  0xfe, 0xf0, 0xfe, 0x03, 0xfe, 0xf1, 0xfe, 0xf1, 0x09, 0x18, 0x08, 0x04,
  0xfe, 0x01, 0xfe, 0x00, 0x09, 0x0a, 0xfe, 0x01, 0xfe, 0x00, 0x10, 0xe7,
  0x0d, 0x0a, 0xfe, 0x01, 0xfe, 0x00, 0x10, 0x0b, 0xfe, 0x01, 0xfe, 0x00,
  0x0e, 0x20, 0x0c, 0x0b, 0xfe, 0x01, 0xfe, 0x00, 0x0e, 0x14, 0xfe, 0xf0,
  0xfe, 0xf0, 0x1a, 0xfe, 0x26, 0xfe, 0x15, 0x1a, 0xfe, 0x2b, 0xfe, 0x16,
  0x1a, 0xfe, 0x28, 0xfe, 0x1c, 0x13, 0xfe, 0xed, 0xfe, 0xf1, 0x14, 0xfe,
  0x01, 0xfe, 0x00, 0x1a, 0xfe, 0x26, 0xfe, 0x15, 0x1a, 0xfe, 0x2b, 0xfe,
  0x16, 0x1a, 0xfe, 0x28, 0xfe, 0x1c, 0xf1, 0xfe, 0x00, 0x13, 0xfe, 0xf1,
  0x14, 0xfe, 0x00, 0xf0, 0x0c, 0xd5, 0xfe, 0xf1, 0xfe, 0x05, 0xe9, 0xfe,
  0xf1, 0x0d, 0x0a, 0xfe, 0xf1, 0x19, 0x10, 0xe9, 0xfe, 0xf1, 0x0d, 0x0a,
  0xfe, 0xf1, 0x19, 0x10, 0xd5, 0xfe, 0xf1, 0xfe, 0x16, 0xd5, 0xfe, 0x00,
  0xf1, 0xfe, 0xf1, 0x0d, 0x0a, 0xfe, 0xf1, 0xfe, 0xf1, 0xfe, 0x00, 0x10,
  0xe7, 0x0d, 0x0a, 0xfe, 0xf1, 0x10, 0xd5, 0xfe, 0xf1, 0xfe, 0xf1, 0xfe,
  0xf1, 0x17, 0xfe, 0x00, 0xf1, 0x0d, 0xf1, 0xfe, 0xf1, 0x0a, 0xfe, 0xf1,
  0xfe, 0xf1, 0xfe, 0xf1, 0xfe, 0xf1, 0xfe, 0xf1, 0x10, 0xe7, 0x0d, 0x0a,
  0xfe, 0xf1, 0x10, 0x17, 0xfe, 0x01, 0xfe, 0xf1, 0xfe, 0x05, 0x17, 0xfe,
  0x00, 0xf1, 0x0d, 0x0a, 0xfe, 0x01, 0xfe, 0xf2, 0xfe, 0xf2, 0xfe, 0xf1,
  0xfe, 0xf2, 0xfe, 0xf1, 0xfe, 0xf1, 0x10, 0xe7, 0x0d, 0x0a, 0xfe, 0x01,
  0xfe, 0x00, 0x10, 0x0b, 0xfe, 0xf0, 0xfe, 0x03, 0xfe, 0x05, 0xf0, 0xf0,
  0x14, 0xfe, 0xf1, 0x13, 0xfe, 0x1f, 0xfe, 0xf1, 0xfe, 0xf1, 0xfe, 0xf2,
  0xf2, 0xfe, 0x15, 0xf2, 0xfe, 0x16, 0xf2, 0xfe, 0x1c, 0xf2, 0x0c, 0xd5,
  0xfe, 0xf2, 0xf2, 0xfe, 0xf1, 0x2a, 0xfe, 0xf1, 0xfe, 0xf0, 0xfe, 0xf0,
  0xfe, 0x1b, 0xfe, 0xf1, 0x2f, 0xfe, 0x00, 0x30, 0x0d, 0xe0, 0xfe, 0xf1,
  0x08, 0x04, 0xfe, 0xf1, 0x29, 0x09, 0xf0, 0xfe, 0xf0, 0xfe, 0xf0, 0xfe,
  0xf0, 0xfe, 0xf0, 0xfe, 0x00, 0x0f, 0xfe, 0xf0, 0xfe, 0xf0, 0xfe, 0xf1,
  0xfe, 0xf1, 0xfe, 0xf1, 0xfe, 0xf1, 0x0a, 0xfe, 0xf0, 0xfe, 0xf0, 0xfe,
  0xf0, 0xfe, 0xf0, 0xfe, 0xf0, 0xfe, 0xf0, 0xfe, 0xf0, 0xfe, 0xf0, 0x19,
  0x31, 0xf2, 0xfe, 0x01, 0xfe, 0xf0, 0xfe, 0xef, 0xd5, 0xfe, 0x01, 0xfe,
  0x15, 0x2f, 0xfe, 0x00, 0x0b, 0xfe, 0x26, 0xfe, 0x00, 0xd5, 0xfe, 0x01,
  0xfe, 0x16, 0x0b, 0xfe, 0x2b, 0xfe, 0x00, 0xf2, 0xfe, 0xf2, 0xfe, 0xf2,
  0x0d, 0xf2, 0xfe, 0xf2, 0x10, 0xe7, 0x0d, 0x0f, 0xfe, 0xf2, 0xd1, 0xfe,
  0xf2, 0xfe, 0xd0, 0xfe, 0xf2, 0xfe, 0xd0, 0xfe, 0xf2, 0xfe, 0x00, 0xf2,
  0xfe, 0x03, 0xfe, 0x03, 0xfe, 0x03, 0xfe, 0xf2, 0x10, 0x0e, 0x37, 0x25,
  0x02, 0x90, 0x91, 0x92, 0x93, 0x0a, 0x94, 0x95, 0x0a, 0x96, 0x97, 0x0a,
  0x98, 0x0a, 0x99, 0x9a, 0x9b, 0x9c, 0x9d, 0x9e, 0x9f, 0xa0, 0x13, 0xa1,
  0x13, 0xa2, 0xc7, 0xc8, 0x13, 0xc9, 0xa3, 0xa4, 0xa5, 0xa6, 0xa7, 0xa8,
  0xa9, 0xaa, 0xab, 0xac, 0xad, 0xae, 0xaf, 0xb0, 0xb1, 0xb2, 0x2c, 0x2d,
  0x63, 0x90, 0x91, 0x92, 0x13, 0x63, 0xb3, 0xb4, 0xb5, 0xb6, 0xb7, 0xb8,
  0xb9, 0xba, 0x4a, 0xbb, 0xbc, 0xbd, 0xbe, 0xbf, 0xc0, 0xc1, 0xc2, 0xc3,
  0xc4, 0xc5, 0xc6, 0xc7, 0xc8, 0x88, 0xc9, 0xca, 0xcb, 0xcc, 0xcd, 0xce,
  0xcf, 0xd0, 0xd1, 0xd2, 0xd3, 0xd4, 0xd5, 0xd6, 0xd7, 0xd8, 0xd9, 0xda,
  0xdb, 0xdc, 0xdd, 0xde, 0xdf, 0x0b, 0x34, 0xe0, 0xe1, 0x19, 0xe2, 0xe3,
  0x1a, 0x35, 0x36, 0x37, 0xe4, 0x36, 0x37, 0xe5, 0x6f, 0xe6, 0xe7, 0x0b,
  0x0b, 0x24, 0xe8, 0xe9, 0xea, 0xeb, 0xec, 0xed, 0xee, 0xef, 0xf0, 0x24,
  0xf1, 0xf2, 0x24, 0xf3, 0x5c, 0x5d, 0xf4, 0x38, 0x35, 0xf5, 0xf6, 0x39,
  0x1b, 0xf7, 0xf8, 0xf9, 0xfa, 0x25, 0xfb, 0x1a, 0x26, 0xfc, 0x38, 0x3a,
  0xfd, 0x3a, 0xfe, 0x26, 0xff, 0x00, 0x01, 0x02, 0x03, 0x04, 0x27, 0x3b,
  0x0b, 0x27, 0x05, 0x1e, 0x27, 0x3b, 0x06, 0x07, 0x08, 0x09, 0x65, 0x0a,
  0x0b, 0x01, 0x28, 0x16, 0x5e, 0x1e, 0x0c, 0x0d, 0x0e, 0x0c, 0x0f, 0x10,
  0x11, 0x3c, 0x12, 0x29, 0x19, 0x13, 0x14, 0x15, 0x16, 0x17, 0x18, 0x3d,
  0x70, 0x19, 0x1a, 0x1b, 0x1c, 0x3e, 0x3e, 0x1d, 0x1e, 0x1f, 0x20, 0x3d,
  0x21, 0x22, 0x23, 0x24, 0x25, 0x26, 0x89, 0x27, 0x17, 0x28, 0x39, 0x1b,
  0x29, 0x2a, 0x2b, 0x2c, 0x2d, 0x2e, 0x3f, 0x40, 0x0d, 0x41, 0x0d, 0x42,
  0x2f, 0x30, 0x31, 0x3f, 0x40, 0x0d, 0x41, 0x0d, 0x42, 0x32, 0x19, 0x6f,
  0xcd, 0xca, 0x87, 0x01, 0xcb, 0x70, 0x71, 0x07, 0xcc, 0x05, 0x0e, 0x3f,
  0xce, 0x66, 0x68, 0x1a, 0x2e, 0xb9, 0x2f, 0xba, 0x5c, 0x5d, 0xbb, 0x30,
  0x31, 0xbc, 0x8a, 0xbd, 0x00, 0xbe, 0x63, 0x09, 0x50, 0x76, 0x77, 0x78,
  0x79, 0x03, 0x7a, 0x7b, 0xbf, 0xc0, 0xc1, 0xc2, 0x7c, 0x7d, 0x7e, 0x7f,
  0x80, 0x81, 0x82, 0x83, 0x5e, 0xc3, 0xbc, 0x32, 0x5f, 0x64, 0x7c, 0x00,
  0x04, 0x85, 0x86, 0x67, 0x6c, 0x2f, 0x05, 0x06, 0x07, 0x08, 0x68, 0x8b,
  0x2d, 0x28, 0x18, 0x17, 0x87, 0x86, 0x56, 0x57, 0x22, 0x58, 0x31, 0x8c,
  0x7d, 0x09, 0x8f, 0x8d, 0x59, 0x28, 0x1c, 0x08, 0x1d, 0x20, 0x17, 0x89,
  0x86, 0x56, 0x57, 0x22, 0x58, 0x18, 0x8e, 0x15, 0x67, 0x15, 0x63, 0x09,
  0x7e, 0x00, 0x2b, 0x7f, 0x23, 0x6d, 0x0a, 0x8c, 0x23, 0x6d, 0x0b, 0x8c,
  0x23, 0x6d, 0x0c, 0x2b, 0x0d, 0x85, 0x86, 0x67, 0x5b, 0x2b, 0x80, 0x81,
  0x82, 0x83, 0x84, 0x85, 0x86, 0x70, 0x87, 0x70, 0x88, 0x75, 0x69, 0x89,
  0x69, 0x29, 0x2b, 0x8a, 0x22, 0x02, 0x8b, 0x89, 0x02, 0x8c, 0x8d, 0x51,
  0x51, 0x0e, 0x0c, 0x8e, 0x0f, 0x1f, 0x8f, 0x90, 0x91, 0x8e, 0x92, 0x10,
  0x11, 0x93, 0x94, 0x51, 0x65, 0x12, 0x13, 0x29, 0x15, 0x67, 0x15, 0x2b,
  0x1f, 0x8c, 0x14, 0x8e, 0x15, 0x8c, 0x16, 0x8c, 0x17, 0x2b, 0x0c, 0x95,
  0x29, 0x2b, 0xc6, 0x18, 0x2b, 0x19, 0x32, 0x6b, 0x21, 0x2b, 0x06, 0x6e,
  0x12, 0x5b, 0x2b, 0x06, 0x6e, 0x12, 0x5b, 0x2b, 0x06, 0x6e, 0x12, 0x5b,
  0x2b, 0x06, 0x1a, 0x65, 0x12, 0x5b, 0x2f, 0x1b, 0x30, 0x1c, 0x30, 0x1d,
  0x30, 0x8b, 0x30, 0x8b, 0x30, 0x1e, 0x1f, 0x2c, 0x68, 0x8b, 0x2d, 0x28,
  0x18, 0x17, 0x87, 0x86, 0x56, 0x57, 0x22, 0x58, 0x31, 0x8c, 0x8f, 0x8b,
  0x2d, 0x28, 0x18, 0x17, 0x89, 0x86, 0x56, 0x57, 0x22, 0x58, 0x31, 0x8c,
  0x63, 0x09, 0x96, 0x00, 0x04, 0x32, 0x6b, 0x6c, 0x20, 0x21, 0x22, 0x63,
  0x09, 0x16, 0x5e, 0xc3, 0x33, 0x34, 0x35, 0x36, 0x37, 0x70, 0x38, 0x74,
  0x71, 0x60, 0x72, 0x60, 0x73, 0x74, 0x60, 0x75, 0x03, 0x04, 0x03, 0x04,
  0x03, 0x54, 0x55, 0x03, 0x54, 0x55, 0x76, 0x77, 0x78, 0x04, 0x79, 0x7a,
  0x03, 0x03, 0x03, 0x74, 0x7b, 0x39, 0x00, 0x65, 0x22, 0x3a, 0x7c, 0x7d,
  0x7e, 0x7f, 0x18, 0x80, 0x3b, 0x15, 0x67, 0x16, 0x31, 0x15, 0x09, 0x50,
  0x81, 0x82, 0x83, 0x05, 0x16, 0x16, 0x3c, 0x68, 0x06, 0x25, 0x0e, 0x46,
  0x10, 0x47, 0x67, 0x48, 0x49, 0x4a, 0x4b, 0x2c, 0x4c, 0x1f, 0x4d, 0x11,
  0x07, 0x02, 0x10, 0x11, 0x07, 0x02, 0x4e, 0x02, 0x7b, 0x72, 0x69, 0x1b,
  0x19, 0xcf, 0x0e, 0xd0, 0xd1, 0xd2, 0xd3, 0xd4, 0x01, 0x1a, 0x03, 0xd5,
  0xd6, 0x06, 0x25, 0x0e, 0x46, 0x10, 0x47, 0xd7, 0xd8, 0x48, 0x49, 0x4a,
  0x4b, 0x2c, 0x4c, 0x1f, 0x4d, 0x11, 0x07, 0x02, 0x10, 0x11, 0x07, 0x02,
  0x4e, 0xd9, 0xda, 0xdb, 0x05, 0x69, 0x1b, 0x33, 0x34, 0x35, 0x36, 0x0c,
  0x37, 0x38, 0x39, 0x3a, 0x3b, 0x3c, 0x43, 0x3d, 0x43, 0x3e, 0x71, 0x71,
  0x40, 0x41, 0x42, 0x43, 0x44, 0x45, 0x46, 0x93, 0x94, 0x44, 0x47, 0x44,
  0x48, 0x87, 0x49, 0x4a, 0x4b, 0x4c, 0x0c, 0x4d, 0x4e, 0x4f, 0x0e, 0x50,
  0x95, 0x96, 0x97, 0x98, 0x99, 0x9a, 0x01, 0x72, 0x73, 0x05, 0x01, 0x51,
  0x52, 0x53, 0x54, 0x55, 0x1f, 0x05, 0x9b, 0x9c, 0x56, 0x57, 0x66, 0x0f,
  0x45, 0x0f, 0x58, 0x45, 0x1a, 0x01, 0x74, 0x8a, 0x9d, 0x00, 0x9e, 0x9f,
  0x2a, 0x8b, 0x1e, 0x1e, 0x17, 0xa0, 0xa1, 0x29, 0x2d, 0x75, 0xa2, 0x18,
  0x4f, 0x59, 0x75, 0x1c, 0x08, 0xa3, 0x1d, 0x20, 0xa4, 0x1c, 0x08, 0xa5,
  0x1d, 0x20, 0xa6, 0xa7, 0x8c, 0x2a, 0x72, 0x73, 0x09, 0x6a, 0x00, 0x09,
  0x50, 0x5f, 0xa8, 0x50, 0x76, 0x77, 0x78, 0x79, 0x03, 0x7a, 0x7b, 0xa9,
  0xaa, 0xab, 0x60, 0x7c, 0x7d, 0x7e, 0x7f, 0x80, 0x81, 0x82, 0x83, 0xac,
  0x00, 0xad, 0x5f, 0x64, 0x4b, 0x14, 0x04, 0x85, 0x86, 0xc4, 0x6c, 0x61,
  0x05, 0x06, 0x07, 0x08, 0xc5, 0x8d, 0x59, 0x28, 0x1c, 0x08, 0x1d, 0x20,
  0x17, 0x87, 0x86, 0x56, 0x57, 0x22, 0x58, 0x18, 0x8e, 0x4c, 0x09, 0x8f,
  0x4d, 0x1c, 0x88, 0x4e, 0x28, 0x4f, 0x50, 0x51, 0x52, 0x88, 0x17, 0x89,
  0x86, 0x88, 0x08, 0x56, 0x57, 0x22, 0x58, 0x1d, 0x53, 0x4f, 0x31, 0x15,
  0x54, 0x8a, 0x6d, 0x0a, 0x64, 0x8a, 0x6d, 0x0b, 0x64, 0x8a, 0x6d, 0x0c,
  0x23, 0x0d, 0x85, 0x86, 0xc4, 0x5b, 0x14, 0x51, 0x55, 0x51, 0x14, 0x0e,
  0x56, 0x0f, 0x57, 0x58, 0x59, 0x5a, 0x10, 0x11, 0x0c, 0x5b, 0x5c, 0x5d,
  0x51, 0x2d, 0x12, 0x13, 0x29, 0x4f, 0x23, 0x5e, 0x5f, 0x64, 0x14, 0x8e,
  0x15, 0x64, 0x16, 0x64, 0x17, 0x23, 0x0c, 0x60, 0x29, 0x23, 0xc6, 0x18,
  0x23, 0x19, 0x14, 0x32, 0x6b, 0x21, 0x14, 0x32, 0x6e, 0x12, 0x21, 0x14,
  0x32, 0x6e, 0x12, 0x21, 0x14, 0x32, 0x6e, 0x12, 0x21, 0x14, 0x32, 0x1a,
  0x65, 0x12, 0x21, 0x61, 0x1b, 0x30, 0x1c, 0x30, 0x1d, 0x30, 0x8b, 0x30,
  0x8b, 0x30, 0x1e, 0x1f, 0x2c, 0xc5, 0x8d, 0x59, 0x28, 0x61, 0x1c, 0x08,
  0x1d, 0x20, 0x17, 0x87, 0x62, 0x56, 0x57, 0x22, 0x58, 0x18, 0x8e, 0x8f,
  0x8d, 0x59, 0x28, 0x63, 0x1c, 0x08, 0x1d, 0x20, 0x17, 0x89, 0x64, 0x65,
  0x56, 0x57, 0x22, 0x58, 0x18, 0x8e, 0x31, 0x15, 0x66, 0x14, 0x04, 0x14,
  0x32, 0x6b, 0x6c, 0x20, 0x21, 0x22, 0x31, 0x15, 0x16, 0x63, 0xae, 0x05,
  0xaf, 0xb0, 0x70, 0x03, 0xb1, 0x00, 0x2a, 0x71, 0x2f, 0x72, 0x2f, 0x73,
  0x74, 0x2f, 0x75, 0x04, 0x04, 0x54, 0x55, 0x54, 0x55, 0x76, 0x77, 0x78,
  0x04, 0x79, 0x7a, 0x2a, 0x7b, 0xb2, 0x2d, 0x22, 0xb3, 0x7c, 0x7d, 0x7e,
  0x7f, 0x1c, 0x08, 0x08, 0x1d, 0x20, 0x80, 0xb4, 0x4f, 0x16, 0x18, 0x15,
  0x2b, 0x81, 0x82, 0xb5, 0x83, 0xb6, 0x09, 0x6a, 0x00, 0x09, 0x05, 0x01,
  0x68, 0xb7, 0x06, 0x25, 0x0e, 0x46, 0x10, 0x47, 0x67, 0x48, 0x49, 0x4a,
  0x4b, 0x2c, 0x4c, 0x1f, 0x4d, 0x11, 0x07, 0x02, 0x10, 0x11, 0x07, 0x02,
  0x4e, 0x59, 0x5a, 0x5b, 0xb8, 0x5c, 0x0f, 0x5d, 0x0f, 0x5e, 0x34, 0x5f,
  0x60, 0x33, 0x26, 0x61, 0x62, 0xe5, 0x19, 0xe6, 0xe7, 0x84, 0xe8, 0x84,
  0xe9, 0xea, 0xeb, 0xec, 0xed, 0xee, 0xef, 0x85, 0xf0, 0xf1, 0xf2, 0xf3,
  0xf4, 0xf5, 0xf6, 0xf7, 0xf8, 0xf9, 0xfa, 0xfb, 0x49, 0x73, 0x8d, 0x74,
  0x85, 0xfc, 0x33, 0x69, 0x1b, 0xfd, 0xfe, 0xff, 0x00, 0x01, 0x02, 0x03,
  0x3d, 0x3e, 0x3f, 0xb9, 0xba, 0x5c, 0x5d, 0xbb, 0xbd, 0xbe, 0x6f, 0x76,
  0x77, 0x78, 0x79, 0x7a, 0x7b, 0xbf, 0xc0, 0xc1, 0xc2, 0x7c, 0x7d, 0x7e,
  0x7f, 0x80, 0x81, 0x82, 0x83, 0x40, 0x85, 0x41, 0x42, 0x43, 0x44, 0x45,
  0x97, 0x46, 0x98, 0x99, 0x47, 0x48, 0x02, 0x03, 0x04, 0x05, 0x06, 0x07,
  0x10, 0x1f, 0x20, 0x21, 0x22, 0xbb, 0x13, 0xa3, 0x81, 0x96, 0x40, 0x96,
  0x40, 0x96, 0x40, 0xed, 0x89, 0xfc, 0xb6, 0x96, 0x40, 0xfc, 0x99, 0xcc,
  0x42, 0xa3, 0x81, 0xfc, 0xb6, 0xea, 0xaa, 0xfc, 0xb6, 0xa3, 0x81, 0xed,
  0x77, 0xed, 0x77, 0xed, 0x77, 0xed, 0x77, 0xd3, 0xbf, 0x97, 0x85, 0xed,
  0x77, 0xd3, 0xbf, 0xbb, 0x4c, 0xed, 0x77, 0xd3, 0xbf, 0xa5, 0x4f, 0xf7,
  0x38, 0xa5, 0x4f, 0xa5, 0x4f, 0xd0, 0x8a, 0xcc, 0x42, 0xa5, 0x4f, 0xeb,
  0x75, 0xbb, 0x4c, 0xd0, 0x8a, 0xbc, 0x97, 0xfc, 0x99, 0xda, 0x6e, 0xfc,
  0x99, 0xed, 0x70, 0xd0, 0x8a, 0xd0, 0x8a, 0xbb, 0x4c, 0x9d, 0x69, 0xf7,
  0x38, 0xf7, 0x38, 0xaa, 0x49, 0xe8, 0x5a, 0xed, 0x89, 0xed, 0x89, 0xe8,
  0x5a, 0x07, 0xaa, 0x49, 0xed, 0x89, 0x9e, 0x3e, 0xbc, 0x97, 0xda, 0x6e,
  0xb4, 0xa5, 0x9e, 0x3e, 0x9e, 0x3e, 0xfa, 0x87, 0x9e, 0x3e, 0x9e, 0x3e,
  0xf7, 0x33, 0xbc, 0x97, 0xda, 0x6e, 0xf8, 0x6b, 0xf7, 0x33, 0x9c, 0x75,
  0xf8, 0x6b, 0x8a, 0x5a, 0xf7, 0x33, 0x93, 0x8a, 0x8a, 0x5a, 0xc9, 0xb0,
  0xb4, 0xa5, 0xfa, 0x87, 0xb4, 0xa5, 0xfa, 0x87, 0xb4, 0xa5, 0xfa, 0x87,
  0xb4, 0xa5, 0xfa, 0x87, 0xed, 0x89, 0xc8, 0x5f, 0xc9, 0xb0, 0xc9, 0xb0,
  0x9c, 0x75, 0x8a, 0x5a, 0xf8, 0x6b, 0x8a, 0x5a, 0xf8, 0x6b, 0x93, 0x8a,
  0x9c, 0x75, 0x93, 0x8a, 0xa9, 0x33, 0xc8, 0x5f, 0xc8, 0x5f, 0xc8, 0x5f,
  0xc8, 0x5f, 0xc8, 0x5f, 0xe8, 0x5a, 0xa9, 0x33, 0xaa, 0x49, 0x9e, 0x3e,
  0x9e, 0x3e, 0xa9, 0x33, 0xcb, 0x52, 0xbc, 0x97, 0xda, 0x6e, 0xe8, 0x5a,
  0x07, 0xaa, 0x49, 0xcb, 0x52, 0xcb, 0x52, 0x8e, 0xc3, 0xaa, 0x49, 0xc5,
  0x74, 0xcc, 0x42, 0x8e, 0xc3, 0xf7, 0x38, 0x8e, 0xc3, 0xe9, 0x4d, 0xcd,
  0x3c, 0xed, 0x89, 0xe1, 0x3f, 0xbc, 0x97, 0xda, 0x6e, 0xcd, 0x3c, 0xe1,
  0x3f, 0xe1, 0x3f, 0xe8, 0x5a, 0xe1, 0x3f, 0xe1, 0x3f, 0xe8, 0x5a, 0xe1,
  0x3f, 0xe1, 0x3f, 0xe8, 0x5a, 0xcc, 0x52, 0xbc, 0x97, 0xda, 0x6e, 0xcd,
  0x3c, 0xcc, 0x52, 0xcc, 0x52, 0xf2, 0x33, 0xc8, 0x31, 0x8e, 0xc3, 0xde,
  0x8e, 0x9d, 0x69, 0xec, 0x75, 0xcd, 0x3c, 0xea, 0xaa, 0xb7, 0x33, 0xda,
  0x8c, 0xc8, 0x31, 0xc8, 0x31, 0xf2, 0x33, 0xde, 0x8e, 0xcf, 0x35, 0xde,
  0x8e, 0xf2, 0x33, 0xe8, 0x62, 0xec, 0x75, 0x97, 0x51, 0xe8, 0x62, 0xe8,
  0x62, 0x88, 0x82, 0xec, 0x75, 0x88, 0x82, 0x97, 0x51, 0x88, 0x82, 0x97,
  0x51, 0xf5, 0x48, 0xda, 0x8c, 0xcf, 0x35, 0xda, 0x8c, 0xcf, 0x35, 0x88,
  0x82, 0xb7, 0x33, 0xc8, 0x31, 0xde, 0x8e, 0xf5, 0x48, 0xda, 0x8c, 0xcf,
  0x35, 0xf5, 0x48, 0x88, 0x82, 0xb7, 0x33, 0x90, 0xa7, 0xda, 0x8c, 0xcf,
  0x35, 0xb1, 0x72, 0x88, 0x82, 0x90, 0xa7, 0xf5, 0x48, 0x90, 0xa7, 0xb7,
  0x33, 0xb1, 0x72, 0xb1, 0x72, 0xb1, 0x72, 0xc8, 0x31, 0xde, 0x8e, 0xe9,
  0x4d, 0xc5, 0x74, 0xb7, 0x33, 0xf2, 0x33, 0xf7, 0x38, 0xe9, 0x4d, 0xc5,
  0x74, 0xc9, 0x6e, 0xbb, 0x3e, 0xd6, 0xaa, 0xa3, 0x81, 0xb8, 0xbb, 0xd6,
  0xaa, 0xbb, 0x3e, 0x85, 0xb5, 0xd6, 0xaa, 0xa3, 0x81, 0xbb, 0x3e, 0x9f,
  0xc0, 0xa3, 0x81, 0xb8, 0xbb, 0x8c, 0x3e, 0xa3, 0x81, 0xb8, 0xbb, 0xc9,
  0x6e, 0x9f, 0xc0, 0x85, 0xb5, 0x8c, 0x3e, 0x85, 0xb5, 0x8c, 0x3e, 0x85,
  0xb5, 0x9f, 0xc0, 0x85, 0xb5, 0xac, 0x55, 0x02, 0xac, 0x55, 0xa3, 0x81,
  0xa3, 0x81, 0xa3, 0x81, 0xac, 0x55, 0xc1, 0x7d, 0x03, 0xab, 0x9f, 0xa3,
  0x81, 0xbe, 0x7a, 0xa3, 0x81, 0xb2, 0x5a, 0xa3, 0x81, 0xc1, 0x7d, 0xac,
  0x55, 0xab, 0x9f, 0xbe, 0x7a, 0xab, 0x9f, 0xb2, 0x5a, 0xb2, 0x5a, 0xb2,
  0x5a, 0xb2, 0x5a, 0xbe, 0x7a, 0xbe, 0x7a, 0xbe, 0x7a, 0xab, 0x9f, 0xab,
  0x9f, 0xc1, 0x7d, 0xac, 0x55, 0xc9, 0x6e, 0xc1, 0x7d, 0xa3, 0x6a, 0x8b,
  0x7a, 0xbb, 0x82, 0xd7, 0xbf, 0xed, 0x70, 0xea, 0xaa, 0xa3, 0x81, 0x9d,
  0x69, 0xa5, 0x4f, 0xa5, 0x4f, 0xeb, 0x75, 0xe9, 0x4d, 0xbb, 0x4c, 0xe9,
  0x4d, 0xbb, 0x4c, 0xe9, 0x4d, 0xbb, 0x4c, 0xe9, 0x4d, 0x97, 0x85, 0xc9,
  0x6e, 0xed, 0x70, 0x8e, 0xc3, 0x97, 0x85, 0x8e, 0xc3, 0x97, 0x85, 0x8e,
  0xc3, 0x97, 0x85, 0x8e, 0xc3, 0xc0, 0x55, 0x8b, 0x7a, 0xa3, 0x6a, 0x94,
  0xb8, 0xab, 0xbb, 0xa3, 0x6a, 0xea, 0xaa, 0xac, 0x52, 0xab, 0xbb, 0xac,
  0x52, 0xa3, 0x6a, 0xea, 0xaa, 0xa3, 0x6a, 0xab, 0xbb, 0xac, 0x52, 0xea,
  0xaa, 0x94, 0xb8, 0xac, 0x52, 0x94, 0xb8, 0xa3, 0x6a, 0xde, 0x8b, 0xa3,
  0x81, 0x94, 0xb8, 0xbb, 0x82, 0xbb, 0x82, 0xc0, 0x55, 0xd7, 0xbf, 0xde,
  0x8b, 0xc0, 0x55, 0xd7, 0xbf, 0x86, 0x3d, 0xde, 0x8b, 0xfc, 0x96, 0x94,
  0x74, 0xfc, 0x96, 0xfc, 0x96, 0xfc, 0x96, 0xfc, 0x96, 0xbf, 0x8a, 0x94,
  0x74, 0xbf, 0x55, 0x94, 0x74, 0xbf, 0x55, 0xbc, 0x7c, 0x94, 0x74, 0x94,
  0x74, 0x94, 0x74, 0xa3, 0x81, 0xd3, 0x5f, 0xa3, 0x81, 0xbc, 0x7c, 0x94,
  0x74, 0xbc, 0x7c, 0x94, 0x74, 0xbf, 0x55, 0x94, 0x74, 0xd3, 0x5f, 0x94,
  0x74, 0xd3, 0x5f, 0x94, 0x74, 0xd3, 0x5f, 0x94, 0x74, 0xa4, 0x9a, 0xc1,
  0xa5, 0x94, 0x74, 0xe6, 0x79, 0xbf, 0x55, 0xbf, 0x55, 0xbf, 0x55, 0x94,
  0x74, 0x94, 0x74, 0xc1, 0xa5, 0x92, 0xa2, 0xe6, 0x79, 0xe6, 0x79, 0xe6,
  0x91, 0x94, 0x74, 0xbf, 0x55, 0xad, 0x55, 0xc3, 0x92, 0x92, 0xa2, 0xe6,
  0x91, 0xc3, 0x92, 0xad, 0x55, 0xd4, 0xbd, 0x92, 0xa2, 0xc3, 0x92, 0xc3,
  0x92, 0xe6, 0x91, 0xe6, 0x91, 0xb6, 0xa0, 0xe6, 0x91, 0xc3, 0x92, 0xad,
  0x55, 0xd4, 0xbd, 0xd4, 0xbd, 0xb6, 0xa0, 0xb6, 0xa0, 0xad, 0x52, 0x94,
  0x74, 0xa0, 0x81, 0xe6, 0x91, 0xf7, 0xa4, 0xc4, 0x92, 0x92, 0xa2, 0xa0,
  0x81, 0xc4, 0x92, 0xf7, 0xa4, 0xd5, 0xbd, 0x92, 0xa2, 0xc4, 0x92, 0xc4,
  0x92, 0xa0, 0x81, 0xa0, 0x81, 0xb7, 0xa0, 0xa0, 0x81, 0xc4, 0x92, 0xf7,
  0xa4, 0xd5, 0xbd, 0xd5, 0xbd, 0xb7, 0xa0, 0xb7, 0xa0, 0xad, 0x52, 0xad,
  0x55, 0xf7, 0xa4, 0xad, 0x52, 0xad, 0x55, 0xa4, 0x9a, 0xad, 0x52, 0xa5,
  0x55, 0xfc, 0x3d, 0x94, 0x74, 0xaa, 0xaf, 0xfc, 0x3d, 0x83, 0x44, 0x94,
  0x74, 0x94, 0xbf, 0x83, 0x44, 0x84, 0x44, 0x94, 0x74, 0xe8, 0x4e, 0xbf,
  0x55, 0xbf, 0x55, 0xbf, 0x55, 0x94, 0x74, 0x94, 0x74, 0xf4, 0x42, 0xe8,
  0x4e, 0xa1, 0x5a, 0xa1, 0x5a, 0xf4, 0x42, 0xa1, 0x5a, 0xe8, 0x4e, 0xde,
  0x6f, 0xa1, 0x5a, 0xb1, 0x94, 0x94, 0x74, 0x9f, 0xb5, 0xb1, 0x94, 0xfe,
  0xae, 0xb1, 0x94, 0xef, 0x9f, 0xb1, 0x94, 0x8e, 0x48, 0xb1, 0x94, 0xfe,
  0xae, 0xab, 0x32, 0xfe, 0xae, 0xef, 0x9f, 0x98, 0x5b, 0xde, 0x6f, 0xfc,
  0x89, 0xde, 0x6f, 0xf9, 0x73, 0xbf, 0x55, 0x9f, 0xb5, 0x8e, 0x48, 0x98,
  0x5b, 0x9f, 0xb5, 0xab, 0x32, 0xfc, 0x89, 0xef, 0x9f, 0x8e, 0x48, 0xf8,
  0x38, 0x8e, 0x48, 0xab, 0x32, 0x98, 0x5b, 0xf9, 0x73, 0xfe, 0xae, 0x9f,
  0xb5, 0xab, 0x32, 0xfc, 0x89, 0xf9, 0x73, 0xa5, 0x55, 0xe4, 0xa0, 0xfc,
  0x3d, 0xef, 0x33, 0xc1, 0xa5, 0xe9, 0x7a, 0xf4, 0x42, 0xe8, 0x4e, 0xef,
  0x33, 0x91, 0x82, 0xbf, 0x55, 0xe9, 0x7a, 0xe9, 0x7a, 0xe4, 0xa0, 0xbf,
  0x55, 0x94, 0x74, 0x83, 0x44, 0xf8, 0x38, 0xf8, 0x38, 0x94, 0xbf, 0xaa,
  0xaf, 0xbf, 0x55, 0x94, 0x74, 0x84, 0x44, 0x8c, 0x34, 0x84, 0x44, 0xb3,
  0x4a, 0x91, 0x82, 0x8c, 0x34, 0xb3, 0x4a, 0x8c, 0x34, 0x91, 0x82, 0x8c,
  0x34, 0xb3, 0x4a, 0x91, 0x82, 0xb2, 0x5e, 0xf8, 0x38, 0xb3, 0x4a, 0xe4,
  0xa0, 0x95, 0x47, 0xb2, 0x5e, 0xb2, 0x5e, 0xd3, 0x9c, 0xfa, 0x31, 0x95,
  0x47, 0xd3, 0x9c, 0x94, 0xbf, 0xdf, 0x3e, 0xb2, 0x5e, 0xa5, 0x55, 0x95,
  0x47, 0xfa, 0x31, 0xd3, 0x9c, 0x94, 0xb4, 0xdf, 0x3e, 0xba, 0x6d, 0xdf,
  0x3e, 0xb6, 0x6f, 0xa1, 0x5a, 0x94, 0x74, 0x94, 0x74, 0xef, 0x33, 0xa4,
  0x55, 0xa1, 0x5a, 0x94, 0xb4, 0xba, 0x6d, 0x94, 0x74, 0x94, 0x74, 0xb7,
  0x6f, 0xa4, 0x55, 0xef, 0x33, 0xf1, 0x61, 0xa1, 0x5a, 0x94, 0xb4, 0xba,
  0x6d, 0x94, 0x74, 0x94, 0x74, 0xc2, 0x79, 0xf1, 0x61, 0xef, 0x33, 0xf2,
  0x61, 0xa1, 0x5a, 0xba, 0x6d, 0x94, 0xb4, 0x94, 0x74, 0x94, 0x74, 0xc3,
  0x79, 0xf2, 0x61, 0xef, 0x33, 0xf3, 0x61, 0xa1, 0x5a, 0x94, 0xb4, 0xba,
  0x6d, 0x94, 0x74, 0x94, 0x74, 0xc4, 0x79, 0xf3, 0x61, 0xef, 0x33, 0xbd,
  0x6f, 0xb6, 0x6f, 0xb6, 0x6f, 0xfa, 0x31, 0xb7, 0x6f, 0xb7, 0x6f, 0xfa,
  0x31, 0xc2, 0x79, 0xc2, 0x79, 0xfa, 0x31, 0xc3, 0x79, 0xc3, 0x79, 0xfa,
  0x31, 0xc4, 0x79, 0xc4, 0x79, 0xfa, 0x31, 0xe7, 0x91, 0xaa, 0xaf, 0xbf,
  0x55, 0x81, 0x45, 0xc5, 0x92, 0xbd, 0x6f, 0xe7, 0x91, 0xc5, 0x92, 0x81,
  0x45, 0xd6, 0xbd, 0xbd, 0x6f, 0xc5, 0x92, 0xc5, 0x92, 0xe7, 0x91, 0xe7,
  0x91, 0xb8, 0xa0, 0xe7, 0x91, 0xc5, 0x92, 0x81, 0x45, 0xd6, 0xbd, 0xd6,
  0xbd, 0xb8, 0xa0, 0xb8, 0xa0, 0xc0, 0x7a, 0xe7, 0x91, 0xf8, 0xa4, 0xc6,
  0x92, 0xbd, 0x6f, 0xc0, 0x7a, 0xc6, 0x92, 0xf8, 0xa4, 0xd7, 0xbd, 0xbd,
  0x6f, 0xc6, 0x92, 0xc6, 0x92, 0xc0, 0x7a, 0xc0, 0x7a, 0xb9, 0xa0, 0xc0,
  0x7a, 0xc6, 0x92, 0xf8, 0xa4, 0xd7, 0xbd, 0xd7, 0xbd, 0xb9, 0xa0, 0xb9,
  0xa0, 0xa4, 0x9a, 0x81, 0x45, 0xf8, 0xa4, 0xdf, 0xa2, 0xbf, 0x55, 0xbf,
  0x55, 0xef, 0x7f, 0xdf, 0xa2, 0x94, 0x74, 0x94, 0x74, 0xc1, 0xa5, 0xa4,
  0x9a, 0xdf, 0xa2, 0xef, 0x7f, 0xef, 0x7f, 0xa4, 0x9a, 0xd2, 0x72, 0xbf,
  0x8a, 0xa4, 0x9a, 0xd2, 0x72, 0xd2, 0x72, 0xbf, 0x8a, 0xe2, 0x4b, 0xbf,
  0x8a, 0xae, 0x52, 0x9d, 0x65, 0xeb, 0x88, 0xbd, 0x61, 0x94, 0xb8, 0xda,
  0x96, 0xeb, 0x88, 0x85, 0xa3, 0xeb, 0x88, 0xeb, 0x88, 0x86, 0xa3, 0xbd,
  0x61, 0xbd, 0x61, 0x81, 0x40, 0x85, 0xa3, 0xdd, 0x3c, 0x85, 0xa3, 0x81,
  0x40, 0xb3, 0x38, 0x86, 0xa3, 0x86, 0xa3, 0xdd, 0x3c, 0xc3, 0xaa, 0x9d,
  0x65, 0x88, 0x3a, 0xda, 0x96, 0xda, 0x96, 0x81, 0x40, 0xc3, 0xaa, 0xa6,
  0xa4, 0xc3, 0xaa, 0xc3, 0xaa, 0xb9, 0x3d, 0xb9, 0x3d, 0x05, 0xec, 0x53,
  0xd5, 0x3e, 0xfb, 0x47, 0xa7, 0x57, 0xa6, 0xa4, 0xfc, 0x65, 0xfc, 0x65,
  0x9d, 0x65, 0xec, 0x53, 0xdd, 0x3c, 0xb3, 0x38, 0xa7, 0x57, 0x88, 0x3a,
  0xec, 0x53, 0xec, 0x53, 0xec, 0x53, 0x88, 0x3a, 0xd5, 0x3e, 0xfb, 0x47,
  0xec, 0x53, 0xa7, 0x57, 0xc3, 0xaa, 0xfc, 0x65, 0xb9, 0x3d, 0xec, 0x53,
  0xd5, 0x3e, 0xfb, 0x47, 0xb9, 0x3d, 0xb6, 0x93, 0xfb, 0x47, 0xae, 0x52,
  0xd5, 0x3e, 0xb6, 0x93, 0xb6, 0x93, 0xae, 0x52, 0xe2, 0x4b, 0xae, 0x52,
  0xe2, 0x4b, 0xb3, 0x6b, 0xbf, 0x8a, 0xe2, 0x4b, 0xb3, 0x6b, 0xc0, 0x55,
  0xd7, 0xbf, 0x86, 0x3d, 0xb3, 0x6b, 0x86, 0x3d, 0xf2, 0x5e, 0xfc, 0xb6,
  0x94, 0xb8, 0xc9, 0x72, 0xde, 0x8b, 0x90, 0x58, 0xa3, 0x81, 0xf2, 0x5e,
  0xf0, 0x3f, 0x90, 0x58, 0xf7, 0x38, 0xc1, 0x5f, 0xf7, 0x38, 0x90, 0x58,
  0x90, 0x58, 0xf0, 0x3f, 0xf0, 0x3f, 0xff, 0x87, 0x94, 0xb8, 0xf2, 0x5e,
  0xf4, 0x33, 0xff, 0x87, 0xff, 0x87, 0xc0, 0x55, 0xd7, 0xbf, 0x97, 0x85,
  0xbb, 0x4c, 0xbb, 0x4c, 0xbb, 0x4c, 0xf4, 0x33, 0xf4, 0x33, 0xff, 0x87,
  0xc1, 0x5f, 0xc1, 0x5f, 0xc9, 0x72, 0xcc, 0x42, 0x9d, 0x69, 0xcc, 0x42,
  0xcc, 0x42, 0x9d, 0x69, 0xcc, 0x42, 0xc9, 0x72, 0x9d, 0x69, 0xc9, 0x72,
  0xc9, 0x72, 0x9d, 0x69, 0xeb, 0x75, 0x8b, 0x7a, 0x8b, 0x7a, 0xc9, 0x72,
  0x86, 0x3d, 0xae, 0x55, 0x04, 0xae, 0x55, 0xc0, 0x55, 0xcb, 0x3c, 0xcb,
  0x3c, 0xc0, 0x55, 0xb0, 0x52, 0xbf, 0x50, 0xbf, 0x50, 0xcb, 0x3c, 0xb0,
  0x52, 0xbf, 0x50, 0xaf, 0x64, 0xa3, 0x81, 0xbf, 0x50, 0xbf, 0x50, 0xbb,
  0x82, 0xaf, 0x52, 0xaf, 0x64, 0x82, 0x8b, 0xfc, 0xb6, 0xbf, 0x50, 0xca,
  0x72, 0xaf, 0x64, 0x91, 0x58, 0xa3, 0x81, 0x82, 0x8b, 0xf1, 0x3f, 0x91,
  0x58, 0xf7, 0x38, 0xc2, 0x5f, 0xf7, 0x38, 0x91, 0x58, 0x91, 0x58, 0xf1,
  0x3f, 0xf1, 0x3f, 0x80, 0x88, 0xbf, 0x50, 0x82, 0x8b, 0xf5, 0x33, 0x80,
  0x88, 0x80, 0x88, 0xaf, 0x52, 0xcb, 0x3c, 0x97, 0x85, 0xbb, 0x4c, 0xbb,
  0x4c, 0xbb, 0x4c, 0xf5, 0x33, 0xf5, 0x33, 0x80, 0x88, 0xc2, 0x5f, 0xc2,
  0x5f, 0xca, 0x72, 0xcc, 0x42, 0x9d, 0x69, 0xcc, 0x42, 0xcc, 0x42, 0x9d,
  0x69, 0xcc, 0x42, 0xca, 0x72, 0x9d, 0x69, 0xca, 0x72, 0xca, 0x72, 0x9d,
  0x69, 0xeb, 0x75, 0xbf, 0x50, 0xbf, 0x50, 0xca, 0x72, 0xaf, 0x52, 0xcb,
  0x3c, 0xb0, 0x52, 0xaf, 0x52, 0xb0, 0x52, 0xcb, 0x3c, 0xae, 0x55, 0xcb,
  0x3c, 0xd0, 0x87, 0xef, 0x44, 0xbc, 0x97, 0xfc, 0x99, 0xb1, 0x3c, 0xef,
  0x44, 0xef, 0x44, 0xb2, 0x65, 0xb1, 0x3c, 0xab, 0xab, 0xb1, 0x3c, 0xb2,
  0xa5, 0xab, 0xab, 0xb2, 0x65, 0xaa, 0x95, 0xab, 0xab, 0xb2, 0x65, 0xa0,
  0x9d, 0xb2, 0xa5, 0xaa, 0x95, 0xa8, 0x57, 0x92, 0x6c, 0xa8, 0x57, 0x05,
  0x92, 0x6c, 0xae, 0x55, 0xf8, 0x45, 0xc7, 0x6f, 0x89, 0x70, 0xb4, 0x76,
  0xb6, 0xa9, 0xa0, 0xac, 0x88, 0x70, 0xb1, 0x76, 0xb2, 0x76, 0xb3, 0x76,
  0xe7, 0x3e, 0xb2, 0xa5, 0xe7, 0x3e, 0xa0, 0x9d, 0xa8, 0x57, 0xf8, 0x45,
  0x88, 0x70, 0x89, 0x70, 0xb1, 0x76, 0xb4, 0x76, 0xb2, 0x76, 0xc7, 0x6f,
  0xb3, 0x76, 0xb6, 0xa9, 0x92, 0x6c, 0xa0, 0xac, 0xe7, 0x3e, 0xc9, 0x8f,
  0xe7, 0x3e, 0xca, 0x39, 0xc9, 0x8f, 0xe7, 0x3e, 0xe7, 0x3e, 0xa6, 0x5e,
  0xca, 0x39, 0xe2, 0x36, 0xca, 0x39, 0x9e, 0xbf, 0xca, 0x39, 0xa3, 0x7b,
  0xe2, 0x36, 0x93, 0x96, 0xe2, 0x36, 0xe2, 0x36, 0xf6, 0x33, 0x93, 0x96,
  0xca, 0x39, 0xbe, 0x84, 0xf6, 0x33, 0xf6, 0x33, 0xda, 0x86, 0xd5, 0x71,
  0xbe, 0x84, 0xbe, 0x84, 0xda, 0x86, 0xda, 0x86, 0x93, 0x96, 0xae, 0x48,
  0xa3, 0x81, 0xa3, 0x7b, 0xa9, 0x57, 0xb9, 0x91, 0xa6, 0x5e, 0xb9, 0xab,
  0xa6, 0x5e, 0x9d, 0x46, 0xb9, 0x91, 0xaf, 0x55, 0x9d, 0x46, 0xaf, 0x55,
  0xb9, 0xab, 0xaf, 0x55, 0x88, 0x70, 0xb2, 0x52, 0x9d, 0x46, 0xc0, 0x79,
  0xca, 0x39, 0xa3, 0x7b, 0xca, 0x39, 0xca, 0x39, 0xb2, 0x52, 0xd5, 0x71,
  0xc0, 0x79, 0xc0, 0x79, 0xb2, 0x52, 0xd5, 0x71, 0xa9, 0x57, 0xb2, 0x52,
  0x89, 0x70, 0xaf, 0x55, 0xb4, 0x76, 0xca, 0x39, 0xc7, 0x6f, 0xb9, 0x91,
  0xb6, 0xa9, 0xb9, 0xab, 0xa9, 0x57, 0xd5, 0x71, 0x89, 0x70, 0x88, 0x70,
  0xb4, 0x76, 0xb1, 0x76, 0xc7, 0x6f, 0xb2, 0x76, 0xb6, 0xa9, 0xb3, 0x76,
  0xca, 0x39, 0xbb, 0x82, 0xf8, 0x45, 0xa8, 0x57, 0xa0, 0xac, 0x92, 0x6c,
  0xe1, 0xa5, 0xae, 0x48, 0xb0, 0x55, 0xe1, 0xa5, 0xb0, 0x55, 0xa9, 0x57,
  0xb0, 0x55, 0xe1, 0xa5, 0xb0, 0x55, 0xf8, 0x45, 0xa8, 0x57, 0xa0, 0xac,
  0x92, 0x6c, 0x8b, 0x46, 0xa0, 0x88, 0xae, 0x48, 0xbc, 0x9b, 0xb4, 0x76,
  0xcc, 0x3c, 0xc0, 0x50, 0xc7, 0x6f, 0xde, 0xa3, 0xca, 0x39, 0xc4, 0x6b,
  0xc5, 0x6c, 0xde, 0xa3, 0xa3, 0x7c, 0xc5, 0x6c, 0xc9, 0x3c, 0xde, 0xa3,
  0xb5, 0x9d, 0xc9, 0x3c, 0xd2, 0x32, 0xde, 0xa3, 0x8d, 0x96, 0xa3, 0x7c,
  0xb5, 0x9d, 0xd2, 0x32, 0x8d, 0x96, 0xa3, 0x7c, 0xc4, 0x6b, 0xc5, 0x6c,
  0x8d, 0x96, 0xb5, 0x9d, 0xc4, 0x6b, 0xc9, 0x3c, 0xc4, 0x6b, 0xd2, 0x32,
  0x9f, 0xaa, 0xb6, 0xa9, 0xc4, 0x6b, 0xcc, 0x3c, 0x9f, 0xaa, 0xc0, 0x50,
  0x9f, 0xaa, 0xcc, 0x3c, 0x89, 0x70, 0xc0, 0x50, 0xb6, 0xa9, 0x99, 0x46,
  0xc0, 0x50, 0xcc, 0x3c, 0xbd, 0x7c, 0xc0, 0x50, 0xc0, 0x50, 0xc0, 0x50,
  0xa3, 0x81, 0xd4, 0x5f, 0xa3, 0x81, 0xbd, 0x7c, 0x99, 0x46, 0xbd, 0x7c,
  0x99, 0x46, 0x8a, 0x40, 0xc0, 0x50, 0xd4, 0x5f, 0xc0, 0x50, 0xd4, 0x5f,
  0xc0, 0x50, 0xd4, 0x5f, 0xc0, 0x50, 0xb4, 0x52, 0xc2, 0xa5, 0xc0, 0x50,
  0x82, 0x31, 0x8a, 0x40, 0xe7, 0x79, 0x8a, 0x40, 0x8a, 0x40, 0x82, 0x31,
  0xc0, 0x50, 0xc0, 0x50, 0xc2, 0xa5, 0x93, 0xa2, 0xe7, 0x79, 0xe7, 0x79,
  0xe8, 0x91, 0xc0, 0x50, 0x82, 0x31, 0xb1, 0x55, 0xc7, 0x92, 0x93, 0xa2,
  0xe8, 0x91, 0xc7, 0x92, 0xb1, 0x55, 0xd8, 0xbd, 0x93, 0xa2, 0xc7, 0x92,
  0xc7, 0x92, 0xe8, 0x91, 0xe8, 0x91, 0xba, 0xa0, 0xe8, 0x91, 0xc7, 0x92,
  0xb1, 0x55, 0xd8, 0xbd, 0xd8, 0xbd, 0xba, 0xa0, 0xba, 0xa0, 0xb3, 0x52,
  0xc0, 0x50, 0xa1, 0x81, 0xe8, 0x91, 0xf9, 0xa4, 0xc8, 0x92, 0x93, 0xa2,
  0xa1, 0x81, 0xc8, 0x92, 0xf9, 0xa4, 0xda, 0xbd, 0x93, 0xa2, 0xc8, 0x92,
  0xc8, 0x92, 0xa1, 0x81, 0xa1, 0x81, 0xbb, 0xa0, 0xa1, 0x81, 0xc8, 0x92,
  0xf9, 0xa4, 0xda, 0xbd, 0xda, 0xbd, 0xbb, 0xa0, 0xbb, 0xa0, 0xb3, 0x52,
  0xb1, 0x55, 0xf9, 0xa4, 0xb3, 0x52, 0xb1, 0x55, 0xb4, 0x52, 0xb3, 0x52,
  0xff, 0x3d, 0xc0, 0x50, 0xac, 0xaf, 0xff, 0x3d, 0x85, 0x44, 0xc0, 0x50,
  0x95, 0xbf, 0x85, 0x44, 0x88, 0x44, 0xc0, 0x50, 0x83, 0x31, 0x8a, 0x40,
  0xe9, 0x4e, 0x8a, 0x40, 0x8a, 0x40, 0x83, 0x31, 0xc0, 0x50, 0xc0, 0x50,
  0xf5, 0x42, 0xe9, 0x4e, 0xa2, 0x5a, 0xa2, 0x5a, 0xf5, 0x42, 0xa2, 0x5a,
  0xe9, 0x4e, 0xdd, 0x94, 0xff, 0x3d, 0xcc, 0x3c, 0xd3, 0x8e, 0xc2, 0xa5,
  0xad, 0x87, 0xf5, 0x42, 0xe9, 0x4e, 0xd3, 0x8e, 0xcc, 0x73, 0xad, 0x87,
  0xad, 0x87, 0xdd, 0x94, 0x85, 0x44, 0xc0, 0x50, 0xc0, 0x50, 0x95, 0xbf,
  0xac, 0xaf, 0x83, 0x31, 0xa1, 0xae, 0x83, 0x31, 0xcc, 0x73, 0xc0, 0x50,
  0xcc, 0x73, 0x88, 0x44, 0x8d, 0x34, 0x88, 0x44, 0xb4, 0x4a, 0xa1, 0xae,
  0x8d, 0x34, 0xb4, 0x4a, 0x8d, 0x34, 0xa1, 0xae, 0x8d, 0x34, 0xb4, 0x4a,
  0xa1, 0xae, 0xb3, 0x5e, 0xc0, 0x50, 0xb4, 0x4a, 0xdd, 0x94, 0x99, 0x47,
  0xb3, 0x5e, 0xb3, 0x5e, 0xd4, 0x9c, 0xfb, 0x31, 0x99, 0x47, 0xd4, 0x9c,
  0x95, 0xbf, 0xe0, 0x3e, 0xb3, 0x5e, 0x99, 0x47, 0xfb, 0x31, 0xd4, 0x9c,
  0x95, 0xb4, 0xe0, 0x3e, 0xbb, 0x6d, 0xe0, 0x3e, 0xb8, 0x6f, 0xa2, 0x5a,
  0xc0, 0x50, 0xc0, 0x50, 0xd3, 0x8e, 0xb9, 0x6f, 0xa2, 0x5a, 0x95, 0xb4,
  0xbb, 0x6d, 0xc0, 0x50, 0xc0, 0x50, 0xd3, 0x8e, 0xc5, 0x79, 0xa2, 0x5a,
  0x95, 0xb4, 0xbb, 0x6d, 0xc0, 0x50, 0xc0, 0x50, 0xd3, 0x8e, 0xc6, 0x79,
  0xa2, 0x5a, 0xbb, 0x6d, 0x95, 0xb4, 0xc0, 0x50, 0xc0, 0x50, 0xd3, 0x8e,
  0xc7, 0x79, 0xa2, 0x5a, 0x95, 0xb4, 0xbb, 0x6d, 0xc0, 0x50, 0xc0, 0x50,
  0xd3, 0x8e, 0xbe, 0x6f, 0xb8, 0x6f, 0xb8, 0x6f, 0xfb, 0x31, 0xb9, 0x6f,
  0xb9, 0x6f, 0xfb, 0x31, 0xc5, 0x79, 0xc5, 0x79, 0xfb, 0x31, 0xc6, 0x79,
  0xc6, 0x79, 0xfb, 0x31, 0xc7, 0x79, 0xc7, 0x79, 0xfb, 0x31, 0xe9, 0x91,
  0xac, 0xaf, 0x83, 0x31, 0x82, 0x45, 0xe9, 0x91, 0xbe, 0x6f, 0x82, 0x45,
  0xdb, 0xbd, 0xbe, 0x6f, 0xbe, 0x6f, 0xbe, 0x6f, 0xe9, 0x91, 0xe9, 0x91,
  0xbc, 0xa0, 0xe9, 0x91, 0xbe, 0x6f, 0x82, 0x45, 0xdb, 0xbd, 0xdb, 0xbd,
  0xbc, 0xa0, 0xbc, 0xa0, 0xc2, 0x7a, 0xe9, 0x91, 0xfa, 0xa4, 0xc2, 0x7a,
  0xbe, 0x6f, 0xfa, 0xa4, 0xdc, 0xbd, 0xbe, 0x6f, 0xbe, 0x6f, 0xbe, 0x6f,
  0xc2, 0x7a, 0xc2, 0x7a, 0xbd, 0xa0, 0xc2, 0x7a, 0xbe, 0x6f, 0xfa, 0xa4,
  0xdc, 0xbd, 0xdc, 0xbd, 0xbd, 0xa0, 0xbd, 0xa0, 0xb4, 0x52, 0x82, 0x45,
  0xfa, 0xa4, 0xe0, 0xa2, 0x8a, 0x40, 0x8a, 0x40, 0xf0, 0x7f, 0xe0, 0xa2,
  0xc0, 0x50, 0xc0, 0x50, 0xc2, 0xa5, 0xb4, 0x52, 0xe0, 0xa2, 0xf0, 0x7f,
  0xf0, 0x7f, 0xb4, 0x52, 0xbc, 0x9b, 0xb4, 0x52, 0xbc, 0x9b, 0xec, 0x4e,
  0xed, 0x5a, 0xa6, 0x5e, 0xbc, 0x9b, 0xf3, 0x57, 0x8d, 0x6b, 0xd1, 0x37,
  0xd0, 0x56, 0xbe, 0x61, 0xa3, 0x7b, 0xe0, 0x96, 0xd0, 0x56, 0x88, 0xa3,
  0xd0, 0x56, 0xd0, 0x56, 0x89, 0xa3, 0xbe, 0x61, 0xbe, 0x61, 0x84, 0x40,
  0x88, 0xa3, 0xde, 0x3c, 0x88, 0xa3, 0x84, 0x40, 0xb4, 0x38, 0x89, 0xa3,
  0x89, 0xa3, 0xde, 0x3c, 0xc4, 0xaa, 0xd1, 0x37, 0x89, 0x3a, 0xe0, 0x96,
  0xe0, 0x96, 0x84, 0x40, 0xc4, 0xaa, 0xa7, 0xa4, 0xc4, 0xaa, 0xc4, 0xaa,
  0xba, 0x3d, 0xba, 0x3d, 0xa8, 0x57, 0xed, 0x53, 0xd6, 0x3e, 0xfc, 0x47,
  0xaa, 0x57, 0xa7, 0xa4, 0xfd, 0x65, 0xfd, 0x65, 0xd1, 0x37, 0xed, 0x53,
  0xde, 0x3c, 0xb4, 0x38, 0xaa, 0x57, 0x89, 0x3a, 0xed, 0x53, 0xed, 0x53,
  0xed, 0x53, 0x89, 0x3a, 0xd6, 0x3e, 0xfc, 0x47, 0xed, 0x53, 0xaa, 0x57,
  0xc4, 0xaa, 0xfd, 0x65, 0xba, 0x3d, 0xed, 0x53, 0xd6, 0x3e, 0xfc, 0x47,
  0xba, 0x3d, 0xb7, 0x93, 0xfc, 0x47, 0xf3, 0x57, 0xfc, 0x47, 0x8d, 0x6b,
  0xbc, 0x9b, 0xd6, 0x3e, 0xb7, 0x93, 0xb7, 0x93, 0xf3, 0x57, 0xa8, 0x57,
  0x8d, 0x6b, 0xbc, 0x9b, 0xec, 0x4e, 0xf3, 0x57, 0xed, 0x5a, 0x8d, 0x6b,
  0xec, 0x4e, 0xa8, 0x57, 0xed, 0x5a, 0xbc, 0x9b, 0xed, 0x5a, 0xf8, 0x45,
  0xec, 0x4e, 0xa0, 0xac, 0x92, 0x6c, 0x8b, 0x46, 0xec, 0x4e, 0xa0, 0x88,
  0xed, 0x5a, 0x8b, 0x46, 0xa8, 0x57, 0xa0, 0x88, 0xf3, 0x5e, 0xfc, 0xb6,
  0xa3, 0x7b, 0xcb, 0x72, 0xae, 0x48, 0x92, 0x58, 0xa3, 0x81, 0xf3, 0x5e,
  0xf2, 0x3f, 0x92, 0x58, 0xf7, 0x38, 0xc3, 0x5f, 0xf7, 0x38, 0x92, 0x58,
  0x92, 0x58, 0xf2, 0x3f, 0xf2, 0x3f, 0x81, 0x88, 0xa3, 0x7b, 0xf3, 0x5e,
  0xf9, 0x33, 0x81, 0x88, 0x81, 0x88, 0xf8, 0x45, 0x8b, 0x46, 0xa0, 0xac,
  0x92, 0x6c, 0x97, 0x85, 0xbb, 0x4c, 0xbb, 0x4c, 0xbb, 0x4c, 0xf9, 0x33,
  0xf9, 0x33, 0x81, 0x88, 0xc3, 0x5f, 0xc3, 0x5f, 0xcb, 0x72, 0xcc, 0x42,
  0x9d, 0x69, 0xcc, 0x42, 0xcc, 0x42, 0x9d, 0x69, 0xcc, 0x42, 0xcb, 0x72,
  0x9d, 0x69, 0xcb, 0x72, 0xcb, 0x72, 0x9d, 0x69, 0xeb, 0x75, 0xca, 0x39,
  0xca, 0x39, 0x9e, 0xbf, 0x9e, 0xbf, 0xa9, 0x57, 0xcb, 0x72, 0xa0, 0x88,
  0xb6, 0x52, 0xd7, 0xaa, 0xaa, 0x95, 0xb2, 0x55, 0xd7, 0xaa, 0xb2, 0x55,
  0xb2, 0x55, 0xd7, 0xaa, 0xb5, 0x52, 0xb2, 0x55, 0xb5, 0x52, 0x92, 0x6c,
  0xbb, 0x13, 0xaa, 0x95, 0xb5, 0x52, 0x92, 0x6c, 0xb6, 0x52, 0xb5, 0x52,
  0xb6, 0x52, 0x92, 0x6c, 0xd0, 0x87, 0xb6, 0x52, 0xd0, 0x87, 0xae, 0x55,
  0xd6, 0x7a, 0xd0, 0x87, 0xd6, 0x7a, 0xd0, 0x87, 0xd6, 0x7a, 0xd0, 0x87,
  0xd6, 0x7a, 0xd0, 0x87, 0xe6, 0x6e, 0xd6, 0x7a, 0xd0, 0xab, 0xd6, 0x7a,
  0xd0, 0xab, 0xe6, 0x6e, 0xd0, 0xab, 0xe6, 0x6e, 0xd0, 0xab, 0xe6, 0x6e,
  0xd0, 0xab, 0xa9, 0x7e, 0xae, 0xa2, 0xd5, 0x9c, 0xa9, 0x7e, 0xd5, 0x9c,
  0xae, 0xa2, 0xd5, 0x9c, 0xae, 0xa2, 0xb7, 0x72, 0xa9, 0x7e, 0x8f, 0x3a,
  0xb7, 0x72, 0x8f, 0x3a, 0xb7, 0x72, 0xb7, 0x72, 0x8f, 0x3a, 0x8f, 0x57,
  0x8f, 0x3a, 0xd5, 0x9c, 0xb5, 0x4a, 0x81, 0x3e, 0xb5, 0x4a, 0xa9, 0x7e,
  0x81, 0x3e, 0x81, 0x3e, 0xd5, 0x9c, 0xb5, 0x4a, 0x86, 0x71, 0xb5, 0x4a,
  0x8f, 0x57, 0xd1, 0x87, 0xd1, 0x87, 0x86, 0x71, 0x8b, 0x7a, 0xa9, 0x7e,
  0xa3, 0x6a, 0x8f, 0x3a, 0xd5, 0x9c, 0xd1, 0x87, 0x86, 0x71, 0xae, 0xa2,
  0xd1, 0x87, 0x8f, 0x57, 0x86, 0x7a, 0xa4, 0x31, 0x86, 0x7a, 0xae, 0xa2,
  0xae, 0xa2, 0xa4, 0x31, 0xa4, 0x31, 0xa4, 0x31, 0x92, 0x7a, 0xfd, 0x96,
  0xb2, 0x37, 0xfd, 0x96, 0xfd, 0x96, 0xfd, 0x96, 0xfd, 0x96, 0xab, 0x8a,
  0xb2, 0x37, 0xab, 0x8a, 0xbf, 0x7c, 0xb2, 0x37, 0xb2, 0x37, 0xb2, 0x37,
  0xa3, 0x81, 0xd5, 0x5f, 0xa3, 0x81, 0xbf, 0x7c, 0xb2, 0x37, 0xbf, 0x7c,
  0xb2, 0x37, 0xab, 0x8a, 0xb2, 0x37, 0xd5, 0x5f, 0xb2, 0x37, 0xd5, 0x5f,
  0xb2, 0x37, 0xd5, 0x5f, 0xb2, 0x37, 0xbf, 0xa0, 0xab, 0x8a, 0xab, 0x8a,
  0xd2, 0xc4, 0xbf, 0xa0, 0xb8, 0x34, 0xb8, 0x34, 0xd2, 0xc4, 0xe6, 0x9a,
  0xbf, 0xa0, 0xb8, 0x34, 0xe6, 0x9a, 0xb8, 0x34, 0xb8, 0x34, 0x92, 0x7a,
  0x8a, 0x49, 0xe6, 0x53, 0xd2, 0xc4, 0x8a, 0x49, 0xe6, 0x9a, 0x8a, 0x49,
  0x92, 0x7a, 0xe6, 0x53, 0xe6, 0x53, 0xe6, 0x53, 0x92, 0x7a, 0x1b, 0x01,
  0x00, 0x00, 0x11, 0x00, 0x00, 0x00, 0x03, 0x00, 0x00, 0x00, 0x11, 0x00,
  0x00, 0x00, 0x00, 0x00, 0x00, 0x00, 0x32, 0x33, 0x02, 0x34, 0x02, 0x35,
  0x07, 0xf0, 0x06, 0x02, 0xf2, 0x07, 0x36, 0xf2, 0x37, 0x25, 0x02, 0x88,
  0xa9, 0xaa, 0x20, 0x43, 0x52, 0x43, 0x5f, 0x54, 0x41, 0x4d, 0x04, 0x00,
  0x00, 0x00, 0xc5, 0x8f, 0x7a, 0xe4
};
unsigned int klitMaterial_len = 135366;
